loss,mean_logp_gap_policy_chosen_rejected,mean_logp_gap_base_chosen_rejected,mean_gap_improvement,top1_accuracy_on_chosen_policy,top1_accuracy_on_chosen_base,mean_p_chosen_policy,mean_p_chosen_base,mean_kl,mean_ent_pi,mean_ent_ref
2.059674400390744,2.1859831378888286,1.80287102438135,0.38311210623767455,0.4266320045871724,0.4009243211671839,0.32810029189480583,0.2991969601602516,0.17979350437666813,1.4371563606631337,1.5110575906945267
