{"loss": 1.8466250804516018, "mean_logp_gap_policy_chosen_rejected": 2.011089092592915, "mean_logp_gap_base_chosen_rejected": 1.80287102438135, "mean_gap_improvement": 0.20821804736199095, "top1_accuracy_on_chosen_policy": 0.4266320045871724, "top1_accuracy_on_chosen_base": 0.4009243211671839, "mean_p_chosen_policy": 0.31958296008360726, "mean_p_chosen_base": 0.2991969601602516, "mean_kl": 0.19754285779730527, "mean_ent_pi": 1.5284085452108973, "mean_ent_ref": 1.5110575906945267, "top1_precision": 0.426632004621606, "top1_recall": 0.426632004621606, "top1_f1": 0.426632004621606, "top3_precision": 0.7484113229347198, "top3_recall": 0.7484113229347198, "top3_f1": 0.7484113229347198, "top5_precision": 0.8677065280184865, "top5_recall": 0.8677065280184865, "top5_f1": 0.8677065280184865, "top10_precision": 0.9610051993067591, "top10_recall": 0.9610051993067591, "top10_f1": 0.9610051993067591, "mean_logp_gap_policy_chosen_rejected_cond_on_not_in_top_ten": 1.041708376081217, "mean_logp_gap_base_chosen_rejected_cond_on_not_in_top_ten": 1.0981469253698986, "mean_gap_improvement_cond_on_not_in_top_ten": -0.056438549288681576, "top1_accuracy_on_chosen_policy_cond_on_not_in_top_ten": 0.20238095238095238, "top1_accuracy_on_chosen_base_cond_on_not_in_top_ten": 0.20833333333333334, "mean_p_chosen_policy_cond_on_not_in_top_ten": 0.14994647728396904, "mean_p_chosen_base_cond_on_not_in_top_ten": 0.16160924044171615, "mean_kl_cond_on_not_in_top_ten": 0.16096546194984557, "mean_ent_pi_cond_on_not_in_top_ten": 1.867751758723032, "mean_ent_ref_cond_on_not_in_top_ten": 1.8083471743656057, "top1_precision_cond_on_not_in_top_ten": 0.20238095238095238, "top1_recall_cond_on_not_in_top_ten": 0.20238095238095238, "top1_f1_cond_on_not_in_top_ten": 0.20238095238095238, "top3_precision_cond_on_not_in_top_ten": 0.5238095238095238, "top3_recall_cond_on_not_in_top_ten": 0.5238095238095238, "top3_f1_cond_on_not_in_top_ten": 0.5238095238095238, "top5_precision_cond_on_not_in_top_ten": 0.6666666666666666, "top5_recall_cond_on_not_in_top_ten": 0.6666666666666666, "top5_f1_cond_on_not_in_top_ten": 0.6666666666666666, "top10_precision_cond_on_not_in_top_ten": 0.7857142857142857, "top10_recall_cond_on_not_in_top_ten": 0.7857142857142857, "top10_f1_cond_on_not_in_top_ten": 0.7857142857142857, "mean_logp_gap_policy_chosen_rejected_cond_on_in_top_ten": 2.060529258923235, "mean_logp_gap_base_chosen_rejected_cond_on_in_top_ten": 1.8388132405284685, "mean_gap_improvement_cond_on_in_top_ten": 0.22171602012283093, "top1_accuracy_on_chosen_policy_cond_on_in_top_ten": 0.43806921675774135, "top1_accuracy_on_chosen_base_cond_on_in_top_ten": 0.4107468123861566, "mean_p_chosen_policy_cond_on_in_top_ten": 0.32823472759786576, "mean_p_chosen_base_cond_on_in_top_ten": 0.3062141825692458, "mean_kl_cond_on_in_top_ten": 0.19940837120995233, "mean_ent_pi_cond_on_in_top_ten": 1.5111014201307502, "mean_ent_ref_cond_on_in_top_ten": 1.4958952705222608, "top1_precision_cond_on_in_top_ten": 0.43806921675774135, "top1_recall_cond_on_in_top_ten": 0.43806921675774135, "top1_f1_cond_on_in_top_ten": 0.43806921675774135, "top3_precision_cond_on_in_top_ten": 0.75986642380085, "top3_recall_cond_on_in_top_ten": 0.75986642380085, "top3_f1_cond_on_in_top_ten": 0.75986642380085, "top5_precision_cond_on_in_top_ten": 0.8779599271402551, "top5_recall_cond_on_in_top_ten": 0.8779599271402551, "top5_f1_cond_on_in_top_ten": 0.8779599271402551, "top10_precision_cond_on_in_top_ten": 0.9699453551912568, "top10_recall_cond_on_in_top_ten": 0.9699453551912568, "top10_f1_cond_on_in_top_ten": 0.9699453551912569}