{"loss": 1.842434717939466, "mean_logp_gap_policy_chosen_rejected": 1.929495950712075, "mean_logp_gap_base_chosen_rejected": 1.80287102438135, "mean_gap_improvement": 0.12662492660619426, "top1_accuracy_on_chosen_policy": 0.4248989023341394, "top1_accuracy_on_chosen_base": 0.4009243211671839, "mean_p_chosen_policy": 0.3137496135814695, "mean_p_chosen_base": 0.2991969601602516, "mean_kl": 0.15952079353723858, "mean_ent_pi": 1.559600319358257, "mean_ent_ref": 1.5110575906945267, "top1_precision": 0.4248989023685731, "top1_recall": 0.4248989023685731, "top1_f1": 0.4248989023685731, "top3_precision": 0.7469670710571924, "top3_recall": 0.7469670710571924, "top3_f1": 0.7469670710571924, "top5_precision": 0.866262276140959, "top5_recall": 0.866262276140959, "top5_f1": 0.866262276140959, "top10_precision": 0.9612940496822646, "top10_recall": 0.9612940496822646, "top10_f1": 0.9612940496822645, "mean_logp_gap_policy_chosen_rejected_cond_on_not_in_top_ten": 1.0038770252750033, "mean_logp_gap_base_chosen_rejected_cond_on_not_in_top_ten": 1.0981469253698986, "mean_gap_improvement_cond_on_not_in_top_ten": -0.09426990009489514, "top1_accuracy_on_chosen_policy_cond_on_not_in_top_ten": 0.19047619047619047, "top1_accuracy_on_chosen_base_cond_on_not_in_top_ten": 0.20833333333333334, "mean_p_chosen_policy_cond_on_not_in_top_ten": 0.1492027166636728, "mean_p_chosen_base_cond_on_not_in_top_ten": 0.16160924044171615, "mean_kl_cond_on_not_in_top_ten": 0.1329306196459497, "mean_ent_pi_cond_on_not_in_top_ten": 1.8958037055674053, "mean_ent_ref_cond_on_not_in_top_ten": 1.8083471743656057, "top1_precision_cond_on_not_in_top_ten": 0.19047619047619047, "top1_recall_cond_on_not_in_top_ten": 0.19047619047619047, "top1_f1_cond_on_not_in_top_ten": 0.19047619047619047, "top3_precision_cond_on_not_in_top_ten": 0.5178571428571429, "top3_recall_cond_on_not_in_top_ten": 0.5178571428571429, "top3_f1_cond_on_not_in_top_ten": 0.5178571428571429, "top5_precision_cond_on_not_in_top_ten": 0.6607142857142857, "top5_recall_cond_on_not_in_top_ten": 0.6607142857142857, "top5_f1_cond_on_not_in_top_ten": 0.6607142857142857, "top10_precision_cond_on_not_in_top_ten": 0.7857142857142857, "top10_recall_cond_on_not_in_top_ten": 0.7857142857142857, "top10_f1_cond_on_not_in_top_ten": 0.7857142857142857, "mean_logp_gap_policy_chosen_rejected_cond_on_in_top_ten": 1.9767042045240049, "mean_logp_gap_base_chosen_rejected_cond_on_in_top_ten": 1.8388132405284685, "mean_gap_improvement_cond_on_in_top_ten": 0.13789096553360394, "top1_accuracy_on_chosen_policy_cond_on_in_top_ten": 0.4368548876745598, "top1_accuracy_on_chosen_base_cond_on_in_top_ten": 0.4107468123861566, "mean_p_chosen_policy_cond_on_in_top_ten": 0.3221418014237212, "mean_p_chosen_base_cond_on_in_top_ten": 0.3062141825692458, "mean_kl_cond_on_in_top_ten": 0.16087693895017086, "mean_ent_pi_cond_on_in_top_ten": 1.5424533516873165, "mean_ent_ref_cond_on_in_top_ten": 1.4958952705222608, "top1_precision_cond_on_in_top_ten": 0.4368548876745598, "top1_recall_cond_on_in_top_ten": 0.4368548876745598, "top1_f1_cond_on_in_top_ten": 0.4368548876745598, "top3_precision_cond_on_in_top_ten": 0.7586520947176685, "top3_recall_cond_on_in_top_ten": 0.7586520947176685, "top3_f1_cond_on_in_top_ten": 0.7586520947176685, "top5_precision_cond_on_in_top_ten": 0.8767455980570734, "top5_recall_cond_on_in_top_ten": 0.8767455980570734, "top5_f1_cond_on_in_top_ten": 0.8767455980570734, "top10_precision_cond_on_in_top_ten": 0.9702489374620522, "top10_recall_cond_on_in_top_ten": 0.9702489374620522, "top10_f1_cond_on_in_top_ten": 0.9702489374620523}