{"loss": 0.5310773106581348, "mean_logp_gap_policy_chosen_rejected": 4.793713792771153, "mean_logp_gap_base_chosen_rejected": 1.80287102438135, "mean_gap_improvement": 2.9908427688030064, "top1_accuracy_on_chosen_policy": 0.38821490464494246, "top1_accuracy_on_chosen_base": 0.4009243211671839, "mean_p_chosen_policy": 0.3637222152511072, "mean_p_chosen_base": 0.2991969601602516, "mean_kl": 0.48812887151760564, "mean_ent_pi": 0.6955515897081189, "mean_ent_ref": 1.5110575906945267, "top1_precision": 0.3882149046793761, "top1_recall": 0.3882149046793761, "top1_f1": 0.3882149046793761, "top3_precision": 0.7053726169844021, "top3_recall": 0.7053726169844021, "top3_f1": 0.7053726169844021, "top5_precision": 0.8350664355863663, "top5_recall": 0.8350664355863663, "top5_f1": 0.8350664355863663, "top10_precision": 0.9451184286539572, "top10_recall": 0.9451184286539572, "top10_f1": 0.9451184286539572, "mean_logp_gap_policy_chosen_rejected_cond_on_not_in_top_ten": 3.156328508896487, "mean_logp_gap_base_chosen_rejected_cond_on_not_in_top_ten": 1.0981469253698986, "mean_gap_improvement_cond_on_not_in_top_ten": 2.0581815877840635, "top1_accuracy_on_chosen_policy_cond_on_not_in_top_ten": 0.20238095238095238, "top1_accuracy_on_chosen_base_cond_on_not_in_top_ten": 0.20833333333333334, "mean_p_chosen_policy_cond_on_not_in_top_ten": 0.1911562502737882, "mean_p_chosen_base_cond_on_not_in_top_ten": 0.16160924044171615, "mean_kl_cond_on_not_in_top_ten": 0.4779183752613053, "mean_ent_pi_cond_on_not_in_top_ten": 0.8609992040330239, "mean_ent_ref_cond_on_not_in_top_ten": 1.8083471743656057, "top1_precision_cond_on_not_in_top_ten": 0.20238095238095238, "top1_recall_cond_on_not_in_top_ten": 0.20238095238095238, "top1_f1_cond_on_not_in_top_ten": 0.20238095238095238, "top3_precision_cond_on_not_in_top_ten": 0.5059523809523809, "top3_recall_cond_on_not_in_top_ten": 0.5059523809523809, "top3_f1_cond_on_not_in_top_ten": 0.5059523809523809, "top5_precision_cond_on_not_in_top_ten": 0.6547619047619048, "top5_recall_cond_on_not_in_top_ten": 0.6547619047619048, "top5_f1_cond_on_not_in_top_ten": 0.6547619047619048, "top10_precision_cond_on_not_in_top_ten": 0.7738095238095238, "top10_recall_cond_on_not_in_top_ten": 0.7738095238095238, "top10_f1_cond_on_not_in_top_ten": 0.773809523809524, "mean_logp_gap_policy_chosen_rejected_cond_on_in_top_ten": 4.877223421596149, "mean_logp_gap_base_chosen_rejected_cond_on_in_top_ten": 1.8388132405284685, "mean_gap_improvement_cond_on_in_top_ten": 3.0384101832119277, "top1_accuracy_on_chosen_policy_cond_on_in_top_ten": 0.3976927747419551, "top1_accuracy_on_chosen_base_cond_on_in_top_ten": 0.4107468123861566, "mean_p_chosen_policy_cond_on_in_top_ten": 0.37252338796328915, "mean_p_chosen_base_cond_on_in_top_ten": 0.3062141825692458, "mean_kl_cond_on_in_top_ten": 0.48864962798440076, "mean_ent_pi_cond_on_in_top_ten": 0.6871134676504381, "mean_ent_ref_cond_on_in_top_ten": 1.4958952705222608, "top1_precision_cond_on_in_top_ten": 0.3976927747419551, "top1_recall_cond_on_in_top_ten": 0.3976927747419551, "top1_f1_cond_on_in_top_ten": 0.3976927747419551, "top3_precision_cond_on_in_top_ten": 0.7155434122647237, "top3_recall_cond_on_in_top_ten": 0.7155434122647237, "top3_f1_cond_on_in_top_ten": 0.7155434122647237, "top5_precision_cond_on_in_top_ten": 0.8442622950819673, "top5_recall_cond_on_in_top_ten": 0.8442622950819673, "top5_f1_cond_on_in_top_ten": 0.8442622950819673, "top10_precision_cond_on_in_top_ten": 0.9538554948391014, "top10_recall_cond_on_in_top_ten": 0.9538554948391014, "top10_f1_cond_on_in_top_ten": 0.9538554948391013}