{"loss": 1.8381691151172146, "mean_logp_gap_policy_chosen_rejected": 2.0042070021593523, "mean_logp_gap_base_chosen_rejected": 1.80287102438135, "mean_gap_improvement": 0.2013359626960644, "top1_accuracy_on_chosen_policy": 0.4295205083422272, "top1_accuracy_on_chosen_base": 0.4009243211671839, "mean_p_chosen_policy": 0.3198294449858002, "mean_p_chosen_base": 0.2991969601602516, "mean_kl": 0.19175864618372737, "mean_ent_pi": 1.5301737138675444, "mean_ent_ref": 1.5110575906945267, "top1_precision": 0.4295205083766609, "top1_recall": 0.4295205083766609, "top1_f1": 0.42952050837666095, "top3_precision": 0.7472559214326978, "top3_recall": 0.7472559214326978, "top3_f1": 0.7472559214326977, "top5_precision": 0.8659734257654534, "top5_recall": 0.8659734257654534, "top5_f1": 0.8659734257654534, "top10_precision": 0.9612940496822646, "top10_recall": 0.9612940496822646, "top10_f1": 0.9612940496822645, "mean_logp_gap_policy_chosen_rejected_cond_on_not_in_top_ten": 1.0351025337974231, "mean_logp_gap_base_chosen_rejected_cond_on_not_in_top_ten": 1.0981469253698986, "mean_gap_improvement_cond_on_not_in_top_ten": -0.06304439157247543, "top1_accuracy_on_chosen_policy_cond_on_not_in_top_ten": 0.18452380952380953, "top1_accuracy_on_chosen_base_cond_on_not_in_top_ten": 0.20833333333333334, "mean_p_chosen_policy_cond_on_not_in_top_ten": 0.15001537653770788, "mean_p_chosen_base_cond_on_not_in_top_ten": 0.16160924044171615, "mean_kl_cond_on_not_in_top_ten": 0.1501869810772838, "mean_ent_pi_cond_on_not_in_top_ten": 1.8730838679309403, "mean_ent_ref_cond_on_not_in_top_ten": 1.8083471743656057, "top1_precision_cond_on_not_in_top_ten": 0.18452380952380953, "top1_recall_cond_on_not_in_top_ten": 0.18452380952380953, "top1_f1_cond_on_not_in_top_ten": 0.18452380952380953, "top3_precision_cond_on_not_in_top_ten": 0.5178571428571429, "top3_recall_cond_on_not_in_top_ten": 0.5178571428571429, "top3_f1_cond_on_not_in_top_ten": 0.5178571428571429, "top5_precision_cond_on_not_in_top_ten": 0.6666666666666666, "top5_recall_cond_on_not_in_top_ten": 0.6666666666666666, "top5_f1_cond_on_not_in_top_ten": 0.6666666666666666, "top10_precision_cond_on_not_in_top_ten": 0.7857142857142857, "top10_recall_cond_on_not_in_top_ten": 0.7857142857142857, "top10_f1_cond_on_not_in_top_ten": 0.7857142857142857, "mean_logp_gap_policy_chosen_rejected_cond_on_in_top_ten": 2.053633081049867, "mean_logp_gap_base_chosen_rejected_cond_on_in_top_ten": 1.8388132405284685, "mean_gap_improvement_cond_on_in_top_ten": 0.21481984264755075, "top1_accuracy_on_chosen_policy_cond_on_in_top_ten": 0.44201578627808136, "top1_accuracy_on_chosen_base_cond_on_in_top_ten": 0.4107468123861566, "mean_p_chosen_policy_cond_on_in_top_ten": 0.328490271122922, "mean_p_chosen_base_cond_on_in_top_ten": 0.3062141825692458, "mean_kl_cond_on_in_top_ten": 0.1938788751912943, "mean_ent_pi_cond_on_in_top_ten": 1.512684684435927, "mean_ent_ref_cond_on_in_top_ten": 1.4958952705222608, "top1_precision_cond_on_in_top_ten": 0.44201578627808136, "top1_recall_cond_on_in_top_ten": 0.44201578627808136, "top1_f1_cond_on_in_top_ten": 0.44201578627808136, "top3_precision_cond_on_in_top_ten": 0.7589556769884639, "top3_recall_cond_on_in_top_ten": 0.7589556769884639, "top3_f1_cond_on_in_top_ten": 0.7589556769884639, "top5_precision_cond_on_in_top_ten": 0.8761384335154827, "top5_recall_cond_on_in_top_ten": 0.8761384335154827, "top5_f1_cond_on_in_top_ten": 0.8761384335154827, "top10_precision_cond_on_in_top_ten": 0.9702489374620522, "top10_recall_cond_on_in_top_ten": 0.9702489374620522, "top10_f1_cond_on_in_top_ten": 0.9702489374620523}