loss,mean_logp_gap_policy_chosen_rejected,mean_logp_gap_base_chosen_rejected,mean_gap_improvement,top1_accuracy_on_chosen_policy,top1_accuracy_on_chosen_base,mean_p_chosen_policy,mean_p_chosen_base,mean_kl,mean_ent_pi,mean_ent_ref
0.5529282419306911,6.333728124749654,1.80287102438135,4.530857124196388,0.36106296934742654,0.4009243211671839,0.35178062528079124,0.2991969601602516,0.7169613249896923,0.5006343184834199,1.5110575906945267
