{"loss": 2.0593678311486245, "mean_logp_gap_policy_chosen_rejected": 2.176447374293186, "mean_logp_gap_base_chosen_rejected": 1.80287102438135, "mean_gap_improvement": 0.3735763461930018, "top1_accuracy_on_chosen_policy": 0.42518775270964493, "top1_accuracy_on_chosen_base": 0.4009243211671839, "mean_p_chosen_policy": 0.3284380824010817, "mean_p_chosen_base": 0.2991969601602516, "mean_kl": 0.17586567371078632, "mean_ent_pi": 1.4375208262278811, "mean_ent_ref": 1.5110575906945267, "top1_precision": 0.42518775274407855, "top1_recall": 0.42518775274407855, "top1_f1": 0.42518775274407855, "top3_precision": 0.7510109763142692, "top3_recall": 0.7510109763142692, "top3_f1": 0.7510109763142692, "top5_precision": 0.8648180242634316, "top5_recall": 0.8648180242634316, "top5_f1": 0.8648180242634316, "top10_precision": 0.9621606008087811, "top10_recall": 0.9621606008087811, "top10_f1": 0.9621606008087811, "mean_logp_gap_policy_chosen_rejected_cond_on_not_in_top_ten": 1.1553285341887247, "mean_logp_gap_base_chosen_rejected_cond_on_not_in_top_ten": 1.0981469253698986, "mean_gap_improvement_cond_on_not_in_top_ten": 0.057181608818826224, "top1_accuracy_on_chosen_policy_cond_on_not_in_top_ten": 0.19642857142857142, "top1_accuracy_on_chosen_base_cond_on_not_in_top_ten": 0.20833333333333334, "mean_p_chosen_policy_cond_on_not_in_top_ten": 0.15576551442004097, "mean_p_chosen_base_cond_on_not_in_top_ten": 0.16160924044171615, "mean_kl_cond_on_not_in_top_ten": 0.13720135846441345, "mean_ent_pi_cond_on_not_in_top_ten": 1.7640698639055092, "mean_ent_ref_cond_on_not_in_top_ten": 1.8083471743656057, "top1_precision_cond_on_not_in_top_ten": 0.19642857142857142, "top1_recall_cond_on_not_in_top_ten": 0.19642857142857142, "top1_f1_cond_on_not_in_top_ten": 0.19642857142857142, "top3_precision_cond_on_not_in_top_ten": 0.5297619047619048, "top3_recall_cond_on_not_in_top_ten": 0.5297619047619048, "top3_f1_cond_on_not_in_top_ten": 0.5297619047619048, "top5_precision_cond_on_not_in_top_ten": 0.6726190476190477, "top5_recall_cond_on_not_in_top_ten": 0.6726190476190477, "top5_f1_cond_on_not_in_top_ten": 0.6726190476190477, "top10_precision_cond_on_not_in_top_ten": 0.7916666666666666, "top10_recall_cond_on_not_in_top_ten": 0.7916666666666666, "top10_f1_cond_on_not_in_top_ten": 0.7916666666666665, "mean_logp_gap_policy_chosen_rejected_cond_on_in_top_ten": 2.2285262894724527, "mean_logp_gap_base_chosen_rejected_cond_on_in_top_ten": 1.8388132405284685, "mean_gap_improvement_cond_on_in_top_ten": 0.3897130507172855, "top1_accuracy_on_chosen_policy_cond_on_in_top_ten": 0.4368548876745598, "top1_accuracy_on_chosen_base_cond_on_in_top_ten": 0.4107468123861566, "mean_p_chosen_policy_cond_on_in_top_ten": 0.3372446974237002, "mean_p_chosen_base_cond_on_in_top_ten": 0.3062141825692458, "mean_kl_cond_on_in_top_ten": 0.17783762410920714, "mean_ent_pi_cond_on_in_top_ten": 1.4208662340818419, "mean_ent_ref_cond_on_in_top_ten": 1.4958952705222608, "top1_precision_cond_on_in_top_ten": 0.4368548876745598, "top1_recall_cond_on_in_top_ten": 0.4368548876745598, "top1_f1_cond_on_in_top_ten": 0.4368548876745598, "top3_precision_cond_on_in_top_ten": 0.7622950819672131, "top3_recall_cond_on_in_top_ten": 0.7622950819672131, "top3_f1_cond_on_in_top_ten": 0.7622950819672131, "top5_precision_cond_on_in_top_ten": 0.8746205221615058, "top5_recall_cond_on_in_top_ten": 0.8746205221615058, "top5_f1_cond_on_in_top_ten": 0.8746205221615059, "top10_precision_cond_on_in_top_ten": 0.970856102003643, "top10_recall_cond_on_in_top_ten": 0.970856102003643, "top10_f1_cond_on_in_top_ten": 0.970856102003643}