loss,mean_logp_gap_policy_chosen_rejected,mean_logp_gap_base_chosen_rejected,mean_gap_improvement,top1_accuracy_on_chosen_policy,top1_accuracy_on_chosen_base,mean_p_chosen_policy,mean_p_chosen_base,mean_kl,mean_ent_pi,mean_ent_ref
1.9129718699116434,2.069803469309154,1.80287102438135,0.266932455102947,0.42749855571368883,0.4009243211671839,0.32245456201364925,0.2991969601602516,0.18582760637646498,1.5011725538662581,1.5110575906945267
