{"loss": 0.5871236346175669, "mean_logp_gap_policy_chosen_rejected": 7.807274178230026, "mean_logp_gap_base_chosen_rejected": 1.80287102438135, "mean_gap_improvement": 6.004403161699547, "top1_accuracy_on_chosen_policy": 0.34575389944563567, "top1_accuracy_on_chosen_base": 0.4009243211671839, "mean_p_chosen_policy": 0.3385025607857795, "mean_p_chosen_base": 0.2991969601602516, "mean_kl": 0.9814769790428763, "mean_ent_pi": 0.3985665183167868, "mean_ent_ref": 1.5110575906945267, "top1_precision": 0.34575389948006935, "top1_recall": 0.34575389948006935, "top1_f1": 0.34575389948006935, "top3_precision": 0.6565569035239746, "top3_recall": 0.6565569035239746, "top3_f1": 0.6565569035239746, "top5_precision": 0.7720970537261699, "top5_recall": 0.7720970537261699, "top5_f1": 0.7720970537261699, "top10_precision": 0.9095898324667822, "top10_recall": 0.9095898324667822, "top10_f1": 0.9095898324667823, "mean_logp_gap_policy_chosen_rejected_cond_on_not_in_top_ten": 6.0125986486673355, "mean_logp_gap_base_chosen_rejected_cond_on_not_in_top_ten": 1.0981469253698986, "mean_gap_improvement_cond_on_not_in_top_ten": 4.914451753809338, "top1_accuracy_on_chosen_policy_cond_on_not_in_top_ten": 0.17857142857142858, "top1_accuracy_on_chosen_base_cond_on_not_in_top_ten": 0.20833333333333334, "mean_p_chosen_policy_cond_on_not_in_top_ten": 0.175192171600426, "mean_p_chosen_base_cond_on_not_in_top_ten": 0.16160924044171615, "mean_kl_cond_on_not_in_top_ten": 1.0044026000957404, "mean_ent_pi_cond_on_not_in_top_ten": 0.4726746006082044, "mean_ent_ref_cond_on_not_in_top_ten": 1.8083471743656057, "top1_precision_cond_on_not_in_top_ten": 0.17857142857142858, "top1_recall_cond_on_not_in_top_ten": 0.17857142857142858, "top1_f1_cond_on_not_in_top_ten": 0.17857142857142858, "top3_precision_cond_on_not_in_top_ten": 0.4642857142857143, "top3_recall_cond_on_not_in_top_ten": 0.4642857142857143, "top3_f1_cond_on_not_in_top_ten": 0.4642857142857143, "top5_precision_cond_on_not_in_top_ten": 0.5952380952380952, "top5_recall_cond_on_not_in_top_ten": 0.5952380952380952, "top5_f1_cond_on_not_in_top_ten": 0.5952380952380952, "top10_precision_cond_on_not_in_top_ten": 0.75, "top10_recall_cond_on_not_in_top_ten": 0.75, "top10_f1_cond_on_not_in_top_ten": 0.75, "mean_logp_gap_policy_chosen_rejected_cond_on_in_top_ten": 7.898805865127894, "mean_logp_gap_base_chosen_rejected_cond_on_in_top_ten": 1.8388132405284685, "mean_gap_improvement_cond_on_in_top_ten": 6.059992630661221, "top1_accuracy_on_chosen_policy_cond_on_in_top_ten": 0.3542805100182149, "top1_accuracy_on_chosen_base_cond_on_in_top_ten": 0.4107468123861566, "mean_p_chosen_policy_cond_on_in_top_ten": 0.3468316868301205, "mean_p_chosen_base_cond_on_in_top_ten": 0.3062141825692458, "mean_kl_cond_on_in_top_ten": 0.980307723038894, "mean_ent_pi_cond_on_in_top_ten": 0.39478687395641193, "mean_ent_ref_cond_on_in_top_ten": 1.4958952705222608, "top1_precision_cond_on_in_top_ten": 0.3542805100182149, "top1_recall_cond_on_in_top_ten": 0.3542805100182149, "top1_f1_cond_on_in_top_ten": 0.3542805100182149, "top3_precision_cond_on_in_top_ten": 0.6663630843958713, "top3_recall_cond_on_in_top_ten": 0.6663630843958713, "top3_f1_cond_on_in_top_ten": 0.6663630843958713, "top5_precision_cond_on_in_top_ten": 0.781117182756527, "top5_recall_cond_on_in_top_ten": 0.781117182756527, "top5_f1_cond_on_in_top_ten": 0.781117182756527, "top10_precision_cond_on_in_top_ten": 0.9177292046144505, "top10_recall_cond_on_in_top_ten": 0.9177292046144505, "top10_f1_cond_on_in_top_ten": 0.9177292046144505}