{"loss": 0.5036327761249829, "mean_logp_gap_policy_chosen_rejected": 3.4645918753021787, "mean_logp_gap_base_chosen_rejected": 1.80287102438135, "mean_gap_improvement": 1.6617209203390633, "top1_accuracy_on_chosen_policy": 0.39543616403257964, "top1_accuracy_on_chosen_base": 0.4009243211671839, "mean_p_chosen_policy": 0.35520959447946665, "mean_p_chosen_base": 0.2991969601602516, "mean_kl": 0.2175381124484477, "mean_ent_pi": 0.922340024247602, "mean_ent_ref": 1.5110575906945267, "top1_precision": 0.39543616406701326, "top1_recall": 0.39543616406701326, "top1_f1": 0.39543616406701326, "top3_precision": 0.7232813402657423, "top3_recall": 0.7232813402657423, "top3_f1": 0.7232813402657423, "top5_precision": 0.8471981513575968, "top5_recall": 0.8471981513575968, "top5_f1": 0.8471981513575968, "top10_precision": 0.9560947429231658, "top10_recall": 0.9560947429231658, "top10_f1": 0.9560947429231658, "mean_logp_gap_policy_chosen_rejected_cond_on_not_in_top_ten": 2.2145841848992167, "mean_logp_gap_base_chosen_rejected_cond_on_not_in_top_ten": 1.0981469253698986, "mean_gap_improvement_cond_on_not_in_top_ten": 1.1164372581101598, "top1_accuracy_on_chosen_policy_cond_on_not_in_top_ten": 0.20833333333333334, "top1_accuracy_on_chosen_base_cond_on_not_in_top_ten": 0.20833333333333334, "mean_p_chosen_policy_cond_on_not_in_top_ten": 0.18546127375773583, "mean_p_chosen_base_cond_on_not_in_top_ten": 0.16160924044171615, "mean_kl_cond_on_not_in_top_ten": 0.20829367378194416, "mean_ent_pi_cond_on_not_in_top_ten": 1.1342342492536686, "mean_ent_ref_cond_on_not_in_top_ten": 1.8083471743656057, "top1_precision_cond_on_not_in_top_ten": 0.20833333333333334, "top1_recall_cond_on_not_in_top_ten": 0.20833333333333334, "top1_f1_cond_on_not_in_top_ten": 0.20833333333333334, "top3_precision_cond_on_not_in_top_ten": 0.5297619047619048, "top3_recall_cond_on_not_in_top_ten": 0.5297619047619048, "top3_f1_cond_on_not_in_top_ten": 0.5297619047619048, "top5_precision_cond_on_not_in_top_ten": 0.6666666666666666, "top5_recall_cond_on_not_in_top_ten": 0.6666666666666666, "top5_f1_cond_on_not_in_top_ten": 0.6666666666666666, "top10_precision_cond_on_not_in_top_ten": 0.8035714285714286, "top10_recall_cond_on_not_in_top_ten": 0.8035714285714286, "top10_f1_cond_on_not_in_top_ten": 0.8035714285714286, "mean_logp_gap_policy_chosen_rejected_cond_on_in_top_ten": 3.528344595602374, "mean_logp_gap_base_chosen_rejected_cond_on_in_top_ten": 1.8388132405284685, "mean_gap_improvement_cond_on_in_top_ten": 1.689531357489576, "top1_accuracy_on_chosen_policy_cond_on_in_top_ten": 0.4049787492410443, "top1_accuracy_on_chosen_base_cond_on_in_top_ten": 0.4107468123861566, "mean_p_chosen_policy_cond_on_in_top_ten": 0.3638670692978856, "mean_p_chosen_base_cond_on_in_top_ten": 0.3062141825692458, "mean_kl_cond_on_in_top_ten": 0.21800959282727153, "mean_ent_pi_cond_on_in_top_ten": 0.9115330401056165, "mean_ent_ref_cond_on_in_top_ten": 1.4958952705222608, "top1_precision_cond_on_in_top_ten": 0.4049787492410443, "top1_recall_cond_on_in_top_ten": 0.4049787492410443, "top1_f1_cond_on_in_top_ten": 0.4049787492410443, "top3_precision_cond_on_in_top_ten": 0.7331511839708561, "top3_recall_cond_on_in_top_ten": 0.7331511839708561, "top3_f1_cond_on_in_top_ten": 0.7331511839708561, "top5_precision_cond_on_in_top_ten": 0.8564055859137827, "top5_recall_cond_on_in_top_ten": 0.8564055859137827, "top5_f1_cond_on_in_top_ten": 0.8564055859137827, "top10_precision_cond_on_in_top_ten": 0.9638737097753491, "top10_recall_cond_on_in_top_ten": 0.9638737097753491, "top10_f1_cond_on_in_top_ten": 0.963873709775349}