{"loss": 2.0567981968512776, "mean_logp_gap_policy_chosen_rejected": 2.163368911566864, "mean_logp_gap_base_chosen_rejected": 1.80287102438135, "mean_gap_improvement": 0.36049790963840445, "top1_accuracy_on_chosen_policy": 0.4283651068402053, "top1_accuracy_on_chosen_base": 0.4009243211671839, "mean_p_chosen_policy": 0.32742276121466785, "mean_p_chosen_base": 0.2991969601602516, "mean_kl": 0.16517731925533952, "mean_ent_pi": 1.445743891629506, "mean_ent_ref": 1.5110575906945267, "top1_precision": 0.4283651068746389, "top1_recall": 0.4283651068746389, "top1_f1": 0.4283651068746389, "top3_precision": 0.7504332755632582, "top3_recall": 0.7504332755632582, "top3_f1": 0.7504332755632582, "top5_precision": 0.864529173887926, "top5_recall": 0.864529173887926, "top5_f1": 0.8645291738879259, "top10_precision": 0.9612940496822646, "top10_recall": 0.9612940496822646, "top10_f1": 0.9612940496822645, "mean_logp_gap_policy_chosen_rejected_cond_on_not_in_top_ten": 1.155778402728694, "mean_logp_gap_base_chosen_rejected_cond_on_not_in_top_ten": 1.0981469253698986, "mean_gap_improvement_cond_on_not_in_top_ten": 0.05763147735879535, "top1_accuracy_on_chosen_policy_cond_on_not_in_top_ten": 0.18452380952380953, "top1_accuracy_on_chosen_base_cond_on_not_in_top_ten": 0.20833333333333334, "mean_p_chosen_policy_cond_on_not_in_top_ten": 0.1551058117166533, "mean_p_chosen_base_cond_on_not_in_top_ten": 0.16160924044171615, "mean_kl_cond_on_not_in_top_ten": 0.11853377875827607, "mean_ent_pi_cond_on_not_in_top_ten": 1.7710136086014765, "mean_ent_ref_cond_on_not_in_top_ten": 1.8083471743656057, "top1_precision_cond_on_not_in_top_ten": 0.18452380952380953, "top1_recall_cond_on_not_in_top_ten": 0.18452380952380953, "top1_f1_cond_on_not_in_top_ten": 0.18452380952380953, "top3_precision_cond_on_not_in_top_ten": 0.5238095238095238, "top3_recall_cond_on_not_in_top_ten": 0.5238095238095238, "top3_f1_cond_on_not_in_top_ten": 0.5238095238095238, "top5_precision_cond_on_not_in_top_ten": 0.6666666666666666, "top5_recall_cond_on_not_in_top_ten": 0.6666666666666666, "top5_f1_cond_on_not_in_top_ten": 0.6666666666666666, "top10_precision_cond_on_not_in_top_ten": 0.7857142857142857, "top10_recall_cond_on_not_in_top_ten": 0.7857142857142857, "top10_f1_cond_on_not_in_top_ten": 0.7857142857142857, "mean_logp_gap_policy_chosen_rejected_cond_on_in_top_ten": 2.2147578844154827, "mean_logp_gap_base_chosen_rejected_cond_on_in_top_ten": 1.8388132405284685, "mean_gap_improvement_cond_on_in_top_ten": 0.3759446458593599, "top1_accuracy_on_chosen_policy_cond_on_in_top_ten": 0.4408014571948998, "top1_accuracy_on_chosen_base_cond_on_in_top_ten": 0.4107468123861566, "mean_p_chosen_policy_cond_on_in_top_ten": 0.3362112443815632, "mean_p_chosen_base_cond_on_in_top_ten": 0.3062141825692458, "mean_kl_cond_on_in_top_ten": 0.16755622319115293, "mean_ent_pi_cond_on_in_top_ten": 1.4291545394338716, "mean_ent_ref_cond_on_in_top_ten": 1.4958952705222608, "top1_precision_cond_on_in_top_ten": 0.4408014571948998, "top1_recall_cond_on_in_top_ten": 0.4408014571948998, "top1_f1_cond_on_in_top_ten": 0.4408014571948998, "top3_precision_cond_on_in_top_ten": 0.7619914996964178, "top3_recall_cond_on_in_top_ten": 0.7619914996964178, "top3_f1_cond_on_in_top_ten": 0.7619914996964178, "top5_precision_cond_on_in_top_ten": 0.8746205221615058, "top5_recall_cond_on_in_top_ten": 0.8746205221615058, "top5_f1_cond_on_in_top_ten": 0.8746205221615059, "top10_precision_cond_on_in_top_ten": 0.9702489374620522, "top10_recall_cond_on_in_top_ten": 0.9702489374620522, "top10_f1_cond_on_in_top_ten": 0.9702489374620523}