{"loss": 2.059674400390744, "mean_logp_gap_policy_chosen_rejected": 2.1859831378888286, "mean_logp_gap_base_chosen_rejected": 1.80287102438135, "mean_gap_improvement": 0.38311210623767455, "top1_accuracy_on_chosen_policy": 0.4266320045871724, "top1_accuracy_on_chosen_base": 0.4009243211671839, "mean_p_chosen_policy": 0.32810029189480583, "mean_p_chosen_base": 0.2991969601602516, "mean_kl": 0.17979350437666813, "mean_ent_pi": 1.4371563606631337, "mean_ent_ref": 1.5110575906945267, "top1_precision": 0.426632004621606, "top1_recall": 0.426632004621606, "top1_f1": 0.426632004621606, "top3_precision": 0.7478336221837089, "top3_recall": 0.7478336221837089, "top3_f1": 0.7478336221837089, "top5_precision": 0.8671288272674754, "top5_recall": 0.8671288272674754, "top5_f1": 0.8671288272674754, "top10_precision": 0.9607163489312536, "top10_recall": 0.9607163489312536, "top10_f1": 0.9607163489312537, "mean_logp_gap_policy_chosen_rejected_cond_on_not_in_top_ten": 1.1603618867340542, "mean_logp_gap_base_chosen_rejected_cond_on_not_in_top_ten": 1.0981469253698986, "mean_gap_improvement_cond_on_not_in_top_ten": 0.062214961364155726, "top1_accuracy_on_chosen_policy_cond_on_not_in_top_ten": 0.19642857142857142, "top1_accuracy_on_chosen_base_cond_on_not_in_top_ten": 0.20833333333333334, "mean_p_chosen_policy_cond_on_not_in_top_ten": 0.15685832605398836, "mean_p_chosen_base_cond_on_not_in_top_ten": 0.16160924044171615, "mean_kl_cond_on_not_in_top_ten": 0.1358670895098753, "mean_ent_pi_cond_on_not_in_top_ten": 1.758556900945093, "mean_ent_ref_cond_on_not_in_top_ten": 1.8083471743656057, "top1_precision_cond_on_not_in_top_ten": 0.19642857142857142, "top1_recall_cond_on_not_in_top_ten": 0.19642857142857142, "top1_f1_cond_on_not_in_top_ten": 0.19642857142857142, "top3_precision_cond_on_not_in_top_ten": 0.5297619047619048, "top3_recall_cond_on_not_in_top_ten": 0.5297619047619048, "top3_f1_cond_on_not_in_top_ten": 0.5297619047619048, "top5_precision_cond_on_not_in_top_ten": 0.6726190476190477, "top5_recall_cond_on_not_in_top_ten": 0.6726190476190477, "top5_f1_cond_on_not_in_top_ten": 0.6726190476190477, "top10_precision_cond_on_not_in_top_ten": 0.7916666666666666, "top10_recall_cond_on_not_in_top_ten": 0.7916666666666666, "top10_f1_cond_on_not_in_top_ten": 0.7916666666666665, "mean_logp_gap_policy_chosen_rejected_cond_on_in_top_ten": 2.238291686901774, "mean_logp_gap_base_chosen_rejected_cond_on_in_top_ten": 1.8388132405284685, "mean_gap_improvement_cond_on_in_top_ten": 0.39947844808327476, "top1_accuracy_on_chosen_policy_cond_on_in_top_ten": 0.4383727990285367, "top1_accuracy_on_chosen_base_cond_on_in_top_ten": 0.4107468123861566, "mean_p_chosen_policy_cond_on_in_top_ten": 0.3368339441203727, "mean_p_chosen_base_cond_on_in_top_ten": 0.3062141825692458, "mean_kl_cond_on_in_top_ten": 0.18203383278779556, "mean_ent_pi_cond_on_in_top_ten": 1.4207643437771547, "mean_ent_ref_cond_on_in_top_ten": 1.4958952705222608, "top1_precision_cond_on_in_top_ten": 0.4383727990285367, "top1_recall_cond_on_in_top_ten": 0.4383727990285367, "top1_f1_cond_on_in_top_ten": 0.4383727990285367, "top3_precision_cond_on_in_top_ten": 0.7589556769884639, "top3_recall_cond_on_in_top_ten": 0.7589556769884639, "top3_f1_cond_on_in_top_ten": 0.7589556769884639, "top5_precision_cond_on_in_top_ten": 0.8770491803278688, "top5_recall_cond_on_in_top_ten": 0.8770491803278688, "top5_f1_cond_on_in_top_ten": 0.8770491803278687, "top10_precision_cond_on_in_top_ten": 0.9693381906496661, "top10_recall_cond_on_in_top_ten": 0.9693381906496661, "top10_f1_cond_on_in_top_ten": 0.9693381906496662}