loss,mean_logp_gap_policy_chosen_rejected,mean_logp_gap_base_chosen_rejected,mean_gap_improvement,top1_accuracy_on_chosen_policy,top1_accuracy_on_chosen_base,mean_p_chosen_policy,mean_p_chosen_base,mean_kl,mean_ent_pi,mean_ent_ref
1.916186174376723,2.0610601572822382,1.80287102438135,0.2581891180772027,0.4254766030851504,0.4009243211671839,0.32247371690112137,0.2991969601602516,0.191313220174033,1.5007172623237113,1.5110575906945267
