{"loss": 1.9180276280948014, "mean_logp_gap_policy_chosen_rejected": 1.9855948011011557, "mean_logp_gap_base_chosen_rejected": 1.80287102438135, "mean_gap_improvement": 0.1827237836926194, "top1_accuracy_on_chosen_policy": 0.4260543038361614, "top1_accuracy_on_chosen_base": 0.4009243211671839, "mean_p_chosen_policy": 0.3176978039369633, "mean_p_chosen_base": 0.2991969601602516, "mean_kl": 0.1626613118439904, "mean_ent_pi": 1.5238548731404464, "mean_ent_ref": 1.5110575906945267, "top1_precision": 0.426054303870595, "top1_recall": 0.426054303870595, "top1_f1": 0.42605430387059495, "top3_precision": 0.7492778740612362, "top3_recall": 0.7492778740612362, "top3_f1": 0.7492778740612364, "top5_precision": 0.865684575389948, "top5_recall": 0.865684575389948, "top5_f1": 0.865684575389948, "top10_precision": 0.96158290005777, "top10_recall": 0.96158290005777, "top10_f1": 0.96158290005777, "mean_logp_gap_policy_chosen_rejected_cond_on_not_in_top_ten": 1.045826860836574, "mean_logp_gap_base_chosen_rejected_cond_on_not_in_top_ten": 1.0981469253698986, "mean_gap_improvement_cond_on_not_in_top_ten": -0.05232006453332447, "top1_accuracy_on_chosen_policy_cond_on_not_in_top_ten": 0.17857142857142858, "top1_accuracy_on_chosen_base_cond_on_not_in_top_ten": 0.20833333333333334, "mean_p_chosen_policy_cond_on_not_in_top_ten": 0.15134836994630382, "mean_p_chosen_base_cond_on_not_in_top_ten": 0.16160924044171615, "mean_kl_cond_on_not_in_top_ten": 0.13748383389957736, "mean_ent_pi_cond_on_not_in_top_ten": 1.852033968305304, "mean_ent_ref_cond_on_not_in_top_ten": 1.8083471743656057, "top1_precision_cond_on_not_in_top_ten": 0.17857142857142858, "top1_recall_cond_on_not_in_top_ten": 0.17857142857142858, "top1_f1_cond_on_not_in_top_ten": 0.17857142857142858, "top3_precision_cond_on_not_in_top_ten": 0.5178571428571429, "top3_recall_cond_on_not_in_top_ten": 0.5178571428571429, "top3_f1_cond_on_not_in_top_ten": 0.5178571428571429, "top5_precision_cond_on_not_in_top_ten": 0.6666666666666666, "top5_recall_cond_on_not_in_top_ten": 0.6666666666666666, "top5_f1_cond_on_not_in_top_ten": 0.6666666666666666, "top10_precision_cond_on_not_in_top_ten": 0.7857142857142857, "top10_recall_cond_on_not_in_top_ten": 0.7857142857142857, "top10_f1_cond_on_not_in_top_ten": 0.7857142857142857, "mean_logp_gap_policy_chosen_rejected_cond_on_in_top_ten": 2.0335246846758386, "mean_logp_gap_base_chosen_rejected_cond_on_in_top_ten": 1.8388132405284685, "mean_gap_improvement_cond_on_in_top_ten": 0.19471144577591218, "top1_accuracy_on_chosen_policy_cond_on_in_top_ten": 0.4386763812993321, "top1_accuracy_on_chosen_base_cond_on_in_top_ten": 0.4107468123861566, "mean_p_chosen_policy_cond_on_in_top_ten": 0.3261819283207148, "mean_p_chosen_base_cond_on_in_top_ten": 0.3062141825692458, "mean_kl_cond_on_in_top_ten": 0.16394540973672772, "mean_ent_pi_cond_on_in_top_ten": 1.5071171328250679, "mean_ent_ref_cond_on_in_top_ten": 1.4958952705222608, "top1_precision_cond_on_in_top_ten": 0.4386763812993321, "top1_recall_cond_on_in_top_ten": 0.4386763812993321, "top1_f1_cond_on_in_top_ten": 0.4386763812993322, "top3_precision_cond_on_in_top_ten": 0.7610807528840315, "top3_recall_cond_on_in_top_ten": 0.7610807528840315, "top3_f1_cond_on_in_top_ten": 0.7610807528840315, "top5_precision_cond_on_in_top_ten": 0.8758348512446873, "top5_recall_cond_on_in_top_ten": 0.8758348512446873, "top5_f1_cond_on_in_top_ten": 0.8758348512446872, "top10_precision_cond_on_in_top_ten": 0.9705525197328476, "top10_recall_cond_on_in_top_ten": 0.9705525197328476, "top10_f1_cond_on_in_top_ten": 0.9705525197328477}