{"loss": 1.8387520336333483, "mean_logp_gap_policy_chosen_rejected": 1.989106914750556, "mean_logp_gap_base_chosen_rejected": 1.80287102438135, "mean_gap_improvement": 0.18623587248092577, "top1_accuracy_on_chosen_policy": 0.42923165796672175, "top1_accuracy_on_chosen_base": 0.4009243211671839, "mean_p_chosen_policy": 0.3186045477736003, "mean_p_chosen_base": 0.2991969601602516, "mean_kl": 0.19191442647274176, "mean_ent_pi": 1.5382683079480988, "mean_ent_ref": 1.5110575906945267, "top1_precision": 0.4292316580011554, "top1_recall": 0.4292316580011554, "top1_f1": 0.42923165800115537, "top3_precision": 0.7463893703061814, "top3_recall": 0.7463893703061814, "top3_f1": 0.7463893703061814, "top5_precision": 0.8671288272674754, "top5_recall": 0.8671288272674754, "top5_f1": 0.8671288272674754, "top10_precision": 0.9607163489312536, "top10_recall": 0.9607163489312536, "top10_f1": 0.9607163489312537, "mean_logp_gap_policy_chosen_rejected_cond_on_not_in_top_ten": 1.0350980659325917, "mean_logp_gap_base_chosen_rejected_cond_on_not_in_top_ten": 1.0981469253698986, "mean_gap_improvement_cond_on_not_in_top_ten": -0.06304885943730672, "top1_accuracy_on_chosen_policy_cond_on_not_in_top_ten": 0.19047619047619047, "top1_accuracy_on_chosen_base_cond_on_not_in_top_ten": 0.20833333333333334, "mean_p_chosen_policy_cond_on_not_in_top_ten": 0.14975054360409212, "mean_p_chosen_base_cond_on_not_in_top_ten": 0.16160924044171615, "mean_kl_cond_on_not_in_top_ten": 0.14854673205159738, "mean_ent_pi_cond_on_not_in_top_ten": 1.8804149572693167, "mean_ent_ref_cond_on_not_in_top_ten": 1.8083471743656057, "top1_precision_cond_on_not_in_top_ten": 0.19047619047619047, "top1_recall_cond_on_not_in_top_ten": 0.19047619047619047, "top1_f1_cond_on_not_in_top_ten": 0.19047619047619047, "top3_precision_cond_on_not_in_top_ten": 0.5238095238095238, "top3_recall_cond_on_not_in_top_ten": 0.5238095238095238, "top3_f1_cond_on_not_in_top_ten": 0.5238095238095238, "top5_precision_cond_on_not_in_top_ten": 0.6666666666666666, "top5_recall_cond_on_not_in_top_ten": 0.6666666666666666, "top5_f1_cond_on_not_in_top_ten": 0.6666666666666666, "top10_precision_cond_on_not_in_top_ten": 0.7857142857142857, "top10_recall_cond_on_not_in_top_ten": 0.7857142857142857, "top10_f1_cond_on_not_in_top_ten": 0.7857142857142857, "mean_logp_gap_policy_chosen_rejected_cond_on_in_top_ten": 2.037763086625425, "mean_logp_gap_base_chosen_rejected_cond_on_in_top_ten": 1.8388132405284685, "mean_gap_improvement_cond_on_in_top_ten": 0.19894984767121407, "top1_accuracy_on_chosen_policy_cond_on_in_top_ten": 0.4414086217364906, "top1_accuracy_on_chosen_base_cond_on_in_top_ten": 0.4107468123861566, "mean_p_chosen_policy_cond_on_in_top_ten": 0.327216408023536, "mean_p_chosen_base_cond_on_in_top_ten": 0.3062141825692458, "mean_kl_cond_on_in_top_ten": 0.19412626065048444, "mean_ent_pi_cond_on_in_top_ten": 1.5208182079625912, "mean_ent_ref_cond_on_in_top_ten": 1.4958952705222608, "top1_precision_cond_on_in_top_ten": 0.4414086217364906, "top1_recall_cond_on_in_top_ten": 0.4414086217364906, "top1_f1_cond_on_in_top_ten": 0.44140862173649065, "top3_precision_cond_on_in_top_ten": 0.7577413479052824, "top3_recall_cond_on_in_top_ten": 0.7577413479052824, "top3_f1_cond_on_in_top_ten": 0.7577413479052824, "top5_precision_cond_on_in_top_ten": 0.8773527625986642, "top5_recall_cond_on_in_top_ten": 0.8773527625986642, "top5_f1_cond_on_in_top_ten": 0.8773527625986643, "top10_precision_cond_on_in_top_ten": 0.9696417729204615, "top10_recall_cond_on_in_top_ten": 0.9696417729204615, "top10_f1_cond_on_in_top_ten": 0.9696417729204615}