{"loss": 1.9128627228915933, "mean_logp_gap_policy_chosen_rejected": 2.061378883943607, "mean_logp_gap_base_chosen_rejected": 1.80287102438135, "mean_gap_improvement": 0.25850786154219213, "top1_accuracy_on_chosen_policy": 0.4283651068402053, "top1_accuracy_on_chosen_base": 0.4009243211671839, "mean_p_chosen_policy": 0.32284244851939325, "mean_p_chosen_base": 0.2991969601602516, "mean_kl": 0.1784321041218183, "mean_ent_pi": 1.49899502664133, "mean_ent_ref": 1.5110575906945267, "top1_precision": 0.4283651068746389, "top1_recall": 0.4283651068746389, "top1_f1": 0.4283651068746389, "top3_precision": 0.7487001733102253, "top3_recall": 0.7487001733102253, "top3_f1": 0.7487001733102253, "top5_precision": 0.8653957250144425, "top5_recall": 0.8653957250144425, "top5_f1": 0.8653957250144425, "top10_precision": 0.9612940496822646, "top10_recall": 0.9612940496822646, "top10_f1": 0.9612940496822645, "mean_logp_gap_policy_chosen_rejected_cond_on_not_in_top_ten": 1.082213121865477, "mean_logp_gap_base_chosen_rejected_cond_on_not_in_top_ten": 1.0981469253698986, "mean_gap_improvement_cond_on_not_in_top_ten": -0.015933803504421598, "top1_accuracy_on_chosen_policy_cond_on_not_in_top_ten": 0.17261904761904762, "top1_accuracy_on_chosen_base_cond_on_not_in_top_ten": 0.20833333333333334, "mean_p_chosen_policy_cond_on_not_in_top_ten": 0.15215540517248796, "mean_p_chosen_base_cond_on_not_in_top_ten": 0.16160924044171615, "mean_kl_cond_on_not_in_top_ten": 0.14260274796037092, "mean_ent_pi_cond_on_not_in_top_ten": 1.8318853183161645, "mean_ent_ref_cond_on_not_in_top_ten": 1.8083471743656057, "top1_precision_cond_on_not_in_top_ten": 0.17261904761904762, "top1_recall_cond_on_not_in_top_ten": 0.17261904761904762, "top1_f1_cond_on_not_in_top_ten": 0.17261904761904762, "top3_precision_cond_on_not_in_top_ten": 0.5238095238095238, "top3_recall_cond_on_not_in_top_ten": 0.5238095238095238, "top3_f1_cond_on_not_in_top_ten": 0.5238095238095238, "top5_precision_cond_on_not_in_top_ten": 0.6666666666666666, "top5_recall_cond_on_not_in_top_ten": 0.6666666666666666, "top5_f1_cond_on_not_in_top_ten": 0.6666666666666666, "top10_precision_cond_on_not_in_top_ten": 0.7857142857142857, "top10_recall_cond_on_not_in_top_ten": 0.7857142857142857, "top10_f1_cond_on_not_in_top_ten": 0.7857142857142857, "mean_logp_gap_policy_chosen_rejected_cond_on_in_top_ten": 2.111318124837056, "mean_logp_gap_base_chosen_rejected_cond_on_in_top_ten": 1.8388132405284685, "mean_gap_improvement_cond_on_in_top_ten": 0.2725048861723635, "top1_accuracy_on_chosen_policy_cond_on_in_top_ten": 0.4414086217364906, "top1_accuracy_on_chosen_base_cond_on_in_top_ten": 0.4107468123861566, "mean_p_chosen_policy_cond_on_in_top_ten": 0.33154779582448296, "mean_p_chosen_base_cond_on_in_top_ten": 0.3062141825692458, "mean_kl_cond_on_in_top_ten": 0.1802594678786938, "mean_ent_pi_cond_on_in_top_ten": 1.482017011303086, "mean_ent_ref_cond_on_in_top_ten": 1.4958952705222608, "top1_precision_cond_on_in_top_ten": 0.4414086217364906, "top1_recall_cond_on_in_top_ten": 0.4414086217364906, "top1_f1_cond_on_in_top_ten": 0.44140862173649065, "top3_precision_cond_on_in_top_ten": 0.7601700060716454, "top3_recall_cond_on_in_top_ten": 0.7601700060716454, "top3_f1_cond_on_in_top_ten": 0.7601700060716454, "top5_precision_cond_on_in_top_ten": 0.8755312689738919, "top5_recall_cond_on_in_top_ten": 0.8755312689738919, "top5_f1_cond_on_in_top_ten": 0.8755312689738918, "top10_precision_cond_on_in_top_ten": 0.9702489374620522, "top10_recall_cond_on_in_top_ten": 0.9702489374620522, "top10_f1_cond_on_in_top_ten": 0.9702489374620523}