{"loss": 0.5529282419306911, "mean_logp_gap_policy_chosen_rejected": 6.333728124749654, "mean_logp_gap_base_chosen_rejected": 1.80287102438135, "mean_gap_improvement": 4.530857124196388, "top1_accuracy_on_chosen_policy": 0.36106296934742654, "top1_accuracy_on_chosen_base": 0.4009243211671839, "mean_p_chosen_policy": 0.35178062528079124, "mean_p_chosen_base": 0.2991969601602516, "mean_kl": 0.7169613249896923, "mean_ent_pi": 0.5006343184834199, "mean_ent_ref": 1.5110575906945267, "top1_precision": 0.3610629693818602, "top1_recall": 0.3610629693818602, "top1_f1": 0.3610629693818602, "top3_precision": 0.6874638937030618, "top3_recall": 0.6874638937030618, "top3_f1": 0.6874638937030618, "top5_precision": 0.8116695551704217, "top5_recall": 0.8116695551704217, "top5_f1": 0.8116695551704217, "top10_precision": 0.9309647602541883, "top10_recall": 0.9309647602541883, "top10_f1": 0.9309647602541884, "mean_logp_gap_policy_chosen_rejected_cond_on_not_in_top_ten": 4.535875769243354, "mean_logp_gap_base_chosen_rejected_cond_on_not_in_top_ten": 1.0981469253698986, "mean_gap_improvement_cond_on_not_in_top_ten": 3.4377288658704077, "top1_accuracy_on_chosen_policy_cond_on_not_in_top_ten": 0.19642857142857142, "top1_accuracy_on_chosen_base_cond_on_not_in_top_ten": 0.20833333333333334, "mean_p_chosen_policy_cond_on_not_in_top_ten": 0.18289125103205187, "mean_p_chosen_base_cond_on_not_in_top_ten": 0.16160924044171615, "mean_kl_cond_on_not_in_top_ten": 0.7234514029696584, "mean_ent_pi_cond_on_not_in_top_ten": 0.6150152728293095, "mean_ent_ref_cond_on_not_in_top_ten": 1.8083471743656057, "top1_precision_cond_on_not_in_top_ten": 0.19642857142857142, "top1_recall_cond_on_not_in_top_ten": 0.19642857142857142, "top1_f1_cond_on_not_in_top_ten": 0.19642857142857142, "top3_precision_cond_on_not_in_top_ten": 0.47023809523809523, "top3_recall_cond_on_not_in_top_ten": 0.47023809523809523, "top3_f1_cond_on_not_in_top_ten": 0.4702380952380952, "top5_precision_cond_on_not_in_top_ten": 0.6488095238095238, "top5_recall_cond_on_not_in_top_ten": 0.6488095238095238, "top5_f1_cond_on_not_in_top_ten": 0.6488095238095238, "top10_precision_cond_on_not_in_top_ten": 0.7738095238095238, "top10_recall_cond_on_not_in_top_ten": 0.7738095238095238, "top10_f1_cond_on_not_in_top_ten": 0.773809523809524, "mean_logp_gap_policy_chosen_rejected_cond_on_in_top_ten": 6.425421897821812, "mean_logp_gap_base_chosen_rejected_cond_on_in_top_ten": 1.8388132405284685, "mean_gap_improvement_cond_on_in_top_ten": 4.5866086638798915, "top1_accuracy_on_chosen_policy_cond_on_in_top_ten": 0.36945962355798423, "top1_accuracy_on_chosen_base_cond_on_in_top_ten": 0.4107468123861566, "mean_p_chosen_policy_cond_on_in_top_ten": 0.3603942899277359, "mean_p_chosen_base_cond_on_in_top_ten": 0.3062141825692458, "mean_kl_cond_on_in_top_ten": 0.716630322598082, "mean_ent_pi_cond_on_in_top_ten": 0.4948006819198067, "mean_ent_ref_cond_on_in_top_ten": 1.4958952705222608, "top1_precision_cond_on_in_top_ten": 0.36945962355798423, "top1_recall_cond_on_in_top_ten": 0.36945962355798423, "top1_f1_cond_on_in_top_ten": 0.36945962355798423, "top3_precision_cond_on_in_top_ten": 0.6985428051001822, "top3_recall_cond_on_in_top_ten": 0.6985428051001822, "top3_f1_cond_on_in_top_ten": 0.6985428051001822, "top5_precision_cond_on_in_top_ten": 0.8199757134183364, "top5_recall_cond_on_in_top_ten": 0.8199757134183364, "top5_f1_cond_on_in_top_ten": 0.8199757134183364, "top10_precision_cond_on_in_top_ten": 0.9389799635701275, "top10_recall_cond_on_in_top_ten": 0.9389799635701275, "top10_f1_cond_on_in_top_ten": 0.9389799635701276}