{"loss": 0.5087567649605231, "mean_logp_gap_policy_chosen_rejected": 3.9392301822796782, "mean_logp_gap_base_chosen_rejected": 1.80287102438135, "mean_gap_improvement": 2.136359091785724, "top1_accuracy_on_chosen_policy": 0.3885037550204479, "top1_accuracy_on_chosen_base": 0.4009243211671839, "mean_p_chosen_policy": 0.35846968760454606, "mean_p_chosen_base": 0.2991969601602516, "mean_kl": 0.2912606082852351, "mean_ent_pi": 0.8248255088245298, "mean_ent_ref": 1.5110575906945267, "top1_precision": 0.38850375505488155, "top1_recall": 0.38850375505488155, "top1_f1": 0.3885037550548815, "top3_precision": 0.717793183131138, "top3_recall": 0.717793183131138, "top3_f1": 0.717793183131138, "top5_precision": 0.8474870017331022, "top5_recall": 0.8474870017331022, "top5_f1": 0.8474870017331021, "top10_precision": 0.9532062391681109, "top10_recall": 0.9532062391681109, "top10_f1": 0.953206239168111, "mean_logp_gap_policy_chosen_rejected_cond_on_not_in_top_ten": 2.530684021966798, "mean_logp_gap_base_chosen_rejected_cond_on_not_in_top_ten": 1.0981469253698986, "mean_gap_improvement_cond_on_not_in_top_ten": 1.4325370965968995, "top1_accuracy_on_chosen_policy_cond_on_not_in_top_ten": 0.20238095238095238, "top1_accuracy_on_chosen_base_cond_on_not_in_top_ten": 0.20833333333333334, "mean_p_chosen_policy_cond_on_not_in_top_ten": 0.18846501180278408, "mean_p_chosen_base_cond_on_not_in_top_ten": 0.16160924044171615, "mean_kl_cond_on_not_in_top_ten": 0.28189669492920594, "mean_ent_pi_cond_on_not_in_top_ten": 1.0163004208339512, "mean_ent_ref_cond_on_not_in_top_ten": 1.8083471743656057, "top1_precision_cond_on_not_in_top_ten": 0.20238095238095238, "top1_recall_cond_on_not_in_top_ten": 0.20238095238095238, "top1_f1_cond_on_not_in_top_ten": 0.20238095238095238, "top3_precision_cond_on_not_in_top_ten": 0.5297619047619048, "top3_recall_cond_on_not_in_top_ten": 0.5297619047619048, "top3_f1_cond_on_not_in_top_ten": 0.5297619047619048, "top5_precision_cond_on_not_in_top_ten": 0.6726190476190477, "top5_recall_cond_on_not_in_top_ten": 0.6726190476190477, "top5_f1_cond_on_not_in_top_ten": 0.6726190476190477, "top10_precision_cond_on_not_in_top_ten": 0.8035714285714286, "top10_recall_cond_on_not_in_top_ten": 0.8035714285714286, "top10_f1_cond_on_not_in_top_ten": 0.8035714285714286, "mean_logp_gap_policy_chosen_rejected_cond_on_in_top_ten": 4.01106855638764, "mean_logp_gap_base_chosen_rejected_cond_on_in_top_ten": 1.8388132405284685, "mean_gap_improvement_cond_on_in_top_ten": 2.17225531415825, "top1_accuracy_on_chosen_policy_cond_on_in_top_ten": 0.39799635701275043, "top1_accuracy_on_chosen_base_cond_on_in_top_ten": 0.4107468123861566, "mean_p_chosen_policy_cond_on_in_top_ten": 0.36714023420839553, "mean_p_chosen_base_cond_on_in_top_ten": 0.3062141825692458, "mean_kl_cond_on_in_top_ten": 0.29173818912701177, "mean_ent_pi_cond_on_in_top_ten": 0.8150599439359841, "mean_ent_ref_cond_on_in_top_ten": 1.4958952705222608, "top1_precision_cond_on_in_top_ten": 0.39799635701275043, "top1_recall_cond_on_in_top_ten": 0.39799635701275043, "top1_f1_cond_on_in_top_ten": 0.39799635701275043, "top3_precision_cond_on_in_top_ten": 0.7273831208257437, "top3_recall_cond_on_in_top_ten": 0.7273831208257437, "top3_f1_cond_on_in_top_ten": 0.7273831208257437, "top5_precision_cond_on_in_top_ten": 0.8564055859137827, "top5_recall_cond_on_in_top_ten": 0.8564055859137827, "top5_f1_cond_on_in_top_ten": 0.8564055859137827, "top10_precision_cond_on_in_top_ten": 0.9608378870673953, "top10_recall_cond_on_in_top_ten": 0.9608378870673953, "top10_f1_cond_on_in_top_ten": 0.9608378870673951}