loss,mean_logp_gap_policy_chosen_rejected,mean_logp_gap_base_chosen_rejected,mean_gap_improvement,top1_accuracy_on_chosen_policy,top1_accuracy_on_chosen_base,mean_p_chosen_policy,mean_p_chosen_base,mean_kl,mean_ent_pi,mean_ent_ref
1.8337871723268708,1.9879467038320435,1.80287102438135,0.18507567225406102,0.4280762564646998,0.4009243211671839,0.31827916763615294,0.2991969601602516,0.19445108862917662,1.5441747392139842,1.5110575906945267
