loss,mean_logp_gap_policy_chosen_rejected,mean_logp_gap_base_chosen_rejected,mean_gap_improvement,top1_accuracy_on_chosen_policy,top1_accuracy_on_chosen_base,mean_p_chosen_policy,mean_p_chosen_base,mean_kl,mean_ent_pi,mean_ent_ref
0.5087567649605231,3.9392301822796782,1.80287102438135,2.136359091785724,0.3885037550204479,0.4009243211671839,0.35846968760454606,0.2991969601602516,0.2912606082852351,0.8248255088245298,1.5110575906945267
