{"loss": 1.7680845148022089, "mean_logp_gap_policy_chosen_rejected": 1.9439545008297396, "mean_logp_gap_base_chosen_rejected": 1.80287102438135, "mean_gap_improvement": 0.1410834516217294, "top1_accuracy_on_chosen_policy": 0.4280762564646998, "top1_accuracy_on_chosen_base": 0.4009243211671839, "mean_p_chosen_policy": 0.3141611253574775, "mean_p_chosen_base": 0.2991969601602516, "mean_kl": 0.20064487772364792, "mean_ent_pi": 1.572141565868856, "mean_ent_ref": 1.5110575906945267, "top1_precision": 0.42807625649913345, "top1_recall": 0.42807625649913345, "top1_f1": 0.42807625649913345, "top3_precision": 0.7489890236857308, "top3_recall": 0.7489890236857308, "top3_f1": 0.7489890236857308, "top5_precision": 0.8682842287694974, "top5_recall": 0.8682842287694974, "top5_f1": 0.8682842287694974, "top10_precision": 0.96158290005777, "top10_recall": 0.96158290005777, "top10_f1": 0.96158290005777, "mean_logp_gap_policy_chosen_rejected_cond_on_not_in_top_ten": 0.9828556737019902, "mean_logp_gap_base_chosen_rejected_cond_on_not_in_top_ten": 1.0981469253698986, "mean_gap_improvement_cond_on_not_in_top_ten": -0.11529125166790825, "top1_accuracy_on_chosen_policy_cond_on_not_in_top_ten": 0.19047619047619047, "top1_accuracy_on_chosen_base_cond_on_not_in_top_ten": 0.20833333333333334, "mean_p_chosen_policy_cond_on_not_in_top_ten": 0.14682668152561074, "mean_p_chosen_base_cond_on_not_in_top_ten": 0.16160924044171615, "mean_kl_cond_on_not_in_top_ten": 0.16328385547240032, "mean_ent_pi_cond_on_not_in_top_ten": 1.9143160856550647, "mean_ent_ref_cond_on_not_in_top_ten": 1.8083471743656057, "top1_precision_cond_on_not_in_top_ten": 0.19047619047619047, "top1_recall_cond_on_not_in_top_ten": 0.19047619047619047, "top1_f1_cond_on_not_in_top_ten": 0.19047619047619047, "top3_precision_cond_on_not_in_top_ten": 0.5178571428571429, "top3_recall_cond_on_not_in_top_ten": 0.5178571428571429, "top3_f1_cond_on_not_in_top_ten": 0.5178571428571429, "top5_precision_cond_on_not_in_top_ten": 0.6666666666666666, "top5_recall_cond_on_not_in_top_ten": 0.6666666666666666, "top5_f1_cond_on_not_in_top_ten": 0.6666666666666666, "top10_precision_cond_on_not_in_top_ten": 0.7857142857142857, "top10_recall_cond_on_not_in_top_ten": 0.7857142857142857, "top10_f1_cond_on_not_in_top_ten": 0.7857142857142857, "mean_logp_gap_policy_chosen_rejected_cond_on_in_top_ten": 1.9929722667681353, "mean_logp_gap_base_chosen_rejected_cond_on_in_top_ten": 1.8388132405284685, "mean_gap_improvement_cond_on_in_top_ten": 0.1541590282301072, "top1_accuracy_on_chosen_policy_cond_on_in_top_ten": 0.44019429265330906, "top1_accuracy_on_chosen_base_cond_on_in_top_ten": 0.4107468123861566, "mean_p_chosen_policy_cond_on_in_top_ten": 0.32269548628275524, "mean_p_chosen_base_cond_on_in_top_ten": 0.3062141825692458, "mean_kl_cond_on_in_top_ten": 0.20255036017131092, "mean_ent_pi_cond_on_in_top_ten": 1.5546900525974119, "mean_ent_ref_cond_on_in_top_ten": 1.4958952705222608, "top1_precision_cond_on_in_top_ten": 0.44019429265330906, "top1_recall_cond_on_in_top_ten": 0.44019429265330906, "top1_f1_cond_on_in_top_ten": 0.44019429265330906, "top3_precision_cond_on_in_top_ten": 0.7607771706132362, "top3_recall_cond_on_in_top_ten": 0.7607771706132362, "top3_f1_cond_on_in_top_ten": 0.7607771706132362, "top5_precision_cond_on_in_top_ten": 0.8785670916818458, "top5_recall_cond_on_in_top_ten": 0.8785670916818458, "top5_f1_cond_on_in_top_ten": 0.8785670916818458, "top10_precision_cond_on_in_top_ten": 0.9705525197328476, "top10_recall_cond_on_in_top_ten": 0.9705525197328476, "top10_f1_cond_on_in_top_ten": 0.9705525197328477}