loss,mean_logp_gap_policy_chosen_rejected,mean_logp_gap_base_chosen_rejected,mean_gap_improvement,top1_accuracy_on_chosen_policy,top1_accuracy_on_chosen_base,mean_p_chosen_policy,mean_p_chosen_base,mean_kl,mean_ent_pi,mean_ent_ref
0.5036327761249829,3.4645918753021787,1.80287102438135,1.6617209203390633,0.39543616403257964,0.4009243211671839,0.35520959447946665,0.2991969601602516,0.2175381124484477,0.922340024247602,1.5110575906945267
