{"loss": 1.835040401682421, "mean_logp_gap_policy_chosen_rejected": 2.0003898107957316, "mean_logp_gap_base_chosen_rejected": 1.80287102438135, "mean_gap_improvement": 0.19751877637697327, "top1_accuracy_on_chosen_policy": 0.4312536105952602, "top1_accuracy_on_chosen_base": 0.4009243211671839, "mean_p_chosen_policy": 0.31845846756698765, "mean_p_chosen_base": 0.2991969601602516, "mean_kl": 0.17789944302632862, "mean_ent_pi": 1.5385059879943168, "mean_ent_ref": 1.5110575906945267, "top1_precision": 0.4312536106296938, "top1_recall": 0.4312536106296938, "top1_f1": 0.4312536106296938, "top3_precision": 0.7487001733102253, "top3_recall": 0.7487001733102253, "top3_f1": 0.7487001733102253, "top5_precision": 0.86683997689197, "top5_recall": 0.86683997689197, "top5_f1": 0.8668399768919701, "top10_precision": 0.9610051993067591, "top10_recall": 0.9610051993067591, "top10_f1": 0.9610051993067591, "mean_logp_gap_policy_chosen_rejected_cond_on_not_in_top_ten": 1.0272498120154654, "mean_logp_gap_base_chosen_rejected_cond_on_not_in_top_ten": 1.0981469253698986, "mean_gap_improvement_cond_on_not_in_top_ten": -0.07089711335443315, "top1_accuracy_on_chosen_policy_cond_on_not_in_top_ten": 0.19642857142857142, "top1_accuracy_on_chosen_base_cond_on_not_in_top_ten": 0.20833333333333334, "mean_p_chosen_policy_cond_on_not_in_top_ten": 0.14950699177162668, "mean_p_chosen_base_cond_on_not_in_top_ten": 0.16160924044171615, "mean_kl_cond_on_not_in_top_ten": 0.13624618009531073, "mean_ent_pi_cond_on_not_in_top_ten": 1.8836800044491178, "mean_ent_ref_cond_on_not_in_top_ten": 1.8083471743656057, "top1_precision_cond_on_not_in_top_ten": 0.19642857142857142, "top1_recall_cond_on_not_in_top_ten": 0.19642857142857142, "top1_f1_cond_on_not_in_top_ten": 0.19642857142857142, "top3_precision_cond_on_not_in_top_ten": 0.5238095238095238, "top3_recall_cond_on_not_in_top_ten": 0.5238095238095238, "top3_f1_cond_on_not_in_top_ten": 0.5238095238095238, "top5_precision_cond_on_not_in_top_ten": 0.6666666666666666, "top5_recall_cond_on_not_in_top_ten": 0.6666666666666666, "top5_f1_cond_on_not_in_top_ten": 0.6666666666666666, "top10_precision_cond_on_not_in_top_ten": 0.7857142857142857, "top10_recall_cond_on_not_in_top_ten": 0.7857142857142857, "top10_f1_cond_on_not_in_top_ten": 0.7857142857142857, "mean_logp_gap_policy_chosen_rejected_cond_on_in_top_ten": 2.05002171579244, "mean_logp_gap_base_chosen_rejected_cond_on_in_top_ten": 1.8388132405284685, "mean_gap_improvement_cond_on_in_top_ten": 0.21120847667537462, "top1_accuracy_on_chosen_policy_cond_on_in_top_ten": 0.4432301153612629, "top1_accuracy_on_chosen_base_cond_on_in_top_ten": 0.4107468123861566, "mean_p_chosen_policy_cond_on_in_top_ten": 0.3270752984258989, "mean_p_chosen_base_cond_on_in_top_ten": 0.3062141825692458, "mean_kl_cond_on_in_top_ten": 0.18002383643180792, "mean_ent_pi_cond_on_in_top_ten": 1.5209014780975485, "mean_ent_ref_cond_on_in_top_ten": 1.4958952705222608, "top1_precision_cond_on_in_top_ten": 0.4432301153612629, "top1_recall_cond_on_in_top_ten": 0.4432301153612629, "top1_f1_cond_on_in_top_ten": 0.4432301153612629, "top3_precision_cond_on_in_top_ten": 0.7601700060716454, "top3_recall_cond_on_in_top_ten": 0.7601700060716454, "top3_f1_cond_on_in_top_ten": 0.7601700060716454, "top5_precision_cond_on_in_top_ten": 0.8770491803278688, "top5_recall_cond_on_in_top_ten": 0.8770491803278688, "top5_f1_cond_on_in_top_ten": 0.8770491803278687, "top10_precision_cond_on_in_top_ten": 0.9699453551912568, "top10_recall_cond_on_in_top_ten": 0.9699453551912568, "top10_f1_cond_on_in_top_ten": 0.9699453551912569}