{"loss": 2.0550086854993093, "mean_logp_gap_policy_chosen_rejected": 2.186682633483155, "mean_logp_gap_base_chosen_rejected": 1.80287102438135, "mean_gap_improvement": 0.3838116204261711, "top1_accuracy_on_chosen_policy": 0.42980935871773274, "top1_accuracy_on_chosen_base": 0.4009243211671839, "mean_p_chosen_policy": 0.329381119199463, "mean_p_chosen_base": 0.2991969601602516, "mean_kl": 0.18470773178436278, "mean_ent_pi": 1.4352138389541123, "mean_ent_ref": 1.5110575906945267, "top1_precision": 0.42980935875216636, "top1_recall": 0.42980935875216636, "top1_f1": 0.42980935875216636, "top3_precision": 0.7466782206816869, "top3_recall": 0.7466782206816869, "top3_f1": 0.7466782206816869, "top5_precision": 0.8648180242634316, "top5_recall": 0.8648180242634316, "top5_f1": 0.8648180242634316, "top10_precision": 0.9604274985557482, "top10_recall": 0.9604274985557482, "top10_f1": 0.960427498555748, "mean_logp_gap_policy_chosen_rejected_cond_on_not_in_top_ten": 1.167887875721568, "mean_logp_gap_base_chosen_rejected_cond_on_not_in_top_ten": 1.0981469253698986, "mean_gap_improvement_cond_on_not_in_top_ten": 0.06974095035166968, "top1_accuracy_on_chosen_policy_cond_on_not_in_top_ten": 0.19642857142857142, "top1_accuracy_on_chosen_base_cond_on_not_in_top_ten": 0.20833333333333334, "mean_p_chosen_policy_cond_on_not_in_top_ten": 0.15708094948846943, "mean_p_chosen_base_cond_on_not_in_top_ten": 0.16160924044171615, "mean_kl_cond_on_not_in_top_ten": 0.14258230800208235, "mean_ent_pi_cond_on_not_in_top_ten": 1.756291869806037, "mean_ent_ref_cond_on_not_in_top_ten": 1.8083471743656057, "top1_precision_cond_on_not_in_top_ten": 0.19642857142857142, "top1_recall_cond_on_not_in_top_ten": 0.19642857142857142, "top1_f1_cond_on_not_in_top_ten": 0.19642857142857142, "top3_precision_cond_on_not_in_top_ten": 0.5238095238095238, "top3_recall_cond_on_not_in_top_ten": 0.5238095238095238, "top3_f1_cond_on_not_in_top_ten": 0.5238095238095238, "top5_precision_cond_on_not_in_top_ten": 0.6607142857142857, "top5_recall_cond_on_not_in_top_ten": 0.6607142857142857, "top5_f1_cond_on_not_in_top_ten": 0.6607142857142857, "top10_precision_cond_on_not_in_top_ten": 0.7857142857142857, "top10_recall_cond_on_not_in_top_ten": 0.7857142857142857, "top10_f1_cond_on_not_in_top_ten": 0.7857142857142857, "mean_logp_gap_policy_chosen_rejected_cond_on_in_top_ten": 2.2386430338540797, "mean_logp_gap_base_chosen_rejected_cond_on_in_top_ten": 1.8388132405284685, "mean_gap_improvement_cond_on_in_top_ten": 0.3998297954789059, "top1_accuracy_on_chosen_policy_cond_on_in_top_ten": 0.44171220400728595, "top1_accuracy_on_chosen_base_cond_on_in_top_ten": 0.4107468123861566, "mean_p_chosen_policy_cond_on_in_top_ten": 0.3381687382447707, "mean_p_chosen_base_cond_on_in_top_ten": 0.3062141825692458, "mean_kl_cond_on_in_top_ten": 0.18685620400118746, "mean_ent_pi_cond_on_in_top_ten": 1.4188382862982272, "mean_ent_ref_cond_on_in_top_ten": 1.4958952705222608, "top1_precision_cond_on_in_top_ten": 0.44171220400728595, "top1_recall_cond_on_in_top_ten": 0.44171220400728595, "top1_f1_cond_on_in_top_ten": 0.441712204007286, "top3_precision_cond_on_in_top_ten": 0.7580449301760778, "top3_recall_cond_on_in_top_ten": 0.7580449301760778, "top3_f1_cond_on_in_top_ten": 0.7580449301760778, "top5_precision_cond_on_in_top_ten": 0.8752276867030966, "top5_recall_cond_on_in_top_ten": 0.8752276867030966, "top5_f1_cond_on_in_top_ten": 0.8752276867030966, "top10_precision_cond_on_in_top_ten": 0.9693381906496661, "top10_recall_cond_on_in_top_ten": 0.9693381906496661, "top10_f1_cond_on_in_top_ten": 0.9693381906496662}