loss,mean_logp_gap_policy_chosen_rejected,mean_logp_gap_base_chosen_rejected,mean_gap_improvement,top1_accuracy_on_chosen_policy,top1_accuracy_on_chosen_base,mean_p_chosen_policy,mean_p_chosen_base,mean_kl,mean_ent_pi,mean_ent_ref
1.8432433277730098,2.0039128536850233,1.80287102438135,0.20104179299339128,0.4277874060891943,0.4009243211671839,0.31862736495501176,0.2991969601602516,0.1924670416536805,1.5354005959184096,1.5110575906945267
