{"loss": 1.911896405124995, "mean_logp_gap_policy_chosen_rejected": 2.054379137178021, "mean_logp_gap_base_chosen_rejected": 1.80287102438135, "mean_gap_improvement": 0.2515081203548568, "top1_accuracy_on_chosen_policy": 0.42980935871773274, "top1_accuracy_on_chosen_base": 0.4009243211671839, "mean_p_chosen_policy": 0.3224898483421264, "mean_p_chosen_base": 0.2991969601602516, "mean_kl": 0.1821976855283163, "mean_ent_pi": 1.5027991771560263, "mean_ent_ref": 1.5110575906945267, "top1_precision": 0.42980935875216636, "top1_recall": 0.42980935875216636, "top1_f1": 0.42980935875216636, "top3_precision": 0.7481224725592144, "top3_recall": 0.7481224725592144, "top3_f1": 0.7481224725592144, "top5_precision": 0.8659734257654534, "top5_recall": 0.8659734257654534, "top5_f1": 0.8659734257654534, "top10_precision": 0.9607163489312536, "top10_recall": 0.9607163489312536, "top10_f1": 0.9607163489312537, "mean_logp_gap_policy_chosen_rejected_cond_on_not_in_top_ten": 1.0738457551314717, "mean_logp_gap_base_chosen_rejected_cond_on_not_in_top_ten": 1.0981469253698986, "mean_gap_improvement_cond_on_not_in_top_ten": -0.024301170238426754, "top1_accuracy_on_chosen_policy_cond_on_not_in_top_ten": 0.20833333333333334, "top1_accuracy_on_chosen_base_cond_on_not_in_top_ten": 0.20833333333333334, "mean_p_chosen_policy_cond_on_not_in_top_ten": 0.1514531016691979, "mean_p_chosen_base_cond_on_not_in_top_ten": 0.16160924044171615, "mean_kl_cond_on_not_in_top_ten": 0.14150863764613555, "mean_ent_pi_cond_on_not_in_top_ten": 1.8398774550074624, "mean_ent_ref_cond_on_not_in_top_ten": 1.8083471743656057, "top1_precision_cond_on_not_in_top_ten": 0.20833333333333334, "top1_recall_cond_on_not_in_top_ten": 0.20833333333333334, "top1_f1_cond_on_not_in_top_ten": 0.20833333333333334, "top3_precision_cond_on_not_in_top_ten": 0.5238095238095238, "top3_recall_cond_on_not_in_top_ten": 0.5238095238095238, "top3_f1_cond_on_not_in_top_ten": 0.5238095238095238, "top5_precision_cond_on_not_in_top_ten": 0.6607142857142857, "top5_recall_cond_on_not_in_top_ten": 0.6607142857142857, "top5_f1_cond_on_not_in_top_ten": 0.6607142857142857, "top10_precision_cond_on_not_in_top_ten": 0.7857142857142857, "top10_recall_cond_on_not_in_top_ten": 0.7857142857142857, "top10_f1_cond_on_not_in_top_ten": 0.7857142857142857, "mean_logp_gap_policy_chosen_rejected_cond_on_in_top_ten": 2.1043881387169896, "mean_logp_gap_base_chosen_rejected_cond_on_in_top_ten": 1.8388132405284685, "mean_gap_improvement_cond_on_in_top_ten": 0.26557489956373437, "top1_accuracy_on_chosen_policy_cond_on_in_top_ten": 0.4411050394656952, "top1_accuracy_on_chosen_base_cond_on_in_top_ten": 0.4107468123861566, "mean_p_chosen_policy_cond_on_in_top_ten": 0.331213032707384, "mean_p_chosen_base_cond_on_in_top_ten": 0.3062141825692458, "mean_kl_cond_on_in_top_ten": 0.18427290171986901, "mean_ent_pi_cond_on_in_top_ten": 1.4856075734701901, "mean_ent_ref_cond_on_in_top_ten": 1.4958952705222608, "top1_precision_cond_on_in_top_ten": 0.4411050394656952, "top1_recall_cond_on_in_top_ten": 0.4411050394656952, "top1_f1_cond_on_in_top_ten": 0.44110503946569524, "top3_precision_cond_on_in_top_ten": 0.7595628415300546, "top3_recall_cond_on_in_top_ten": 0.7595628415300546, "top3_f1_cond_on_in_top_ten": 0.7595628415300546, "top5_precision_cond_on_in_top_ten": 0.8764420157862781, "top5_recall_cond_on_in_top_ten": 0.8764420157862781, "top5_f1_cond_on_in_top_ten": 0.8764420157862782, "top10_precision_cond_on_in_top_ten": 0.9696417729204615, "top10_recall_cond_on_in_top_ten": 0.9696417729204615, "top10_f1_cond_on_in_top_ten": 0.9696417729204615}