{"loss": 0.5032697785355189, "mean_logp_gap_policy_chosen_rejected": 1.705112174093069, "mean_logp_gap_base_chosen_rejected": 1.80287102438135, "mean_gap_improvement": -0.0977588514934586, "top1_accuracy_on_chosen_policy": 0.41190063543639244, "top1_accuracy_on_chosen_base": 0.4009243211671839, "mean_p_chosen_policy": 0.283626518278436, "mean_p_chosen_base": 0.2991969601602516, "mean_kl": 0.16982762712892738, "mean_ent_pi": 1.7369500298089613, "mean_ent_ref": 1.5110575906945267, "top1_precision": 0.4119006354708261, "top1_recall": 0.4119006354708261, "top1_f1": 0.41190063547082617, "top3_precision": 0.7305025996533796, "top3_recall": 0.7305025996533796, "top3_f1": 0.7305025996533796, "top5_precision": 0.8590410167533218, "top5_recall": 0.8590410167533218, "top5_f1": 0.8590410167533219, "top10_precision": 0.9572501444251877, "top10_recall": 0.9572501444251877, "top10_f1": 0.9572501444251877, "mean_logp_gap_policy_chosen_rejected_cond_on_not_in_top_ten": 1.0191764898952984, "mean_logp_gap_base_chosen_rejected_cond_on_not_in_top_ten": 1.0981469253698986, "mean_gap_improvement_cond_on_not_in_top_ten": -0.07897043547460011, "top1_accuracy_on_chosen_policy_cond_on_not_in_top_ten": 0.20238095238095238, "top1_accuracy_on_chosen_base_cond_on_not_in_top_ten": 0.20833333333333334, "mean_p_chosen_policy_cond_on_not_in_top_ten": 0.14685082326918963, "mean_p_chosen_base_cond_on_not_in_top_ten": 0.16160924044171615, "mean_kl_cond_on_not_in_top_ten": 0.14643803254390755, "mean_ent_pi_cond_on_not_in_top_ten": 2.0528550148010254, "mean_ent_ref_cond_on_not_in_top_ten": 1.8083471743656057, "top1_precision_cond_on_not_in_top_ten": 0.20238095238095238, "top1_recall_cond_on_not_in_top_ten": 0.20238095238095238, "top1_f1_cond_on_not_in_top_ten": 0.20238095238095238, "top3_precision_cond_on_not_in_top_ten": 0.5119047619047619, "top3_recall_cond_on_not_in_top_ten": 0.5119047619047619, "top3_f1_cond_on_not_in_top_ten": 0.5119047619047619, "top5_precision_cond_on_not_in_top_ten": 0.6607142857142857, "top5_recall_cond_on_not_in_top_ten": 0.6607142857142857, "top5_f1_cond_on_not_in_top_ten": 0.6607142857142857, "top10_precision_cond_on_not_in_top_ten": 0.7976190476190477, "top10_recall_cond_on_not_in_top_ten": 0.7976190476190477, "top10_f1_cond_on_not_in_top_ten": 0.7976190476190477, "mean_logp_gap_policy_chosen_rejected_cond_on_in_top_ten": 1.740096146662668, "mean_logp_gap_base_chosen_rejected_cond_on_in_top_ten": 1.8388132405284685, "mean_gap_improvement_cond_on_in_top_ten": -0.09871709208345153, "top1_accuracy_on_chosen_policy_cond_on_in_top_ten": 0.4225865209471767, "top1_accuracy_on_chosen_base_cond_on_in_top_ten": 0.4107468123861566, "mean_p_chosen_policy_cond_on_in_top_ten": 0.29060232956593973, "mean_p_chosen_base_cond_on_in_top_ten": 0.3062141825692458, "mean_kl_cond_on_in_top_ten": 0.17102053935886102, "mean_ent_pi_cond_on_in_top_ten": 1.7208383045112348, "mean_ent_ref_cond_on_in_top_ten": 1.4958952705222608, "top1_precision_cond_on_in_top_ten": 0.4225865209471767, "top1_recall_cond_on_in_top_ten": 0.4225865209471767, "top1_f1_cond_on_in_top_ten": 0.4225865209471767, "top3_precision_cond_on_in_top_ten": 0.7416514875531269, "top3_recall_cond_on_in_top_ten": 0.7416514875531269, "top3_f1_cond_on_in_top_ten": 0.7416514875531269, "top5_precision_cond_on_in_top_ten": 0.8691560412871888, "top5_recall_cond_on_in_top_ten": 0.8691560412871888, "top5_f1_cond_on_in_top_ten": 0.8691560412871888, "top10_precision_cond_on_in_top_ten": 0.9653916211293261, "top10_recall_cond_on_in_top_ten": 0.9653916211293261, "top10_f1_cond_on_in_top_ten": 0.9653916211293262}