loss,mean_logp_gap_policy_chosen_rejected,mean_logp_gap_base_chosen_rejected,mean_gap_improvement,top1_accuracy_on_chosen_policy,top1_accuracy_on_chosen_base,mean_p_chosen_policy,mean_p_chosen_base,mean_kl,mean_ent_pi,mean_ent_ref
1.9180276280948014,1.9855948011011557,1.80287102438135,0.1827237836926194,0.4260543038361614,0.4009243211671839,0.3176978039369633,0.2991969601602516,0.1626613118439904,1.5238548731404464,1.5110575906945267
