{"loss": 1.9317448250411358, "mean_logp_gap_policy_chosen_rejected": 1.80287102438135, "mean_logp_gap_base_chosen_rejected": 1.80287102438135, "mean_gap_improvement": 0.0, "top1_accuracy_on_chosen_policy": 0.4009243211671839, "top1_accuracy_on_chosen_base": 0.4009243211671839, "mean_p_chosen_policy": 0.2991969601602516, "mean_p_chosen_base": 0.2991969601602516, "mean_kl": 0.0, "mean_ent_pi": 1.5110575906945267, "mean_ent_ref": 1.5110575906945267, "top1_precision": 0.4009243212016176, "top1_recall": 0.4009243212016176, "top1_f1": 0.4009243212016176, "top3_precision": 0.7166377816291161, "top3_recall": 0.7166377816291161, "top3_f1": 0.7166377816291161, "top5_precision": 0.8376660889659157, "top5_recall": 0.8376660889659157, "top5_f1": 0.8376660889659157, "top10_precision": 0.9454072790294628, "top10_recall": 0.9454072790294628, "top10_f1": 0.9454072790294628, "mean_logp_gap_policy_chosen_rejected_cond_on_not_in_top_ten": 1.0981469253698986, "mean_logp_gap_base_chosen_rejected_cond_on_not_in_top_ten": 1.0981469253698986, "mean_gap_improvement_cond_on_not_in_top_ten": 0.0, "top1_accuracy_on_chosen_policy_cond_on_not_in_top_ten": 0.20833333333333334, "top1_accuracy_on_chosen_base_cond_on_not_in_top_ten": 0.20833333333333334, "mean_p_chosen_policy_cond_on_not_in_top_ten": 0.16160924044171615, "mean_p_chosen_base_cond_on_not_in_top_ten": 0.16160924044171615, "mean_kl_cond_on_not_in_top_ten": 0.0, "mean_ent_pi_cond_on_not_in_top_ten": 1.8083471743656057, "mean_ent_ref_cond_on_not_in_top_ten": 1.8083471743656057, "top1_precision_cond_on_not_in_top_ten": 0.20833333333333334, "top1_recall_cond_on_not_in_top_ten": 0.20833333333333334, "top1_f1_cond_on_not_in_top_ten": 0.20833333333333334, "top3_precision_cond_on_not_in_top_ten": 0.5297619047619048, "top3_recall_cond_on_not_in_top_ten": 0.5297619047619048, "top3_f1_cond_on_not_in_top_ten": 0.5297619047619048, "top5_precision_cond_on_not_in_top_ten": 0.6547619047619048, "top5_recall_cond_on_not_in_top_ten": 0.6547619047619048, "top5_f1_cond_on_not_in_top_ten": 0.6547619047619048, "top10_precision_cond_on_not_in_top_ten": 0.7916666666666666, "top10_recall_cond_on_not_in_top_ten": 0.7916666666666666, "top10_f1_cond_on_not_in_top_ten": 0.7916666666666665, "mean_logp_gap_policy_chosen_rejected_cond_on_in_top_ten": 1.8388132405284685, "mean_logp_gap_base_chosen_rejected_cond_on_in_top_ten": 1.8388132405284685, "mean_gap_improvement_cond_on_in_top_ten": 0.0, "top1_accuracy_on_chosen_policy_cond_on_in_top_ten": 0.4107468123861566, "top1_accuracy_on_chosen_base_cond_on_in_top_ten": 0.4107468123861566, "mean_p_chosen_policy_cond_on_in_top_ten": 0.3062141825692458, "mean_p_chosen_base_cond_on_in_top_ten": 0.3062141825692458, "mean_kl_cond_on_in_top_ten": 0.0, "mean_ent_pi_cond_on_in_top_ten": 1.4958952705222608, "mean_ent_ref_cond_on_in_top_ten": 1.4958952705222608, "top1_precision_cond_on_in_top_ten": 0.4107468123861566, "top1_recall_cond_on_in_top_ten": 0.4107468123861566, "top1_f1_cond_on_in_top_ten": 0.4107468123861567, "top3_precision_cond_on_in_top_ten": 0.7261687917425622, "top3_recall_cond_on_in_top_ten": 0.7261687917425622, "top3_f1_cond_on_in_top_ten": 0.7261687917425622, "top5_precision_cond_on_in_top_ten": 0.8469945355191257, "top5_recall_cond_on_in_top_ten": 0.8469945355191257, "top5_f1_cond_on_in_top_ten": 0.8469945355191256, "top10_precision_cond_on_in_top_ten": 0.9532483302975107, "top10_recall_cond_on_in_top_ten": 0.9532483302975107, "top10_f1_cond_on_in_top_ten": 0.9532483302975108}