{
  "white_first_move_probs": {
    "e2e4": 0.9630162119865417,
    "d2d4": 0.006149089429527521,
    "c2c4": 0.0020769324619323015,
    "g1f3": 0.02789028361439705,
    "g2g3": 6.382940046023577e-05,
    "b2b3": 0.0003781281993724406,
    "f2f4": 3.879069481627084e-05,
    "b2b4": 1.4004519925947534e-06,
    "a2a4": 2.0324328033893835e-06
  },
  "white_other_mass": 0.000383301328156449,
  "black_reply_probs_cond_on_white": {
    "e2e4": {
      "fen_after_white": "rnbqkbnr/pppppppp/8/8/4P3/8/PPPP1PPP/RNBQKBNR b KQkq - 0 1",
      "black_reply_probs": {
        "c7c5": 0.3163231313228607,
        "e7e5": 0.5509176254272461,
        "e7e6": 0.0064644236117601395,
        "c7c6": 0.030142642557621002,
        "d7d5": 0.04549875855445862,
        "g8f6": 0.025507815182209015,
        "g7g6": 0.0007666987366974354,
        "d7d6": 0.005363801959902048
      },
      "other_mass": 0.01901510264724493
    },
    "d2d4": {
      "fen_after_white": "rnbqkbnr/pppppppp/8/8/3P4/8/PPP1PPPP/RNBQKBNR b KQkq - 0 1",
      "black_reply_probs": {
        "c7c5": 0.002198499161750078,
        "e7e5": 0.018756892532110214,
        "e7e6": 0.0019444456556811929,
        "c7c6": 0.0003396256361156702,
        "d7d5": 0.01709155924618244,
        "g8f6": 0.9574759602546692,
        "g7g6": 0.001242093974724412,
        "d7d6": 0.00016284649609588087
      },
      "other_mass": 0.0007880770426709205
    },
    "c2c4": {
      "fen_after_white": "rnbqkbnr/pppppppp/8/8/2P5/8/PP1PPPPP/RNBQKBNR b KQkq - 0 1",
      "black_reply_probs": {
        "c7c5": 0.010218532755970955,
        "e7e5": 0.7730770707130432,
        "e7e6": 0.0011452287435531616,
        "c7c6": 0.00031468781526200473,
        "d7d5": 0.0023746625520288944,
        "g8f6": 0.20926208794116974,
        "g7g6": 0.0006123516941443086,
        "d7d6": 0.0005408975994214416
      },
      "other_mass": 0.0024544801854062825
    },
    "g1f3": {
      "fen_after_white": "rnbqkbnr/pppppppp/8/8/8/5N2/PPPPPPPP/RNBQKB1R b KQkq - 1 1",
      "black_reply_probs": {
        "c7c5": 0.03679519519209862,
        "e7e5": 0.2432209849357605,
        "e7e6": 0.000854977173730731,
        "c7c6": 0.0003848711203318089,
        "d7d5": 0.06686607003211975,
        "g8f6": 0.6451802253723145,
        "g7g6": 0.002095032949000597,
        "d7d6": 0.0009450395591557026
      },
      "other_mass": 0.0036576036654878408
    },
    "g2g3": {
      "fen_after_white": "rnbqkbnr/pppppppp/8/8/8/6P1/PPPPPP1P/RNBQKBNR b KQkq - 0 1",
      "black_reply_probs": {
        "c7c5": 0.008815912529826164,
        "e7e5": 0.86570143699646,
        "e7e6": 0.0003811749629676342,
        "c7c6": 0.0002831279707606882,
        "d7d5": 0.024479446932673454,
        "g8f6": 0.095187708735466,
        "g7g6": 0.00037062718183733523,
        "d7d6": 0.0003057807043660432
      },
      "other_mass": 0.004474783985642716
    },
    "b2b3": {
      "fen_after_white": "rnbqkbnr/pppppppp/8/8/8/1P6/P1PPPPPP/RNBQKBNR b KQkq - 0 1",
      "black_reply_probs": {
        "c7c5": 0.0020423841197043657,
        "e7e5": 0.8959347009658813,
        "e7e6": 0.0010956914629787207,
        "c7c6": 0.0001623807766009122,
        "d7d5": 0.011464381590485573,
        "g8f6": 0.08635908365249634,
        "g7g6": 0.001569084939546883,
        "d7d6": 0.00015567531227134168
      },
      "other_mass": 0.0012166171800345182
    },
    "f2f4": {
      "fen_after_white": "rnbqkbnr/pppppppp/8/8/5P2/8/PPPPP1PP/RNBQKBNR b KQkq - 0 1",
      "black_reply_probs": {
        "c7c5": 0.07138051837682724,
        "e7e5": 0.5166676640510559,
        "e7e6": 0.012212035246193409,
        "c7c6": 0.004703518468886614,
        "d7d5": 0.13237853348255157,
        "g8f6": 0.23962312936782837,
        "g7g6": 0.0034709263127297163,
        "d7d6": 0.0035591619089245796
      },
      "other_mass": 0.01600451278500259
    },
    "b2b4": {
      "fen_after_white": "rnbqkbnr/pppppppp/8/8/1P6/8/P1PPPPPP/RNBQKBNR b KQkq - 0 1",
      "black_reply_probs": {
        "c7c5": 0.0006619137129746377,
        "e7e5": 0.7941999435424805,
        "e7e6": 0.012128583155572414,
        "c7c6": 0.0015781880356371403,
        "d7d5": 0.03281388804316521,
        "g8f6": 0.14243973791599274,
        "g7g6": 0.006436596624553204,
        "d7d6": 0.0014666750794276595
      },
      "other_mass": 0.008274473890196532
    },
    "a2a4": {
      "fen_after_white": "rnbqkbnr/pppppppp/8/8/P7/8/1PPPPPPP/RNBQKBNR b KQkq - 0 1",
      "black_reply_probs": {
        "c7c5": 0.0014277625596150756,
        "e7e5": 0.9049160480499268,
        "e7e6": 0.00036364790867082775,
        "c7c6": 0.00010210655455011874,
        "d7d5": 0.008420879952609539,
        "g8f6": 0.08321031928062439,
        "g7g6": 0.00012359277752693743,
        "d7d6": 0.00018821256526280195
      },
      "other_mass": 0.001247430351213552
    }
  },
  "meta": {
    "elo_self": 2800,
    "elo_oppo": 2800,
    "temperature": 1.0,
    "maia_type": "blitz",
    "white_moves_probed": [
      "e2e4",
      "d2d4",
      "c2c4",
      "g1f3",
      "g2g3",
      "b2b3",
      "f2f4",
      "b2b4",
      "a2a4"
    ],
    "black_replies_probed": [
      "c7c5",
      "e7e5",
      "e7e6",
      "c7c6",
      "d7d5",
      "g8f6",
      "g7g6",
      "d7d6"
    ]
  }
}