{
  "white_first_move_probs": {
    "e2e4": 0.016253216192126274,
    "d2d4": 0.01136847399175167,
    "c2c4": 5.376981349058951e-08,
    "g1f3": 0.9715008735656738,
    "g2g3": 5.672098632203415e-05,
    "b2b3": 0.00047713168896734715,
    "f2f4": 1.473126576456707e-05,
    "b2b4": 3.969034878537059e-08,
    "a2a4": 1.1093440610565608e-09
  },
  "white_other_mass": 0.00032875773988794155,
  "black_reply_probs_cond_on_white": {
    "e2e4": {
      "fen_after_white": "rnbqkbnr/pppppppp/8/8/4P3/8/PPPP1PPP/RNBQKBNR b KQkq - 0 1",
      "black_reply_probs": {
        "c7c5": 0.000373170361854136,
        "e7e5": 0.1015760749578476,
        "e7e6": 0.0004733398964162916,
        "c7c6": 0.00038885558024048805,
        "d7d5": 0.040901970118284225,
        "g8f6": 0.8355631828308105,
        "g7g6": 0.0004926887340843678,
        "d7d6": 0.00019022142805624753
      },
      "other_mass": 0.0200404960924061
    },
    "d2d4": {
      "fen_after_white": "rnbqkbnr/pppppppp/8/8/3P4/8/PPP1PPPP/RNBQKBNR b KQkq - 0 1",
      "black_reply_probs": {
        "c7c5": 1.182419140377533e-08,
        "e7e5": 0.000675776565913111,
        "e7e6": 3.6949352306692163e-06,
        "c7c6": 1.0386843030119053e-07,
        "d7d5": 0.004426404368132353,
        "g8f6": 0.9947403073310852,
        "g7g6": 7.809830276528373e-05,
        "d7d6": 1.4555715779351885e-06
      },
      "other_mass": 7.414723267373802e-05
    },
    "c2c4": {
      "fen_after_white": "rnbqkbnr/pppppppp/8/8/2P5/8/PP1PPPPP/RNBQKBNR b KQkq - 0 1",
      "black_reply_probs": {
        "c7c5": 1.7585721252544317e-06,
        "e7e5": 0.01506697665899992,
        "e7e6": 1.4362681213242467e-05,
        "c7c6": 1.4636037803938962e-06,
        "d7d5": 0.0012703496031463146,
        "g8f6": 0.9817227721214294,
        "g7g6": 0.00016263358702417463,
        "d7d6": 1.8044067473965697e-05
      },
      "other_mass": 0.001741639104807291
    },
    "g1f3": {
      "fen_after_white": "rnbqkbnr/pppppppp/8/8/8/5N2/PPPPPPPP/RNBQKB1R b KQkq - 1 1",
      "black_reply_probs": {
        "c7c5": 3.772383294631254e-08,
        "e7e5": 0.0009322325349785388,
        "e7e6": 4.886705937678926e-07,
        "c7c6": 4.90988760759592e-08,
        "d7d5": 0.0023707293439656496,
        "g8f6": 0.9963881969451904,
        "g7g6": 0.0001267358020413667,
        "d7d6": 1.43718159506534e-06
      },
      "other_mass": 0.00018009269892615976
    },
    "g2g3": {
      "fen_after_white": "rnbqkbnr/pppppppp/8/8/8/6P1/PPPPPP1P/RNBQKBNR b KQkq - 0 1",
      "black_reply_probs": {
        "c7c5": 1.0435779813633417e-06,
        "e7e5": 0.02488676831126213,
        "e7e6": 4.181045369477943e-06,
        "c7c6": 1.4539515404976555e-06,
        "d7d5": 0.012431208975613117,
        "g8f6": 0.9600992798805237,
        "g7g6": 0.00013715744717046618,
        "d7d6": 1.0777367606351618e-05
      },
      "other_mass": 0.0024281294429329137
    },
    "b2b3": {
      "fen_after_white": "rnbqkbnr/pppppppp/8/8/8/1P6/P1PPPPPP/RNBQKBNR b KQkq - 0 1",
      "black_reply_probs": {
        "c7c5": 7.722215400463028e-08,
        "e7e5": 0.014227740466594696,
        "e7e6": 7.931229447422083e-06,
        "c7c6": 2.600034179067734e-07,
        "d7d5": 0.008803624659776688,
        "g8f6": 0.9752933979034424,
        "g7g6": 0.00041559108649380505,
        "d7d6": 5.25082350577577e-06
      },
      "other_mass": 0.0012461266051673192
    },
    "f2f4": {
      "fen_after_white": "rnbqkbnr/pppppppp/8/8/5P2/8/PPPPP1PP/RNBQKBNR b KQkq - 0 1",
      "black_reply_probs": {
        "c7c5": 1.038766299643612e-06,
        "e7e5": 0.02346651814877987,
        "e7e6": 2.7920235879719257e-05,
        "c7c6": 2.0153609057160793e-06,
        "d7d5": 0.01683068834245205,
        "g8f6": 0.9581766128540039,
        "g7g6": 0.0002769861603155732,
        "d7d6": 2.866688919311855e-05
      },
      "other_mass": 0.0011895532421704047
    },
    "b2b4": {
      "fen_after_white": "rnbqkbnr/pppppppp/8/8/1P6/8/P1PPPPPP/RNBQKBNR b KQkq - 0 1",
      "black_reply_probs": {
        "c7c5": 5.9203792091011564e-08,
        "e7e5": 0.020228803157806396,
        "e7e6": 5.540413985727355e-05,
        "c7c6": 1.8904760281657218e-06,
        "d7d5": 0.007954037748277187,
        "g8f6": 0.9706432819366455,
        "g7g6": 0.0005419960361905396,
        "d7d6": 1.076728858606657e-05
      },
      "other_mass": 0.0005637600128167719
    },
    "a2a4": {
      "fen_after_white": "rnbqkbnr/pppppppp/8/8/P7/8/1PPPPPPP/RNBQKBNR b KQkq - 0 1",
      "black_reply_probs": {
        "c7c5": 1.1087688989164235e-07,
        "e7e5": 0.015244420617818832,
        "e7e6": 3.8122589103295468e-06,
        "c7c6": 3.859674677642033e-07,
        "d7d5": 0.011657866649329662,
        "g8f6": 0.9721293449401855,
        "g7g6": 6.879505963297561e-05,
        "d7d6": 1.2082943612767849e-05
      },
      "other_mass": 0.0008831806861522296
    }
  },
  "meta": {
    "elo_self": 2800,
    "elo_oppo": 2800,
    "temperature": 1.0,
    "maia_type": "blitz",
    "white_moves_probed": [
      "e2e4",
      "d2d4",
      "c2c4",
      "g1f3",
      "g2g3",
      "b2b3",
      "f2f4",
      "b2b4",
      "a2a4"
    ],
    "black_replies_probed": [
      "c7c5",
      "e7e5",
      "e7e6",
      "c7c6",
      "d7d5",
      "g8f6",
      "g7g6",
      "d7d6"
    ]
  }
}