{
  "white_first_move_probs": {
    "e2e4": 0.8973506689071655,
    "d2d4": 0.028973491862416267,
    "c2c4": 0.0046081035397946835,
    "g1f3": 0.06640515476465225,
    "g2g3": 0.0001715054822852835,
    "b2b3": 0.0015535310376435518,
    "f2f4": 8.10781421023421e-05,
    "b2b4": 5.490294824994635e-06,
    "a2a4": 6.03097896600957e-06
  },
  "white_other_mass": 0.000844944990149088,
  "black_reply_probs_cond_on_white": {
    "e2e4": {
      "fen_after_white": "rnbqkbnr/pppppppp/8/8/4P3/8/PPPP1PPP/RNBQKBNR b KQkq - 0 1",
      "black_reply_probs": {
        "c7c5": 0.40697869658470154,
        "e7e5": 0.3467719852924347,
        "e7e6": 0.006831533741205931,
        "c7c6": 0.0557030625641346,
        "d7d5": 0.10392371565103531,
        "g8f6": 0.025944730266928673,
        "g7g6": 0.000995775917544961,
        "d7d6": 0.013586930930614471
      },
      "other_mass": 0.03926356905139983
    },
    "d2d4": {
      "fen_after_white": "rnbqkbnr/pppppppp/8/8/3P4/8/PPP1PPPP/RNBQKBNR b KQkq - 0 1",
      "black_reply_probs": {
        "c7c5": 0.001157046644948423,
        "e7e5": 0.008724793791770935,
        "e7e6": 0.0009337703813798726,
        "c7c6": 0.0002544597373344004,
        "d7d5": 0.022602934390306473,
        "g8f6": 0.964356005191803,
        "g7g6": 0.001169906579889357,
        "d7d6": 0.00018079191795550287
      },
      "other_mass": 0.0006202913646120578
    },
    "c2c4": {
      "fen_after_white": "rnbqkbnr/pppppppp/8/8/2P5/8/PP1PPPPP/RNBQKBNR b KQkq - 0 1",
      "black_reply_probs": {
        "c7c5": 0.012072526849806309,
        "e7e5": 0.6253535747528076,
        "e7e6": 0.0008967540925368667,
        "c7c6": 0.00039803431718610227,
        "d7d5": 0.005344531498849392,
        "g8f6": 0.35023531317710876,
        "g7g6": 0.0009211684227921069,
        "d7d6": 0.0010928416159003973
      },
      "other_mass": 0.0036852552730124444
    },
    "g1f3": {
      "fen_after_white": "rnbqkbnr/pppppppp/8/8/8/5N2/PPPPPPPP/RNBQKB1R b KQkq - 1 1",
      "black_reply_probs": {
        "c7c5": 0.034734226763248444,
        "e7e5": 0.10970247536897659,
        "e7e6": 0.0004682745784521103,
        "c7c6": 0.000523479247931391,
        "d7d5": 0.1291743516921997,
        "g8f6": 0.7167307734489441,
        "g7g6": 0.0019460894400253892,
        "d7d6": 0.0015009586932137609
      },
      "other_mass": 0.005219370767008513
    },
    "g2g3": {
      "fen_after_white": "rnbqkbnr/pppppppp/8/8/8/6P1/PPPPPP1P/RNBQKBNR b KQkq - 0 1",
      "black_reply_probs": {
        "c7c5": 0.014399581588804722,
        "e7e5": 0.7631663084030151,
        "e7e6": 0.0005134624661877751,
        "c7c6": 0.0005851491005159914,
        "d7d5": 0.06949049234390259,
        "g8f6": 0.1386670172214508,
        "g7g6": 0.0006001965957693756,
        "d7d6": 0.0009135397849604487
      },
      "other_mass": 0.011664252495393157
    },
    "b2b3": {
      "fen_after_white": "rnbqkbnr/pppppppp/8/8/8/1P6/P1PPPPPP/RNBQKBNR b KQkq - 0 1",
      "black_reply_probs": {
        "c7c5": 0.0026734755374491215,
        "e7e5": 0.7907713055610657,
        "e7e6": 0.0011996005196124315,
        "c7c6": 0.00022793756215833127,
        "d7d5": 0.02866438962519169,
        "g8f6": 0.17088522017002106,
        "g7g6": 0.00288672698661685,
        "d7d6": 0.0003468308423180133
      },
      "other_mass": 0.002344513195566833
    },
    "f2f4": {
      "fen_after_white": "rnbqkbnr/pppppppp/8/8/5P2/8/PPPPP1PP/RNBQKBNR b KQkq - 0 1",
      "black_reply_probs": {
        "c7c5": 0.07082045823335648,
        "e7e5": 0.35918569564819336,
        "e7e6": 0.009846865199506283,
        "c7c6": 0.006369842682033777,
        "d7d5": 0.22670091688632965,
        "g8f6": 0.29030296206474304,
        "g7g6": 0.004499263595789671,
        "d7d6": 0.006266538519412279
      },
      "other_mass": 0.026007457170635462
    },
    "b2b4": {
      "fen_after_white": "rnbqkbnr/pppppppp/8/8/1P6/8/P1PPPPPP/RNBQKBNR b KQkq - 0 1",
      "black_reply_probs": {
        "c7c5": 0.0005333384033292532,
        "e7e5": 0.7357218265533447,
        "e7e6": 0.0106630465015769,
        "c7c6": 0.0013380534946918488,
        "d7d5": 0.055199190974235535,
        "g8f6": 0.17742635309696198,
        "g7g6": 0.007694138213992119,
        "d7d6": 0.002145117148756981
      },
      "other_mass": 0.009278935613110662
    },
    "a2a4": {
      "fen_after_white": "rnbqkbnr/pppppppp/8/8/P7/8/1PPPPPPP/RNBQKBNR b KQkq - 0 1",
      "black_reply_probs": {
        "c7c5": 0.002799171954393387,
        "e7e5": 0.8210168480873108,
        "e7e6": 0.0004691444628406316,
        "c7c6": 0.00022482400527223945,
        "d7d5": 0.02731049433350563,
        "g8f6": 0.14441423118114471,
        "g7g6": 0.0002295527228852734,
        "d7d6": 0.000508832570631057
      },
      "other_mass": 0.003026900682016276
    }
  },
  "meta": {
    "elo_self": 2800,
    "elo_oppo": 2800,
    "temperature": 1.0,
    "maia_type": "blitz",
    "white_moves_probed": [
      "e2e4",
      "d2d4",
      "c2c4",
      "g1f3",
      "g2g3",
      "b2b3",
      "f2f4",
      "b2b4",
      "a2a4"
    ],
    "black_replies_probed": [
      "c7c5",
      "e7e5",
      "e7e6",
      "c7c6",
      "d7d5",
      "g8f6",
      "g7g6",
      "d7d6"
    ]
  }
}