{
  "white_first_move_probs": {
    "e2e4": 0.912416934967041,
    "d2d4": 0.02223825454711914,
    "c2c4": 0.010046985931694508,
    "g1f3": 0.05235860496759415,
    "g2g3": 0.00012852421787101775,
    "b2b3": 0.001852436107583344,
    "f2f4": 6.899629079271108e-05,
    "b2b4": 5.664241598424269e-06,
    "a2a4": 8.152416739903856e-06
  },
  "white_other_mass": 0.0008754463119657885,
  "black_reply_probs_cond_on_white": {
    "e2e4": {
      "fen_after_white": "rnbqkbnr/pppppppp/8/8/4P3/8/PPPP1PPP/RNBQKBNR b KQkq - 0 1",
      "black_reply_probs": {
        "c7c5": 0.47800177335739136,
        "e7e5": 0.2664594054222107,
        "e7e6": 0.006367843132466078,
        "c7c6": 0.07410863786935806,
        "d7d5": 0.08150411397218704,
        "g8f6": 0.03517768904566765,
        "g7g6": 0.0011098519898951054,
        "d7d6": 0.014250463806092739
      },
      "other_mass": 0.043020221404731274
    },
    "d2d4": {
      "fen_after_white": "rnbqkbnr/pppppppp/8/8/3P4/8/PPP1PPPP/RNBQKBNR b KQkq - 0 1",
      "black_reply_probs": {
        "c7c5": 0.0024564042687416077,
        "e7e5": 0.008095299825072289,
        "e7e6": 0.0011219691950827837,
        "c7c6": 0.00037326730671338737,
        "d7d5": 0.01637328788638115,
        "g8f6": 0.9689397215843201,
        "g7g6": 0.0014849579893052578,
        "d7d6": 0.00021885843307245523
      },
      "other_mass": 0.0009362335113110021
    },
    "c2c4": {
      "fen_after_white": "rnbqkbnr/pppppppp/8/8/2P5/8/PP1PPPPP/RNBQKBNR b KQkq - 0 1",
      "black_reply_probs": {
        "c7c5": 0.016269706189632416,
        "e7e5": 0.6194129586219788,
        "e7e6": 0.0008821949595585465,
        "c7c6": 0.0006110623362474144,
        "d7d5": 0.0041791717521846294,
        "g8f6": 0.3524673581123352,
        "g7g6": 0.0008729163673706353,
        "d7d6": 0.001113021862693131
      },
      "other_mass": 0.004191609797999263
    },
    "g1f3": {
      "fen_after_white": "rnbqkbnr/pppppppp/8/8/8/5N2/PPPPPPPP/RNBQKB1R b KQkq - 1 1",
      "black_reply_probs": {
        "c7c5": 0.08664563298225403,
        "e7e5": 0.14860312640666962,
        "e7e6": 0.0006078945589251816,
        "c7c6": 0.0008273193961940706,
        "d7d5": 0.12317586690187454,
        "g8f6": 0.6288115978240967,
        "g7g6": 0.0019173810724169016,
        "d7d6": 0.0018264222890138626
      },
      "other_mass": 0.007584758568555117
    },
    "g2g3": {
      "fen_after_white": "rnbqkbnr/pppppppp/8/8/8/6P1/PPPPPP1P/RNBQKBNR b KQkq - 0 1",
      "black_reply_probs": {
        "c7c5": 0.01972104050219059,
        "e7e5": 0.7836068868637085,
        "e7e6": 0.0005181743181310594,
        "c7c6": 0.0006460238946601748,
        "d7d5": 0.06042135879397392,
        "g8f6": 0.12272610515356064,
        "g7g6": 0.0005660659517161548,
        "d7d6": 0.0007766397902742028
      },
      "other_mass": 0.011017704731784761
    },
    "b2b3": {
      "fen_after_white": "rnbqkbnr/pppppppp/8/8/8/1P6/P1PPPPPP/RNBQKBNR b KQkq - 0 1",
      "black_reply_probs": {
        "c7c5": 0.004557390231639147,
        "e7e5": 0.8266759514808655,
        "e7e6": 0.0012273164466023445,
        "c7c6": 0.00033423936110921204,
        "d7d5": 0.024148380383849144,
        "g8f6": 0.13785766065120697,
        "g7g6": 0.0024809453170746565,
        "d7d6": 0.000310575618641451
      },
      "other_mass": 0.0024075405090115964
    },
    "f2f4": {
      "fen_after_white": "rnbqkbnr/pppppppp/8/8/5P2/8/PPPPP1PP/RNBQKBNR b KQkq - 0 1",
      "black_reply_probs": {
        "c7c5": 0.08964454382658005,
        "e7e5": 0.39912736415863037,
        "e7e6": 0.011147993616759777,
        "c7c6": 0.007111455779522657,
        "d7d5": 0.19225145876407623,
        "g8f6": 0.26317158341407776,
        "g7g6": 0.00427744397893548,
        "d7d6": 0.005974106024950743
      },
      "other_mass": 0.027294050436466932
    },
    "b2b4": {
      "fen_after_white": "rnbqkbnr/pppppppp/8/8/1P6/8/P1PPPPPP/RNBQKBNR b KQkq - 0 1",
      "black_reply_probs": {
        "c7c5": 0.0007910429849289358,
        "e7e5": 0.7718645930290222,
        "e7e6": 0.01038444321602583,
        "c7c6": 0.0016996185295283794,
        "d7d5": 0.04409877210855484,
        "g8f6": 0.15298792719841003,
        "g7g6": 0.006490800064057112,
        "d7d6": 0.0017557136015966535
      },
      "other_mass": 0.009927089267876
    },
    "a2a4": {
      "fen_after_white": "rnbqkbnr/pppppppp/8/8/P7/8/1PPPPPPP/RNBQKBNR b KQkq - 0 1",
      "black_reply_probs": {
        "c7c5": 0.005560407880693674,
        "e7e5": 0.8384963870048523,
        "e7e6": 0.00045615152339451015,
        "c7c6": 0.000478258851217106,
        "d7d5": 0.024472517892718315,
        "g8f6": 0.1257183849811554,
        "g7g6": 0.00021419799304567277,
        "d7d6": 0.0004977954085916281
      },
      "other_mass": 0.004105898464331403
    }
  },
  "meta": {
    "elo_self": 2800,
    "elo_oppo": 2800,
    "temperature": 1.0,
    "maia_type": "blitz",
    "white_moves_probed": [
      "e2e4",
      "d2d4",
      "c2c4",
      "g1f3",
      "g2g3",
      "b2b3",
      "f2f4",
      "b2b4",
      "a2a4"
    ],
    "black_replies_probed": [
      "c7c5",
      "e7e5",
      "e7e6",
      "c7c6",
      "d7d5",
      "g8f6",
      "g7g6",
      "d7d6"
    ]
  }
}