{
  "white_first_move_probs": {
    "e2e4": 0.9038519263267517,
    "d2d4": 0.024059241637587547,
    "c2c4": 0.010905477218329906,
    "g1f3": 0.05781042203307152,
    "g2g3": 0.00018598244059830904,
    "b2b3": 0.002106331055983901,
    "f2f4": 5.970359779894352e-05,
    "b2b4": 7.5116363404958975e-06,
    "a2a4": 8.114148840832058e-06
  },
  "white_other_mass": 0.0010052899046968378,
  "black_reply_probs_cond_on_white": {
    "e2e4": {
      "fen_after_white": "rnbqkbnr/pppppppp/8/8/4P3/8/PPPP1PPP/RNBQKBNR b KQkq - 0 1",
      "black_reply_probs": {
        "c7c5": 0.46587827801704407,
        "e7e5": 0.29993370175361633,
        "e7e6": 0.0063173784874379635,
        "c7c6": 0.081496961414814,
        "d7d5": 0.07526233047246933,
        "g8f6": 0.02597498893737793,
        "g7g6": 0.0008920030086301267,
        "d7d6": 0.013551566749811172
      },
      "other_mass": 0.030692791158799082
    },
    "d2d4": {
      "fen_after_white": "rnbqkbnr/pppppppp/8/8/3P4/8/PPP1PPPP/RNBQKBNR b KQkq - 0 1",
      "black_reply_probs": {
        "c7c5": 0.0020913337357342243,
        "e7e5": 0.006795205641537905,
        "e7e6": 0.0008868278819136322,
        "c7c6": 0.00041617342503741384,
        "d7d5": 0.01577412523329258,
        "g8f6": 0.9711856245994568,
        "g7g6": 0.0018609189428389072,
        "d7d6": 0.00028369034407660365
      },
      "other_mass": 0.0007061001961119473
    },
    "c2c4": {
      "fen_after_white": "rnbqkbnr/pppppppp/8/8/2P5/8/PP1PPPPP/RNBQKBNR b KQkq - 0 1",
      "black_reply_probs": {
        "c7c5": 0.021160470321774483,
        "e7e5": 0.5721901655197144,
        "e7e6": 0.0010540796210989356,
        "c7c6": 0.0008475108188576996,
        "d7d5": 0.005075617227703333,
        "g8f6": 0.3922773003578186,
        "g7g6": 0.001417753635905683,
        "d7d6": 0.00159176136367023
      },
      "other_mass": 0.004385341133456677
    },
    "g1f3": {
      "fen_after_white": "rnbqkbnr/pppppppp/8/8/8/5N2/PPPPPPPP/RNBQKB1R b KQkq - 1 1",
      "black_reply_probs": {
        "c7c5": 0.07374976575374603,
        "e7e5": 0.12275303155183792,
        "e7e6": 0.0005076414090581238,
        "c7c6": 0.0009532656986266375,
        "d7d5": 0.09387186169624329,
        "g8f6": 0.6968666911125183,
        "g7g6": 0.002361034508794546,
        "d7d6": 0.001899628434330225
      },
      "other_mass": 0.007037079834844917
    },
    "g2g3": {
      "fen_after_white": "rnbqkbnr/pppppppp/8/8/8/6P1/PPPPPP1P/RNBQKBNR b KQkq - 0 1",
      "black_reply_probs": {
        "c7c5": 0.025264684110879898,
        "e7e5": 0.7573040127754211,
        "e7e6": 0.0005411007441580296,
        "c7c6": 0.0009141840855590999,
        "d7d5": 0.06477425247430801,
        "g8f6": 0.13730350136756897,
        "g7g6": 0.0006337158265523612,
        "d7d6": 0.0010987347923219204
      },
      "other_mass": 0.012165813823230565
    },
    "b2b3": {
      "fen_after_white": "rnbqkbnr/pppppppp/8/8/8/1P6/P1PPPPPP/RNBQKBNR b KQkq - 0 1",
      "black_reply_probs": {
        "c7c5": 0.005512524396181107,
        "e7e5": 0.7838143110275269,
        "e7e6": 0.001424152054823935,
        "c7c6": 0.0004984695697203279,
        "d7d5": 0.027006659656763077,
        "g8f6": 0.17504779994487762,
        "g7g6": 0.00373072549700737,
        "d7d6": 0.00047546971472911537
      },
      "other_mass": 0.0024898881383705884
    },
    "f2f4": {
      "fen_after_white": "rnbqkbnr/pppppppp/8/8/5P2/8/PPPPP1PP/RNBQKBNR b KQkq - 0 1",
      "black_reply_probs": {
        "c7c5": 0.10852152854204178,
        "e7e5": 0.3606114089488983,
        "e7e6": 0.011884156614542007,
        "c7c6": 0.010377533733844757,
        "d7d5": 0.18794718384742737,
        "g8f6": 0.2829882800579071,
        "g7g6": 0.0039355335757136345,
        "d7d6": 0.007014568895101547
      },
      "other_mass": 0.026719805784523487
    },
    "b2b4": {
      "fen_after_white": "rnbqkbnr/pppppppp/8/8/1P6/8/P1PPPPPP/RNBQKBNR b KQkq - 0 1",
      "black_reply_probs": {
        "c7c5": 0.0010549796279519796,
        "e7e5": 0.7296388149261475,
        "e7e6": 0.012490917928516865,
        "c7c6": 0.0026047376450151205,
        "d7d5": 0.04399479180574417,
        "g8f6": 0.190243661403656,
        "g7g6": 0.008237448520958424,
        "d7d6": 0.0021759807132184505
      },
      "other_mass": 0.009558667428791523
    },
    "a2a4": {
      "fen_after_white": "rnbqkbnr/pppppppp/8/8/P7/8/1PPPPPPP/RNBQKBNR b KQkq - 0 1",
      "black_reply_probs": {
        "c7c5": 0.006921063642948866,
        "e7e5": 0.7957993745803833,
        "e7e6": 0.0006012948579154909,
        "c7c6": 0.0006737587973475456,
        "d7d5": 0.03173122555017471,
        "g8f6": 0.15808039903640747,
        "g7g6": 0.00032034824835136533,
        "d7d6": 0.0008307973621413112
      },
      "other_mass": 0.0050417379243299365
    }
  },
  "meta": {
    "elo_self": 2800,
    "elo_oppo": 2800,
    "temperature": 1.0,
    "maia_type": "blitz",
    "white_moves_probed": [
      "e2e4",
      "d2d4",
      "c2c4",
      "g1f3",
      "g2g3",
      "b2b3",
      "f2f4",
      "b2b4",
      "a2a4"
    ],
    "black_replies_probed": [
      "c7c5",
      "e7e5",
      "e7e6",
      "c7c6",
      "d7d5",
      "g8f6",
      "g7g6",
      "d7d6"
    ]
  }
}