{
  "white_first_move_probs": {
    "e2e4": 0.8600488901138306,
    "d2d4": 0.023070579394698143,
    "c2c4": 0.013786244206130505,
    "g1f3": 0.0993412658572197,
    "g2g3": 0.00025082382489927113,
    "b2b3": 0.0024466176982969046,
    "f2f4": 7.729023491265252e-05,
    "b2b4": 7.5391126301838085e-06,
    "a2a4": 1.2357194464129861e-05
  },
  "white_other_mass": 0.000958392362917948,
  "black_reply_probs_cond_on_white": {
    "e2e4": {
      "fen_after_white": "rnbqkbnr/pppppppp/8/8/4P3/8/PPPP1PPP/RNBQKBNR b KQkq - 0 1",
      "black_reply_probs": {
        "c7c5": 0.4636082947254181,
        "e7e5": 0.3153229057788849,
        "e7e6": 0.007165148388594389,
        "c7c6": 0.03792612627148628,
        "d7d5": 0.06980898976325989,
        "g8f6": 0.04279552027583122,
        "g7g6": 0.0017232768004760146,
        "d7d6": 0.012983381748199463
      },
      "other_mass": 0.04866635624784976
    },
    "d2d4": {
      "fen_after_white": "rnbqkbnr/pppppppp/8/8/3P4/8/PPP1PPPP/RNBQKBNR b KQkq - 0 1",
      "black_reply_probs": {
        "c7c5": 0.0029140478000044823,
        "e7e5": 0.004197769798338413,
        "e7e6": 0.0004879881162196398,
        "c7c6": 0.0003532178816385567,
        "d7d5": 0.017958981916308403,
        "g8f6": 0.9712955951690674,
        "g7g6": 0.0016330231446772814,
        "d7d6": 0.000250978278927505
      },
      "other_mass": 0.0009083978948183358
    },
    "c2c4": {
      "fen_after_white": "rnbqkbnr/pppppppp/8/8/2P5/8/PP1PPPPP/RNBQKBNR b KQkq - 0 1",
      "black_reply_probs": {
        "c7c5": 0.02295815199613571,
        "e7e5": 0.4443562924861908,
        "e7e6": 0.0007913921726867557,
        "c7c6": 0.0005729183321818709,
        "d7d5": 0.0052304561249911785,
        "g8f6": 0.5165636539459229,
        "g7g6": 0.001812378759495914,
        "d7d6": 0.0014942153356969357
      },
      "other_mass": 0.006220540846697986
    },
    "g1f3": {
      "fen_after_white": "rnbqkbnr/pppppppp/8/8/8/5N2/PPPPPPPP/RNBQKB1R b KQkq - 1 1",
      "black_reply_probs": {
        "c7c5": 0.07019063085317612,
        "e7e5": 0.050766341388225555,
        "e7e6": 0.0003198792692273855,
        "c7c6": 0.0006988171371631324,
        "d7d5": 0.08795057237148285,
        "g8f6": 0.7792178988456726,
        "g7g6": 0.002334719290956855,
        "d7d6": 0.0016368691576644778
      },
      "other_mass": 0.0068842716864310205
    },
    "g2g3": {
      "fen_after_white": "rnbqkbnr/pppppppp/8/8/8/6P1/PPPPPP1P/RNBQKBNR b KQkq - 0 1",
      "black_reply_probs": {
        "c7c5": 0.03406402841210365,
        "e7e5": 0.6147800087928772,
        "e7e6": 0.00066847336711362,
        "c7c6": 0.0011185654439032078,
        "d7d5": 0.08048462122678757,
        "g8f6": 0.24779166281223297,
        "g7g6": 0.0011939906980842352,
        "d7d6": 0.0014088668394833803
      },
      "other_mass": 0.018489782407414168
    },
    "b2b3": {
      "fen_after_white": "rnbqkbnr/pppppppp/8/8/8/1P6/P1PPPPPP/RNBQKBNR b KQkq - 0 1",
      "black_reply_probs": {
        "c7c5": 0.0064041088335216045,
        "e7e5": 0.7218918204307556,
        "e7e6": 0.0012792542111128569,
        "c7c6": 0.00039365660632029176,
        "d7d5": 0.03503963723778725,
        "g8f6": 0.22589433193206787,
        "g7g6": 0.004301926586776972,
        "d7d6": 0.0007165954448282719
      },
      "other_mass": 0.00407866871682927
    },
    "f2f4": {
      "fen_after_white": "rnbqkbnr/pppppppp/8/8/5P2/8/PPPPP1PP/RNBQKBNR b KQkq - 0 1",
      "black_reply_probs": {
        "c7c5": 0.10379564762115479,
        "e7e5": 0.30918431282043457,
        "e7e6": 0.008158741518855095,
        "c7c6": 0.004743559751659632,
        "d7d5": 0.1988144814968109,
        "g8f6": 0.3331262767314911,
        "g7g6": 0.004403574392199516,
        "d7d6": 0.006073803640902042
      },
      "other_mass": 0.03169960202649236
    },
    "b2b4": {
      "fen_after_white": "rnbqkbnr/pppppppp/8/8/1P6/8/P1PPPPPP/RNBQKBNR b KQkq - 0 1",
      "black_reply_probs": {
        "c7c5": 0.0009532779804430902,
        "e7e5": 0.7445631623268127,
        "e7e6": 0.00820349995046854,
        "c7c6": 0.0011260148603469133,
        "d7d5": 0.058895885944366455,
        "g8f6": 0.1623147875070572,
        "g7g6": 0.008559773676097393,
        "d7d6": 0.0026113204658031464
      },
      "other_mass": 0.012772277288604528
    },
    "a2a4": {
      "fen_after_white": "rnbqkbnr/pppppppp/8/8/P7/8/1PPPPPPP/RNBQKBNR b KQkq - 0 1",
      "black_reply_probs": {
        "c7c5": 0.007151552941650152,
        "e7e5": 0.7053084373474121,
        "e7e6": 0.0005412293830886483,
        "c7c6": 0.0004678034456446767,
        "d7d5": 0.033360715955495834,
        "g8f6": 0.24513183534145355,
        "g7g6": 0.0005040676333010197,
        "d7d6": 0.0009645659592933953
      },
      "other_mass": 0.006569791992660612
    }
  },
  "meta": {
    "elo_self": 2800,
    "elo_oppo": 2800,
    "temperature": 1.0,
    "maia_type": "blitz",
    "white_moves_probed": [
      "e2e4",
      "d2d4",
      "c2c4",
      "g1f3",
      "g2g3",
      "b2b3",
      "f2f4",
      "b2b4",
      "a2a4"
    ],
    "black_replies_probed": [
      "c7c5",
      "e7e5",
      "e7e6",
      "c7c6",
      "d7d5",
      "g8f6",
      "g7g6",
      "d7d6"
    ]
  }
}