{
  "white_first_move_probs": {
    "e2e4": 0.6144313812255859,
    "d2d4": 0.024260777980089188,
    "c2c4": 3.4159543247369584e-06,
    "g1f3": 0.36014068126678467,
    "g2g3": 1.122125127039908e-06,
    "b2b3": 6.678314821328968e-05,
    "f2f4": 1.2463949587981915e-06,
    "b2b4": 1.0093522462284454e-07,
    "a2a4": 1.8322283967808772e-10
  },
  "white_other_mass": 0.001094490786468838,
  "black_reply_probs_cond_on_white": {
    "e2e4": {
      "fen_after_white": "rnbqkbnr/pppppppp/8/8/4P3/8/PPPP1PPP/RNBQKBNR b KQkq - 0 1",
      "black_reply_probs": {
        "c7c5": 0.00035040578222833574,
        "e7e5": 0.6696681380271912,
        "e7e6": 6.013537586113671e-06,
        "c7c6": 8.98723828868242e-06,
        "d7d5": 0.05171910300850868,
        "g8f6": 0.2776792049407959,
        "g7g6": 1.2667784403674887e-06,
        "d7d6": 3.018843244717573e-06
      },
      "other_mass": 0.0005638618437160403
    },
    "d2d4": {
      "fen_after_white": "rnbqkbnr/pppppppp/8/8/3P4/8/PPP1PPPP/RNBQKBNR b KQkq - 0 1",
      "black_reply_probs": {
        "c7c5": 4.3003271343877714e-07,
        "e7e5": 0.1650271713733673,
        "e7e6": 1.3809690244670492e-06,
        "c7c6": 2.998888604111016e-08,
        "d7d5": 0.011499869637191296,
        "g8f6": 0.8227644562721252,
        "g7g6": 2.2929928036319325e-06,
        "d7d6": 3.9410608110301837e-07
      },
      "other_mass": 0.0007039746278074688
    },
    "c2c4": {
      "fen_after_white": "rnbqkbnr/pppppppp/8/8/2P5/8/PP1PPPPP/RNBQKBNR b KQkq - 0 1",
      "black_reply_probs": {
        "c7c5": 3.427373258091393e-06,
        "e7e5": 0.5476533770561218,
        "e7e6": 1.4682653954878333e-06,
        "c7c6": 1.2662967208143527e-07,
        "d7d5": 0.0036266471724957228,
        "g8f6": 0.4483392834663391,
        "g7g6": 1.5859028508202755e-06,
        "d7d6": 1.3115824231135775e-06
      },
      "other_mass": 0.0003727725514437452
    },
    "g1f3": {
      "fen_after_white": "rnbqkbnr/pppppppp/8/8/8/5N2/PPPPPPPP/RNBQKB1R b KQkq - 1 1",
      "black_reply_probs": {
        "c7c5": 7.799556442478206e-06,
        "e7e5": 0.2889886498451233,
        "e7e6": 5.611600499833003e-07,
        "c7c6": 1.6675382141784212e-07,
        "d7d5": 0.021658815443515778,
        "g8f6": 0.6881900429725647,
        "g7g6": 5.904445515625412e-06,
        "d7d6": 1.341387132924865e-06
      },
      "other_mass": 0.0011467184358338045
    },
    "g2g3": {
      "fen_after_white": "rnbqkbnr/pppppppp/8/8/8/6P1/PPPPPP1P/RNBQKBNR b KQkq - 0 1",
      "black_reply_probs": {
        "c7c5": 7.304329756152583e-06,
        "e7e5": 0.8046937584877014,
        "e7e6": 4.144933996030886e-07,
        "c7c6": 2.6910683459391294e-07,
        "d7d5": 0.019258970394730568,
        "g8f6": 0.17569181323051453,
        "g7g6": 1.4746196939086076e-06,
        "d7d6": 9.54426923271967e-07
      },
      "other_mass": 0.0003450409104459595
    },
    "b2b3": {
      "fen_after_white": "rnbqkbnr/pppppppp/8/8/8/1P6/P1PPPPPP/RNBQKBNR b KQkq - 0 1",
      "black_reply_probs": {
        "c7c5": 1.9018746399979136e-07,
        "e7e5": 0.5545949935913086,
        "e7e6": 5.425346216725302e-07,
        "c7c6": 1.501710755746899e-08,
        "d7d5": 0.010619710199534893,
        "g8f6": 0.4321233630180359,
        "g7g6": 5.724045877286699e-06,
        "d7d6": 2.0323038540936977e-07
      },
      "other_mass": 0.0026552581756646987
    },
    "f2f4": {
      "fen_after_white": "rnbqkbnr/pppppppp/8/8/5P2/8/PPPPP1PP/RNBQKBNR b KQkq - 0 1",
      "black_reply_probs": {
        "c7c5": 2.1070886759844143e-06,
        "e7e5": 0.7868362665176392,
        "e7e6": 1.026484255817195e-06,
        "c7c6": 7.827813419680751e-08,
        "d7d5": 0.02007102034986019,
        "g8f6": 0.19283466041088104,
        "g7g6": 3.4470147625143e-07,
        "d7d6": 6.349711725306406e-07
      },
      "other_mass": 0.00025386119790482553
    },
    "b2b4": {
      "fen_after_white": "rnbqkbnr/pppppppp/8/8/1P6/8/P1PPPPPP/RNBQKBNR b KQkq - 0 1",
      "black_reply_probs": {
        "c7c5": 5.2909928882627355e-08,
        "e7e5": 0.619713306427002,
        "e7e6": 1.8592344304124708e-06,
        "c7c6": 1.8075395402661343e-08,
        "d7d5": 0.009239206090569496,
        "g8f6": 0.3702411651611328,
        "g7g6": 3.93737354897894e-06,
        "d7d6": 2.0477662587836676e-07
      },
      "other_mass": 0.0008002499513661832
    },
    "a2a4": {
      "fen_after_white": "rnbqkbnr/pppppppp/8/8/P7/8/1PPPPPPP/RNBQKBNR b KQkq - 0 1",
      "black_reply_probs": {
        "c7c5": 2.662217639226583e-06,
        "e7e5": 0.6885615587234497,
        "e7e6": 1.0359880207033711e-06,
        "c7c6": 3.8802266999482526e-07,
        "d7d5": 0.0380139984190464,
        "g8f6": 0.2727341055870056,
        "g7g6": 1.2200765695524751e-06,
        "d7d6": 2.4310909338964848e-06
      },
      "other_mass": 0.000682599874664902
    }
  },
  "meta": {
    "elo_self": 2800,
    "elo_oppo": 2800,
    "temperature": 1.0,
    "maia_type": "blitz",
    "white_moves_probed": [
      "e2e4",
      "d2d4",
      "c2c4",
      "g1f3",
      "g2g3",
      "b2b3",
      "f2f4",
      "b2b4",
      "a2a4"
    ],
    "black_replies_probed": [
      "c7c5",
      "e7e5",
      "e7e6",
      "c7c6",
      "d7d5",
      "g8f6",
      "g7g6",
      "d7d6"
    ]
  }
}