{
  "white_first_move_probs": {
    "e2e4": 0.3421097695827484,
    "d2d4": 0.0004962463863193989,
    "c2c4": 2.8386200057184396e-08,
    "g1f3": 0.6573266386985779,
    "g2g3": 1.8558009573510503e-09,
    "b2b3": 7.755853914659383e-08,
    "f2f4": 5.415545345499595e-09,
    "b2b4": 3.782619772962903e-10,
    "a2a4": 2.210115228849785e-13
  },
  "white_other_mass": 6.723173778577785e-05,
  "black_reply_probs_cond_on_white": {
    "e2e4": {
      "fen_after_white": "rnbqkbnr/pppppppp/8/8/4P3/8/PPPP1PPP/RNBQKBNR b KQkq - 0 1",
      "black_reply_probs": {
        "c7c5": 8.1819871411426e-06,
        "e7e5": 0.36127352714538574,
        "e7e6": 2.2823529377546947e-07,
        "c7c6": 2.1081052459237526e-09,
        "d7d5": 0.0010036862222477794,
        "g8f6": 0.6377017498016357,
        "g7g6": 1.0329618049809142e-08,
        "d7d6": 1.7056699164186284e-08
      },
      "other_mass": 1.2597113873358268e-05
    },
    "d2d4": {
      "fen_after_white": "rnbqkbnr/pppppppp/8/8/3P4/8/PPP1PPPP/RNBQKBNR b KQkq - 0 1",
      "black_reply_probs": {
        "c7c5": 4.274908427248647e-09,
        "e7e5": 0.08586720377206802,
        "e7e6": 3.146510962892535e-08,
        "c7c6": 3.154641044916806e-12,
        "d7d5": 0.0002665173669811338,
        "g8f6": 0.9138359427452087,
        "g7g6": 2.2438075841790805e-09,
        "d7d6": 4.928934482784086e-10
      },
      "other_mass": 3.029763586837042e-05
    },
    "c2c4": {
      "fen_after_white": "rnbqkbnr/pppppppp/8/8/2P5/8/PP1PPPPP/RNBQKBNR b KQkq - 0 1",
      "black_reply_probs": {
        "c7c5": 1.9803566786436022e-08,
        "e7e5": 0.24935780465602875,
        "e7e6": 8.890667402283725e-08,
        "c7c6": 2.374249581660326e-11,
        "d7d5": 9.292639879276976e-05,
        "g8f6": 0.7505427598953247,
        "g7g6": 3.298970430165582e-09,
        "d7d6": 1.6651854339855277e-09
      },
      "other_mass": 6.395351714538755e-06
    },
    "g1f3": {
      "fen_after_white": "rnbqkbnr/pppppppp/8/8/8/5N2/PPPPPPPP/RNBQKB1R b KQkq - 1 1",
      "black_reply_probs": {
        "c7c5": 1.7710942756821169e-07,
        "e7e5": 0.19554170966148376,
        "e7e6": 1.4318479735209166e-08,
        "c7c6": 6.789297596343502e-11,
        "d7d5": 0.0005270693218335509,
        "g8f6": 0.8038516044616699,
        "g7g6": 1.0643127268394892e-08,
        "d7d6": 3.187057728837317e-09
      },
      "other_mass": 7.941122902743736e-05
    },
    "g2g3": {
      "fen_after_white": "rnbqkbnr/pppppppp/8/8/8/6P1/PPPPPP1P/RNBQKBNR b KQkq - 0 1",
      "black_reply_probs": {
        "c7c5": 9.487544616604282e-08,
        "e7e5": 0.5617603063583374,
        "e7e6": 1.5231913508273465e-08,
        "c7c6": 5.3183693560221457e-11,
        "d7d5": 0.000488497200421989,
        "g8f6": 0.43772804737091064,
        "g7g6": 3.497134581920136e-09,
        "d7d6": 1.8535416534959381e-09
      },
      "other_mass": 2.3033559110374746e-05
    },
    "b2b3": {
      "fen_after_white": "rnbqkbnr/pppppppp/8/8/8/1P6/P1PPPPPP/RNBQKBNR b KQkq - 0 1",
      "black_reply_probs": {
        "c7c5": 8.406125240334461e-10,
        "e7e5": 0.31907719373703003,
        "e7e6": 4.7827666271871294e-09,
        "c7c6": 9.919661663262969e-13,
        "d7d5": 0.00015515123959630728,
        "g8f6": 0.6806765794754028,
        "g7g6": 3.4410099214454704e-09,
        "d7d6": 1.216327455422217e-10
      },
      "other_mass": 9.106636095701504e-05
    },
    "f2f4": {
      "fen_after_white": "rnbqkbnr/pppppppp/8/8/5P2/8/PPPPP1PP/RNBQKBNR b KQkq - 0 1",
      "black_reply_probs": {
        "c7c5": 9.67570414900365e-08,
        "e7e5": 0.5150806307792664,
        "e7e6": 5.133624014774796e-08,
        "c7c6": 4.971876729764624e-11,
        "d7d5": 0.0008621489978395402,
        "g8f6": 0.484026700258255,
        "g7g6": 1.9708432663634312e-09,
        "d7d6": 3.6076297504905597e-09
      },
      "other_mass": 3.036624316565817e-05
    },
    "b2b4": {
      "fen_after_white": "rnbqkbnr/pppppppp/8/8/1P6/8/P1PPPPPP/RNBQKBNR b KQkq - 0 1",
      "black_reply_probs": {
        "c7c5": 2.0385618193508037e-10,
        "e7e5": 0.29606887698173523,
        "e7e6": 2.2080255845935426e-08,
        "c7c6": 6.108620553835209e-13,
        "d7d5": 0.00017627200577408075,
        "g8f6": 0.7037461996078491,
        "g7g6": 3.255701264137656e-09,
        "d7d6": 8.135220969096579e-11
      },
      "other_mass": 8.625782865201437e-06
    },
    "a2a4": {
      "fen_after_white": "rnbqkbnr/pppppppp/8/8/P7/8/1PPPPPPP/RNBQKBNR b KQkq - 0 1",
      "black_reply_probs": {
        "c7c5": 1.3398338438719293e-08,
        "e7e5": 0.3887993097305298,
        "e7e6": 2.5950503967919758e-08,
        "c7c6": 3.542863225014514e-11,
        "d7d5": 0.0006345405708998442,
        "g8f6": 0.610542356967926,
        "g7g6": 1.825148698841872e-09,
        "d7d6": 1.948390115913412e-09
      },
      "other_mass": 2.3749572834463883e-05
    }
  },
  "meta": {
    "elo_self": 2800,
    "elo_oppo": 2800,
    "temperature": 1.0,
    "maia_type": "blitz",
    "white_moves_probed": [
      "e2e4",
      "d2d4",
      "c2c4",
      "g1f3",
      "g2g3",
      "b2b3",
      "f2f4",
      "b2b4",
      "a2a4"
    ],
    "black_replies_probed": [
      "c7c5",
      "e7e5",
      "e7e6",
      "c7c6",
      "d7d5",
      "g8f6",
      "g7g6",
      "d7d6"
    ]
  }
}