{
  "white_first_move_probs": {
    "e2e4": 0.7406107187271118,
    "d2d4": 0.033427223563194275,
    "c2c4": 0.010424153879284859,
    "g1f3": 0.21024633944034576,
    "g2g3": 0.0003614271990954876,
    "b2b3": 0.0035733692348003387,
    "f2f4": 0.0001468837435822934,
    "b2b4": 8.815311048238073e-06,
    "a2a4": 5.3842272791371215e-06
  },
  "white_other_mass": 0.001195684674257791,
  "black_reply_probs_cond_on_white": {
    "e2e4": {
      "fen_after_white": "rnbqkbnr/pppppppp/8/8/4P3/8/PPPP1PPP/RNBQKBNR b KQkq - 0 1",
      "black_reply_probs": {
        "c7c5": 0.4313798248767853,
        "e7e5": 0.2951984405517578,
        "e7e6": 0.009325110353529453,
        "c7c6": 0.055273883044719696,
        "d7d5": 0.08836878091096878,
        "g8f6": 0.06170135736465454,
        "g7g6": 0.0016590318409726024,
        "d7d6": 0.009253769181668758
      },
      "other_mass": 0.04783980187494308
    },
    "d2d4": {
      "fen_after_white": "rnbqkbnr/pppppppp/8/8/3P4/8/PPP1PPPP/RNBQKBNR b KQkq - 0 1",
      "black_reply_probs": {
        "c7c5": 0.0011051592882722616,
        "e7e5": 0.0027145580388605595,
        "e7e6": 0.00042806280544027686,
        "c7c6": 0.00010155046766158193,
        "d7d5": 0.008414287120103836,
        "g8f6": 0.985704779624939,
        "g7g6": 0.001006435602903366,
        "d7d6": 6.377456884365529e-05
      },
      "other_mass": 0.00046139248297549784
    },
    "c2c4": {
      "fen_after_white": "rnbqkbnr/pppppppp/8/8/2P5/8/PP1PPPPP/RNBQKBNR b KQkq - 0 1",
      "black_reply_probs": {
        "c7c5": 0.014915927313268185,
        "e7e5": 0.33454954624176025,
        "e7e6": 0.0009057736024260521,
        "c7c6": 0.0003413723025005311,
        "d7d5": 0.00449030427262187,
        "g8f6": 0.6373883485794067,
        "g7g6": 0.0012854058295488358,
        "d7d6": 0.0007003723294474185
      },
      "other_mass": 0.005422949529020116
    },
    "g1f3": {
      "fen_after_white": "rnbqkbnr/pppppppp/8/8/8/5N2/PPPPPPPP/RNBQKB1R b KQkq - 1 1",
      "black_reply_probs": {
        "c7c5": 0.028462842106819153,
        "e7e5": 0.04103099927306175,
        "e7e6": 0.0002558597770985216,
        "c7c6": 0.00021340037346817553,
        "d7d5": 0.05740995332598686,
        "g8f6": 0.8662640452384949,
        "g7g6": 0.0017307361122220755,
        "d7d6": 0.0006458616117015481
      },
      "other_mass": 0.003986302181147039
    },
    "g2g3": {
      "fen_after_white": "rnbqkbnr/pppppppp/8/8/8/6P1/PPPPPP1P/RNBQKBNR b KQkq - 0 1",
      "black_reply_probs": {
        "c7c5": 0.02041354402899742,
        "e7e5": 0.6072796583175659,
        "e7e6": 0.0005086188321001828,
        "c7c6": 0.0005064725992269814,
        "d7d5": 0.06576696038246155,
        "g8f6": 0.2877095639705658,
        "g7g6": 0.0007935483590699732,
        "d7d6": 0.0006726535502821207
      },
      "other_mass": 0.01634897995973006
    },
    "b2b3": {
      "fen_after_white": "rnbqkbnr/pppppppp/8/8/8/1P6/P1PPPPPP/RNBQKBNR b KQkq - 0 1",
      "black_reply_probs": {
        "c7c5": 0.00463913707062602,
        "e7e5": 0.6060509085655212,
        "e7e6": 0.0012927487259730697,
        "c7c6": 0.00027310822042636573,
        "d7d5": 0.027644088491797447,
        "g8f6": 0.3524903655052185,
        "g7g6": 0.004015218000859022,
        "d7d6": 0.0003010761574842036
      },
      "other_mass": 0.003293349262094125
    },
    "f2f4": {
      "fen_after_white": "rnbqkbnr/pppppppp/8/8/5P2/8/PPPPP1PP/RNBQKBNR b KQkq - 0 1",
      "black_reply_probs": {
        "c7c5": 0.09028373658657074,
        "e7e5": 0.2652784585952759,
        "e7e6": 0.009946211241185665,
        "c7c6": 0.005162866320461035,
        "d7d5": 0.18166957795619965,
        "g8f6": 0.40954747796058655,
        "g7g6": 0.0038454823661595583,
        "d7d6": 0.003793073585256934
      },
      "other_mass": 0.030473115388303995
    },
    "b2b4": {
      "fen_after_white": "rnbqkbnr/pppppppp/8/8/1P6/8/P1PPPPPP/RNBQKBNR b KQkq - 0 1",
      "black_reply_probs": {
        "c7c5": 0.0008892561309039593,
        "e7e5": 0.558867871761322,
        "e7e6": 0.010217715986073017,
        "c7c6": 0.0013832487165927887,
        "d7d5": 0.05466200411319733,
        "g8f6": 0.35293370485305786,
        "g7g6": 0.008469563908874989,
        "d7d6": 0.0013887990498915315
      },
      "other_mass": 0.011187835480086505
    },
    "a2a4": {
      "fen_after_white": "rnbqkbnr/pppppppp/8/8/P7/8/1PPPPPPP/RNBQKBNR b KQkq - 0 1",
      "black_reply_probs": {
        "c7c5": 0.0051492261700332165,
        "e7e5": 0.5913422107696533,
        "e7e6": 0.000560455140657723,
        "c7c6": 0.0002627774956636131,
        "d7d5": 0.027523305267095566,
        "g8f6": 0.3690685033798218,
        "g7g6": 0.00039404674316756427,
        "d7d6": 0.0004465343081392348
      },
      "other_mass": 0.005252940725767985
    }
  },
  "meta": {
    "elo_self": 2800,
    "elo_oppo": 2800,
    "temperature": 1.0,
    "maia_type": "blitz",
    "white_moves_probed": [
      "e2e4",
      "d2d4",
      "c2c4",
      "g1f3",
      "g2g3",
      "b2b3",
      "f2f4",
      "b2b4",
      "a2a4"
    ],
    "black_replies_probed": [
      "c7c5",
      "e7e5",
      "e7e6",
      "c7c6",
      "d7d5",
      "g8f6",
      "g7g6",
      "d7d6"
    ]
  }
}