{
  "white_first_move_probs": {
    "e2e4": 0.012301134876906872,
    "d2d4": 0.004499746486544609,
    "c2c4": 8.559215558534561e-08,
    "g1f3": 0.9829127788543701,
    "g2g3": 2.391724592598621e-06,
    "b2b3": 8.42953595565632e-05,
    "f2f4": 1.0614944585540798e-06,
    "b2b4": 4.160817912435277e-09,
    "a2a4": 4.601254793845655e-11
  },
  "white_other_mass": 0.00019850140458466115,
  "black_reply_probs_cond_on_white": {
    "e2e4": {
      "fen_after_white": "rnbqkbnr/pppppppp/8/8/4P3/8/PPPP1PPP/RNBQKBNR b KQkq - 0 1",
      "black_reply_probs": {
        "c7c5": 0.0005030165193602443,
        "e7e5": 0.09299737960100174,
        "e7e6": 3.388640834600665e-05,
        "c7c6": 0.0002484831493347883,
        "d7d5": 0.03941904753446579,
        "g8f6": 0.8550640344619751,
        "g7g6": 1.8385000657872297e-05,
        "d7d6": 2.2078544134274125e-05
      },
      "other_mass": 0.011693688780724187
    },
    "d2d4": {
      "fen_after_white": "rnbqkbnr/pppppppp/8/8/3P4/8/PPP1PPPP/RNBQKBNR b KQkq - 0 1",
      "black_reply_probs": {
        "c7c5": 1.0046210086045448e-08,
        "e7e5": 0.0008748771506361663,
        "e7e6": 2.7447765660326695e-07,
        "c7c6": 2.5794960833991354e-08,
        "d7d5": 0.0017055162461474538,
        "g8f6": 0.997356653213501,
        "g7g6": 4.978822744305944e-06,
        "d7d6": 1.500672226484312e-07
      },
      "other_mass": 5.751418092092564e-05
    },
    "c2c4": {
      "fen_after_white": "rnbqkbnr/pppppppp/8/8/2P5/8/PP1PPPPP/RNBQKBNR b KQkq - 0 1",
      "black_reply_probs": {
        "c7c5": 5.214025122768362e-07,
        "e7e5": 0.010291892103850842,
        "e7e6": 5.727507073061133e-07,
        "c7c6": 1.7301240973210952e-07,
        "d7d5": 0.00034007139038294554,
        "g8f6": 0.9891793727874756,
        "g7g6": 4.559959506877931e-06,
        "d7d6": 6.985738991716062e-07
      },
      "other_mass": 0.0001821380192552624
    },
    "g1f3": {
      "fen_after_white": "rnbqkbnr/pppppppp/8/8/8/5N2/PPPPPPPP/RNBQKB1R b KQkq - 1 1",
      "black_reply_probs": {
        "c7c5": 1.5968497280027805e-07,
        "e7e5": 0.0015346331056207418,
        "e7e6": 5.753194542990059e-08,
        "c7c6": 5.7475677550655746e-08,
        "d7d5": 0.0017462695250287652,
        "g8f6": 0.9965761303901672,
        "g7g6": 1.1078400348196737e-05,
        "d7d6": 3.0049261567910435e-07
      },
      "other_mass": 0.00013131339362359995
    },
    "g2g3": {
      "fen_after_white": "rnbqkbnr/pppppppp/8/8/8/6P1/PPPPPP1P/RNBQKBNR b KQkq - 0 1",
      "black_reply_probs": {
        "c7c5": 1.676094939284667e-06,
        "e7e5": 0.03780771419405937,
        "e7e6": 3.6133818070993584e-07,
        "c7c6": 1.000654947347357e-06,
        "d7d5": 0.009653575718402863,
        "g8f6": 0.9511119723320007,
        "g7g6": 8.030881872400641e-06,
        "d7d6": 1.6605473547315341e-06
      },
      "other_mass": 0.001414008238242559
    },
    "b2b3": {
      "fen_after_white": "rnbqkbnr/pppppppp/8/8/8/1P6/P1PPPPPP/RNBQKBNR b KQkq - 0 1",
      "black_reply_probs": {
        "c7c5": 2.5818895466045433e-08,
        "e7e5": 0.012348023243248463,
        "e7e6": 3.2653196058163303e-07,
        "c7c6": 3.9935653006750726e-08,
        "d7d5": 0.003079633926972747,
        "g8f6": 0.9837354421615601,
        "g7g6": 4.051705764140934e-05,
        "d7d6": 2.806475549732568e-07
      },
      "other_mass": 0.0007957106765132949
    },
    "f2f4": {
      "fen_after_white": "rnbqkbnr/pppppppp/8/8/5P2/8/PPPPP1PP/RNBQKBNR b KQkq - 0 1",
      "black_reply_probs": {
        "c7c5": 1.3660858257935615e-06,
        "e7e5": 0.037988875061273575,
        "e7e6": 1.862403792074474e-06,
        "c7c6": 7.838459055165004e-07,
        "d7d5": 0.012822107411921024,
        "g8f6": 0.9487912654876709,
        "g7g6": 6.3914690144883934e-06,
        "d7d6": 2.399055802015937e-06
      },
      "other_mass": 0.00038494917879461354
    },
    "b2b4": {
      "fen_after_white": "rnbqkbnr/pppppppp/8/8/1P6/8/P1PPPPPP/RNBQKBNR b KQkq - 0 1",
      "black_reply_probs": {
        "c7c5": 1.0547443807240597e-08,
        "e7e5": 0.015664519742131233,
        "e7e6": 2.547631083871238e-06,
        "c7c6": 1.727500773540669e-07,
        "d7d5": 0.0033316463232040405,
        "g8f6": 0.9808525443077087,
        "g7g6": 3.723954068846069e-05,
        "d7d6": 3.422259453600418e-07
      },
      "other_mass": 0.00011097693171713274
    },
    "a2a4": {
      "fen_after_white": "rnbqkbnr/pppppppp/8/8/P7/8/1PPPPPPP/RNBQKBNR b KQkq - 0 1",
      "black_reply_probs": {
        "c7c5": 3.297891737474856e-07,
        "e7e5": 0.023709727451205254,
        "e7e6": 4.908186497232236e-07,
        "c7c6": 4.263944504145911e-07,
        "d7d5": 0.01015933696180582,
        "g8f6": 0.9656323194503784,
        "g7g6": 5.202078227739548e-06,
        "d7d6": 2.7255784971202957e-06
      },
      "other_mass": 0.0004894414776117628
    }
  },
  "meta": {
    "elo_self": 2800,
    "elo_oppo": 2800,
    "temperature": 1.0,
    "maia_type": "blitz",
    "white_moves_probed": [
      "e2e4",
      "d2d4",
      "c2c4",
      "g1f3",
      "g2g3",
      "b2b3",
      "f2f4",
      "b2b4",
      "a2a4"
    ],
    "black_replies_probed": [
      "c7c5",
      "e7e5",
      "e7e6",
      "c7c6",
      "d7d5",
      "g8f6",
      "g7g6",
      "d7d6"
    ]
  }
}