{
  "white_first_move_probs": {
    "e2e4": 0.5453973412513733,
    "d2d4": 1.2731278704880555e-11,
    "c2c4": 2.173552162957152e-21,
    "g1f3": 0.4546026885509491,
    "g2g3": 1.9017787705586683e-24,
    "b2b3": 8.428548369776623e-23,
    "f2f4": 3.266528225659722e-19,
    "b2b4": 2.688259051339904e-23,
    "a2a4": 7.462973832523136e-32
  },
  "white_other_mass": 0.0,
  "black_reply_probs_cond_on_white": {
    "e2e4": {
      "fen_after_white": "rnbqkbnr/pppppppp/8/8/4P3/8/PPPP1PPP/RNBQKBNR b KQkq - 0 1",
      "black_reply_probs": {
        "c7c5": 1.6544659668511199e-18,
        "e7e5": 0.2924981713294983,
        "e7e6": 3.5656637961244825e-14,
        "c7c6": 7.998828328109049e-26,
        "d7d5": 3.042540178133102e-11,
        "g8f6": 0.7075017690658569,
        "g7g6": 1.4337583555537892e-22,
        "d7d6": 2.542319902518697e-20
      },
      "other_mass": 5.957418380830859e-08
    },
    "d2d4": {
      "fen_after_white": "rnbqkbnr/pppppppp/8/8/3P4/8/PPP1PPPP/RNBQKBNR b KQkq - 0 1",
      "black_reply_probs": {
        "c7c5": 1.2605577212776957e-21,
        "e7e5": 0.08482560515403748,
        "e7e6": 4.556209535632079e-14,
        "c7c6": 5.327713245926778e-29,
        "d7d5": 5.914225359449077e-11,
        "g8f6": 0.9151743650436401,
        "g7g6": 8.744752692898335e-24,
        "d7d6": 2.7070808307763705e-21
      },
      "other_mass": 2.9743134621895706e-08
    },
    "c2c4": {
      "fen_after_white": "rnbqkbnr/pppppppp/8/8/2P5/8/PP1PPPPP/RNBQKBNR b KQkq - 0 1",
      "black_reply_probs": {
        "c7c5": 5.100678788647183e-21,
        "e7e5": 0.2546733021736145,
        "e7e6": 1.5448058143015947e-14,
        "c7c6": 5.929093297005199e-28,
        "d7d5": 3.794021086883648e-12,
        "g8f6": 0.7453266978263855,
        "g7g6": 1.9349489516735824e-23,
        "d7d6": 3.495146261282332e-21
      },
      "other_mass": 0.0
    },
    "g1f3": {
      "fen_after_white": "rnbqkbnr/pppppppp/8/8/8/5N2/PPPPPPPP/RNBQKB1R b KQkq - 1 1",
      "black_reply_probs": {
        "c7c5": 1.0257297281805399e-20,
        "e7e5": 0.19556587934494019,
        "e7e6": 4.476635618325337e-15,
        "c7c6": 1.1603632822142092e-28,
        "d7d5": 2.5921384830263072e-11,
        "g8f6": 0.8044341802597046,
        "g7g6": 1.43113488817295e-23,
        "d7d6": 2.553661849264442e-21
      },
      "other_mass": 0.0
    },
    "g2g3": {
      "fen_after_white": "rnbqkbnr/pppppppp/8/8/8/6P1/PPPPPP1P/RNBQKBNR b KQkq - 0 1",
      "black_reply_probs": {
        "c7c5": 2.426705902277926e-20,
        "e7e5": 0.5399916172027588,
        "e7e6": 2.2946918752089415e-15,
        "c7c6": 6.083794582753076e-28,
        "d7d5": 2.7523703802212474e-11,
        "g8f6": 0.4600084125995636,
        "g7g6": 2.824306318598682e-23,
        "d7d6": 5.961298823697521e-21
      },
      "other_mass": 0.0
    },
    "b2b3": {
      "fen_after_white": "rnbqkbnr/pppppppp/8/8/8/1P6/P1PPPPPP/RNBQKBNR b KQkq - 0 1",
      "black_reply_probs": {
        "c7c5": 1.3587450040964714e-22,
        "e7e5": 0.4825129210948944,
        "e7e6": 2.5853287846861524e-15,
        "c7c6": 1.7529158333925314e-29,
        "d7d5": 5.56051602332297e-12,
        "g8f6": 0.5174870491027832,
        "g7g6": 1.8371996191858364e-23,
        "d7d6": 2.1012648118656904e-22
      },
      "other_mass": 2.979675928216352e-08
    },
    "f2f4": {
      "fen_after_white": "rnbqkbnr/pppppppp/8/8/5P2/8/PPPPP1PP/RNBQKBNR b KQkq - 0 1",
      "black_reply_probs": {
        "c7c5": 1.305385356897297e-20,
        "e7e5": 0.24135108292102814,
        "e7e6": 9.591030294725696e-15,
        "c7c6": 2.511697685112725e-28,
        "d7d5": 1.4882581278463647e-11,
        "g8f6": 0.7586489319801331,
        "g7g6": 4.141605896021162e-23,
        "d7d6": 6.3125270627089955e-21
      },
      "other_mass": 0.0
    },
    "b2b4": {
      "fen_after_white": "rnbqkbnr/pppppppp/8/8/1P6/8/P1PPPPPP/RNBQKBNR b KQkq - 0 1",
      "black_reply_probs": {
        "c7c5": 3.9362969568283416e-23,
        "e7e5": 0.6065384745597839,
        "e7e6": 2.5993298157877924e-14,
        "c7c6": 2.6029466810597123e-29,
        "d7d5": 1.0186575541415444e-11,
        "g8f6": 0.3934614658355713,
        "g7g6": 1.992567036646563e-23,
        "d7d6": 7.791709670016093e-22
      },
      "other_mass": 5.9594432166854006e-08
    },
    "a2a4": {
      "fen_after_white": "rnbqkbnr/pppppppp/8/8/P7/8/1PPPPPPP/RNBQKBNR b KQkq - 0 1",
      "black_reply_probs": {
        "c7c5": 4.019391967378595e-22,
        "e7e5": 0.4630667269229889,
        "e7e6": 3.640232087526131e-15,
        "c7c6": 7.98096401342767e-29,
        "d7d5": 1.6017612583518748e-11,
        "g8f6": 0.5369332432746887,
        "g7g6": 1.1971186103858448e-24,
        "d7d6": 1.7720999647659652e-21
      },
      "other_mass": 2.9786301092293854e-08
    }
  },
  "meta": {
    "elo_self": 2800,
    "elo_oppo": 2800,
    "temperature": 1.0,
    "maia_type": "blitz",
    "white_moves_probed": [
      "e2e4",
      "d2d4",
      "c2c4",
      "g1f3",
      "g2g3",
      "b2b3",
      "f2f4",
      "b2b4",
      "a2a4"
    ],
    "black_replies_probed": [
      "c7c5",
      "e7e5",
      "e7e6",
      "c7c6",
      "d7d5",
      "g8f6",
      "g7g6",
      "d7d6"
    ]
  }
}