{
  "white_first_move_probs": {
    "e2e4": 0.8098601698875427,
    "d2d4": 0.03196360915899277,
    "c2c4": 0.015925198793411255,
    "g1f3": 0.13938434422016144,
    "g2g3": 0.00017379620112478733,
    "b2b3": 0.001753355492837727,
    "f2f4": 6.125884829089046e-05,
    "b2b4": 4.848101980314823e-06,
    "a2a4": 9.769368261913769e-06
  },
  "white_other_mass": 0.0008636499273961817,
  "black_reply_probs_cond_on_white": {
    "e2e4": {
      "fen_after_white": "rnbqkbnr/pppppppp/8/8/4P3/8/PPPP1PPP/RNBQKBNR b KQkq - 0 1",
      "black_reply_probs": {
        "c7c5": 0.4857468903064728,
        "e7e5": 0.26956743001937866,
        "e7e6": 0.004017627332359552,
        "c7c6": 0.050282906740903854,
        "d7d5": 0.09192691743373871,
        "g8f6": 0.05383477360010147,
        "g7g6": 0.0011789045529440045,
        "d7d6": 0.011002215556800365
      },
      "other_mass": 0.0324423344573006
    },
    "d2d4": {
      "fen_after_white": "rnbqkbnr/pppppppp/8/8/3P4/8/PPP1PPPP/RNBQKBNR b KQkq - 0 1",
      "black_reply_probs": {
        "c7c5": 0.0016387596260756254,
        "e7e5": 0.002479014452546835,
        "e7e6": 0.00038094111368991435,
        "c7c6": 0.00028281210688874125,
        "d7d5": 0.01555673684924841,
        "g8f6": 0.977391242980957,
        "g7g6": 0.0014547171304002404,
        "d7d6": 0.00023601749853696674
      },
      "other_mass": 0.0005797582416562364
    },
    "c2c4": {
      "fen_after_white": "rnbqkbnr/pppppppp/8/8/2P5/8/PP1PPPPP/RNBQKBNR b KQkq - 0 1",
      "black_reply_probs": {
        "c7c5": 0.013008128851652145,
        "e7e5": 0.2974095344543457,
        "e7e6": 0.0004890216514468193,
        "c7c6": 0.0004829359822906554,
        "d7d5": 0.004874490667134523,
        "g8f6": 0.6780843138694763,
        "g7g6": 0.0012978556333109736,
        "d7d6": 0.0010351266246289015
      },
      "other_mass": 0.00331859226571396
    },
    "g1f3": {
      "fen_after_white": "rnbqkbnr/pppppppp/8/8/8/5N2/PPPPPPPP/RNBQKB1R b KQkq - 1 1",
      "black_reply_probs": {
        "c7c5": 0.05668043717741966,
        "e7e5": 0.02889889106154442,
        "e7e6": 0.00021737457427661866,
        "c7c6": 0.0007639342802576721,
        "d7d5": 0.09398847073316574,
        "g8f6": 0.810936689376831,
        "g7g6": 0.0019212139304727316,
        "d7d6": 0.0012528634397312999
      },
      "other_mass": 0.005340125426300801
    },
    "g2g3": {
      "fen_after_white": "rnbqkbnr/pppppppp/8/8/8/6P1/PPPPPP1P/RNBQKBNR b KQkq - 0 1",
      "black_reply_probs": {
        "c7c5": 0.025540729984641075,
        "e7e5": 0.5010492205619812,
        "e7e6": 0.0004805860517080873,
        "c7c6": 0.0010704324813559651,
        "d7d5": 0.10315919667482376,
        "g8f6": 0.35246628522872925,
        "g7g6": 0.0010429051471874118,
        "d7d6": 0.0012505329214036465
      },
      "other_mass": 0.013940110948169604
    },
    "b2b3": {
      "fen_after_white": "rnbqkbnr/pppppppp/8/8/8/1P6/P1PPPPPP/RNBQKBNR b KQkq - 0 1",
      "black_reply_probs": {
        "c7c5": 0.007288516964763403,
        "e7e5": 0.6050922274589539,
        "e7e6": 0.0011298300232738256,
        "c7c6": 0.0005143371527083218,
        "d7d5": 0.043754760175943375,
        "g8f6": 0.3340884745121002,
        "g7g6": 0.003927921410650015,
        "d7d6": 0.0005530323251150548
      },
      "other_mass": 0.003650899976491928
    },
    "f2f4": {
      "fen_after_white": "rnbqkbnr/pppppppp/8/8/5P2/8/PPPPP1PP/RNBQKBNR b KQkq - 0 1",
      "black_reply_probs": {
        "c7c5": 0.0926719531416893,
        "e7e5": 0.18783359229564667,
        "e7e6": 0.008137654513120651,
        "c7c6": 0.007187053561210632,
        "d7d5": 0.2120475172996521,
        "g8f6": 0.45694106817245483,
        "g7g6": 0.004024706780910492,
        "d7d6": 0.006072253454476595
      },
      "other_mass": 0.025084200780838728
    },
    "b2b4": {
      "fen_after_white": "rnbqkbnr/pppppppp/8/8/1P6/8/P1PPPPPP/RNBQKBNR b KQkq - 0 1",
      "black_reply_probs": {
        "c7c5": 0.0013301258441060781,
        "e7e5": 0.5797945261001587,
        "e7e6": 0.009008373133838177,
        "c7c6": 0.00215546484105289,
        "d7d5": 0.0648069903254509,
        "g8f6": 0.319774866104126,
        "g7g6": 0.009040975011885166,
        "d7d6": 0.002636554418131709
      },
      "other_mass": 0.011452124221250415
    },
    "a2a4": {
      "fen_after_white": "rnbqkbnr/pppppppp/8/8/P7/8/1PPPPPPP/RNBQKBNR b KQkq - 0 1",
      "black_reply_probs": {
        "c7c5": 0.010420545935630798,
        "e7e5": 0.5655182600021362,
        "e7e6": 0.00037674777559004724,
        "c7c6": 0.0007858196040615439,
        "d7d5": 0.047676097601652145,
        "g8f6": 0.36840060353279114,
        "g7g6": 0.00040570792043581605,
        "d7d6": 0.0008325944072566926
      },
      "other_mass": 0.005583623220445588
    }
  },
  "meta": {
    "elo_self": 2800,
    "elo_oppo": 2800,
    "temperature": 1.0,
    "maia_type": "blitz",
    "white_moves_probed": [
      "e2e4",
      "d2d4",
      "c2c4",
      "g1f3",
      "g2g3",
      "b2b3",
      "f2f4",
      "b2b4",
      "a2a4"
    ],
    "black_replies_probed": [
      "c7c5",
      "e7e5",
      "e7e6",
      "c7c6",
      "d7d5",
      "g8f6",
      "g7g6",
      "d7d6"
    ]
  }
}