{
  "white_first_move_probs": {
    "e2e4": 0.8414250612258911,
    "d2d4": 0.0420507937669754,
    "c2c4": 0.018800415098667145,
    "g1f3": 0.08903028070926666,
    "g2g3": 0.00044672342482954264,
    "b2b3": 0.006351621355861425,
    "f2f4": 0.0001277046831091866,
    "b2b4": 1.5954037735355087e-05,
    "a2a4": 1.7629272406338714e-05
  },
  "white_other_mass": 0.001733816425257828,
  "black_reply_probs_cond_on_white": {
    "e2e4": {
      "fen_after_white": "rnbqkbnr/pppppppp/8/8/4P3/8/PPPP1PPP/RNBQKBNR b KQkq - 0 1",
      "black_reply_probs": {
        "c7c5": 0.43877264857292175,
        "e7e5": 0.24791836738586426,
        "e7e6": 0.012676295824348927,
        "c7c6": 0.0920957624912262,
        "d7d5": 0.08952382951974869,
        "g8f6": 0.02225162275135517,
        "g7g6": 0.00294909393414855,
        "d7d6": 0.02042618952691555
      },
      "other_mass": 0.07338618999347091
    },
    "d2d4": {
      "fen_after_white": "rnbqkbnr/pppppppp/8/8/3P4/8/PPP1PPPP/RNBQKBNR b KQkq - 0 1",
      "black_reply_probs": {
        "c7c5": 0.002621113322675228,
        "e7e5": 0.006744257174432278,
        "e7e6": 0.001113202190026641,
        "c7c6": 0.00043117886525578797,
        "d7d5": 0.015526733361184597,
        "g8f6": 0.9701770544052124,
        "g7g6": 0.002065998502075672,
        "d7d6": 0.00018888129852712154
      },
      "other_mass": 0.0011315808806102723
    },
    "c2c4": {
      "fen_after_white": "rnbqkbnr/pppppppp/8/8/2P5/8/PP1PPPPP/RNBQKBNR b KQkq - 0 1",
      "black_reply_probs": {
        "c7c5": 0.031779780983924866,
        "e7e5": 0.5804232358932495,
        "e7e6": 0.0016542990924790502,
        "c7c6": 0.0016464560758322477,
        "d7d5": 0.008297559805214405,
        "g8f6": 0.3618656396865845,
        "g7g6": 0.0021477872505784035,
        "d7d6": 0.0017073395429179072
      },
      "other_mass": 0.010477901669219136
    },
    "g1f3": {
      "fen_after_white": "rnbqkbnr/pppppppp/8/8/8/5N2/PPPPPPPP/RNBQKB1R b KQkq - 1 1",
      "black_reply_probs": {
        "c7c5": 0.08699214458465576,
        "e7e5": 0.1026357039809227,
        "e7e6": 0.000760749273467809,
        "c7c6": 0.001399772590957582,
        "d7d5": 0.1392550766468048,
        "g8f6": 0.6495696902275085,
        "g7g6": 0.003849703585729003,
        "d7d6": 0.002208119723945856
      },
      "other_mass": 0.013329039386007935
    },
    "g2g3": {
      "fen_after_white": "rnbqkbnr/pppppppp/8/8/8/6P1/PPPPPP1P/RNBQKBNR b KQkq - 0 1",
      "black_reply_probs": {
        "c7c5": 0.03377363830804825,
        "e7e5": 0.7012073397636414,
        "e7e6": 0.0009785026777535677,
        "c7c6": 0.0015822722343727946,
        "d7d5": 0.0876002386212349,
        "g8f6": 0.1417389214038849,
        "g7g6": 0.0013185413554310799,
        "d7d6": 0.0014336920576170087
      },
      "other_mass": 0.030366853578016162
    },
    "b2b3": {
      "fen_after_white": "rnbqkbnr/pppppppp/8/8/8/1P6/P1PPPPPP/RNBQKBNR b KQkq - 0 1",
      "black_reply_probs": {
        "c7c5": 0.006421901751309633,
        "e7e5": 0.7787349820137024,
        "e7e6": 0.002532100770622492,
        "c7c6": 0.0007521210936829448,
        "d7d5": 0.03474320471286774,
        "g8f6": 0.16418971121311188,
        "g7g6": 0.00737361703068018,
        "d7d6": 0.0006023513851687312
      },
      "other_mass": 0.0046500100288540125
    },
    "f2f4": {
      "fen_after_white": "rnbqkbnr/pppppppp/8/8/5P2/8/PPPPP1PP/RNBQKBNR b KQkq - 0 1",
      "black_reply_probs": {
        "c7c5": 0.11911498755216599,
        "e7e5": 0.3213875889778137,
        "e7e6": 0.021092182025313377,
        "c7c6": 0.014918646775186062,
        "d7d5": 0.2815452218055725,
        "g8f6": 0.17560777068138123,
        "g7g6": 0.005913618486374617,
        "d7d6": 0.009532257914543152
      },
      "other_mass": 0.05088772578164935
    },
    "b2b4": {
      "fen_after_white": "rnbqkbnr/pppppppp/8/8/1P6/8/P1PPPPPP/RNBQKBNR b KQkq - 0 1",
      "black_reply_probs": {
        "c7c5": 0.0011739847250282764,
        "e7e5": 0.6793456673622131,
        "e7e6": 0.023018069565296173,
        "c7c6": 0.0040063317865133286,
        "d7d5": 0.07328884303569794,
        "g8f6": 0.17149034142494202,
        "g7g6": 0.023484310135245323,
        "d7d6": 0.0034885809291154146
      },
      "other_mass": 0.020703871035948396
    },
    "a2a4": {
      "fen_after_white": "rnbqkbnr/pppppppp/8/8/P7/8/1PPPPPPP/RNBQKBNR b KQkq - 0 1",
      "black_reply_probs": {
        "c7c5": 0.008121713064610958,
        "e7e5": 0.7964679002761841,
        "e7e6": 0.000977894407697022,
        "c7c6": 0.0009827822213992476,
        "d7d5": 0.03841644898056984,
        "g8f6": 0.14360128343105316,
        "g7g6": 0.0006095875869505107,
        "d7d6": 0.0008758410695008934
      },
      "other_mass": 0.009946548962034285
    }
  },
  "meta": {
    "elo_self": 2800,
    "elo_oppo": 2800,
    "temperature": 1.0,
    "maia_type": "blitz",
    "white_moves_probed": [
      "e2e4",
      "d2d4",
      "c2c4",
      "g1f3",
      "g2g3",
      "b2b3",
      "f2f4",
      "b2b4",
      "a2a4"
    ],
    "black_replies_probed": [
      "c7c5",
      "e7e5",
      "e7e6",
      "c7c6",
      "d7d5",
      "g8f6",
      "g7g6",
      "d7d6"
    ]
  }
}