{
  "white_first_move_probs": {
    "e2e4": 0.8976517915725708,
    "d2d4": 0.019211621955037117,
    "c2c4": 0.0064902231097221375,
    "g1f3": 0.07343246787786484,
    "g2g3": 0.00017459045920986682,
    "b2b3": 0.0021643084473907948,
    "f2f4": 9.923314064508304e-05,
    "b2b4": 4.446756520337658e-06,
    "a2a4": 4.087431989319157e-06
  },
  "white_other_mass": 0.0007672292490497057,
  "black_reply_probs_cond_on_white": {
    "e2e4": {
      "fen_after_white": "rnbqkbnr/pppppppp/8/8/4P3/8/PPPP1PPP/RNBQKBNR b KQkq - 0 1",
      "black_reply_probs": {
        "c7c5": 0.45409664511680603,
        "e7e5": 0.3387928903102875,
        "e7e6": 0.006335734855383635,
        "c7c6": 0.04969616234302521,
        "d7d5": 0.06743399798870087,
        "g8f6": 0.033476393669843674,
        "g7g6": 0.001156121725216508,
        "d7d6": 0.009162381291389465
      },
      "other_mass": 0.03984967269934714
    },
    "d2d4": {
      "fen_after_white": "rnbqkbnr/pppppppp/8/8/3P4/8/PPP1PPPP/RNBQKBNR b KQkq - 0 1",
      "black_reply_probs": {
        "c7c5": 0.001980000175535679,
        "e7e5": 0.006717862095683813,
        "e7e6": 0.000835481914691627,
        "c7c6": 0.0001985709968721494,
        "d7d5": 0.012436416000127792,
        "g8f6": 0.9754727482795715,
        "g7g6": 0.001420798827894032,
        "d7d6": 0.00012482791498769075
      },
      "other_mass": 0.0008132937946356833
    },
    "c2c4": {
      "fen_after_white": "rnbqkbnr/pppppppp/8/8/2P5/8/PP1PPPPP/RNBQKBNR b KQkq - 0 1",
      "black_reply_probs": {
        "c7c5": 0.012479163706302643,
        "e7e5": 0.5948916077613831,
        "e7e6": 0.0008143382729031146,
        "c7c6": 0.00025699668913148344,
        "d7d5": 0.0029564446303993464,
        "g8f6": 0.38254019618034363,
        "g7g6": 0.0008322524954564869,
        "d7d6": 0.0007272789953276515
      },
      "other_mass": 0.00450172126875259
    },
    "g1f3": {
      "fen_after_white": "rnbqkbnr/pppppppp/8/8/8/5N2/PPPPPPPP/RNBQKB1R b KQkq - 1 1",
      "black_reply_probs": {
        "c7c5": 0.055240243673324585,
        "e7e5": 0.1039167121052742,
        "e7e6": 0.0003847728075925261,
        "c7c6": 0.00031490132096223533,
        "d7d5": 0.07888244837522507,
        "g8f6": 0.7521178722381592,
        "g7g6": 0.0019274837104603648,
        "d7d6": 0.001053317217156291
      },
      "other_mass": 0.0061622485518455505
    },
    "g2g3": {
      "fen_after_white": "rnbqkbnr/pppppppp/8/8/8/6P1/PPPPPP1P/RNBQKBNR b KQkq - 0 1",
      "black_reply_probs": {
        "c7c5": 0.017109904438257217,
        "e7e5": 0.7833350896835327,
        "e7e6": 0.00045870032045058906,
        "c7c6": 0.00039216087316162884,
        "d7d5": 0.04885028675198555,
        "g8f6": 0.1351899355649948,
        "g7g6": 0.0006074450793676078,
        "d7d6": 0.0005599596188403666
      },
      "other_mass": 0.013496517669409513
    },
    "b2b3": {
      "fen_after_white": "rnbqkbnr/pppppppp/8/8/8/1P6/P1PPPPPP/RNBQKBNR b KQkq - 0 1",
      "black_reply_probs": {
        "c7c5": 0.0029902637470513582,
        "e7e5": 0.8076308369636536,
        "e7e6": 0.0011577181285247207,
        "c7c6": 0.00017766172823030502,
        "d7d5": 0.019738171249628067,
        "g8f6": 0.16262419521808624,
        "g7g6": 0.0030363977421075106,
        "d7d6": 0.0002184530603699386
      },
      "other_mass": 0.0024263021623482928
    },
    "f2f4": {
      "fen_after_white": "rnbqkbnr/pppppppp/8/8/5P2/8/PPPPP1PP/RNBQKBNR b KQkq - 0 1",
      "black_reply_probs": {
        "c7c5": 0.08782774209976196,
        "e7e5": 0.37328800559043884,
        "e7e6": 0.01308950874954462,
        "c7c6": 0.005418296903371811,
        "d7d5": 0.17253610491752625,
        "g8f6": 0.3027372360229492,
        "g7g6": 0.004898226819932461,
        "d7d6": 0.004981325473636389
      },
      "other_mass": 0.03522355342283845
    },
    "b2b4": {
      "fen_after_white": "rnbqkbnr/pppppppp/8/8/1P6/8/P1PPPPPP/RNBQKBNR b KQkq - 0 1",
      "black_reply_probs": {
        "c7c5": 0.0005461005493998528,
        "e7e5": 0.7460926175117493,
        "e7e6": 0.012149132788181305,
        "c7c6": 0.0014650732045993209,
        "d7d5": 0.041186705231666565,
        "g8f6": 0.17964239418506622,
        "g7g6": 0.007870837114751339,
        "d7d6": 0.0014240322634577751
      },
      "other_mass": 0.009623107151128352
    },
    "a2a4": {
      "fen_after_white": "rnbqkbnr/pppppppp/8/8/P7/8/1PPPPPPP/RNBQKBNR b KQkq - 0 1",
      "black_reply_probs": {
        "c7c5": 0.002847980475053191,
        "e7e5": 0.823093056678772,
        "e7e6": 0.00046221932279877365,
        "c7c6": 0.0002057254605460912,
        "d7d5": 0.018658597022294998,
        "g8f6": 0.1500551402568817,
        "g7g6": 0.00023951234470587224,
        "d7d6": 0.0003673186292871833
      },
      "other_mass": 0.004070449809660204
    }
  },
  "meta": {
    "elo_self": 2800,
    "elo_oppo": 2800,
    "temperature": 1.0,
    "maia_type": "blitz",
    "white_moves_probed": [
      "e2e4",
      "d2d4",
      "c2c4",
      "g1f3",
      "g2g3",
      "b2b3",
      "f2f4",
      "b2b4",
      "a2a4"
    ],
    "black_replies_probed": [
      "c7c5",
      "e7e5",
      "e7e6",
      "c7c6",
      "d7d5",
      "g8f6",
      "g7g6",
      "d7d6"
    ]
  }
}