{
  "white_first_move_probs": {
    "e2e4": 0.8412039875984192,
    "d2d4": 0.021907908841967583,
    "c2c4": 0.008091515861451626,
    "g1f3": 0.12540902197360992,
    "g2g3": 0.0003526569053065032,
    "b2b3": 0.0010905329836532474,
    "f2f4": 0.00016049950500018895,
    "b2b4": 7.097038633219199e-06,
    "a2a4": 1.885283927549608e-05
  },
  "white_other_mass": 0.001757926452683023,
  "black_reply_probs_cond_on_white": {
    "e2e4": {
      "fen_after_white": "rnbqkbnr/pppppppp/8/8/4P3/8/PPPP1PPP/RNBQKBNR b KQkq - 0 1",
      "black_reply_probs": {
        "c7c5": 0.24696123600006104,
        "e7e5": 0.47749340534210205,
        "e7e6": 0.010575887747108936,
        "c7c6": 0.020412268117070198,
        "d7d5": 0.09548675268888474,
        "g8f6": 0.10245434194803238,
        "g7g6": 0.0027582431212067604,
        "d7d6": 0.009171138517558575
      },
      "other_mass": 0.03468672651797533
    },
    "d2d4": {
      "fen_after_white": "rnbqkbnr/pppppppp/8/8/3P4/8/PPP1PPPP/RNBQKBNR b KQkq - 0 1",
      "black_reply_probs": {
        "c7c5": 0.004171771928668022,
        "e7e5": 0.03484195098280907,
        "e7e6": 0.003411046927794814,
        "c7c6": 0.0006640744395554066,
        "d7d5": 0.0372333787381649,
        "g8f6": 0.9136970639228821,
        "g7g6": 0.0034254230558872223,
        "d7d6": 0.0005515355733223259
      },
      "other_mass": 0.0020037544309161603
    },
    "c2c4": {
      "fen_after_white": "rnbqkbnr/pppppppp/8/8/2P5/8/PP1PPPPP/RNBQKBNR b KQkq - 0 1",
      "black_reply_probs": {
        "c7c5": 0.01598925143480301,
        "e7e5": 0.5897811055183411,
        "e7e6": 0.0015261756489053369,
        "c7c6": 0.0006760844844393432,
        "d7d5": 0.006828054320067167,
        "g8f6": 0.3771461248397827,
        "g7g6": 0.0015599397011101246,
        "d7d6": 0.001182174775749445
      },
      "other_mass": 0.005311089276801795
    },
    "g1f3": {
      "fen_after_white": "rnbqkbnr/pppppppp/8/8/8/5N2/PPPPPPPP/RNBQKB1R b KQkq - 1 1",
      "black_reply_probs": {
        "c7c5": 0.030997470021247864,
        "e7e5": 0.18174371123313904,
        "e7e6": 0.0010206981096416712,
        "c7c6": 0.0005225724307820201,
        "d7d5": 0.059625037014484406,
        "g8f6": 0.7166979908943176,
        "g7g6": 0.00244232383556664,
        "d7d6": 0.0011991019127890468
      },
      "other_mass": 0.005751094548031688
    },
    "g2g3": {
      "fen_after_white": "rnbqkbnr/pppppppp/8/8/8/6P1/PPPPPP1P/RNBQKBNR b KQkq - 0 1",
      "black_reply_probs": {
        "c7c5": 0.01715107075870037,
        "e7e5": 0.7314273118972778,
        "e7e6": 0.0010871716076508164,
        "c7c6": 0.0008819715003482997,
        "d7d5": 0.05516621097922325,
        "g8f6": 0.18145892024040222,
        "g7g6": 0.0010065612150356174,
        "d7d6": 0.0009302956750616431
      },
      "other_mass": 0.010890486126299948
    },
    "b2b3": {
      "fen_after_white": "rnbqkbnr/pppppppp/8/8/8/1P6/P1PPPPPP/RNBQKBNR b KQkq - 0 1",
      "black_reply_probs": {
        "c7c5": 0.004855664446949959,
        "e7e5": 0.7842832207679749,
        "e7e6": 0.0021715129259973764,
        "c7c6": 0.0004360535240266472,
        "d7d5": 0.029100360348820686,
        "g8f6": 0.17122308909893036,
        "g7g6": 0.0035378606989979744,
        "d7d6": 0.0005423317779786885
      },
      "other_mass": 0.003849906410323456
    },
    "f2f4": {
      "fen_after_white": "rnbqkbnr/pppppppp/8/8/5P2/8/PPPPP1PP/RNBQKBNR b KQkq - 0 1",
      "black_reply_probs": {
        "c7c5": 0.05294617637991905,
        "e7e5": 0.5437750816345215,
        "e7e6": 0.014013106934726238,
        "c7c6": 0.004414152819663286,
        "d7d5": 0.13017238676548004,
        "g8f6": 0.23369036614894867,
        "g7g6": 0.003207248169928789,
        "d7d6": 0.004303448833525181
      },
      "other_mass": 0.013478032313287258
    },
    "b2b4": {
      "fen_after_white": "rnbqkbnr/pppppppp/8/8/1P6/8/P1PPPPPP/RNBQKBNR b KQkq - 0 1",
      "black_reply_probs": {
        "c7c5": 0.0011680416064336896,
        "e7e5": 0.7545332312583923,
        "e7e6": 0.012280439957976341,
        "c7c6": 0.0016394935082644224,
        "d7d5": 0.049986377358436584,
        "g8f6": 0.15748237073421478,
        "g7g6": 0.008157157339155674,
        "d7d6": 0.0020043556578457355
      },
      "other_mass": 0.012748532579280436
    },
    "a2a4": {
      "fen_after_white": "rnbqkbnr/pppppppp/8/8/P7/8/1PPPPPPP/RNBQKBNR b KQkq - 0 1",
      "black_reply_probs": {
        "c7c5": 0.006883962545543909,
        "e7e5": 0.7453745603561401,
        "e7e6": 0.0011056351941078901,
        "c7c6": 0.0006649256101809442,
        "d7d5": 0.03285796567797661,
        "g8f6": 0.2066473364830017,
        "g7g6": 0.0005979068228043616,
        "d7d6": 0.0007969479775056243
      },
      "other_mass": 0.005070759332738817
    }
  },
  "meta": {
    "elo_self": 2800,
    "elo_oppo": 2800,
    "temperature": 1.0,
    "maia_type": "blitz",
    "white_moves_probed": [
      "e2e4",
      "d2d4",
      "c2c4",
      "g1f3",
      "g2g3",
      "b2b3",
      "f2f4",
      "b2b4",
      "a2a4"
    ],
    "black_replies_probed": [
      "c7c5",
      "e7e5",
      "e7e6",
      "c7c6",
      "d7d5",
      "g8f6",
      "g7g6",
      "d7d6"
    ]
  }
}