{
  "white_first_move_probs": {
    "e2e4": 0.8700562119483948,
    "d2d4": 0.014010084792971611,
    "c2c4": 0.0017628739587962627,
    "g1f3": 0.11187473684549332,
    "g2g3": 0.0001864870428107679,
    "b2b3": 0.001314253662712872,
    "f2f4": 5.4818046919535846e-05,
    "b2b4": 2.805515350701171e-06,
    "a2a4": 1.4182274981067167e-06
  },
  "white_other_mass": 0.0007363099590520505,
  "black_reply_probs_cond_on_white": {
    "e2e4": {
      "fen_after_white": "rnbqkbnr/pppppppp/8/8/4P3/8/PPPP1PPP/RNBQKBNR b KQkq - 0 1",
      "black_reply_probs": {
        "c7c5": 0.25374865531921387,
        "e7e5": 0.5067643523216248,
        "e7e6": 0.011434026062488556,
        "c7c6": 0.04510263353586197,
        "d7d5": 0.059815701097249985,
        "g8f6": 0.069879911839962,
        "g7g6": 0.002073476789519191,
        "d7d6": 0.008895356208086014
      },
      "other_mass": 0.04228588682599366
    },
    "d2d4": {
      "fen_after_white": "rnbqkbnr/pppppppp/8/8/3P4/8/PPP1PPPP/RNBQKBNR b KQkq - 0 1",
      "black_reply_probs": {
        "c7c5": 0.0003608308907132596,
        "e7e5": 0.006534891203045845,
        "e7e6": 0.000690111774019897,
        "c7c6": 8.991552022052929e-05,
        "d7d5": 0.007832526229321957,
        "g8f6": 0.9829540848731995,
        "g7g6": 0.0010306217009201646,
        "d7d6": 9.6737319836393e-05
      },
      "other_mass": 0.000410280488722492
    },
    "c2c4": {
      "fen_after_white": "rnbqkbnr/pppppppp/8/8/2P5/8/PP1PPPPP/RNBQKBNR b KQkq - 0 1",
      "black_reply_probs": {
        "c7c5": 0.00484300684183836,
        "e7e5": 0.42649123072624207,
        "e7e6": 0.001038166112266481,
        "c7c6": 0.00023056883946992457,
        "d7d5": 0.0025448622182011604,
        "g8f6": 0.5590488910675049,
        "g7g6": 0.0014423931716009974,
        "d7d6": 0.0006968926754780114
      },
      "other_mass": 0.003663988347398117
    },
    "g1f3": {
      "fen_after_white": "rnbqkbnr/pppppppp/8/8/8/5N2/PPPPPPPP/RNBQKB1R b KQkq - 1 1",
      "black_reply_probs": {
        "c7c5": 0.009047712199389935,
        "e7e5": 0.0784839540719986,
        "e7e6": 0.00032028931309469044,
        "c7c6": 0.00016640208195894957,
        "d7d5": 0.040597282350063324,
        "g8f6": 0.8656274080276489,
        "g7g6": 0.0018704051617532969,
        "d7d6": 0.0007753829704597592
      },
      "other_mass": 0.0031111638236325234
    },
    "g2g3": {
      "fen_after_white": "rnbqkbnr/pppppppp/8/8/8/6P1/PPPPPP1P/RNBQKBNR b KQkq - 0 1",
      "black_reply_probs": {
        "c7c5": 0.006322781089693308,
        "e7e5": 0.6859800219535828,
        "e7e6": 0.00043720859684981406,
        "c7c6": 0.00034412165405228734,
        "d7d5": 0.03551587089896202,
        "g8f6": 0.26046401262283325,
        "g7g6": 0.0007147209253162146,
        "d7d6": 0.0005614945548586547
      },
      "other_mass": 0.009659767703851685
    },
    "b2b3": {
      "fen_after_white": "rnbqkbnr/pppppppp/8/8/8/1P6/P1PPPPPP/RNBQKBNR b KQkq - 0 1",
      "black_reply_probs": {
        "c7c5": 0.001258817850612104,
        "e7e5": 0.7274901866912842,
        "e7e6": 0.0011153911473229527,
        "c7c6": 0.0001471253199269995,
        "d7d5": 0.017302285879850388,
        "g8f6": 0.2472565621137619,
        "g7g6": 0.0030711705330759287,
        "d7d6": 0.0002697749005164951
      },
      "other_mass": 0.002088685563649051
    },
    "f2f4": {
      "fen_after_white": "rnbqkbnr/pppppppp/8/8/5P2/8/PPPPP1PP/RNBQKBNR b KQkq - 0 1",
      "black_reply_probs": {
        "c7c5": 0.032639119774103165,
        "e7e5": 0.409070760011673,
        "e7e6": 0.008521555922925472,
        "c7c6": 0.0031969824340194464,
        "d7d5": 0.11924932152032852,
        "g8f6": 0.4007708728313446,
        "g7g6": 0.003536743111908436,
        "d7d6": 0.0036059385165572166
      },
      "other_mass": 0.019408705877140164
    },
    "b2b4": {
      "fen_after_white": "rnbqkbnr/pppppppp/8/8/1P6/8/P1PPPPPP/RNBQKBNR b KQkq - 0 1",
      "black_reply_probs": {
        "c7c5": 0.0003046718193218112,
        "e7e5": 0.6705971360206604,
        "e7e6": 0.007318912073969841,
        "c7c6": 0.000820659683085978,
        "d7d5": 0.031061459332704544,
        "g8f6": 0.278365820646286,
        "g7g6": 0.005557992495596409,
        "d7d6": 0.0010627085575833917
      },
      "other_mass": 0.004910639370791614
    },
    "a2a4": {
      "fen_after_white": "rnbqkbnr/pppppppp/8/8/P7/8/1PPPPPPP/RNBQKBNR b KQkq - 0 1",
      "black_reply_probs": {
        "c7c5": 0.0011522670974954963,
        "e7e5": 0.706811785697937,
        "e7e6": 0.0004823419149033725,
        "c7c6": 0.00010824221681104973,
        "d7d5": 0.015628376975655556,
        "g8f6": 0.27257922291755676,
        "g7g6": 0.0002823520335368812,
        "d7d6": 0.0003981156332883984
      },
      "other_mass": 0.0025572955128154717
    }
  },
  "meta": {
    "elo_self": 2800,
    "elo_oppo": 2800,
    "temperature": 1.0,
    "maia_type": "blitz",
    "white_moves_probed": [
      "e2e4",
      "d2d4",
      "c2c4",
      "g1f3",
      "g2g3",
      "b2b3",
      "f2f4",
      "b2b4",
      "a2a4"
    ],
    "black_replies_probed": [
      "c7c5",
      "e7e5",
      "e7e6",
      "c7c6",
      "d7d5",
      "g8f6",
      "g7g6",
      "d7d6"
    ]
  }
}