{
  "white_first_move_probs": {
    "e2e4": 0.874561071395874,
    "d2d4": 0.014980614185333252,
    "c2c4": 0.004847851116210222,
    "g1f3": 0.1031331717967987,
    "g2g3": 0.0002000563545152545,
    "b2b3": 0.0015279481885954738,
    "f2f4": 4.643385182134807e-05,
    "b2b4": 4.08843379773316e-06,
    "a2a4": 4.328344402892981e-06
  },
  "white_other_mass": 0.0006944363326510938,
  "black_reply_probs_cond_on_white": {
    "e2e4": {
      "fen_after_white": "rnbqkbnr/pppppppp/8/8/4P3/8/PPPP1PPP/RNBQKBNR b KQkq - 0 1",
      "black_reply_probs": {
        "c7c5": 0.39766833186149597,
        "e7e5": 0.4026714563369751,
        "e7e6": 0.006189555861055851,
        "c7c6": 0.03549984470009804,
        "d7d5": 0.06566783040761948,
        "g8f6": 0.04596931114792824,
        "g7g6": 0.0012788227759301662,
        "d7d6": 0.008325359784066677
      },
      "other_mass": 0.036729487124830484
    },
    "d2d4": {
      "fen_after_white": "rnbqkbnr/pppppppp/8/8/3P4/8/PPP1PPPP/RNBQKBNR b KQkq - 0 1",
      "black_reply_probs": {
        "c7c5": 0.0013580666854977608,
        "e7e5": 0.0053388746455311775,
        "e7e6": 0.0007231178460642695,
        "c7c6": 0.0001639734546188265,
        "d7d5": 0.009926429018378258,
        "g8f6": 0.9799449443817139,
        "g7g6": 0.0017416449263691902,
        "d7d6": 0.00011933156929444522
      },
      "other_mass": 0.0006836174725322053
    },
    "c2c4": {
      "fen_after_white": "rnbqkbnr/pppppppp/8/8/2P5/8/PP1PPPPP/RNBQKBNR b KQkq - 0 1",
      "black_reply_probs": {
        "c7c5": 0.011523318476974964,
        "e7e5": 0.5099713206291199,
        "e7e6": 0.0008380502695217729,
        "c7c6": 0.0003140839980915189,
        "d7d5": 0.003133753314614296,
        "g8f6": 0.4685002565383911,
        "g7g6": 0.0012379640247672796,
        "d7d6": 0.0006709678564220667
      },
      "other_mass": 0.0038102848920971155
    },
    "g1f3": {
      "fen_after_white": "rnbqkbnr/pppppppp/8/8/8/5N2/PPPPPPPP/RNBQKB1R b KQkq - 1 1",
      "black_reply_probs": {
        "c7c5": 0.03563908487558365,
        "e7e5": 0.09035724401473999,
        "e7e6": 0.0004076220793649554,
        "c7c6": 0.00031856884015724063,
        "d7d5": 0.06504862755537033,
        "g8f6": 0.8003319501876831,
        "g7g6": 0.001972953090444207,
        "d7d6": 0.0008170082583092153
      },
      "other_mass": 0.005106941098347306
    },
    "g2g3": {
      "fen_after_white": "rnbqkbnr/pppppppp/8/8/8/6P1/PPPPPP1P/RNBQKBNR b KQkq - 0 1",
      "black_reply_probs": {
        "c7c5": 0.015482635237276554,
        "e7e5": 0.7221928834915161,
        "e7e6": 0.0004340506566222757,
        "c7c6": 0.00039338687201961875,
        "d7d5": 0.044687241315841675,
        "g8f6": 0.2051754742860794,
        "g7g6": 0.0006665653781965375,
        "d7d6": 0.0005780229112133384
      },
      "other_mass": 0.01038973985123448
    },
    "b2b3": {
      "fen_after_white": "rnbqkbnr/pppppppp/8/8/8/1P6/P1PPPPPP/RNBQKBNR b KQkq - 0 1",
      "black_reply_probs": {
        "c7c5": 0.0031300156842917204,
        "e7e5": 0.7548443675041199,
        "e7e6": 0.000997066032141447,
        "c7c6": 0.00018666083633434027,
        "d7d5": 0.018128544092178345,
        "g8f6": 0.21715109050273895,
        "g7g6": 0.0031541374046355486,
        "d7d6": 0.0002176126290578395
      },
      "other_mass": 0.0021905053145019338
    },
    "f2f4": {
      "fen_after_white": "rnbqkbnr/pppppppp/8/8/5P2/8/PPPPP1PP/RNBQKBNR b KQkq - 0 1",
      "black_reply_probs": {
        "c7c5": 0.07755519449710846,
        "e7e5": 0.345876008272171,
        "e7e6": 0.010358774103224277,
        "c7c6": 0.00471199955791235,
        "d7d5": 0.1613469123840332,
        "g8f6": 0.36629748344421387,
        "g7g6": 0.0038993796333670616,
        "d7d6": 0.0045122308656573296
      },
      "other_mass": 0.02544201724231243
    },
    "b2b4": {
      "fen_after_white": "rnbqkbnr/pppppppp/8/8/1P6/8/P1PPPPPP/RNBQKBNR b KQkq - 0 1",
      "black_reply_probs": {
        "c7c5": 0.0006954961572773755,
        "e7e5": 0.6678333282470703,
        "e7e6": 0.008672772906720638,
        "c7c6": 0.0012338084634393454,
        "d7d5": 0.036344751715660095,
        "g8f6": 0.26717573404312134,
        "g7g6": 0.007208449766039848,
        "d7d6": 0.0010868206154555082
      },
      "other_mass": 0.009748838085215539
    },
    "a2a4": {
      "fen_after_white": "rnbqkbnr/pppppppp/8/8/P7/8/1PPPPPPP/RNBQKBNR b KQkq - 0 1",
      "black_reply_probs": {
        "c7c5": 0.0030951621010899544,
        "e7e5": 0.7545891404151917,
        "e7e6": 0.0004545051197055727,
        "c7c6": 0.00020167193724773824,
        "d7d5": 0.01681000366806984,
        "g8f6": 0.22081725299358368,
        "g7g6": 0.0002998942800331861,
        "d7d6": 0.00033021168201230466
      },
      "other_mass": 0.003402157803066075
    }
  },
  "meta": {
    "elo_self": 2800,
    "elo_oppo": 2800,
    "temperature": 1.0,
    "maia_type": "blitz",
    "white_moves_probed": [
      "e2e4",
      "d2d4",
      "c2c4",
      "g1f3",
      "g2g3",
      "b2b3",
      "f2f4",
      "b2b4",
      "a2a4"
    ],
    "black_replies_probed": [
      "c7c5",
      "e7e5",
      "e7e6",
      "c7c6",
      "d7d5",
      "g8f6",
      "g7g6",
      "d7d6"
    ]
  }
}