{
  "white_first_move_probs": {
    "e2e4": 0.9159120917320251,
    "d2d4": 0.00904176663607359,
    "c2c4": 0.003536476753652096,
    "g1f3": 0.07011710107326508,
    "g2g3": 5.651763785863295e-05,
    "b2b3": 0.0007155740167945623,
    "f2f4": 2.4848191969795153e-05,
    "b2b4": 1.934473402798176e-06,
    "a2a4": 3.382918521310785e-06
  },
  "white_other_mass": 0.0005903065664369933,
  "black_reply_probs_cond_on_white": {
    "e2e4": {
      "fen_after_white": "rnbqkbnr/pppppppp/8/8/4P3/8/PPPP1PPP/RNBQKBNR b KQkq - 0 1",
      "black_reply_probs": {
        "c7c5": 0.411731481552124,
        "e7e5": 0.36401697993278503,
        "e7e6": 0.007956322282552719,
        "c7c6": 0.06166817247867584,
        "d7d5": 0.06002366915345192,
        "g8f6": 0.047584716230630875,
        "g7g6": 0.0008019286906346679,
        "d7d6": 0.012007435783743858
      },
      "other_mass": 0.03420929389540106
    },
    "d2d4": {
      "fen_after_white": "rnbqkbnr/pppppppp/8/8/3P4/8/PPP1PPPP/RNBQKBNR b KQkq - 0 1",
      "black_reply_probs": {
        "c7c5": 0.0009480628650635481,
        "e7e5": 0.007665066979825497,
        "e7e6": 0.0007088281563483179,
        "c7c6": 0.0001590595638845116,
        "d7d5": 0.006969478912651539,
        "g8f6": 0.9824914336204529,
        "g7g6": 0.00048204194172285497,
        "d7d6": 0.0001046123870764859
      },
      "other_mass": 0.0004714155729743652
    },
    "c2c4": {
      "fen_after_white": "rnbqkbnr/pppppppp/8/8/2P5/8/PP1PPPPP/RNBQKBNR b KQkq - 0 1",
      "black_reply_probs": {
        "c7c5": 0.006683154962956905,
        "e7e5": 0.6005941033363342,
        "e7e6": 0.0006724214763380587,
        "c7c6": 0.00023742992198094726,
        "d7d5": 0.0017656994750723243,
        "g8f6": 0.38726934790611267,
        "g7g6": 0.00035722763277590275,
        "d7d6": 0.0005875012720935047
      },
      "other_mass": 0.0018331140163354576
    },
    "g1f3": {
      "fen_after_white": "rnbqkbnr/pppppppp/8/8/8/5N2/PPPPPPPP/RNBQKB1R b KQkq - 1 1",
      "black_reply_probs": {
        "c7c5": 0.02990862913429737,
        "e7e5": 0.1562882363796234,
        "e7e6": 0.000536655483301729,
        "c7c6": 0.0003854720271192491,
        "d7d5": 0.047482967376708984,
        "g8f6": 0.7596803903579712,
        "g7g6": 0.0008578863344155252,
        "d7d6": 0.001159580540843308
      },
      "other_mass": 0.003700182365719229
    },
    "g2g3": {
      "fen_after_white": "rnbqkbnr/pppppppp/8/8/8/6P1/PPPPPP1P/RNBQKBNR b KQkq - 0 1",
      "black_reply_probs": {
        "c7c5": 0.009611872024834156,
        "e7e5": 0.808013379573822,
        "e7e6": 0.00043707413715310395,
        "c7c6": 0.0004076582845300436,
        "d7d5": 0.02816051058471203,
        "g8f6": 0.1457565724849701,
        "g7g6": 0.0003161017957609147,
        "d7d6": 0.0005253013805486262
      },
      "other_mass": 0.006771529733669013
    },
    "b2b3": {
      "fen_after_white": "rnbqkbnr/pppppppp/8/8/8/1P6/P1PPPPPP/RNBQKBNR b KQkq - 0 1",
      "black_reply_probs": {
        "c7c5": 0.0018167818197980523,
        "e7e5": 0.8388826251029968,
        "e7e6": 0.001169089344330132,
        "c7c6": 0.00016792785027064383,
        "d7d5": 0.011373702436685562,
        "g8f6": 0.14362762868404388,
        "g7g6": 0.0013641122495755553,
        "d7d6": 0.0002084678562823683
      },
      "other_mass": 0.0013896646560169756
    },
    "f2f4": {
      "fen_after_white": "rnbqkbnr/pppppppp/8/8/5P2/8/PPPPP1PP/RNBQKBNR b KQkq - 0 1",
      "black_reply_probs": {
        "c7c5": 0.0455961748957634,
        "e7e5": 0.5855069756507874,
        "e7e6": 0.01246445719152689,
        "c7c6": 0.0038061384111642838,
        "d7d5": 0.09962701797485352,
        "g8f6": 0.23313769698143005,
        "g7g6": 0.0018023508600890636,
        "d7d6": 0.0038631795905530453
      },
      "other_mass": 0.014196008443832397
    },
    "b2b4": {
      "fen_after_white": "rnbqkbnr/pppppppp/8/8/1P6/8/P1PPPPPP/RNBQKBNR b KQkq - 0 1",
      "black_reply_probs": {
        "c7c5": 0.00040835782419890165,
        "e7e5": 0.7947514653205872,
        "e7e6": 0.009620106779038906,
        "c7c6": 0.0009869879577308893,
        "d7d5": 0.028475748375058174,
        "g8f6": 0.15220145881175995,
        "g7g6": 0.004899997729808092,
        "d7d6": 0.0012824166333302855
      },
      "other_mass": 0.007373460568487644
    },
    "a2a4": {
      "fen_after_white": "rnbqkbnr/pppppppp/8/8/P7/8/1PPPPPPP/RNBQKBNR b KQkq - 0 1",
      "black_reply_probs": {
        "c7c5": 0.001978434156626463,
        "e7e5": 0.8464152812957764,
        "e7e6": 0.0004123062826693058,
        "c7c6": 0.0002120980789186433,
        "d7d5": 0.0110409464687109,
        "g8f6": 0.1377590298652649,
        "g7g6": 9.844127635005862e-05,
        "d7d6": 0.00032302041654475033
      },
      "other_mass": 0.00176044215913862
    }
  },
  "meta": {
    "elo_self": 2800,
    "elo_oppo": 2800,
    "temperature": 1.0,
    "maia_type": "blitz",
    "white_moves_probed": [
      "e2e4",
      "d2d4",
      "c2c4",
      "g1f3",
      "g2g3",
      "b2b3",
      "f2f4",
      "b2b4",
      "a2a4"
    ],
    "black_replies_probed": [
      "c7c5",
      "e7e5",
      "e7e6",
      "c7c6",
      "d7d5",
      "g8f6",
      "g7g6",
      "d7d6"
    ]
  }
}