{
  "white_first_move_probs": {
    "e2e4": 0.8730776906013489,
    "d2d4": 0.015054227784276009,
    "c2c4": 0.01918448694050312,
    "g1f3": 0.0874774158000946,
    "g2g3": 0.00021453664521686733,
    "b2b3": 0.003800530219450593,
    "f2f4": 7.918726623756811e-05,
    "b2b4": 1.1021435966540594e-05,
    "a2a4": 1.4510024811897893e-05
  },
  "white_other_mass": 0.0010863932820939226,
  "black_reply_probs_cond_on_white": {
    "e2e4": {
      "fen_after_white": "rnbqkbnr/pppppppp/8/8/4P3/8/PPPP1PPP/RNBQKBNR b KQkq - 0 1",
      "black_reply_probs": {
        "c7c5": 0.5360523462295532,
        "e7e5": 0.27869927883148193,
        "e7e6": 0.006403200328350067,
        "c7c6": 0.053375907242298126,
        "d7d5": 0.0510362833738327,
        "g8f6": 0.02547224797308445,
        "g7g6": 0.0009419785346835852,
        "d7d6": 0.008835631422698498
      },
      "other_mass": 0.039183126064017415
    },
    "d2d4": {
      "fen_after_white": "rnbqkbnr/pppppppp/8/8/3P4/8/PPP1PPPP/RNBQKBNR b KQkq - 0 1",
      "black_reply_probs": {
        "c7c5": 0.0033517538104206324,
        "e7e5": 0.006273664068430662,
        "e7e6": 0.0009538442245684564,
        "c7c6": 0.0003941356553696096,
        "d7d5": 0.009473646059632301,
        "g8f6": 0.976810097694397,
        "g7g6": 0.0015359956305474043,
        "d7d6": 0.00016764459724072367
      },
      "other_mass": 0.0010392182593932375
    },
    "c2c4": {
      "fen_after_white": "rnbqkbnr/pppppppp/8/8/2P5/8/PP1PPPPP/RNBQKBNR b KQkq - 0 1",
      "black_reply_probs": {
        "c7c5": 0.02562074549496174,
        "e7e5": 0.5403706431388855,
        "e7e6": 0.0009558231686241925,
        "c7c6": 0.0007950227591209114,
        "d7d5": 0.0029859947971999645,
        "g8f6": 0.4201785922050476,
        "g7g6": 0.001118319109082222,
        "d7d6": 0.0010423234198242426
      },
      "other_mass": 0.006932535907253623
    },
    "g1f3": {
      "fen_after_white": "rnbqkbnr/pppppppp/8/8/8/5N2/PPPPPPPP/RNBQKB1R b KQkq - 1 1",
      "black_reply_probs": {
        "c7c5": 0.10771376639604568,
        "e7e5": 0.07663412392139435,
        "e7e6": 0.0004951382288709283,
        "c7c6": 0.000828392687253654,
        "d7d5": 0.05339520424604416,
        "g8f6": 0.7480397820472717,
        "g7g6": 0.0022658954840153456,
        "d7d6": 0.0013237083330750465
      },
      "other_mass": 0.009303988656029105
    },
    "g2g3": {
      "fen_after_white": "rnbqkbnr/pppppppp/8/8/8/6P1/PPPPPP1P/RNBQKBNR b KQkq - 0 1",
      "black_reply_probs": {
        "c7c5": 0.038300033658742905,
        "e7e5": 0.6950903534889221,
        "e7e6": 0.0007841766346246004,
        "c7c6": 0.0010616013314574957,
        "d7d5": 0.048570889979600906,
        "g8f6": 0.19216886162757874,
        "g7g6": 0.0008982942090369761,
        "d7d6": 0.0010795228881761432
      },
      "other_mass": 0.02204626618186012
    },
    "b2b3": {
      "fen_after_white": "rnbqkbnr/pppppppp/8/8/8/1P6/P1PPPPPP/RNBQKBNR b KQkq - 0 1",
      "black_reply_probs": {
        "c7c5": 0.007116194814443588,
        "e7e5": 0.7668604254722595,
        "e7e6": 0.0014241717290133238,
        "c7c6": 0.00040885197813622653,
        "d7d5": 0.017052721232175827,
        "g8f6": 0.1997462809085846,
        "g7g6": 0.0034745854791253805,
        "d7d6": 0.00034796871477738023
      },
      "other_mass": 0.0035687996714841574
    },
    "f2f4": {
      "fen_after_white": "rnbqkbnr/pppppppp/8/8/5P2/8/PPPPP1PP/RNBQKBNR b KQkq - 0 1",
      "black_reply_probs": {
        "c7c5": 0.14563071727752686,
        "e7e5": 0.34732651710510254,
        "e7e6": 0.014726245775818825,
        "c7c6": 0.009263665415346622,
        "d7d5": 0.13677245378494263,
        "g8f6": 0.292881578207016,
        "g7g6": 0.004840853624045849,
        "d7d6": 0.006277231965214014
      },
      "other_mass": 0.04228073684498668
    },
    "b2b4": {
      "fen_after_white": "rnbqkbnr/pppppppp/8/8/1P6/8/P1PPPPPP/RNBQKBNR b KQkq - 0 1",
      "black_reply_probs": {
        "c7c5": 0.0012819287367165089,
        "e7e5": 0.7176530957221985,
        "e7e6": 0.012643438763916492,
        "c7c6": 0.0023337833117693663,
        "d7d5": 0.03457461670041084,
        "g8f6": 0.20829400420188904,
        "g7g6": 0.008985758759081364,
        "d7d6": 0.002033683704212308
      },
      "other_mass": 0.012199690099805593
    },
    "a2a4": {
      "fen_after_white": "rnbqkbnr/pppppppp/8/8/P7/8/1PPPPPPP/RNBQKBNR b KQkq - 0 1",
      "black_reply_probs": {
        "c7c5": 0.008527718484401703,
        "e7e5": 0.7992271184921265,
        "e7e6": 0.0005947317695245147,
        "c7c6": 0.0005474110366776586,
        "d7d5": 0.01665382832288742,
        "g8f6": 0.1671460121870041,
        "g7g6": 0.0003107513184659183,
        "d7d6": 0.000572855758946389
      },
      "other_mass": 0.006419572629965842
    }
  },
  "meta": {
    "elo_self": 2800,
    "elo_oppo": 2800,
    "temperature": 1.0,
    "maia_type": "blitz",
    "white_moves_probed": [
      "e2e4",
      "d2d4",
      "c2c4",
      "g1f3",
      "g2g3",
      "b2b3",
      "f2f4",
      "b2b4",
      "a2a4"
    ],
    "black_replies_probed": [
      "c7c5",
      "e7e5",
      "e7e6",
      "c7c6",
      "d7d5",
      "g8f6",
      "g7g6",
      "d7d6"
    ]
  }
}