{
  "white_first_move_probs": {
    "e2e4": 0.8890371918678284,
    "d2d4": 0.025849655270576477,
    "c2c4": 0.01074585597962141,
    "g1f3": 0.07071342319250107,
    "g2g3": 0.0002545420720707625,
    "b2b3": 0.002608629409223795,
    "f2f4": 7.258732512127608e-05,
    "b2b4": 4.029674528283067e-06,
    "a2a4": 1.7048823792720214e-06
  },
  "white_other_mass": 0.0007123803261492867,
  "black_reply_probs_cond_on_white": {
    "e2e4": {
      "fen_after_white": "rnbqkbnr/pppppppp/8/8/4P3/8/PPPP1PPP/RNBQKBNR b KQkq - 0 1",
      "black_reply_probs": {
        "c7c5": 0.5326518416404724,
        "e7e5": 0.20839658379554749,
        "e7e6": 0.0059416163712739944,
        "c7c6": 0.08465588092803955,
        "d7d5": 0.07948589324951172,
        "g8f6": 0.027880148962140083,
        "g7g6": 0.0018830240005627275,
        "d7d6": 0.012138421647250652
      },
      "other_mass": 0.046966589405201375
    },
    "d2d4": {
      "fen_after_white": "rnbqkbnr/pppppppp/8/8/3P4/8/PPP1PPPP/RNBQKBNR b KQkq - 0 1",
      "black_reply_probs": {
        "c7c5": 0.0009983396157622337,
        "e7e5": 0.003739318810403347,
        "e7e6": 0.000330950366333127,
        "c7c6": 0.00010454414587002248,
        "d7d5": 0.006008689757436514,
        "g8f6": 0.9870338439941406,
        "g7g6": 0.0013060574419796467,
        "d7d6": 7.621635450050235e-05
      },
      "other_mass": 0.0004020395135739818
    },
    "c2c4": {
      "fen_after_white": "rnbqkbnr/pppppppp/8/8/2P5/8/PP1PPPPP/RNBQKBNR b KQkq - 0 1",
      "black_reply_probs": {
        "c7c5": 0.011235919781029224,
        "e7e5": 0.46607786417007446,
        "e7e6": 0.0005468458402901888,
        "c7c6": 0.0003057482826989144,
        "d7d5": 0.00295729236677289,
        "g8f6": 0.512898862361908,
        "g7g6": 0.0015638340264558792,
        "d7d6": 0.0008123081643134356
      },
      "other_mass": 0.0036013250064570457
    },
    "g1f3": {
      "fen_after_white": "rnbqkbnr/pppppppp/8/8/8/5N2/PPPPPPPP/RNBQKB1R b KQkq - 1 1",
      "black_reply_probs": {
        "c7c5": 0.05565926432609558,
        "e7e5": 0.0869370847940445,
        "e7e6": 0.00023086088185664266,
        "c7c6": 0.0004009059048257768,
        "d7d5": 0.0836566686630249,
        "g8f6": 0.76261305809021,
        "g7g6": 0.0037865156773477793,
        "d7d6": 0.0011932800989598036
      },
      "other_mass": 0.005522361563635059
    },
    "g2g3": {
      "fen_after_white": "rnbqkbnr/pppppppp/8/8/8/6P1/PPPPPP1P/RNBQKBNR b KQkq - 0 1",
      "black_reply_probs": {
        "c7c5": 0.018961075693368912,
        "e7e5": 0.7519930601119995,
        "e7e6": 0.0003694918123073876,
        "c7c6": 0.00045651476830244064,
        "d7d5": 0.05453719571232796,
        "g8f6": 0.15611085295677185,
        "g7g6": 0.0010334280086681247,
        "d7d6": 0.0007122242823243141
      },
      "other_mass": 0.015826156653929502
    },
    "b2b3": {
      "fen_after_white": "rnbqkbnr/pppppppp/8/8/8/1P6/P1PPPPPP/RNBQKBNR b KQkq - 0 1",
      "black_reply_probs": {
        "c7c5": 0.0030637739691883326,
        "e7e5": 0.7676682472229004,
        "e7e6": 0.0008788429549895227,
        "c7c6": 0.00017334795848000795,
        "d7d5": 0.01889702118933201,
        "g8f6": 0.20144081115722656,
        "g7g6": 0.0055409567430615425,
        "d7d6": 0.00022910884581506252
      },
      "other_mass": 0.0021078899590065703
    },
    "f2f4": {
      "fen_after_white": "rnbqkbnr/pppppppp/8/8/5P2/8/PPPPP1PP/RNBQKBNR b KQkq - 0 1",
      "black_reply_probs": {
        "c7c5": 0.08170764893293381,
        "e7e5": 0.40368160605430603,
        "e7e6": 0.010450592264533043,
        "c7c6": 0.0061295111663639545,
        "d7d5": 0.16634820401668549,
        "g8f6": 0.27799084782600403,
        "g7g6": 0.008538810536265373,
        "d7d6": 0.006010847166180611
      },
      "other_mass": 0.03914193203672767
    },
    "b2b4": {
      "fen_after_white": "rnbqkbnr/pppppppp/8/8/1P6/8/P1PPPPPP/RNBQKBNR b KQkq - 0 1",
      "black_reply_probs": {
        "c7c5": 0.00048451306065544486,
        "e7e5": 0.7562129497528076,
        "e7e6": 0.008706173859536648,
        "c7c6": 0.001032259431667626,
        "d7d5": 0.03538724035024643,
        "g8f6": 0.18201491236686707,
        "g7g6": 0.009105267934501171,
        "d7d6": 0.001388894161209464
      },
      "other_mass": 0.005667789082508534
    },
    "a2a4": {
      "fen_after_white": "rnbqkbnr/pppppppp/8/8/P7/8/1PPPPPPP/RNBQKBNR b KQkq - 0 1",
      "black_reply_probs": {
        "c7c5": 0.004198984242975712,
        "e7e5": 0.8100581169128418,
        "e7e6": 0.0003496970166452229,
        "c7c6": 0.00024801844847388566,
        "d7d5": 0.021595636382699013,
        "g8f6": 0.15910759568214417,
        "g7g6": 0.0003926244971808046,
        "d7d6": 0.0004506375698838383
      },
      "other_mass": 0.003598689247155562
    }
  },
  "meta": {
    "elo_self": 2800,
    "elo_oppo": 2800,
    "temperature": 1.0,
    "maia_type": "blitz",
    "white_moves_probed": [
      "e2e4",
      "d2d4",
      "c2c4",
      "g1f3",
      "g2g3",
      "b2b3",
      "f2f4",
      "b2b4",
      "a2a4"
    ],
    "black_replies_probed": [
      "c7c5",
      "e7e5",
      "e7e6",
      "c7c6",
      "d7d5",
      "g8f6",
      "g7g6",
      "d7d6"
    ]
  }
}