{
  "white_first_move_probs": {
    "e2e4": 0.609158992767334,
    "d2d4": 1.8320625372325594e-07,
    "c2c4": 1.6506501620058974e-15,
    "g1f3": 0.3908407986164093,
    "g2g3": 3.586035081442758e-17,
    "b2b3": 1.309987592542966e-15,
    "f2f4": 2.4757570261458098e-14,
    "b2b4": 9.35006252377275e-17,
    "a2a4": 2.792329684033367e-23
  },
  "white_other_mass": 2.540997512401333e-08,
  "black_reply_probs_cond_on_white": {
    "e2e4": {
      "fen_after_white": "rnbqkbnr/pppppppp/8/8/4P3/8/PPPP1PPP/RNBQKBNR b KQkq - 0 1",
      "black_reply_probs": {
        "c7c5": 9.278288207181795e-12,
        "e7e5": 0.5087875127792358,
        "e7e6": 2.0999191968629205e-11,
        "c7c6": 2.2256116598268087e-17,
        "d7d5": 1.210018581332406e-06,
        "g8f6": 0.4912112355232239,
        "g7g6": 1.7165046443143143e-15,
        "d7d6": 2.992374617950648e-14
      },
      "other_mass": 4.164864986222483e-08
    },
    "d2d4": {
      "fen_after_white": "rnbqkbnr/pppppppp/8/8/3P4/8/PPP1PPPP/RNBQKBNR b KQkq - 0 1",
      "black_reply_probs": {
        "c7c5": 5.346055328738213e-16,
        "e7e5": 0.19825145602226257,
        "e7e6": 5.076965323841387e-12,
        "c7c6": 1.3023554847863948e-21,
        "d7d5": 1.0679909223654249e-07,
        "g8f6": 0.8017484545707703,
        "g7g6": 3.4289405791013825e-17,
        "d7d6": 1.5461232522900626e-16
      },
      "other_mass": 0.0
    },
    "c2c4": {
      "fen_after_white": "rnbqkbnr/pppppppp/8/8/2P5/8/PP1PPPPP/RNBQKBNR b KQkq - 0 1",
      "black_reply_probs": {
        "c7c5": 7.015052330260757e-15,
        "e7e5": 0.38641154766082764,
        "e7e6": 7.894953787945802e-12,
        "c7c6": 1.1037503890646931e-19,
        "d7d5": 3.9218093661474995e-08,
        "g8f6": 0.6135883927345276,
        "g7g6": 3.756891023675709e-16,
        "d7d6": 1.879488394684382e-15
      },
      "other_mass": 2.0378646992114113e-08
    },
    "g1f3": {
      "fen_after_white": "rnbqkbnr/pppppppp/8/8/8/5N2/PPPPPPPP/RNBQKB1R b KQkq - 1 1",
      "black_reply_probs": {
        "c7c5": 1.2954565941020527e-14,
        "e7e5": 0.3809828460216522,
        "e7e6": 8.754696186746846e-13,
        "c7c6": 1.5532034985393556e-20,
        "d7d5": 2.4706645262995153e-07,
        "g8f6": 0.6190169453620911,
        "g7g6": 2.1661177530601163e-16,
        "d7d6": 8.074704205682161e-16
      },
      "other_mass": 0.0
    },
    "g2g3": {
      "fen_after_white": "rnbqkbnr/pppppppp/8/8/8/6P1/PPPPPP1P/RNBQKBNR b KQkq - 0 1",
      "black_reply_probs": {
        "c7c5": 2.3998742243133177e-14,
        "e7e5": 0.7445386052131653,
        "e7e6": 6.121578938200756e-13,
        "c7c6": 8.788466367305166e-20,
        "d7d5": 2.5403522840861115e-07,
        "g8f6": 0.25546109676361084,
        "g7g6": 3.6668289220699157e-16,
        "d7d6": 1.5601027634608864e-15
      },
      "other_mass": 4.3987357423169726e-08
    },
    "b2b3": {
      "fen_after_white": "rnbqkbnr/pppppppp/8/8/8/1P6/P1PPPPPP/RNBQKBNR b KQkq - 0 1",
      "black_reply_probs": {
        "c7c5": 4.336972802575548e-17,
        "e7e5": 0.5688723921775818,
        "e7e6": 3.041754673659136e-13,
        "c7c6": 3.6565906718818723e-22,
        "d7d5": 2.6126478758214944e-08,
        "g8f6": 0.43112751841545105,
        "g7g6": 1.5186568854863618e-16,
        "d7d6": 2.3369185719770467e-17
      },
      "other_mass": 6.328018409273994e-08
    },
    "f2f4": {
      "fen_after_white": "rnbqkbnr/pppppppp/8/8/5P2/8/PPPPP1PP/RNBQKBNR b KQkq - 0 1",
      "black_reply_probs": {
        "c7c5": 1.2139657565323793e-14,
        "e7e5": 0.5868057012557983,
        "e7e6": 3.2471891928814722e-12,
        "c7c6": 4.122075575603578e-20,
        "d7d5": 3.91199989735469e-07,
        "g8f6": 0.4131939709186554,
        "g7g6": 3.003221753636922e-16,
        "d7d6": 2.605734231901982e-15
      },
      "other_mass": 0.0
    },
    "b2b4": {
      "fen_after_white": "rnbqkbnr/pppppppp/8/8/1P6/8/P1PPPPPP/RNBQKBNR b KQkq - 0 1",
      "black_reply_probs": {
        "c7c5": 8.513453706597843e-18,
        "e7e5": 0.5804857611656189,
        "e7e6": 1.705208131815017e-12,
        "c7c6": 3.1949449787432117e-22,
        "d7d5": 3.650124824616796e-08,
        "g8f6": 0.41951414942741394,
        "g7g6": 1.0935125204137073e-16,
        "d7d6": 4.7330516952843145e-17
      },
      "other_mass": 5.290401361435215e-08
    },
    "a2a4": {
      "fen_after_white": "rnbqkbnr/pppppppp/8/8/P7/8/1PPPPPPP/RNBQKBNR b KQkq - 0 1",
      "black_reply_probs": {
        "c7c5": 2.5793426440292287e-16,
        "e7e5": 0.5877701640129089,
        "e7e6": 8.551088981866017e-13,
        "c7c6": 5.654586876470107e-21,
        "d7d5": 1.2246961489381647e-07,
        "g8f6": 0.41222965717315674,
        "g7g6": 1.669004638053959e-17,
        "d7d6": 3.564176734494371e-16
      },
      "other_mass": 5.6343463783470327e-08
    }
  },
  "meta": {
    "elo_self": 2800,
    "elo_oppo": 2800,
    "temperature": 1.0,
    "maia_type": "blitz",
    "white_moves_probed": [
      "e2e4",
      "d2d4",
      "c2c4",
      "g1f3",
      "g2g3",
      "b2b3",
      "f2f4",
      "b2b4",
      "a2a4"
    ],
    "black_replies_probed": [
      "c7c5",
      "e7e5",
      "e7e6",
      "c7c6",
      "d7d5",
      "g8f6",
      "g7g6",
      "d7d6"
    ]
  }
}