{
  "white_first_move_probs": {
    "e2e4": 0.8677200675010681,
    "d2d4": 0.02115568146109581,
    "c2c4": 0.007401927839964628,
    "g1f3": 0.1011989489197731,
    "g2g3": 0.0001456930476706475,
    "b2b3": 0.0016536941984668374,
    "f2f4": 6.356274388963357e-05,
    "b2b4": 3.976571861130651e-06,
    "a2a4": 3.804639163718093e-06
  },
  "white_other_mass": 0.0006526430770463776,
  "black_reply_probs_cond_on_white": {
    "e2e4": {
      "fen_after_white": "rnbqkbnr/pppppppp/8/8/4P3/8/PPPP1PPP/RNBQKBNR b KQkq - 0 1",
      "black_reply_probs": {
        "c7c5": 0.49326178431510925,
        "e7e5": 0.2647930681705475,
        "e7e6": 0.004427548963576555,
        "c7c6": 0.048628341406583786,
        "d7d5": 0.08457808941602707,
        "g8f6": 0.04288617521524429,
        "g7g6": 0.0012735080672428012,
        "d7d6": 0.014748478308320045
      },
      "other_mass": 0.04540300613734871
    },
    "d2d4": {
      "fen_after_white": "rnbqkbnr/pppppppp/8/8/3P4/8/PPP1PPPP/RNBQKBNR b KQkq - 0 1",
      "black_reply_probs": {
        "c7c5": 0.0010605056304484606,
        "e7e5": 0.003910663537681103,
        "e7e6": 0.0003713962796609849,
        "c7c6": 0.0001498405763413757,
        "d7d5": 0.009599193930625916,
        "g8f6": 0.9830085635185242,
        "g7g6": 0.0012579087633639574,
        "d7d6": 0.00013720840797759593
      },
      "other_mass": 0.0005047193553764373
    },
    "c2c4": {
      "fen_after_white": "rnbqkbnr/pppppppp/8/8/2P5/8/PP1PPPPP/RNBQKBNR b KQkq - 0 1",
      "black_reply_probs": {
        "c7c5": 0.012780812568962574,
        "e7e5": 0.42878806591033936,
        "e7e6": 0.00038950383896008134,
        "c7c6": 0.00031010067323222756,
        "d7d5": 0.0030176832806319,
        "g8f6": 0.5499439835548401,
        "g7g6": 0.0010063573718070984,
        "d7d6": 0.0008468432351946831
      },
      "other_mass": 0.0029166495660319924
    },
    "g1f3": {
      "fen_after_white": "rnbqkbnr/pppppppp/8/8/8/5N2/PPPPPPPP/RNBQKB1R b KQkq - 1 1",
      "black_reply_probs": {
        "c7c5": 0.049535226076841354,
        "e7e5": 0.06693677604198456,
        "e7e6": 0.00022319014533422887,
        "c7c6": 0.0004132902540732175,
        "d7d5": 0.0803465023636818,
        "g8f6": 0.7948503494262695,
        "g7g6": 0.0014302019262686372,
        "d7d6": 0.0011667825747281313
      },
      "other_mass": 0.005097681190818548
    },
    "g2g3": {
      "fen_after_white": "rnbqkbnr/pppppppp/8/8/8/6P1/PPPPPP1P/RNBQKBNR b KQkq - 0 1",
      "black_reply_probs": {
        "c7c5": 0.02166655845940113,
        "e7e5": 0.684333860874176,
        "e7e6": 0.0003784272412303835,
        "c7c6": 0.000546244322322309,
        "d7d5": 0.0652403011918068,
        "g8f6": 0.21431943774223328,
        "g7g6": 0.0007292761583812535,
        "d7d6": 0.0008124010637402534
      },
      "other_mass": 0.011973492946708575
    },
    "b2b3": {
      "fen_after_white": "rnbqkbnr/pppppppp/8/8/8/1P6/P1PPPPPP/RNBQKBNR b KQkq - 0 1",
      "black_reply_probs": {
        "c7c5": 0.003401469439268112,
        "e7e5": 0.7609189748764038,
        "e7e6": 0.0008111236384138465,
        "c7c6": 0.0002171794476453215,
        "d7d5": 0.021539753302931786,
        "g8f6": 0.2070092260837555,
        "g7g6": 0.0036647222004830837,
        "d7d6": 0.0002806025149766356
      },
      "other_mass": 0.002156948496121913
    },
    "f2f4": {
      "fen_after_white": "rnbqkbnr/pppppppp/8/8/5P2/8/PPPPP1PP/RNBQKBNR b KQkq - 0 1",
      "black_reply_probs": {
        "c7c5": 0.08015643060207367,
        "e7e5": 0.3394893407821655,
        "e7e6": 0.00778577895835042,
        "c7c6": 0.004732213914394379,
        "d7d5": 0.1844145506620407,
        "g8f6": 0.3503701090812683,
        "g7g6": 0.0039815655909478664,
        "d7d6": 0.005415600258857012
      },
      "other_mass": 0.023654410149902105
    },
    "b2b4": {
      "fen_after_white": "rnbqkbnr/pppppppp/8/8/1P6/8/P1PPPPPP/RNBQKBNR b KQkq - 0 1",
      "black_reply_probs": {
        "c7c5": 0.0006737728253938258,
        "e7e5": 0.7300791144371033,
        "e7e6": 0.009817010723054409,
        "c7c6": 0.0013315383112058043,
        "d7d5": 0.04539495334029198,
        "g8f6": 0.1863827258348465,
        "g7g6": 0.014455690048635006,
        "d7d6": 0.002115231938660145
      },
      "other_mass": 0.009749962540809065
    },
    "a2a4": {
      "fen_after_white": "rnbqkbnr/pppppppp/8/8/P7/8/1PPPPPPP/RNBQKBNR b KQkq - 0 1",
      "black_reply_probs": {
        "c7c5": 0.004548351280391216,
        "e7e5": 0.7452523112297058,
        "e7e6": 0.0003537204465828836,
        "c7c6": 0.00035876891342923045,
        "d7d5": 0.027061445638537407,
        "g8f6": 0.21741549670696259,
        "g7g6": 0.00027844999567605555,
        "d7d6": 0.0005565105821006
      },
      "other_mass": 0.004174945206614211
    }
  },
  "meta": {
    "elo_self": 2800,
    "elo_oppo": 2800,
    "temperature": 1.0,
    "maia_type": "blitz",
    "white_moves_probed": [
      "e2e4",
      "d2d4",
      "c2c4",
      "g1f3",
      "g2g3",
      "b2b3",
      "f2f4",
      "b2b4",
      "a2a4"
    ],
    "black_replies_probed": [
      "c7c5",
      "e7e5",
      "e7e6",
      "c7c6",
      "d7d5",
      "g8f6",
      "g7g6",
      "d7d6"
    ]
  }
}