{
  "white_first_move_probs": {
    "e2e4": 0.768541693687439,
    "d2d4": 0.056760627776384354,
    "c2c4": 0.007814906537532806,
    "g1f3": 0.12805120646953583,
    "g2g3": 0.0013883330393582582,
    "b2b3": 0.02453041449189186,
    "f2f4": 0.006743285339325666,
    "b2b4": 0.00019107859407085925,
    "a2a4": 8.176012488547713e-05
  },
  "white_other_mass": 0.0058966939395759255,
  "black_reply_probs_cond_on_white": {
    "e2e4": {
      "fen_after_white": "rnbqkbnr/pppppppp/8/8/4P3/8/PPPP1PPP/RNBQKBNR b KQkq - 0 1",
      "black_reply_probs": {
        "c7c5": 0.19632752239704132,
        "e7e5": 0.38041049242019653,
        "e7e6": 0.005416812840849161,
        "c7c6": 0.04158055782318115,
        "d7d5": 0.1447041779756546,
        "g8f6": 0.0754123106598854,
        "g7g6": 0.0035958229564130306,
        "d7d6": 0.007535238284617662
      },
      "other_mass": 0.14501706464216113
    },
    "d2d4": {
      "fen_after_white": "rnbqkbnr/pppppppp/8/8/3P4/8/PPP1PPPP/RNBQKBNR b KQkq - 0 1",
      "black_reply_probs": {
        "c7c5": 0.009693806059658527,
        "e7e5": 0.22273865342140198,
        "e7e6": 0.008177737705409527,
        "c7c6": 0.0030642955098301172,
        "d7d5": 0.18075931072235107,
        "g8f6": 0.536179780960083,
        "g7g6": 0.004658081568777561,
        "d7d6": 0.00154433015268296
      },
      "other_mass": 0.03318400389980525
    },
    "c2c4": {
      "fen_after_white": "rnbqkbnr/pppppppp/8/8/2P5/8/PP1PPPPP/RNBQKBNR b KQkq - 0 1",
      "black_reply_probs": {
        "c7c5": 0.015586007386446,
        "e7e5": 0.7389418482780457,
        "e7e6": 0.0026781975757330656,
        "c7c6": 0.0022408654913306236,
        "d7d5": 0.01716291345655918,
        "g8f6": 0.1586809903383255,
        "g7g6": 0.0033197752200067043,
        "d7d6": 0.001974490936845541
      },
      "other_mass": 0.05941491131670773
    },
    "g1f3": {
      "fen_after_white": "rnbqkbnr/pppppppp/8/8/8/5N2/PPPPPPPP/RNBQKB1R b KQkq - 1 1",
      "black_reply_probs": {
        "c7c5": 0.01727784425020218,
        "e7e5": 0.6037307381629944,
        "e7e6": 0.0013234837679192424,
        "c7c6": 0.0008730008266866207,
        "d7d5": 0.05483090505003929,
        "g8f6": 0.2927011549472809,
        "g7g6": 0.003382900496944785,
        "d7d6": 0.0011535859666764736
      },
      "other_mass": 0.02472638653125614
    },
    "g2g3": {
      "fen_after_white": "rnbqkbnr/pppppppp/8/8/8/6P1/PPPPPP1P/RNBQKBNR b KQkq - 0 1",
      "black_reply_probs": {
        "c7c5": 0.011188066564500332,
        "e7e5": 0.7309991121292114,
        "e7e6": 0.0011176576372236013,
        "c7c6": 0.0012457839911803603,
        "d7d5": 0.052067939192056656,
        "g8f6": 0.14453457295894623,
        "g7g6": 0.0027100129518657923,
        "d7d6": 0.0010067522525787354
      },
      "other_mass": 0.05513010232243687
    },
    "b2b3": {
      "fen_after_white": "rnbqkbnr/pppppppp/8/8/8/1P6/P1PPPPPP/RNBQKBNR b KQkq - 0 1",
      "black_reply_probs": {
        "c7c5": 0.0049435896798968315,
        "e7e5": 0.7805267572402954,
        "e7e6": 0.0018506913911551237,
        "c7c6": 0.0008910984033718705,
        "d7d5": 0.049899738281965256,
        "g8f6": 0.12831756472587585,
        "g7g6": 0.007349248975515366,
        "d7d6": 0.0006449646316468716
      },
      "other_mass": 0.025576346670277417
    },
    "f2f4": {
      "fen_after_white": "rnbqkbnr/pppppppp/8/8/5P2/8/PPPPP1PP/RNBQKBNR b KQkq - 0 1",
      "black_reply_probs": {
        "c7c5": 0.021969128400087357,
        "e7e5": 0.6843533515930176,
        "e7e6": 0.005580534692853689,
        "c7c6": 0.003221029881387949,
        "d7d5": 0.07581110298633575,
        "g8f6": 0.15657004714012146,
        "g7g6": 0.006353756878525019,
        "d7d6": 0.002235832391306758
      },
      "other_mass": 0.043905216036364436
    },
    "b2b4": {
      "fen_after_white": "rnbqkbnr/pppppppp/8/8/1P6/8/P1PPPPPP/RNBQKBNR b KQkq - 0 1",
      "black_reply_probs": {
        "c7c5": 0.0011869879672303796,
        "e7e5": 0.7362790107727051,
        "e7e6": 0.005267361178994179,
        "c7c6": 0.0024881938006728888,
        "d7d5": 0.06743192672729492,
        "g8f6": 0.145048588514328,
        "g7g6": 0.0057421959936618805,
        "d7d6": 0.001980389002710581
      },
      "other_mass": 0.03457534604240209
    },
    "a2a4": {
      "fen_after_white": "rnbqkbnr/pppppppp/8/8/P7/8/1PPPPPPP/RNBQKBNR b KQkq - 0 1",
      "black_reply_probs": {
        "c7c5": 0.005287142936140299,
        "e7e5": 0.7449656128883362,
        "e7e6": 0.0013169841840863228,
        "c7c6": 0.0010723784798756242,
        "d7d5": 0.05516979470849037,
        "g8f6": 0.1478254646062851,
        "g7g6": 0.0016102837398648262,
        "d7d6": 0.001200285623781383
      },
      "other_mass": 0.041552052833139896
    }
  },
  "meta": {
    "elo_self": 2800,
    "elo_oppo": 2800,
    "temperature": 1.0,
    "maia_type": "blitz",
    "white_moves_probed": [
      "e2e4",
      "d2d4",
      "c2c4",
      "g1f3",
      "g2g3",
      "b2b3",
      "f2f4",
      "b2b4",
      "a2a4"
    ],
    "black_replies_probed": [
      "c7c5",
      "e7e5",
      "e7e6",
      "c7c6",
      "d7d5",
      "g8f6",
      "g7g6",
      "d7d6"
    ]
  }
}