{"loss": 1.9482316048058168, "mean_logp_gap_policy_chosen_rejected": 2.366126466978706, "mean_logp_gap_base_chosen_rejected": 1.803979859976299, "mean_gap_improvement": 0.562146641310055, "top1_accuracy_on_chosen_policy": 0.43051480401131464, "top1_accuracy_on_chosen_base": 0.39690584159749576, "mean_p_chosen_policy": 0.34620726257999856, "mean_p_chosen_base": 0.3094382883469624, "mean_kl": 0.19616671870011715, "mean_ent_pi": 1.3512861362041617, "mean_ent_ref": 1.4637682603562345, "top1_precision": 0.4305148039477194, "top1_recall": 0.4305148039477194, "top1_f1": 0.43051480394771935, "top3_precision": 0.7655374766604428, "top3_recall": 0.7655374766604428, "top3_f1": 0.7655374766604429, "top5_precision": 0.8887703387570018, "top5_recall": 0.8887703387570018, "top5_f1": 0.8887703387570018, "top10_precision": 0.9709255801547079, "top10_recall": 0.9709255801547079, "top10_f1": 0.9709255801547079, "mean_logp_gap_policy_chosen_rejected_cond_on_not_in_top_ten": 1.2391996946227684, "mean_logp_gap_base_chosen_rejected_cond_on_not_in_top_ten": 1.2384149248010656, "mean_gap_improvement_cond_on_not_in_top_ten": 0.0007847701565603192, "top1_accuracy_on_chosen_policy_cond_on_not_in_top_ten": 0.21910112359550563, "top1_accuracy_on_chosen_base_cond_on_not_in_top_ten": 0.2247191011235955, "mean_p_chosen_policy_cond_on_not_in_top_ten": 0.17023203289797462, "mean_p_chosen_base_cond_on_not_in_top_ten": 0.17240097228613593, "mean_kl_cond_on_not_in_top_ten": 0.046894891472700775, "mean_ent_pi_cond_on_not_in_top_ten": 1.7431388221095117, "mean_ent_ref_cond_on_not_in_top_ten": 1.7637073776025451, "top1_precision_cond_on_not_in_top_ten": 0.21910112359550563, "top1_recall_cond_on_not_in_top_ten": 0.21910112359550563, "top1_f1_cond_on_not_in_top_ten": 0.21910112359550563, "top3_precision_cond_on_not_in_top_ten": 0.4606741573033708, "top3_recall_cond_on_not_in_top_ten": 0.4606741573033708, "top3_f1_cond_on_not_in_top_ten": 0.46067415730337086, "top5_precision_cond_on_not_in_top_ten": 0.6573033707865169, "top5_recall_cond_on_not_in_top_ten": 0.6573033707865169, "top5_f1_cond_on_not_in_top_ten": 0.6573033707865169, "top10_precision_cond_on_not_in_top_ten": 0.8370786516853933, "top10_recall_cond_on_not_in_top_ten": 0.8370786516853933, "top10_f1_cond_on_not_in_top_ten": 0.8370786516853934, "mean_logp_gap_policy_chosen_rejected_cond_on_in_top_ten": 2.4222992552541878, "mean_logp_gap_base_chosen_rejected_cond_on_in_top_ten": 1.8321709847106415, "mean_gap_improvement_cond_on_in_top_ten": 0.5901282708106071, "top1_accuracy_on_chosen_policy_cond_on_in_top_ten": 0.44105292635116217, "top1_accuracy_on_chosen_base_cond_on_in_top_ten": 0.40548865863903666, "mean_p_chosen_policy_cond_on_in_top_ten": 0.35497891910212176, "mean_p_chosen_base_cond_on_in_top_ten": 0.3162690450766295, "mean_kl_cond_on_in_top_ten": 0.2036073210082603, "mean_ent_pi_cond_on_in_top_ten": 1.3317538535253577, "mean_ent_ref_cond_on_in_top_ten": 1.448817500659168, "top1_precision_cond_on_in_top_ten": 0.44105292635116217, "top1_recall_cond_on_in_top_ten": 0.44105292635116217, "top1_f1_cond_on_in_top_ten": 0.44105292635116217, "top3_precision_cond_on_in_top_ten": 0.7807336880425652, "top3_recall_cond_on_in_top_ten": 0.7807336880425652, "top3_f1_cond_on_in_top_ten": 0.7807336880425652, "top5_precision_cond_on_in_top_ten": 0.9003080369644357, "top5_recall_cond_on_in_top_ten": 0.9003080369644357, "top5_f1_cond_on_in_top_ten": 0.9003080369644356, "top10_precision_cond_on_in_top_ten": 0.9775973116774013, "top10_recall_cond_on_in_top_ten": 0.9775973116774013, "top10_f1_cond_on_in_top_ten": 0.9775973116774013}