{"loss": 1.956078181809888, "mean_logp_gap_policy_chosen_rejected": 2.375272981689338, "mean_logp_gap_base_chosen_rejected": 1.803979859976299, "mean_gap_improvement": 0.5712931203437538, "top1_accuracy_on_chosen_policy": 0.4323819685885352, "top1_accuracy_on_chosen_base": 0.39690584159749576, "mean_p_chosen_policy": 0.34627585408368977, "mean_p_chosen_base": 0.3094382883469624, "mean_kl": 0.19325288731945645, "mean_ent_pi": 1.3496160392730705, "mean_ent_ref": 1.4637682603562345, "top1_precision": 0.43238196852494, "top1_recall": 0.43238196852494, "top1_f1": 0.43238196852494, "top3_precision": 0.7647372632702054, "top3_recall": 0.7647372632702054, "top3_f1": 0.7647372632702054, "top5_precision": 0.8877033875700187, "top5_recall": 0.8877033875700187, "top5_f1": 0.8877033875700185, "top10_precision": 0.9709255801547079, "top10_recall": 0.9709255801547079, "top10_f1": 0.9709255801547079, "mean_logp_gap_policy_chosen_rejected_cond_on_not_in_top_ten": 1.2282203690389568, "mean_logp_gap_base_chosen_rejected_cond_on_not_in_top_ten": 1.2384149248010656, "mean_gap_improvement_cond_on_not_in_top_ten": -0.010194556096966347, "top1_accuracy_on_chosen_policy_cond_on_not_in_top_ten": 0.21910112359550563, "top1_accuracy_on_chosen_base_cond_on_not_in_top_ten": 0.2247191011235955, "mean_p_chosen_policy_cond_on_not_in_top_ten": 0.17129594894206013, "mean_p_chosen_base_cond_on_not_in_top_ten": 0.17240097228613593, "mean_kl_cond_on_not_in_top_ten": 0.04294812519317807, "mean_ent_pi_cond_on_not_in_top_ten": 1.7356428721647583, "mean_ent_ref_cond_on_not_in_top_ten": 1.7637073776025451, "top1_precision_cond_on_not_in_top_ten": 0.21910112359550563, "top1_recall_cond_on_not_in_top_ten": 0.21910112359550563, "top1_f1_cond_on_not_in_top_ten": 0.21910112359550563, "top3_precision_cond_on_not_in_top_ten": 0.4606741573033708, "top3_recall_cond_on_not_in_top_ten": 0.4606741573033708, "top3_f1_cond_on_not_in_top_ten": 0.46067415730337086, "top5_precision_cond_on_not_in_top_ten": 0.6404494382022472, "top5_recall_cond_on_not_in_top_ten": 0.6404494382022472, "top5_f1_cond_on_not_in_top_ten": 0.6404494382022472, "top10_precision_cond_on_not_in_top_ten": 0.8370786516853933, "top10_recall_cond_on_not_in_top_ten": 0.8370786516853933, "top10_f1_cond_on_not_in_top_ten": 0.8370786516853934, "mean_logp_gap_policy_chosen_rejected_cond_on_in_top_ten": 2.432448928795486, "mean_logp_gap_base_chosen_rejected_cond_on_in_top_ten": 1.8321709847106415, "mean_gap_improvement_cond_on_in_top_ten": 0.600277944184992, "top1_accuracy_on_chosen_policy_cond_on_in_top_ten": 0.4430131615793895, "top1_accuracy_on_chosen_base_cond_on_in_top_ten": 0.40548865863903666, "mean_p_chosen_policy_cond_on_in_top_ten": 0.3549979019835806, "mean_p_chosen_base_cond_on_in_top_ten": 0.3162690450766295, "mean_kl_cond_on_in_top_ten": 0.20074497647434011, "mean_ent_pi_cond_on_in_top_ten": 1.3303741598464638, "mean_ent_ref_cond_on_in_top_ten": 1.448817500659168, "top1_precision_cond_on_in_top_ten": 0.4430131615793895, "top1_recall_cond_on_in_top_ten": 0.4430131615793895, "top1_f1_cond_on_in_top_ten": 0.4430131615793896, "top3_precision_cond_on_in_top_ten": 0.7798935872304676, "top3_recall_cond_on_in_top_ten": 0.7798935872304676, "top3_f1_cond_on_in_top_ten": 0.7798935872304676, "top5_precision_cond_on_in_top_ten": 0.9000280033604032, "top5_recall_cond_on_in_top_ten": 0.9000280033604032, "top5_f1_cond_on_in_top_ten": 0.9000280033604031, "top10_precision_cond_on_in_top_ten": 0.9775973116774013, "top10_recall_cond_on_in_top_ten": 0.9775973116774013, "top10_f1_cond_on_in_top_ten": 0.9775973116774013}