{"loss": 0.6311981705513977, "mean_logp_gap_policy_chosen_rejected": 9.331886790034993, "mean_logp_gap_base_chosen_rejected": 1.803979859976299, "mean_gap_improvement": 7.527906938345949, "top1_accuracy_on_chosen_policy": 0.360896239048737, "top1_accuracy_on_chosen_base": 0.39690584159749576, "mean_p_chosen_policy": 0.3561395880428115, "mean_p_chosen_base": 0.3094382883469624, "mean_kl": 0.9120823835557097, "mean_ent_pi": 0.33932639018921384, "mean_ent_ref": 1.4637682603562345, "top1_precision": 0.3608962389970659, "top1_recall": 0.3608962389970659, "top1_f1": 0.3608962389970659, "top3_precision": 0.6791144305148039, "top3_recall": 0.6791144305148039, "top3_f1": 0.6791144305148039, "top5_precision": 0.7900773539610563, "top5_recall": 0.7900773539610563, "top5_f1": 0.7900773539610563, "top10_precision": 0.9133102160576153, "top10_recall": 0.9133102160576153, "top10_f1": 0.9133102160576154, "mean_logp_gap_policy_chosen_rejected_cond_on_not_in_top_ten": 5.813985751586014, "mean_logp_gap_base_chosen_rejected_cond_on_not_in_top_ten": 1.2384149248010656, "mean_gap_improvement_cond_on_not_in_top_ten": 4.5755708271198055, "top1_accuracy_on_chosen_policy_cond_on_not_in_top_ten": 0.2247191011235955, "top1_accuracy_on_chosen_base_cond_on_not_in_top_ten": 0.2247191011235955, "mean_p_chosen_policy_cond_on_not_in_top_ten": 0.21539120183197813, "mean_p_chosen_base_cond_on_not_in_top_ten": 0.17240097228613593, "mean_kl_cond_on_not_in_top_ten": 0.9597048312844185, "mean_ent_pi_cond_on_not_in_top_ten": 0.3678612835386516, "mean_ent_ref_cond_on_not_in_top_ten": 1.7637073776025451, "top1_precision_cond_on_not_in_top_ten": 0.2247191011235955, "top1_recall_cond_on_not_in_top_ten": 0.2247191011235955, "top1_f1_cond_on_not_in_top_ten": 0.2247191011235955, "top3_precision_cond_on_not_in_top_ten": 0.48314606741573035, "top3_recall_cond_on_not_in_top_ten": 0.48314606741573035, "top3_f1_cond_on_not_in_top_ten": 0.4831460674157303, "top5_precision_cond_on_not_in_top_ten": 0.601123595505618, "top5_recall_cond_on_not_in_top_ten": 0.601123595505618, "top5_f1_cond_on_not_in_top_ten": 0.601123595505618, "top10_precision_cond_on_not_in_top_ten": 0.797752808988764, "top10_recall_cond_on_not_in_top_ten": 0.797752808988764, "top10_f1_cond_on_not_in_top_ten": 0.797752808988764, "mean_logp_gap_policy_chosen_rejected_cond_on_in_top_ten": 9.507240088104167, "mean_logp_gap_base_chosen_rejected_cond_on_in_top_ten": 1.8321709847106415, "mean_gap_improvement_cond_on_in_top_ten": 7.675069114668501, "top1_accuracy_on_chosen_policy_cond_on_in_top_ten": 0.36768412209465134, "top1_accuracy_on_chosen_base_cond_on_in_top_ten": 0.40548865863903666, "mean_p_chosen_policy_cond_on_in_top_ten": 0.3631553247472033, "mean_p_chosen_base_cond_on_in_top_ten": 0.3162690450766295, "mean_kl_cond_on_in_top_ten": 0.9097086052520884, "mean_ent_pi_cond_on_in_top_ten": 0.3379040394082347, "mean_ent_ref_cond_on_in_top_ten": 1.448817500659168, "top1_precision_cond_on_in_top_ten": 0.36768412209465134, "top1_recall_cond_on_in_top_ten": 0.36768412209465134, "top1_f1_cond_on_in_top_ten": 0.3676841220946514, "top3_precision_cond_on_in_top_ten": 0.6888826659199104, "top3_recall_cond_on_in_top_ten": 0.6888826659199104, "top3_f1_cond_on_in_top_ten": 0.6888826659199104, "top5_precision_cond_on_in_top_ten": 0.7994959395127416, "top5_recall_cond_on_in_top_ten": 0.7994959395127416, "top5_f1_cond_on_in_top_ten": 0.7994959395127416, "top10_precision_cond_on_in_top_ten": 0.9190702884346121, "top10_recall_cond_on_in_top_ten": 0.9190702884346121, "top10_f1_cond_on_in_top_ten": 0.919070288434612}