{"loss": 1.9603320085770226, "mean_logp_gap_policy_chosen_rejected": 2.334165349082013, "mean_logp_gap_base_chosen_rejected": 1.803979859976299, "mean_gap_improvement": 0.5301855133255662, "top1_accuracy_on_chosen_policy": 0.42864763929895416, "top1_accuracy_on_chosen_base": 0.39690584159749576, "mean_p_chosen_policy": 0.34516079894349744, "mean_p_chosen_base": 0.3094382883469624, "mean_kl": 0.1986658290703278, "mean_ent_pi": 1.3516355064844379, "mean_ent_ref": 1.4637682603562345, "top1_precision": 0.4286476393704988, "top1_recall": 0.4286476393704988, "top1_f1": 0.4286476393704988, "top3_precision": 0.7682048546279008, "top3_recall": 0.7682048546279008, "top3_f1": 0.7682048546279007, "top5_precision": 0.8877033875700187, "top5_recall": 0.8877033875700187, "top5_f1": 0.8877033875700185, "top10_precision": 0.9706588423579621, "top10_recall": 0.9706588423579621, "top10_f1": 0.970658842357962, "mean_logp_gap_policy_chosen_rejected_cond_on_not_in_top_ten": 1.2260209643438962, "mean_logp_gap_base_chosen_rejected_cond_on_not_in_top_ten": 1.2384149248010656, "mean_gap_improvement_cond_on_not_in_top_ten": -0.012393960457169608, "top1_accuracy_on_chosen_policy_cond_on_not_in_top_ten": 0.21910112359550563, "top1_accuracy_on_chosen_base_cond_on_not_in_top_ten": 0.2247191011235955, "mean_p_chosen_policy_cond_on_not_in_top_ten": 0.17080880700228754, "mean_p_chosen_base_cond_on_not_in_top_ten": 0.17240097228613593, "mean_kl_cond_on_not_in_top_ten": 0.04522602584636823, "mean_ent_pi_cond_on_not_in_top_ten": 1.7442210738578539, "mean_ent_ref_cond_on_not_in_top_ten": 1.7637073776025451, "top1_precision_cond_on_not_in_top_ten": 0.21910112359550563, "top1_recall_cond_on_not_in_top_ten": 0.21910112359550563, "top1_f1_cond_on_not_in_top_ten": 0.21910112359550563, "top3_precision_cond_on_not_in_top_ten": 0.4606741573033708, "top3_recall_cond_on_not_in_top_ten": 0.4606741573033708, "top3_f1_cond_on_not_in_top_ten": 0.46067415730337086, "top5_precision_cond_on_not_in_top_ten": 0.6404494382022472, "top5_recall_cond_on_not_in_top_ten": 0.6404494382022472, "top5_f1_cond_on_not_in_top_ten": 0.6404494382022472, "top10_precision_cond_on_not_in_top_ten": 0.8370786516853933, "top10_recall_cond_on_not_in_top_ten": 0.8370786516853933, "top10_f1_cond_on_not_in_top_ten": 0.8370786516853934, "mean_logp_gap_policy_chosen_rejected_cond_on_in_top_ten": 2.389401906705377, "mean_logp_gap_base_chosen_rejected_cond_on_in_top_ten": 1.8321709847106415, "mean_gap_improvement_cond_on_in_top_ten": 0.5572309226540416, "top1_accuracy_on_chosen_policy_cond_on_in_top_ten": 0.43909269112293475, "top1_accuracy_on_chosen_base_cond_on_in_top_ten": 0.40548865863903666, "mean_p_chosen_policy_cond_on_in_top_ten": 0.35385154643508665, "mean_p_chosen_base_cond_on_in_top_ten": 0.3162690450766295, "mean_kl_cond_on_in_top_ten": 0.20631418685954622, "mean_ent_pi_cond_on_in_top_ten": 1.332066694913965, "mean_ent_ref_cond_on_in_top_ten": 1.448817500659168, "top1_precision_cond_on_in_top_ten": 0.43909269112293475, "top1_recall_cond_on_in_top_ten": 0.43909269112293475, "top1_f1_cond_on_in_top_ten": 0.43909269112293475, "top3_precision_cond_on_in_top_ten": 0.78353402408289, "top3_recall_cond_on_in_top_ten": 0.78353402408289, "top3_f1_cond_on_in_top_ten": 0.78353402408289, "top5_precision_cond_on_in_top_ten": 0.9000280033604032, "top5_recall_cond_on_in_top_ten": 0.9000280033604032, "top5_f1_cond_on_in_top_ten": 0.9000280033604031, "top10_precision_cond_on_in_top_ten": 0.9773172780733688, "top10_recall_cond_on_in_top_ten": 0.9773172780733688, "top10_f1_cond_on_in_top_ten": 0.9773172780733687}