{"loss": 1.8078506895305952, "mean_logp_gap_policy_chosen_rejected": 2.2233562279968586, "mean_logp_gap_base_chosen_rejected": 1.803979859976299, "mean_gap_improvement": 0.4193763729074568, "top1_accuracy_on_chosen_policy": 0.42918111489244576, "top1_accuracy_on_chosen_base": 0.39690584159749576, "mean_p_chosen_policy": 0.33933217540904026, "mean_p_chosen_base": 0.3094382883469624, "mean_kl": 0.20232342146724566, "mean_ent_pi": 1.418251903383342, "mean_ent_ref": 1.4637682603562345, "top1_precision": 0.4291811149639904, "top1_recall": 0.4291811149639904, "top1_f1": 0.4291811149639904, "top3_precision": 0.7698052814083756, "top3_recall": 0.7698052814083756, "top3_f1": 0.7698052814083756, "top5_precision": 0.889837289943985, "top5_recall": 0.889837289943985, "top5_f1": 0.889837289943985, "top10_precision": 0.9714590557481996, "top10_recall": 0.9714590557481996, "top10_f1": 0.9714590557481996, "mean_logp_gap_policy_chosen_rejected_cond_on_not_in_top_ten": 1.124605954363105, "mean_logp_gap_base_chosen_rejected_cond_on_not_in_top_ten": 1.2384149248010656, "mean_gap_improvement_cond_on_not_in_top_ten": -0.11380897043796068, "top1_accuracy_on_chosen_policy_cond_on_not_in_top_ten": 0.21348314606741572, "top1_accuracy_on_chosen_base_cond_on_not_in_top_ten": 0.2247191011235955, "mean_p_chosen_policy_cond_on_not_in_top_ten": 0.16447468453300776, "mean_p_chosen_base_cond_on_not_in_top_ten": 0.17240097228613593, "mean_kl_cond_on_not_in_top_ten": 0.05460661698101361, "mean_ent_pi_cond_on_not_in_top_ten": 1.8222482988003934, "mean_ent_ref_cond_on_not_in_top_ten": 1.7637073776025451, "top1_precision_cond_on_not_in_top_ten": 0.21348314606741572, "top1_recall_cond_on_not_in_top_ten": 0.21348314606741572, "top1_f1_cond_on_not_in_top_ten": 0.21348314606741572, "top3_precision_cond_on_not_in_top_ten": 0.46629213483146065, "top3_recall_cond_on_not_in_top_ten": 0.46629213483146065, "top3_f1_cond_on_not_in_top_ten": 0.46629213483146065, "top5_precision_cond_on_not_in_top_ten": 0.6573033707865169, "top5_recall_cond_on_not_in_top_ten": 0.6573033707865169, "top5_f1_cond_on_not_in_top_ten": 0.6573033707865169, "top10_precision_cond_on_not_in_top_ten": 0.8426966292134831, "top10_recall_cond_on_not_in_top_ten": 0.8426966292134831, "top10_f1_cond_on_not_in_top_ten": 0.8426966292134831, "mean_logp_gap_policy_chosen_rejected_cond_on_in_top_ten": 2.2781245034387285, "mean_logp_gap_base_chosen_rejected_cond_on_in_top_ten": 1.8321709847106415, "mean_gap_improvement_cond_on_in_top_ten": 0.44595351947084994, "top1_accuracy_on_chosen_policy_cond_on_in_top_ten": 0.4399327919350322, "top1_accuracy_on_chosen_base_cond_on_in_top_ten": 0.40548865863903666, "mean_p_chosen_policy_cond_on_in_top_ten": 0.34804811827575444, "mean_p_chosen_base_cond_on_in_top_ten": 0.3162690450766295, "mean_kl_cond_on_in_top_ten": 0.20968650921151513, "mean_ent_pi_cond_on_in_top_ten": 1.3981143159788436, "mean_ent_ref_cond_on_in_top_ten": 1.448817500659168, "top1_precision_cond_on_in_top_ten": 0.4399327919350322, "top1_recall_cond_on_in_top_ten": 0.4399327919350322, "top1_f1_cond_on_in_top_ten": 0.4399327919350322, "top3_precision_cond_on_in_top_ten": 0.7849341921030524, "top3_recall_cond_on_in_top_ten": 0.7849341921030524, "top3_f1_cond_on_in_top_ten": 0.7849341921030524, "top5_precision_cond_on_in_top_ten": 0.9014281713805656, "top5_recall_cond_on_in_top_ten": 0.9014281713805656, "top5_f1_cond_on_in_top_ten": 0.9014281713805656, "top10_precision_cond_on_in_top_ten": 0.9778773452814338, "top10_recall_cond_on_in_top_ten": 0.9778773452814338, "top10_f1_cond_on_in_top_ten": 0.9778773452814339}