{"loss": 0.5246003052017536, "mean_logp_gap_policy_chosen_rejected": 5.222333881212063, "mean_logp_gap_base_chosen_rejected": 1.803979859976299, "mean_gap_improvement": 3.4183540476546206, "top1_accuracy_on_chosen_policy": 0.3937049879252545, "top1_accuracy_on_chosen_base": 0.39690584159749576, "mean_p_chosen_policy": 0.3749112948898507, "mean_p_chosen_base": 0.3094382883469624, "mean_kl": 0.449791887047196, "mean_ent_pi": 0.6192119801066722, "mean_ent_ref": 1.4637682603562345, "top1_precision": 0.39370498799679915, "top1_recall": 0.39370498799679915, "top1_f1": 0.39370498799679915, "top3_precision": 0.7388636969858629, "top3_recall": 0.7388636969858629, "top3_f1": 0.7388636969858629, "top5_precision": 0.8644971992531342, "top5_recall": 0.8644971992531342, "top5_f1": 0.8644971992531342, "top10_precision": 0.9610562816751134, "top10_recall": 0.9610562816751134, "top10_f1": 0.9610562816751133, "mean_logp_gap_policy_chosen_rejected_cond_on_not_in_top_ten": 3.08927832945679, "mean_logp_gap_base_chosen_rejected_cond_on_not_in_top_ten": 1.2384149248010656, "mean_gap_improvement_cond_on_not_in_top_ten": 1.850863405660297, "top1_accuracy_on_chosen_policy_cond_on_not_in_top_ten": 0.25280898876404495, "top1_accuracy_on_chosen_base_cond_on_not_in_top_ten": 0.2247191011235955, "mean_p_chosen_policy_cond_on_not_in_top_ten": 0.2220630310730523, "mean_p_chosen_base_cond_on_not_in_top_ten": 0.17240097228613593, "mean_kl_cond_on_not_in_top_ten": 0.39777000221224984, "mean_ent_pi_cond_on_not_in_top_ten": 0.7803168798629404, "mean_ent_ref_cond_on_not_in_top_ten": 1.7637073776025451, "top1_precision_cond_on_not_in_top_ten": 0.25280898876404495, "top1_recall_cond_on_not_in_top_ten": 0.25280898876404495, "top1_f1_cond_on_not_in_top_ten": 0.25280898876404495, "top3_precision_cond_on_not_in_top_ten": 0.4606741573033708, "top3_recall_cond_on_not_in_top_ten": 0.4606741573033708, "top3_f1_cond_on_not_in_top_ten": 0.46067415730337086, "top5_precision_cond_on_not_in_top_ten": 0.6853932584269663, "top5_recall_cond_on_not_in_top_ten": 0.6853932584269663, "top5_f1_cond_on_not_in_top_ten": 0.6853932584269663, "top10_precision_cond_on_not_in_top_ten": 0.8764044943820225, "top10_recall_cond_on_not_in_top_ten": 0.8764044943820225, "top10_f1_cond_on_not_in_top_ten": 0.8764044943820225, "mean_logp_gap_policy_chosen_rejected_cond_on_in_top_ten": 5.3286581505116075, "mean_logp_gap_base_chosen_rejected_cond_on_in_top_ten": 1.8321709847106415, "mean_gap_improvement_cond_on_in_top_ten": 3.4964871676453555, "top1_accuracy_on_chosen_policy_cond_on_in_top_ten": 0.40072808737048443, "top1_accuracy_on_chosen_base_cond_on_in_top_ten": 0.40548865863903666, "mean_p_chosen_policy_cond_on_in_top_ten": 0.38253016423658026, "mean_p_chosen_base_cond_on_in_top_ten": 0.3162690450766295, "mean_kl_cond_on_in_top_ten": 0.4523849707701451, "mean_ent_pi_cond_on_in_top_ten": 0.6111815523281496, "mean_ent_ref_cond_on_in_top_ten": 1.448817500659168, "top1_precision_cond_on_in_top_ten": 0.40072808737048443, "top1_recall_cond_on_in_top_ten": 0.40072808737048443, "top1_f1_cond_on_in_top_ten": 0.40072808737048443, "top3_precision_cond_on_in_top_ten": 0.7527303276393167, "top3_recall_cond_on_in_top_ten": 0.7527303276393167, "top3_f1_cond_on_in_top_ten": 0.7527303276393167, "top5_precision_cond_on_in_top_ten": 0.8734248109773173, "top5_recall_cond_on_in_top_ten": 0.8734248109773173, "top5_f1_cond_on_in_top_ten": 0.8734248109773173, "top10_precision_cond_on_in_top_ten": 0.965275833099972, "top10_recall_cond_on_in_top_ten": 0.965275833099972, "top10_f1_cond_on_in_top_ten": 0.965275833099972}