{"loss": 0.5817902988514986, "mean_logp_gap_policy_chosen_rejected": 8.302503902706569, "mean_logp_gap_base_chosen_rejected": 1.803979859976299, "mean_gap_improvement": 6.49852399810628, "top1_accuracy_on_chosen_policy": 0.3731661777109679, "top1_accuracy_on_chosen_base": 0.39690584159749576, "mean_p_chosen_policy": 0.36702173073058386, "mean_p_chosen_base": 0.3094382883469624, "mean_kl": 0.7936648260628137, "mean_ent_pi": 0.3668801883008519, "mean_ent_ref": 1.4637682603562345, "top1_precision": 0.37316617764737264, "top1_recall": 0.37316617764737264, "top1_f1": 0.37316617764737264, "top3_precision": 0.7012536676447052, "top3_recall": 0.7012536676447052, "top3_f1": 0.7012536676447052, "top5_precision": 0.8226193651640438, "top5_recall": 0.8226193651640438, "top5_f1": 0.8226193651640438, "top10_precision": 0.9359829287810083, "top10_recall": 0.9359829287810083, "top10_f1": 0.9359829287810083, "mean_logp_gap_policy_chosen_rejected_cond_on_not_in_top_ten": 5.317794918344262, "mean_logp_gap_base_chosen_rejected_cond_on_not_in_top_ten": 1.2384149248010656, "mean_gap_improvement_cond_on_not_in_top_ten": 4.079379969098595, "top1_accuracy_on_chosen_policy_cond_on_not_in_top_ten": 0.2247191011235955, "top1_accuracy_on_chosen_base_cond_on_not_in_top_ten": 0.2247191011235955, "mean_p_chosen_policy_cond_on_not_in_top_ten": 0.22334138167112955, "mean_p_chosen_base_cond_on_not_in_top_ten": 0.17240097228613593, "mean_kl_cond_on_not_in_top_ten": 0.839367496142729, "mean_ent_pi_cond_on_not_in_top_ten": 0.40086434155075573, "mean_ent_ref_cond_on_not_in_top_ten": 1.7637073776025451, "top1_precision_cond_on_not_in_top_ten": 0.2247191011235955, "top1_recall_cond_on_not_in_top_ten": 0.2247191011235955, "top1_f1_cond_on_not_in_top_ten": 0.2247191011235955, "top3_precision_cond_on_not_in_top_ten": 0.48314606741573035, "top3_recall_cond_on_not_in_top_ten": 0.48314606741573035, "top3_f1_cond_on_not_in_top_ten": 0.4831460674157303, "top5_precision_cond_on_not_in_top_ten": 0.6404494382022472, "top5_recall_cond_on_not_in_top_ten": 0.6404494382022472, "top5_f1_cond_on_not_in_top_ten": 0.6404494382022472, "top10_precision_cond_on_not_in_top_ten": 0.848314606741573, "top10_recall_cond_on_not_in_top_ten": 0.848314606741573, "top10_f1_cond_on_not_in_top_ten": 0.848314606741573, "mean_logp_gap_policy_chosen_rejected_cond_on_in_top_ten": 8.451279617589384, "mean_logp_gap_base_chosen_rejected_cond_on_in_top_ten": 1.8321709847106415, "mean_gap_improvement_cond_on_in_top_ten": 6.619108635816411, "top1_accuracy_on_chosen_policy_cond_on_in_top_ten": 0.3805656678801456, "top1_accuracy_on_chosen_base_cond_on_in_top_ten": 0.40548865863903666, "mean_p_chosen_policy_cond_on_in_top_ten": 0.37418362001543065, "mean_p_chosen_base_cond_on_in_top_ten": 0.3162690450766295, "mean_kl_cond_on_in_top_ten": 0.7913867328110104, "mean_ent_pi_cond_on_in_top_ten": 0.3651862161464806, "mean_ent_ref_cond_on_in_top_ten": 1.448817500659168, "top1_precision_cond_on_in_top_ten": 0.3805656678801456, "top1_recall_cond_on_in_top_ten": 0.3805656678801456, "top1_f1_cond_on_in_top_ten": 0.3805656678801456, "top3_precision_cond_on_in_top_ten": 0.7121254550546066, "top3_recall_cond_on_in_top_ten": 0.7121254550546066, "top3_f1_cond_on_in_top_ten": 0.7121254550546066, "top5_precision_cond_on_in_top_ten": 0.8316998039764771, "top5_recall_cond_on_in_top_ten": 0.8316998039764771, "top5_f1_cond_on_in_top_ten": 0.831699803976477, "top10_precision_cond_on_in_top_ten": 0.940352842341081, "top10_recall_cond_on_in_top_ten": 0.940352842341081, "top10_f1_cond_on_in_top_ten": 0.940352842341081}