{"loss": 1.8051016008291094, "mean_logp_gap_policy_chosen_rejected": 2.2316443546115954, "mean_logp_gap_base_chosen_rejected": 1.803979859976299, "mean_gap_improvement": 0.42766449625498776, "top1_accuracy_on_chosen_policy": 0.4355828221494848, "top1_accuracy_on_chosen_base": 0.39690584159749576, "mean_p_chosen_policy": 0.339978732007699, "mean_p_chosen_base": 0.3094382883469624, "mean_kl": 0.20102382034548252, "mean_ent_pi": 1.4190594422782252, "mean_ent_ref": 1.4637682603562345, "top1_precision": 0.43558282208588955, "top1_recall": 0.43558282208588955, "top1_f1": 0.43558282208588955, "top3_precision": 0.7703387570018672, "top3_recall": 0.7703387570018672, "top3_f1": 0.7703387570018672, "top5_precision": 0.8887703387570018, "top5_recall": 0.8887703387570018, "top5_f1": 0.8887703387570018, "top10_precision": 0.9711923179514538, "top10_recall": 0.9711923179514538, "top10_f1": 0.9711923179514538, "mean_logp_gap_policy_chosen_rejected_cond_on_not_in_top_ten": 1.130971005793368, "mean_logp_gap_base_chosen_rejected_cond_on_not_in_top_ten": 1.2384149248010656, "mean_gap_improvement_cond_on_not_in_top_ten": -0.1074439190076978, "top1_accuracy_on_chosen_policy_cond_on_not_in_top_ten": 0.21348314606741572, "top1_accuracy_on_chosen_base_cond_on_not_in_top_ten": 0.2247191011235955, "mean_p_chosen_policy_cond_on_not_in_top_ten": 0.16545446695562624, "mean_p_chosen_base_cond_on_not_in_top_ten": 0.17240097228613593, "mean_kl_cond_on_not_in_top_ten": 0.05075342701538728, "mean_ent_pi_cond_on_not_in_top_ten": 1.8224949336118912, "mean_ent_ref_cond_on_not_in_top_ten": 1.7637073776025451, "top1_precision_cond_on_not_in_top_ten": 0.21348314606741572, "top1_recall_cond_on_not_in_top_ten": 0.21348314606741572, "top1_f1_cond_on_not_in_top_ten": 0.21348314606741572, "top3_precision_cond_on_not_in_top_ten": 0.4606741573033708, "top3_recall_cond_on_not_in_top_ten": 0.4606741573033708, "top3_f1_cond_on_not_in_top_ten": 0.46067415730337086, "top5_precision_cond_on_not_in_top_ten": 0.6404494382022472, "top5_recall_cond_on_not_in_top_ten": 0.6404494382022472, "top5_f1_cond_on_not_in_top_ten": 0.6404494382022472, "top10_precision_cond_on_not_in_top_ten": 0.848314606741573, "top10_recall_cond_on_not_in_top_ten": 0.848314606741573, "top10_f1_cond_on_not_in_top_ten": 0.848314606741573, "mean_logp_gap_policy_chosen_rejected_cond_on_in_top_ten": 2.2865084852617485, "mean_logp_gap_base_chosen_rejected_cond_on_in_top_ten": 1.8321709847106415, "mean_gap_improvement_cond_on_in_top_ten": 0.454337501168685, "top1_accuracy_on_chosen_policy_cond_on_in_top_ten": 0.4466535984318118, "top1_accuracy_on_chosen_base_cond_on_in_top_ten": 0.40548865863903666, "mean_p_chosen_policy_cond_on_in_top_ten": 0.3486780664333369, "mean_p_chosen_base_cond_on_in_top_ten": 0.3162690450766295, "mean_kl_cond_on_in_top_ten": 0.20851419506898675, "mean_ent_pi_cond_on_in_top_ten": 1.3989497992453679, "mean_ent_ref_cond_on_in_top_ten": 1.448817500659168, "top1_precision_cond_on_in_top_ten": 0.4466535984318118, "top1_recall_cond_on_in_top_ten": 0.4466535984318118, "top1_f1_cond_on_in_top_ten": 0.44665359843181174, "top3_precision_cond_on_in_top_ten": 0.7857742929151498, "top3_recall_cond_on_in_top_ten": 0.7857742929151498, "top3_f1_cond_on_in_top_ten": 0.7857742929151498, "top5_precision_cond_on_in_top_ten": 0.9011481377765331, "top5_recall_cond_on_in_top_ten": 0.9011481377765331, "top5_f1_cond_on_in_top_ten": 0.901148137776533, "top10_precision_cond_on_in_top_ten": 0.9773172780733688, "top10_recall_cond_on_in_top_ten": 0.9773172780733688, "top10_f1_cond_on_in_top_ten": 0.9773172780733687}