{"loss": 1.8028340477026377, "mean_logp_gap_policy_chosen_rejected": 2.213164485853874, "mean_logp_gap_base_chosen_rejected": 1.803979859976299, "mean_gap_improvement": 0.40918464739264154, "top1_accuracy_on_chosen_policy": 0.432648706385281, "top1_accuracy_on_chosen_base": 0.39690584159749576, "mean_p_chosen_policy": 0.34059585700053535, "mean_p_chosen_base": 0.3094382883469624, "mean_kl": 0.1987812431873473, "mean_ent_pi": 1.412856837945736, "mean_ent_ref": 1.4637682603562345, "top1_precision": 0.4326487063216858, "top1_recall": 0.4326487063216858, "top1_f1": 0.4326487063216858, "top3_precision": 0.7698052814083756, "top3_recall": 0.7698052814083756, "top3_f1": 0.7698052814083756, "top5_precision": 0.889837289943985, "top5_recall": 0.889837289943985, "top5_f1": 0.889837289943985, "top10_precision": 0.9706588423579621, "top10_recall": 0.9706588423579621, "top10_f1": 0.970658842357962, "mean_logp_gap_policy_chosen_rejected_cond_on_not_in_top_ten": 1.151507890626286, "mean_logp_gap_base_chosen_rejected_cond_on_not_in_top_ten": 1.2384149248010656, "mean_gap_improvement_cond_on_not_in_top_ten": -0.08690703450963738, "top1_accuracy_on_chosen_policy_cond_on_not_in_top_ten": 0.21348314606741572, "top1_accuracy_on_chosen_base_cond_on_not_in_top_ten": 0.2247191011235955, "mean_p_chosen_policy_cond_on_not_in_top_ten": 0.16605851258554027, "mean_p_chosen_base_cond_on_not_in_top_ten": 0.17240097228613593, "mean_kl_cond_on_not_in_top_ten": 0.051572484971453135, "mean_ent_pi_cond_on_not_in_top_ten": 1.811565986677502, "mean_ent_ref_cond_on_not_in_top_ten": 1.7637073776025451, "top1_precision_cond_on_not_in_top_ten": 0.21348314606741572, "top1_recall_cond_on_not_in_top_ten": 0.21348314606741572, "top1_f1_cond_on_not_in_top_ten": 0.21348314606741572, "top3_precision_cond_on_not_in_top_ten": 0.4550561797752809, "top3_recall_cond_on_not_in_top_ten": 0.4550561797752809, "top3_f1_cond_on_not_in_top_ten": 0.4550561797752809, "top5_precision_cond_on_not_in_top_ten": 0.6460674157303371, "top5_recall_cond_on_not_in_top_ten": 0.6460674157303371, "top5_f1_cond_on_not_in_top_ten": 0.6460674157303371, "top10_precision_cond_on_not_in_top_ten": 0.8314606741573034, "top10_recall_cond_on_not_in_top_ten": 0.8314606741573034, "top10_f1_cond_on_not_in_top_ten": 0.8314606741573034, "mean_logp_gap_policy_chosen_rejected_cond_on_in_top_ten": 2.266083804942152, "mean_logp_gap_base_chosen_rejected_cond_on_in_top_ten": 1.8321709847106415, "mean_gap_improvement_cond_on_in_top_ten": 0.43391282133313663, "top1_accuracy_on_chosen_policy_cond_on_in_top_ten": 0.4435732287874545, "top1_accuracy_on_chosen_base_cond_on_in_top_ten": 0.40548865863903666, "mean_p_chosen_policy_cond_on_in_top_ten": 0.34929584577230716, "mean_p_chosen_base_cond_on_in_top_ten": 0.3162690450766295, "mean_kl_cond_on_in_top_ten": 0.2061190058649507, "mean_ent_pi_cond_on_in_top_ten": 1.3929827703572226, "mean_ent_ref_cond_on_in_top_ten": 1.448817500659168, "top1_precision_cond_on_in_top_ten": 0.4435732287874545, "top1_recall_cond_on_in_top_ten": 0.4435732287874545, "top1_f1_cond_on_in_top_ten": 0.4435732287874545, "top3_precision_cond_on_in_top_ten": 0.7854942593111174, "top3_recall_cond_on_in_top_ten": 0.7854942593111174, "top3_f1_cond_on_in_top_ten": 0.7854942593111174, "top5_precision_cond_on_in_top_ten": 0.9019882385886306, "top5_recall_cond_on_in_top_ten": 0.9019882385886306, "top5_f1_cond_on_in_top_ten": 0.9019882385886306, "top10_precision_cond_on_in_top_ten": 0.9775973116774013, "top10_recall_cond_on_in_top_ten": 0.9775973116774013, "top10_f1_cond_on_in_top_ten": 0.9775973116774013}