{"loss": 1.7415564053851658, "mean_logp_gap_policy_chosen_rejected": 2.152885395833797, "mean_logp_gap_base_chosen_rejected": 1.803979859976299, "mean_gap_improvement": 0.3489055372198269, "top1_accuracy_on_chosen_policy": 0.4329154441820268, "top1_accuracy_on_chosen_base": 0.39690584159749576, "mean_p_chosen_policy": 0.33619116754269845, "mean_p_chosen_base": 0.3094382883469624, "mean_kl": 0.19702147929582653, "mean_ent_pi": 1.4474855561229698, "mean_ent_ref": 1.4637682603562345, "top1_precision": 0.4329154441184316, "top1_recall": 0.4329154441184316, "top1_f1": 0.4329154441184316, "top3_precision": 0.7698052814083756, "top3_recall": 0.7698052814083756, "top3_f1": 0.7698052814083756, "top5_precision": 0.8895705521472392, "top5_recall": 0.8895705521472392, "top5_f1": 0.8895705521472392, "top10_precision": 0.9714590557481996, "top10_recall": 0.9714590557481996, "top10_f1": 0.9714590557481996, "mean_logp_gap_policy_chosen_rejected_cond_on_not_in_top_ten": 1.1141512635048856, "mean_logp_gap_base_chosen_rejected_cond_on_not_in_top_ten": 1.2384149248010656, "mean_gap_improvement_cond_on_not_in_top_ten": -0.12426366129618012, "top1_accuracy_on_chosen_policy_cond_on_not_in_top_ten": 0.21348314606741572, "top1_accuracy_on_chosen_base_cond_on_not_in_top_ten": 0.2247191011235955, "mean_p_chosen_policy_cond_on_not_in_top_ten": 0.16445634719054672, "mean_p_chosen_base_cond_on_not_in_top_ten": 0.17240097228613593, "mean_kl_cond_on_not_in_top_ten": 0.04793237054228699, "mean_ent_pi_cond_on_not_in_top_ten": 1.8600890458969588, "mean_ent_ref_cond_on_not_in_top_ten": 1.7637073776025451, "top1_precision_cond_on_not_in_top_ten": 0.21348314606741572, "top1_recall_cond_on_not_in_top_ten": 0.21348314606741572, "top1_f1_cond_on_not_in_top_ten": 0.21348314606741572, "top3_precision_cond_on_not_in_top_ten": 0.46629213483146065, "top3_recall_cond_on_not_in_top_ten": 0.46629213483146065, "top3_f1_cond_on_not_in_top_ten": 0.46629213483146065, "top5_precision_cond_on_not_in_top_ten": 0.6348314606741573, "top5_recall_cond_on_not_in_top_ten": 0.6348314606741573, "top5_f1_cond_on_not_in_top_ten": 0.6348314606741573, "top10_precision_cond_on_not_in_top_ten": 0.8539325842696629, "top10_recall_cond_on_not_in_top_ten": 0.8539325842696629, "top10_f1_cond_on_not_in_top_ten": 0.8539325842696629, "mean_logp_gap_policy_chosen_rejected_cond_on_in_top_ten": 2.204662100302676, "mean_logp_gap_base_chosen_rejected_cond_on_in_top_ten": 1.8321709847106415, "mean_gap_improvement_cond_on_in_top_ten": 0.37249111620961234, "top1_accuracy_on_chosen_policy_cond_on_in_top_ten": 0.443853262391487, "top1_accuracy_on_chosen_base_cond_on_in_top_ten": 0.40548865863903666, "mean_p_chosen_policy_cond_on_in_top_ten": 0.34475145598103757, "mean_p_chosen_base_cond_on_in_top_ten": 0.3162690450766295, "mean_kl_cond_on_in_top_ten": 0.20445297181696873, "mean_ent_pi_cond_on_in_top_ten": 1.4269189295616889, "mean_ent_ref_cond_on_in_top_ten": 1.448817500659168, "top1_precision_cond_on_in_top_ten": 0.443853262391487, "top1_recall_cond_on_in_top_ten": 0.443853262391487, "top1_f1_cond_on_in_top_ten": 0.443853262391487, "top3_precision_cond_on_in_top_ten": 0.7849341921030524, "top3_recall_cond_on_in_top_ten": 0.7849341921030524, "top3_f1_cond_on_in_top_ten": 0.7849341921030524, "top5_precision_cond_on_in_top_ten": 0.9022682721926631, "top5_recall_cond_on_in_top_ten": 0.9022682721926631, "top5_f1_cond_on_in_top_ten": 0.9022682721926631, "top10_precision_cond_on_in_top_ten": 0.9773172780733688, "top10_recall_cond_on_in_top_ten": 0.9773172780733688, "top10_f1_cond_on_in_top_ten": 0.9773172780733687}