{"loss": 1.7392681062809783, "mean_logp_gap_policy_chosen_rejected": 2.1662755469801778, "mean_logp_gap_base_chosen_rejected": 1.803979859976299, "mean_gap_improvement": 0.3622957187895776, "top1_accuracy_on_chosen_policy": 0.4345158709625016, "top1_accuracy_on_chosen_base": 0.39690584159749576, "mean_p_chosen_policy": 0.33692457652324104, "mean_p_chosen_base": 0.3094382883469624, "mean_kl": 0.20088843900136993, "mean_ent_pi": 1.4438665366929575, "mean_ent_ref": 1.4637682603562345, "top1_precision": 0.43451587089890636, "top1_recall": 0.43451587089890636, "top1_f1": 0.4345158708989063, "top3_precision": 0.7703387570018672, "top3_recall": 0.7703387570018672, "top3_f1": 0.7703387570018672, "top5_precision": 0.8895705521472392, "top5_recall": 0.8895705521472392, "top5_f1": 0.8895705521472392, "top10_precision": 0.9717257935449454, "top10_recall": 0.9717257935449454, "top10_f1": 0.9717257935449454, "mean_logp_gap_policy_chosen_rejected_cond_on_not_in_top_ten": 1.0983386562111672, "mean_logp_gap_base_chosen_rejected_cond_on_not_in_top_ten": 1.2384149248010656, "mean_gap_improvement_cond_on_not_in_top_ten": -0.140076268924756, "top1_accuracy_on_chosen_policy_cond_on_not_in_top_ten": 0.21348314606741572, "top1_accuracy_on_chosen_base_cond_on_not_in_top_ten": 0.2247191011235955, "mean_p_chosen_policy_cond_on_not_in_top_ten": 0.16315490356427792, "mean_p_chosen_base_cond_on_not_in_top_ten": 0.17240097228613593, "mean_kl_cond_on_not_in_top_ten": 0.05535407290595134, "mean_ent_pi_cond_on_not_in_top_ten": 1.857328132966931, "mean_ent_ref_cond_on_not_in_top_ten": 1.7637073776025451, "top1_precision_cond_on_not_in_top_ten": 0.21348314606741572, "top1_recall_cond_on_not_in_top_ten": 0.21348314606741572, "top1_f1_cond_on_not_in_top_ten": 0.21348314606741572, "top3_precision_cond_on_not_in_top_ten": 0.4606741573033708, "top3_recall_cond_on_not_in_top_ten": 0.4606741573033708, "top3_f1_cond_on_not_in_top_ten": 0.46067415730337086, "top5_precision_cond_on_not_in_top_ten": 0.6460674157303371, "top5_recall_cond_on_not_in_top_ten": 0.6460674157303371, "top5_f1_cond_on_not_in_top_ten": 0.6460674157303371, "top10_precision_cond_on_not_in_top_ten": 0.848314606741573, "top10_recall_cond_on_not_in_top_ten": 0.848314606741573, "top10_f1_cond_on_not_in_top_ten": 0.848314606741573, "mean_logp_gap_policy_chosen_rejected_cond_on_in_top_ten": 2.2195079227316383, "mean_logp_gap_base_chosen_rejected_cond_on_in_top_ten": 1.8321709847106415, "mean_gap_improvement_cond_on_in_top_ten": 0.3873369398069662, "top1_accuracy_on_chosen_policy_cond_on_in_top_ten": 0.4455334640156819, "top1_accuracy_on_chosen_base_cond_on_in_top_ten": 0.40548865863903666, "mean_p_chosen_policy_cond_on_in_top_ten": 0.3455862964921964, "mean_p_chosen_base_cond_on_in_top_ten": 0.3162690450766295, "mean_kl_cond_on_in_top_ten": 0.2081427433312698, "mean_ent_pi_cond_on_in_top_ten": 1.4232571371222027, "mean_ent_ref_cond_on_in_top_ten": 1.448817500659168, "top1_precision_cond_on_in_top_ten": 0.4455334640156819, "top1_recall_cond_on_in_top_ten": 0.4455334640156819, "top1_f1_cond_on_in_top_ten": 0.4455334640156819, "top3_precision_cond_on_in_top_ten": 0.7857742929151498, "top3_recall_cond_on_in_top_ten": 0.7857742929151498, "top3_f1_cond_on_in_top_ten": 0.7857742929151498, "top5_precision_cond_on_in_top_ten": 0.9017082049845981, "top5_recall_cond_on_in_top_ten": 0.9017082049845981, "top5_f1_cond_on_in_top_ten": 0.9017082049845981, "top10_precision_cond_on_in_top_ten": 0.9778773452814338, "top10_recall_cond_on_in_top_ten": 0.9778773452814338, "top10_f1_cond_on_in_top_ten": 0.9778773452814339}