{"loss": 1.813595017231951, "mean_logp_gap_policy_chosen_rejected": 2.2219081185410325, "mean_logp_gap_base_chosen_rejected": 1.803979859976299, "mean_gap_improvement": 0.41792829385810804, "top1_accuracy_on_chosen_policy": 0.4329154440468869, "top1_accuracy_on_chosen_base": 0.39690584159749576, "mean_p_chosen_policy": 0.34024460581929944, "mean_p_chosen_base": 0.3094382883469624, "mean_kl": 0.19761205863661688, "mean_ent_pi": 1.411527096573338, "mean_ent_ref": 1.4637682603562345, "top1_precision": 0.4329154441184316, "top1_recall": 0.4329154441184316, "top1_f1": 0.4329154441184316, "top3_precision": 0.7703387570018672, "top3_recall": 0.7703387570018672, "top3_f1": 0.7703387570018672, "top5_precision": 0.8893038143504934, "top5_recall": 0.8893038143504934, "top5_f1": 0.8893038143504934, "top10_precision": 0.9709255801547079, "top10_recall": 0.9709255801547079, "top10_f1": 0.9709255801547079, "mean_logp_gap_policy_chosen_rejected_cond_on_not_in_top_ten": 1.1434167841177307, "mean_logp_gap_base_chosen_rejected_cond_on_not_in_top_ten": 1.2384149248010656, "mean_gap_improvement_cond_on_not_in_top_ten": -0.09499814068333487, "top1_accuracy_on_chosen_policy_cond_on_not_in_top_ten": 0.21348314606741572, "top1_accuracy_on_chosen_base_cond_on_not_in_top_ten": 0.2247191011235955, "mean_p_chosen_policy_cond_on_not_in_top_ten": 0.16621890333982683, "mean_p_chosen_base_cond_on_not_in_top_ten": 0.17240097228613593, "mean_kl_cond_on_not_in_top_ten": 0.04963367237719927, "mean_ent_pi_cond_on_not_in_top_ten": 1.8161737280950119, "mean_ent_ref_cond_on_not_in_top_ten": 1.7637073776025451, "top1_precision_cond_on_not_in_top_ten": 0.21348314606741572, "top1_recall_cond_on_not_in_top_ten": 0.21348314606741572, "top1_f1_cond_on_not_in_top_ten": 0.21348314606741572, "top3_precision_cond_on_not_in_top_ten": 0.4606741573033708, "top3_recall_cond_on_not_in_top_ten": 0.4606741573033708, "top3_f1_cond_on_not_in_top_ten": 0.46067415730337086, "top5_precision_cond_on_not_in_top_ten": 0.651685393258427, "top5_recall_cond_on_not_in_top_ten": 0.651685393258427, "top5_f1_cond_on_not_in_top_ten": 0.651685393258427, "top10_precision_cond_on_not_in_top_ten": 0.8426966292134831, "top10_recall_cond_on_not_in_top_ten": 0.8426966292134831, "top10_f1_cond_on_not_in_top_ten": 0.8426966292134831, "mean_logp_gap_policy_chosen_rejected_cond_on_in_top_ten": 2.2756666003138837, "mean_logp_gap_base_chosen_rejected_cond_on_in_top_ten": 1.8321709847106415, "mean_gap_improvement_cond_on_in_top_ten": 0.44349561582022906, "top1_accuracy_on_chosen_policy_cond_on_in_top_ten": 0.443853262391487, "top1_accuracy_on_chosen_base_cond_on_in_top_ten": 0.40548865863903666, "mean_p_chosen_policy_cond_on_in_top_ten": 0.34891908527910925, "mean_p_chosen_base_cond_on_in_top_ten": 0.3162690450766295, "mean_kl_cond_on_in_top_ten": 0.20498818625250423, "mean_ent_pi_cond_on_in_top_ten": 1.3913570704508194, "mean_ent_ref_cond_on_in_top_ten": 1.448817500659168, "top1_precision_cond_on_in_top_ten": 0.443853262391487, "top1_recall_cond_on_in_top_ten": 0.443853262391487, "top1_f1_cond_on_in_top_ten": 0.443853262391487, "top3_precision_cond_on_in_top_ten": 0.7857742929151498, "top3_recall_cond_on_in_top_ten": 0.7857742929151498, "top3_f1_cond_on_in_top_ten": 0.7857742929151498, "top5_precision_cond_on_in_top_ten": 0.9011481377765331, "top5_recall_cond_on_in_top_ten": 0.9011481377765331, "top5_f1_cond_on_in_top_ten": 0.901148137776533, "top10_precision_cond_on_in_top_ten": 0.9773172780733688, "top10_recall_cond_on_in_top_ten": 0.9773172780733688, "top10_f1_cond_on_in_top_ten": 0.9773172780733687}