{"loss": 1.740875014752571, "mean_logp_gap_policy_chosen_rejected": 2.1612897366961024, "mean_logp_gap_base_chosen_rejected": 1.803979859976299, "mean_gap_improvement": 0.3573099121503049, "top1_accuracy_on_chosen_policy": 0.4337156575722642, "top1_accuracy_on_chosen_base": 0.39690584159749576, "mean_p_chosen_policy": 0.33585641001122385, "mean_p_chosen_base": 0.3094382883469624, "mean_kl": 0.19714271112785606, "mean_ent_pi": 1.4489765754856405, "mean_ent_ref": 1.4637682603562345, "top1_precision": 0.433715657508669, "top1_recall": 0.433715657508669, "top1_f1": 0.433715657508669, "top3_precision": 0.7671379034409176, "top3_recall": 0.7671379034409176, "top3_f1": 0.7671379034409176, "top5_precision": 0.8893038143504934, "top5_recall": 0.8893038143504934, "top5_f1": 0.8893038143504934, "top10_precision": 0.9706588423579621, "top10_recall": 0.9706588423579621, "top10_f1": 0.970658842357962, "mean_logp_gap_policy_chosen_rejected_cond_on_not_in_top_ten": 1.0864222059758861, "mean_logp_gap_base_chosen_rejected_cond_on_not_in_top_ten": 1.2384149248010656, "mean_gap_improvement_cond_on_not_in_top_ten": -0.15199271849032198, "top1_accuracy_on_chosen_policy_cond_on_not_in_top_ten": 0.21348314606741572, "top1_accuracy_on_chosen_base_cond_on_not_in_top_ten": 0.2247191011235955, "mean_p_chosen_policy_cond_on_not_in_top_ten": 0.16364905954698483, "mean_p_chosen_base_cond_on_not_in_top_ten": 0.17240097228613593, "mean_kl_cond_on_not_in_top_ten": 0.05235103632878052, "mean_ent_pi_cond_on_not_in_top_ten": 1.859758450409, "mean_ent_ref_cond_on_not_in_top_ten": 1.7637073776025451, "top1_precision_cond_on_not_in_top_ten": 0.21348314606741572, "top1_recall_cond_on_not_in_top_ten": 0.21348314606741572, "top1_f1_cond_on_not_in_top_ten": 0.21348314606741572, "top3_precision_cond_on_not_in_top_ten": 0.46629213483146065, "top3_recall_cond_on_not_in_top_ten": 0.46629213483146065, "top3_f1_cond_on_not_in_top_ten": 0.46629213483146065, "top5_precision_cond_on_not_in_top_ten": 0.6404494382022472, "top5_recall_cond_on_not_in_top_ten": 0.6404494382022472, "top5_f1_cond_on_not_in_top_ten": 0.6404494382022472, "top10_precision_cond_on_not_in_top_ten": 0.8370786516853933, "top10_recall_cond_on_not_in_top_ten": 0.8370786516853933, "top10_f1_cond_on_not_in_top_ten": 0.8370786516853934, "mean_logp_gap_policy_chosen_rejected_cond_on_in_top_ten": 2.214867582160263, "mean_logp_gap_base_chosen_rejected_cond_on_in_top_ten": 1.8321709847106415, "mean_gap_improvement_cond_on_in_top_ten": 0.38269659826749514, "top1_accuracy_on_chosen_policy_cond_on_in_top_ten": 0.44469336320358444, "top1_accuracy_on_chosen_base_cond_on_in_top_ten": 0.40548865863903666, "mean_p_chosen_policy_cond_on_in_top_ten": 0.34444025041242277, "mean_p_chosen_base_cond_on_in_top_ten": 0.3162690450766295, "mean_kl_cond_on_in_top_ten": 0.2043599946304331, "mean_ent_pi_cond_on_in_top_ten": 1.4285007385086885, "mean_ent_ref_cond_on_in_top_ten": 1.448817500659168, "top1_precision_cond_on_in_top_ten": 0.44469336320358444, "top1_recall_cond_on_in_top_ten": 0.44469336320358444, "top1_f1_cond_on_in_top_ten": 0.44469336320358444, "top3_precision_cond_on_in_top_ten": 0.7821338560627276, "top3_recall_cond_on_in_top_ten": 0.7821338560627276, "top3_f1_cond_on_in_top_ten": 0.7821338560627277, "top5_precision_cond_on_in_top_ten": 0.9017082049845981, "top5_recall_cond_on_in_top_ten": 0.9017082049845981, "top5_f1_cond_on_in_top_ten": 0.9017082049845981, "top10_precision_cond_on_in_top_ten": 0.9773172780733688, "top10_recall_cond_on_in_top_ten": 0.9773172780733688, "top10_f1_cond_on_in_top_ten": 0.9773172780733687}