{"loss": 1.8168998113089354, "mean_logp_gap_policy_chosen_rejected": 2.0730108168163945, "mean_logp_gap_base_chosen_rejected": 1.803979859976299, "mean_gap_improvement": 0.26903096313801217, "top1_accuracy_on_chosen_policy": 0.4270472126536193, "top1_accuracy_on_chosen_base": 0.39690584159749576, "mean_p_chosen_policy": 0.33234830115216035, "mean_p_chosen_base": 0.3094382883469624, "mean_kl": 0.1659857908780017, "mean_ent_pi": 1.4503709148425807, "mean_ent_ref": 1.4637682603562345, "top1_precision": 0.427047212590024, "top1_recall": 0.427047212590024, "top1_f1": 0.42704721259002404, "top3_precision": 0.769271805814884, "top3_recall": 0.769271805814884, "top3_f1": 0.769271805814884, "top5_precision": 0.8863696985862897, "top5_recall": 0.8863696985862897, "top5_f1": 0.8863696985862896, "top10_precision": 0.9706588423579621, "top10_recall": 0.9706588423579621, "top10_f1": 0.970658842357962, "mean_logp_gap_policy_chosen_rejected_cond_on_not_in_top_ten": 1.1115325592207106, "mean_logp_gap_base_chosen_rejected_cond_on_not_in_top_ten": 1.2384149248010656, "mean_gap_improvement_cond_on_not_in_top_ten": -0.12688236558035518, "top1_accuracy_on_chosen_policy_cond_on_not_in_top_ten": 0.21348314606741572, "top1_accuracy_on_chosen_base_cond_on_not_in_top_ten": 0.2247191011235955, "mean_p_chosen_policy_cond_on_not_in_top_ten": 0.16494353836965733, "mean_p_chosen_base_cond_on_not_in_top_ten": 0.17240097228613593, "mean_kl_cond_on_not_in_top_ten": 0.03663861616828552, "mean_ent_pi_cond_on_not_in_top_ten": 1.8432288253575229, "mean_ent_ref_cond_on_not_in_top_ten": 1.7637073776025451, "top1_precision_cond_on_not_in_top_ten": 0.21348314606741572, "top1_recall_cond_on_not_in_top_ten": 0.21348314606741572, "top1_f1_cond_on_not_in_top_ten": 0.21348314606741572, "top3_precision_cond_on_not_in_top_ten": 0.4606741573033708, "top3_recall_cond_on_not_in_top_ten": 0.4606741573033708, "top3_f1_cond_on_not_in_top_ten": 0.46067415730337086, "top5_precision_cond_on_not_in_top_ten": 0.6348314606741573, "top5_recall_cond_on_not_in_top_ten": 0.6348314606741573, "top5_f1_cond_on_not_in_top_ten": 0.6348314606741573, "top10_precision_cond_on_not_in_top_ten": 0.8426966292134831, "top10_recall_cond_on_not_in_top_ten": 0.8426966292134831, "top10_f1_cond_on_not_in_top_ten": 0.8426966292134831, "mean_logp_gap_policy_chosen_rejected_cond_on_in_top_ten": 2.120936633449948, "mean_logp_gap_base_chosen_rejected_cond_on_in_top_ten": 1.8321709847106415, "mean_gap_improvement_cond_on_in_top_ten": 0.2887656496072543, "top1_accuracy_on_chosen_policy_cond_on_in_top_ten": 0.43769252310277235, "top1_accuracy_on_chosen_base_cond_on_in_top_ten": 0.40548865863903666, "mean_p_chosen_policy_cond_on_in_top_ten": 0.34069275540958305, "mean_p_chosen_base_cond_on_in_top_ten": 0.3162690450766295, "mean_kl_cond_on_in_top_ten": 0.17243322769947073, "mean_ent_pi_cond_on_in_top_ten": 1.430788498584784, "mean_ent_ref_cond_on_in_top_ten": 1.448817500659168, "top1_precision_cond_on_in_top_ten": 0.43769252310277235, "top1_recall_cond_on_in_top_ten": 0.43769252310277235, "top1_f1_cond_on_in_top_ten": 0.4376925231027723, "top3_precision_cond_on_in_top_ten": 0.7846541584990199, "top3_recall_cond_on_in_top_ten": 0.7846541584990199, "top3_f1_cond_on_in_top_ten": 0.78465415849902, "top5_precision_cond_on_in_top_ten": 0.8989078689442733, "top5_recall_cond_on_in_top_ten": 0.8989078689442733, "top5_f1_cond_on_in_top_ten": 0.8989078689442732, "top10_precision_cond_on_in_top_ten": 0.9770372444693364, "top10_recall_cond_on_in_top_ten": 0.9770372444693364, "top10_f1_cond_on_in_top_ten": 0.9770372444693364}