{"loss": 0.5442934001595473, "mean_logp_gap_policy_chosen_rejected": 6.988149286810955, "mean_logp_gap_base_chosen_rejected": 1.803979859976299, "mean_gap_improvement": 5.184169499655188, "top1_accuracy_on_chosen_policy": 0.38276873839381664, "top1_accuracy_on_chosen_base": 0.39690584159749576, "mean_p_chosen_policy": 0.37385650131345655, "mean_p_chosen_base": 0.3094382883469624, "mean_kl": 0.6428202082710796, "mean_ent_pi": 0.44510509609126764, "mean_ent_ref": 1.4637682603562345, "top1_precision": 0.3827687383302214, "top1_recall": 0.3827687383302214, "top1_f1": 0.38276873833022146, "top3_precision": 0.721525740197386, "top3_recall": 0.721525740197386, "top3_f1": 0.721525740197386, "top5_precision": 0.846092291277674, "top5_recall": 0.846092291277674, "top5_f1": 0.8460922912776739, "top10_precision": 0.9506535076020272, "top10_recall": 0.9506535076020272, "top10_f1": 0.9506535076020272, "mean_logp_gap_policy_chosen_rejected_cond_on_not_in_top_ten": 4.432060040449828, "mean_logp_gap_base_chosen_rejected_cond_on_not_in_top_ten": 1.2384149248010656, "mean_gap_improvement_cond_on_not_in_top_ten": 3.1936451022544605, "top1_accuracy_on_chosen_policy_cond_on_not_in_top_ten": 0.23595505617977527, "top1_accuracy_on_chosen_base_cond_on_not_in_top_ten": 0.2247191011235955, "mean_p_chosen_policy_cond_on_not_in_top_ten": 0.22759330869643865, "mean_p_chosen_base_cond_on_not_in_top_ten": 0.17240097228613593, "mean_kl_cond_on_not_in_top_ten": 0.6439157380314355, "mean_ent_pi_cond_on_not_in_top_ten": 0.5191233130539781, "mean_ent_ref_cond_on_not_in_top_ten": 1.7637073776025451, "top1_precision_cond_on_not_in_top_ten": 0.23595505617977527, "top1_recall_cond_on_not_in_top_ten": 0.23595505617977527, "top1_f1_cond_on_not_in_top_ten": 0.23595505617977527, "top3_precision_cond_on_not_in_top_ten": 0.48314606741573035, "top3_recall_cond_on_not_in_top_ten": 0.48314606741573035, "top3_f1_cond_on_not_in_top_ten": 0.4831460674157303, "top5_precision_cond_on_not_in_top_ten": 0.6573033707865169, "top5_recall_cond_on_not_in_top_ten": 0.6573033707865169, "top5_f1_cond_on_not_in_top_ten": 0.6573033707865169, "top10_precision_cond_on_not_in_top_ten": 0.8426966292134831, "top10_recall_cond_on_not_in_top_ten": 0.8426966292134831, "top10_f1_cond_on_not_in_top_ten": 0.8426966292134831, "mean_logp_gap_policy_chosen_rejected_cond_on_in_top_ten": 7.115560087193564, "mean_logp_gap_base_chosen_rejected_cond_on_in_top_ten": 1.8321709847106415, "mean_gap_improvement_cond_on_in_top_ten": 5.28338909246814, "top1_accuracy_on_chosen_policy_cond_on_in_top_ten": 0.3900868104172501, "top1_accuracy_on_chosen_base_cond_on_in_top_ten": 0.40548865863903666, "mean_p_chosen_policy_cond_on_in_top_ten": 0.3811471322755482, "mean_p_chosen_base_cond_on_in_top_ten": 0.3162690450766295, "mean_kl_cond_on_in_top_ten": 0.6427655978175193, "mean_ent_pi_cond_on_in_top_ten": 0.4414155878992599, "mean_ent_ref_cond_on_in_top_ten": 1.448817500659168, "top1_precision_cond_on_in_top_ten": 0.3900868104172501, "top1_recall_cond_on_in_top_ten": 0.3900868104172501, "top1_f1_cond_on_in_top_ten": 0.3900868104172501, "top3_precision_cond_on_in_top_ten": 0.7334080089610753, "top3_recall_cond_on_in_top_ten": 0.7334080089610753, "top3_f1_cond_on_in_top_ten": 0.7334080089610753, "top5_precision_cond_on_in_top_ten": 0.8555026603192383, "top5_recall_cond_on_in_top_ten": 0.8555026603192383, "top5_f1_cond_on_in_top_ten": 0.8555026603192383, "top10_precision_cond_on_in_top_ten": 0.9560347241669, "top10_recall_cond_on_in_top_ten": 0.9560347241669, "top10_f1_cond_on_in_top_ten": 0.9560347241668999}