loss,mean_logp_gap_policy_chosen_rejected,mean_logp_gap_base_chosen_rejected,mean_gap_improvement,top1_accuracy_on_chosen_policy,top1_accuracy_on_chosen_base,mean_p_chosen_policy,mean_p_chosen_base,mean_kl,mean_ent_pi,mean_ent_ref
1.8028340477026377,2.213164485853874,1.803979859976299,0.40918464739264154,0.432648706385281,0.39690584159749576,0.34059585700053535,0.3094382883469624,0.1987812431873473,1.412856837945736,1.4637682603562345
