{"loss": 0.5002849521271926, "mean_logp_gap_policy_chosen_rejected": 3.7008589773249327, "mean_logp_gap_base_chosen_rejected": 1.803979859976299, "mean_gap_improvement": 1.8968791191998515, "top1_accuracy_on_chosen_policy": 0.3945052014506318, "top1_accuracy_on_chosen_base": 0.39690584159749576, "mean_p_chosen_policy": 0.36600695211399586, "mean_p_chosen_base": 0.3094382883469624, "mean_kl": 0.2268841178830893, "mean_ent_pi": 0.8538917244259724, "mean_ent_ref": 1.4637682603562345, "top1_precision": 0.39450520138703654, "top1_recall": 0.39450520138703654, "top1_f1": 0.3945052013870365, "top3_precision": 0.7508668978394238, "top3_recall": 0.7508668978394238, "top3_f1": 0.7508668978394237, "top5_precision": 0.875433448919712, "top5_recall": 0.875433448919712, "top5_f1": 0.875433448919712, "top10_precision": 0.9701253667644705, "top10_recall": 0.9701253667644705, "top10_f1": 0.9701253667644705, "mean_logp_gap_policy_chosen_rejected_cond_on_not_in_top_ten": 2.2517941718021137, "mean_logp_gap_base_chosen_rejected_cond_on_not_in_top_ten": 1.2384149248010656, "mean_gap_improvement_cond_on_not_in_top_ten": 1.013379247670763, "top1_accuracy_on_chosen_policy_cond_on_not_in_top_ten": 0.23595505617977527, "top1_accuracy_on_chosen_base_cond_on_not_in_top_ten": 0.2247191011235955, "mean_p_chosen_policy_cond_on_not_in_top_ten": 0.20466430255725498, "mean_p_chosen_base_cond_on_not_in_top_ten": 0.17240097228613593, "mean_kl_cond_on_not_in_top_ten": 0.1953770433123527, "mean_ent_pi_cond_on_not_in_top_ten": 1.0884238271189204, "mean_ent_ref_cond_on_not_in_top_ten": 1.7637073776025451, "top1_precision_cond_on_not_in_top_ten": 0.23595505617977527, "top1_recall_cond_on_not_in_top_ten": 0.23595505617977527, "top1_f1_cond_on_not_in_top_ten": 0.23595505617977527, "top3_precision_cond_on_not_in_top_ten": 0.42696629213483145, "top3_recall_cond_on_not_in_top_ten": 0.42696629213483145, "top3_f1_cond_on_not_in_top_ten": 0.42696629213483145, "top5_precision_cond_on_not_in_top_ten": 0.6910112359550562, "top5_recall_cond_on_not_in_top_ten": 0.6910112359550562, "top5_f1_cond_on_not_in_top_ten": 0.6910112359550562, "top10_precision_cond_on_not_in_top_ten": 0.8820224719101124, "top10_recall_cond_on_not_in_top_ten": 0.8820224719101124, "top10_f1_cond_on_not_in_top_ten": 0.8820224719101124, "mean_logp_gap_policy_chosen_rejected_cond_on_in_top_ten": 3.7730890092012497, "mean_logp_gap_base_chosen_rejected_cond_on_in_top_ten": 1.8321709847106415, "mean_gap_improvement_cond_on_in_top_ten": 1.9409180250247298, "top1_accuracy_on_chosen_policy_cond_on_in_top_ten": 0.40240828899467934, "top1_accuracy_on_chosen_base_cond_on_in_top_ten": 0.40548865863903666, "mean_p_chosen_policy_cond_on_in_top_ten": 0.37404923258840367, "mean_p_chosen_base_cond_on_in_top_ten": 0.3162690450766295, "mean_kl_cond_on_in_top_ten": 0.22845461869812372, "mean_ent_pi_cond_on_in_top_ten": 0.8422012457761968, "mean_ent_ref_cond_on_in_top_ten": 1.448817500659168, "top1_precision_cond_on_in_top_ten": 0.40240828899467934, "top1_recall_cond_on_in_top_ten": 0.40240828899467934, "top1_f1_cond_on_in_top_ten": 0.40240828899467934, "top3_precision_cond_on_in_top_ten": 0.7670120414449734, "top3_recall_cond_on_in_top_ten": 0.7670120414449734, "top3_f1_cond_on_in_top_ten": 0.7670120414449734, "top5_precision_cond_on_in_top_ten": 0.8846261551386166, "top5_recall_cond_on_in_top_ten": 0.8846261551386166, "top5_f1_cond_on_in_top_ten": 0.8846261551386166, "top10_precision_cond_on_in_top_ten": 0.974516942033044, "top10_recall_cond_on_in_top_ten": 0.974516942033044, "top10_f1_cond_on_in_top_ten": 0.9745169420330438}