{"loss": 1.9533443513887028, "mean_logp_gap_policy_chosen_rejected": 2.3601149691601186, "mean_logp_gap_base_chosen_rejected": 1.803979859976299, "mean_gap_improvement": 0.5561351328243587, "top1_accuracy_on_chosen_policy": 0.43158175506315793, "top1_accuracy_on_chosen_base": 0.39690584159749576, "mean_p_chosen_policy": 0.3452725818703161, "mean_p_chosen_base": 0.3094382883469624, "mean_kl": 0.19726203540059353, "mean_ent_pi": 1.3556261451824978, "mean_ent_ref": 1.4637682603562345, "top1_precision": 0.4315817551347026, "top1_recall": 0.4315817551347026, "top1_f1": 0.4315817551347026, "top3_precision": 0.7703387570018672, "top3_recall": 0.7703387570018672, "top3_f1": 0.7703387570018672, "top5_precision": 0.8893038143504934, "top5_recall": 0.8893038143504934, "top5_f1": 0.8893038143504934, "top10_precision": 0.9706588423579621, "top10_recall": 0.9706588423579621, "top10_f1": 0.970658842357962, "mean_logp_gap_policy_chosen_rejected_cond_on_not_in_top_ten": 1.2238282219747478, "mean_logp_gap_base_chosen_rejected_cond_on_not_in_top_ten": 1.2384149248010656, "mean_gap_improvement_cond_on_not_in_top_ten": -0.014586702826317776, "top1_accuracy_on_chosen_policy_cond_on_not_in_top_ten": 0.21910112359550563, "top1_accuracy_on_chosen_base_cond_on_not_in_top_ten": 0.2247191011235955, "mean_p_chosen_policy_cond_on_not_in_top_ten": 0.17022357593360243, "mean_p_chosen_base_cond_on_not_in_top_ten": 0.17240097228613593, "mean_kl_cond_on_not_in_top_ten": 0.04851819733628648, "mean_ent_pi_cond_on_not_in_top_ten": 1.7459276208047116, "mean_ent_ref_cond_on_not_in_top_ten": 1.7637073776025451, "top1_precision_cond_on_not_in_top_ten": 0.21910112359550563, "top1_recall_cond_on_not_in_top_ten": 0.21910112359550563, "top1_f1_cond_on_not_in_top_ten": 0.21910112359550563, "top3_precision_cond_on_not_in_top_ten": 0.46629213483146065, "top3_recall_cond_on_not_in_top_ten": 0.46629213483146065, "top3_f1_cond_on_not_in_top_ten": 0.46629213483146065, "top5_precision_cond_on_not_in_top_ten": 0.651685393258427, "top5_recall_cond_on_not_in_top_ten": 0.651685393258427, "top5_f1_cond_on_not_in_top_ten": 0.651685393258427, "top10_precision_cond_on_not_in_top_ten": 0.8314606741573034, "top10_recall_cond_on_not_in_top_ten": 0.8314606741573034, "top10_f1_cond_on_not_in_top_ten": 0.8314606741573034, "mean_logp_gap_policy_chosen_rejected_cond_on_in_top_ten": 2.4167543072822015, "mean_logp_gap_base_chosen_rejected_cond_on_in_top_ten": 1.8321709847106415, "mean_gap_improvement_cond_on_in_top_ten": 0.5845833216702294, "top1_accuracy_on_chosen_policy_cond_on_in_top_ten": 0.44217306076729207, "top1_accuracy_on_chosen_base_cond_on_in_top_ten": 0.40548865863903666, "mean_p_chosen_policy_cond_on_in_top_ten": 0.353998071145403, "mean_p_chosen_base_cond_on_in_top_ten": 0.3162690450766295, "mean_kl_cond_on_in_top_ten": 0.2046763181560206, "mean_ent_pi_cond_on_in_top_ten": 1.3361711948142456, "mean_ent_ref_cond_on_in_top_ten": 1.448817500659168, "top1_precision_cond_on_in_top_ten": 0.44217306076729207, "top1_recall_cond_on_in_top_ten": 0.44217306076729207, "top1_f1_cond_on_in_top_ten": 0.44217306076729207, "top3_precision_cond_on_in_top_ten": 0.7854942593111174, "top3_recall_cond_on_in_top_ten": 0.7854942593111174, "top3_f1_cond_on_in_top_ten": 0.7854942593111174, "top5_precision_cond_on_in_top_ten": 0.9011481377765331, "top5_recall_cond_on_in_top_ten": 0.9011481377765331, "top5_f1_cond_on_in_top_ten": 0.901148137776533, "top10_precision_cond_on_in_top_ten": 0.9775973116774013, "top10_recall_cond_on_in_top_ten": 0.9775973116774013, "top10_f1_cond_on_in_top_ten": 0.9775973116774013}