loss,mean_logp_gap_policy_chosen_rejected,mean_logp_gap_base_chosen_rejected,mean_gap_improvement,top1_accuracy_on_chosen_policy,top1_accuracy_on_chosen_base,mean_p_chosen_policy,mean_p_chosen_base,mean_kl,mean_ent_pi,mean_ent_ref
1.6631071865797107,2.0799737342693674,1.803979859976299,0.275993896656734,0.42971459062107725,0.39690584159749576,0.33112995661983935,0.3094382883469624,0.20248883466787038,1.4899388649648715,1.4637682603562345
