loss,mean_logp_gap_policy_chosen_rejected,mean_logp_gap_base_chosen_rejected,mean_gap_improvement,top1_accuracy_on_chosen_policy,top1_accuracy_on_chosen_base,mean_p_chosen_policy,mean_p_chosen_base,mean_kl,mean_ent_pi,mean_ent_ref
0.5817902988514986,8.302503902706569,1.803979859976299,6.49852399810628,0.3731661777109679,0.39690584159749576,0.36702173073058386,0.3094382883469624,0.7936648260628137,0.3668801883008519,1.4637682603562345
