loss,mean_logp_gap_policy_chosen_rejected,mean_logp_gap_base_chosen_rejected,mean_gap_improvement,top1_accuracy_on_chosen_policy,top1_accuracy_on_chosen_base,mean_p_chosen_policy,mean_p_chosen_base,mean_kl,mean_ent_pi,mean_ent_ref
0.6311981705513977,9.331886790034993,1.803979859976299,7.527906938345949,0.360896239048737,0.39690584159749576,0.3561395880428115,0.3094382883469624,0.9120823835557097,0.33932639018921384,1.4637682603562345
