{"loss": 1.81025813254842, "mean_logp_gap_policy_chosen_rejected": 2.2124182523234937, "mean_logp_gap_base_chosen_rejected": 1.803979859976299, "mean_gap_improvement": 0.4084383969429446, "top1_accuracy_on_chosen_policy": 0.4334489196403785, "top1_accuracy_on_chosen_base": 0.39690584159749576, "mean_p_chosen_policy": 0.3389194193093673, "mean_p_chosen_base": 0.3094382883469624, "mean_kl": 0.19865902956345616, "mean_ent_pi": 1.423117961079701, "mean_ent_ref": 1.4637682603562345, "top1_precision": 0.4334489197119232, "top1_recall": 0.4334489197119232, "top1_f1": 0.4334489197119232, "top3_precision": 0.7695385436116298, "top3_recall": 0.7695385436116298, "top3_f1": 0.7695385436116298, "top5_precision": 0.8887703387570018, "top5_recall": 0.8887703387570018, "top5_f1": 0.8887703387570018, "top10_precision": 0.9711923179514538, "top10_recall": 0.9711923179514538, "top10_f1": 0.9711923179514538, "mean_logp_gap_policy_chosen_rejected_cond_on_not_in_top_ten": 1.1348742246627808, "mean_logp_gap_base_chosen_rejected_cond_on_not_in_top_ten": 1.2384149248010656, "mean_gap_improvement_cond_on_not_in_top_ten": -0.10354070013828492, "top1_accuracy_on_chosen_policy_cond_on_not_in_top_ten": 0.21348314606741572, "top1_accuracy_on_chosen_base_cond_on_not_in_top_ten": 0.2247191011235955, "mean_p_chosen_policy_cond_on_not_in_top_ten": 0.16615847992829147, "mean_p_chosen_base_cond_on_not_in_top_ten": 0.17240097228613593, "mean_kl_cond_on_not_in_top_ten": 0.0477060840172128, "mean_ent_pi_cond_on_not_in_top_ten": 1.8182773580042164, "mean_ent_ref_cond_on_not_in_top_ten": 1.7637073776025451, "top1_precision_cond_on_not_in_top_ten": 0.21348314606741572, "top1_recall_cond_on_not_in_top_ten": 0.21348314606741572, "top1_f1_cond_on_not_in_top_ten": 0.21348314606741572, "top3_precision_cond_on_not_in_top_ten": 0.47191011235955055, "top3_recall_cond_on_not_in_top_ten": 0.47191011235955055, "top3_f1_cond_on_not_in_top_ten": 0.47191011235955055, "top5_precision_cond_on_not_in_top_ten": 0.6348314606741573, "top5_recall_cond_on_not_in_top_ten": 0.6348314606741573, "top5_f1_cond_on_not_in_top_ten": 0.6348314606741573, "top10_precision_cond_on_not_in_top_ten": 0.8370786516853933, "top10_recall_cond_on_not_in_top_ten": 0.8370786516853933, "top10_f1_cond_on_not_in_top_ten": 0.8370786516853934, "mean_logp_gap_policy_chosen_rejected_cond_on_in_top_ten": 2.2661294792253273, "mean_logp_gap_base_chosen_rejected_cond_on_in_top_ten": 1.8321709847106415, "mean_gap_improvement_cond_on_in_top_ten": 0.43395849528248587, "top1_accuracy_on_chosen_policy_cond_on_in_top_ten": 0.44441332959955193, "top1_accuracy_on_chosen_base_cond_on_in_top_ten": 0.40548865863903666, "mean_p_chosen_policy_cond_on_in_top_ten": 0.34753085867887923, "mean_p_chosen_base_cond_on_in_top_ten": 0.3162690450766295, "mean_kl_cond_on_in_top_ten": 0.20618342878647586, "mean_ent_pi_cond_on_in_top_ten": 1.4034208495161271, "mean_ent_ref_cond_on_in_top_ten": 1.448817500659168, "top1_precision_cond_on_in_top_ten": 0.44441332959955193, "top1_recall_cond_on_in_top_ten": 0.44441332959955193, "top1_f1_cond_on_in_top_ten": 0.4444133295995519, "top3_precision_cond_on_in_top_ten": 0.7843741248949874, "top3_recall_cond_on_in_top_ten": 0.7843741248949874, "top3_f1_cond_on_in_top_ten": 0.7843741248949873, "top5_precision_cond_on_in_top_ten": 0.9014281713805656, "top5_recall_cond_on_in_top_ten": 0.9014281713805656, "top5_f1_cond_on_in_top_ten": 0.9014281713805656, "top10_precision_cond_on_in_top_ten": 0.9778773452814338, "top10_recall_cond_on_in_top_ten": 0.9778773452814338, "top10_f1_cond_on_in_top_ten": 0.9778773452814339}