loss,mean_logp_gap_policy_chosen_rejected,mean_logp_gap_base_chosen_rejected,mean_gap_improvement,top1_accuracy_on_chosen_policy,top1_accuracy_on_chosen_base,mean_p_chosen_policy,mean_p_chosen_base,mean_kl,mean_ent_pi,mean_ent_ref
1.9603320085770226,2.334165349082013,1.803979859976299,0.5301855133255662,0.42864763929895416,0.39690584159749576,0.34516079894349744,0.3094382883469624,0.1986658290703278,1.3516355064844379,1.4637682603562345
