{"loss": 0.5017990678206988, "mean_logp_gap_policy_chosen_rejected": 1.7513969243526712, "mean_logp_gap_base_chosen_rejected": 1.803979859976299, "mean_gap_improvement": -0.052582940911970064, "top1_accuracy_on_chosen_policy": 0.4057081889139553, "top1_accuracy_on_chosen_base": 0.39690584159749576, "mean_p_chosen_policy": 0.29726187370481033, "mean_p_chosen_base": 0.3094382883469624, "mean_kl": 0.12639405425646905, "mean_ent_pi": 1.660919555411971, "mean_ent_ref": 1.4637682603562345, "top1_precision": 0.4057081888503601, "top1_recall": 0.4057081888503601, "top1_f1": 0.4057081888503601, "top3_precision": 0.7578020805548146, "top3_recall": 0.7578020805548146, "top3_f1": 0.7578020805548146, "top5_precision": 0.8823686316351027, "top5_recall": 0.8823686316351027, "top5_f1": 0.8823686316351027, "top10_precision": 0.9693251533742331, "top10_recall": 0.9693251533742331, "top10_f1": 0.9693251533742332, "mean_logp_gap_policy_chosen_rejected_cond_on_not_in_top_ten": 0.974293595619416, "mean_logp_gap_base_chosen_rejected_cond_on_not_in_top_ten": 1.2384149248010656, "mean_gap_improvement_cond_on_not_in_top_ten": -0.2641213291816497, "top1_accuracy_on_chosen_policy_cond_on_not_in_top_ten": 0.20224719101123595, "top1_accuracy_on_chosen_base_cond_on_not_in_top_ten": 0.2247191011235955, "mean_p_chosen_policy_cond_on_not_in_top_ten": 0.1503563821368087, "mean_p_chosen_base_cond_on_not_in_top_ten": 0.17240097228613593, "mean_kl_cond_on_not_in_top_ten": 0.0807557565453096, "mean_ent_pi_cond_on_not_in_top_ten": 2.0662566634376396, "mean_ent_ref_cond_on_not_in_top_ten": 1.7637073776025451, "top1_precision_cond_on_not_in_top_ten": 0.20224719101123595, "top1_recall_cond_on_not_in_top_ten": 0.20224719101123595, "top1_f1_cond_on_not_in_top_ten": 0.20224719101123595, "top3_precision_cond_on_not_in_top_ten": 0.4550561797752809, "top3_recall_cond_on_not_in_top_ten": 0.4550561797752809, "top3_f1_cond_on_not_in_top_ten": 0.4550561797752809, "top5_precision_cond_on_not_in_top_ten": 0.6460674157303371, "top5_recall_cond_on_not_in_top_ten": 0.6460674157303371, "top5_f1_cond_on_not_in_top_ten": 0.6460674157303371, "top10_precision_cond_on_not_in_top_ten": 0.8539325842696629, "top10_recall_cond_on_not_in_top_ten": 0.8539325842696629, "top10_f1_cond_on_not_in_top_ten": 0.8539325842696629, "mean_logp_gap_policy_chosen_rejected_cond_on_in_top_ten": 1.7901323817918628, "mean_logp_gap_base_chosen_rejected_cond_on_in_top_ten": 1.8321709847106415, "mean_gap_improvement_cond_on_in_top_ten": -0.042038601875572235, "top1_accuracy_on_chosen_policy_cond_on_in_top_ten": 0.41584990198823857, "top1_accuracy_on_chosen_base_cond_on_in_top_ten": 0.40548865863903666, "mean_p_chosen_policy_cond_on_in_top_ten": 0.3045845207538294, "mean_p_chosen_base_cond_on_in_top_ten": 0.3162690450766295, "mean_kl_cond_on_in_top_ten": 0.12866894087224487, "mean_ent_pi_cond_on_in_top_ten": 1.6407151389927053, "mean_ent_ref_cond_on_in_top_ten": 1.448817500659168, "top1_precision_cond_on_in_top_ten": 0.41584990198823857, "top1_recall_cond_on_in_top_ten": 0.41584990198823857, "top1_f1_cond_on_in_top_ten": 0.4158499019882385, "top3_precision_cond_on_in_top_ten": 0.7728927471296556, "top3_recall_cond_on_in_top_ten": 0.7728927471296556, "top3_f1_cond_on_in_top_ten": 0.7728927471296556, "top5_precision_cond_on_in_top_ten": 0.8941472976757211, "top5_recall_cond_on_in_top_ten": 0.8941472976757211, "top5_f1_cond_on_in_top_ten": 0.8941472976757211, "top10_precision_cond_on_in_top_ten": 0.975077009241109, "top10_recall_cond_on_in_top_ten": 0.975077009241109, "top10_f1_cond_on_in_top_ten": 0.975077009241109}