{"loss": 1.737167154957244, "mean_logp_gap_policy_chosen_rejected": 2.14446495759166, "mean_logp_gap_base_chosen_rejected": 1.803979859976299, "mean_gap_improvement": 0.3404851149232046, "top1_accuracy_on_chosen_policy": 0.435316084352739, "top1_accuracy_on_chosen_base": 0.39690584159749576, "mean_p_chosen_policy": 0.3361875081728477, "mean_p_chosen_base": 0.3094382883469624, "mean_kl": 0.2000111137097217, "mean_ent_pi": 1.451468624061316, "mean_ent_ref": 1.4637682603562345, "top1_precision": 0.43531608428914376, "top1_recall": 0.43531608428914376, "top1_f1": 0.43531608428914376, "top3_precision": 0.7695385436116298, "top3_recall": 0.7695385436116298, "top3_f1": 0.7695385436116298, "top5_precision": 0.8909042411309682, "top5_recall": 0.8909042411309682, "top5_f1": 0.8909042411309682, "top10_precision": 0.9711923179514538, "top10_recall": 0.9711923179514538, "top10_f1": 0.9711923179514538, "mean_logp_gap_policy_chosen_rejected_cond_on_not_in_top_ten": 1.0948829443267223, "mean_logp_gap_base_chosen_rejected_cond_on_not_in_top_ten": 1.2384149248010656, "mean_gap_improvement_cond_on_not_in_top_ten": -0.14353198047434346, "top1_accuracy_on_chosen_policy_cond_on_not_in_top_ten": 0.21348314606741572, "top1_accuracy_on_chosen_base_cond_on_not_in_top_ten": 0.2247191011235955, "mean_p_chosen_policy_cond_on_not_in_top_ten": 0.16240928295785248, "mean_p_chosen_base_cond_on_not_in_top_ten": 0.17240097228613593, "mean_kl_cond_on_not_in_top_ten": 0.05550213552634703, "mean_ent_pi_cond_on_not_in_top_ten": 1.8658250617177299, "mean_ent_ref_cond_on_not_in_top_ten": 1.7637073776025451, "top1_precision_cond_on_not_in_top_ten": 0.21348314606741572, "top1_recall_cond_on_not_in_top_ten": 0.21348314606741572, "top1_f1_cond_on_not_in_top_ten": 0.21348314606741572, "top3_precision_cond_on_not_in_top_ten": 0.449438202247191, "top3_recall_cond_on_not_in_top_ten": 0.449438202247191, "top3_f1_cond_on_not_in_top_ten": 0.449438202247191, "top5_precision_cond_on_not_in_top_ten": 0.6573033707865169, "top5_recall_cond_on_not_in_top_ten": 0.6573033707865169, "top5_f1_cond_on_not_in_top_ten": 0.6573033707865169, "top10_precision_cond_on_not_in_top_ten": 0.848314606741573, "top10_recall_cond_on_not_in_top_ten": 0.848314606741573, "top10_f1_cond_on_not_in_top_ten": 0.848314606741573, "mean_logp_gap_policy_chosen_rejected_cond_on_in_top_ten": 2.1967824028673975, "mean_logp_gap_base_chosen_rejected_cond_on_in_top_ten": 1.8321709847106415, "mean_gap_improvement_cond_on_in_top_ten": 0.36461141899966687, "top1_accuracy_on_chosen_policy_cond_on_in_top_ten": 0.44637356482777935, "top1_accuracy_on_chosen_base_cond_on_in_top_ten": 0.40548865863903666, "mean_p_chosen_policy_cond_on_in_top_ten": 0.3448496564194253, "mean_p_chosen_base_cond_on_in_top_ten": 0.3162690450766295, "mean_kl_cond_on_in_top_ten": 0.20721430343909228, "mean_ent_pi_cond_on_in_top_ten": 1.4308146204168535, "mean_ent_ref_cond_on_in_top_ten": 1.448817500659168, "top1_precision_cond_on_in_top_ten": 0.44637356482777935, "top1_recall_cond_on_in_top_ten": 0.44637356482777935, "top1_f1_cond_on_in_top_ten": 0.44637356482777935, "top3_precision_cond_on_in_top_ten": 0.7854942593111174, "top3_recall_cond_on_in_top_ten": 0.7854942593111174, "top3_f1_cond_on_in_top_ten": 0.7854942593111174, "top5_precision_cond_on_in_top_ten": 0.9025483057966956, "top5_recall_cond_on_in_top_ten": 0.9025483057966956, "top5_f1_cond_on_in_top_ten": 0.9025483057966956, "top10_precision_cond_on_in_top_ten": 0.9773172780733688, "top10_recall_cond_on_in_top_ten": 0.9773172780733688, "top10_f1_cond_on_in_top_ten": 0.9773172780733687}