{"loss": 1.6631071865797107, "mean_logp_gap_policy_chosen_rejected": 2.0799737342693674, "mean_logp_gap_base_chosen_rejected": 1.803979859976299, "mean_gap_improvement": 0.275993896656734, "top1_accuracy_on_chosen_policy": 0.42971459062107725, "top1_accuracy_on_chosen_base": 0.39690584159749576, "mean_p_chosen_policy": 0.33112995661983935, "mean_p_chosen_base": 0.3094382883469624, "mean_kl": 0.20248883466787038, "mean_ent_pi": 1.4899388649648715, "mean_ent_ref": 1.4637682603562345, "top1_precision": 0.429714590557482, "top1_recall": 0.429714590557482, "top1_f1": 0.429714590557482, "top3_precision": 0.7700720192051214, "top3_recall": 0.7700720192051214, "top3_f1": 0.7700720192051214, "top5_precision": 0.8890370765537476, "top5_recall": 0.8890370765537476, "top5_f1": 0.8890370765537476, "top10_precision": 0.9709255801547079, "top10_recall": 0.9709255801547079, "top10_f1": 0.9709255801547079, "mean_logp_gap_policy_chosen_rejected_cond_on_not_in_top_ten": 1.0524194300844427, "mean_logp_gap_base_chosen_rejected_cond_on_not_in_top_ten": 1.2384149248010656, "mean_gap_improvement_cond_on_not_in_top_ten": -0.1859954943817653, "top1_accuracy_on_chosen_policy_cond_on_not_in_top_ten": 0.20786516853932585, "top1_accuracy_on_chosen_base_cond_on_not_in_top_ten": 0.2247191011235955, "mean_p_chosen_policy_cond_on_not_in_top_ten": 0.1607430170823933, "mean_p_chosen_base_cond_on_not_in_top_ten": 0.17240097228613593, "mean_kl_cond_on_not_in_top_ten": 0.05729588061267656, "mean_ent_pi_cond_on_not_in_top_ten": 1.9030584080165691, "mean_ent_ref_cond_on_not_in_top_ten": 1.7637073776025451, "top1_precision_cond_on_not_in_top_ten": 0.20786516853932585, "top1_recall_cond_on_not_in_top_ten": 0.20786516853932585, "top1_f1_cond_on_not_in_top_ten": 0.20786516853932585, "top3_precision_cond_on_not_in_top_ten": 0.4606741573033708, "top3_recall_cond_on_not_in_top_ten": 0.4606741573033708, "top3_f1_cond_on_not_in_top_ten": 0.46067415730337086, "top5_precision_cond_on_not_in_top_ten": 0.6292134831460674, "top5_recall_cond_on_not_in_top_ten": 0.6292134831460674, "top5_f1_cond_on_not_in_top_ten": 0.6292134831460674, "top10_precision_cond_on_not_in_top_ten": 0.8539325842696629, "top10_recall_cond_on_not_in_top_ten": 0.8539325842696629, "top10_f1_cond_on_not_in_top_ten": 0.8539325842696629, "mean_logp_gap_policy_chosen_rejected_cond_on_in_top_ten": 2.1311931962961577, "mean_logp_gap_base_chosen_rejected_cond_on_in_top_ten": 1.8321709847106415, "mean_gap_improvement_cond_on_in_top_ten": 0.29902221206956403, "top1_accuracy_on_chosen_policy_cond_on_in_top_ten": 0.44077289274712966, "top1_accuracy_on_chosen_base_cond_on_in_top_ten": 0.40548865863903666, "mean_p_chosen_policy_cond_on_in_top_ten": 0.3396230599711196, "mean_p_chosen_base_cond_on_in_top_ten": 0.3162690450766295, "mean_kl_cond_on_in_top_ten": 0.20972611845825012, "mean_ent_pi_cond_on_in_top_ten": 1.469346528540195, "mean_ent_ref_cond_on_in_top_ten": 1.448817500659168, "top1_precision_cond_on_in_top_ten": 0.44077289274712966, "top1_recall_cond_on_in_top_ten": 0.44077289274712966, "top1_f1_cond_on_in_top_ten": 0.44077289274712966, "top3_precision_cond_on_in_top_ten": 0.7854942593111174, "top3_recall_cond_on_in_top_ten": 0.7854942593111174, "top3_f1_cond_on_in_top_ten": 0.7854942593111174, "top5_precision_cond_on_in_top_ten": 0.9019882385886306, "top5_recall_cond_on_in_top_ten": 0.9019882385886306, "top5_f1_cond_on_in_top_ten": 0.9019882385886306, "top10_precision_cond_on_in_top_ten": 0.9767572108653039, "top10_recall_cond_on_in_top_ten": 0.9767572108653039, "top10_f1_cond_on_in_top_ten": 0.976757210865304}