loss,mean_logp_gap_policy_chosen_rejected,mean_logp_gap_base_chosen_rejected,mean_gap_improvement,top1_accuracy_on_chosen_policy,top1_accuracy_on_chosen_base,mean_p_chosen_policy,mean_p_chosen_base,mean_kl,mean_ent_pi,mean_ent_ref
1.7417307981143604,2.161123662702113,1.803979859976299,0.3571438124876844,0.4331821819787726,0.39690584159749576,0.3359098437906234,0.3094382883469624,0.19393674575416414,1.4473519735127711,1.4637682603562345
