{"loss": 1.8127523681964197, "mean_logp_gap_policy_chosen_rejected": 2.214656819070489, "mean_logp_gap_base_chosen_rejected": 1.803979859976299, "mean_gap_improvement": 0.41067695080295946, "top1_accuracy_on_chosen_policy": 0.4342491330306159, "top1_accuracy_on_chosen_base": 0.39690584159749576, "mean_p_chosen_policy": 0.3401842245930956, "mean_p_chosen_base": 0.3094382883469624, "mean_kl": 0.1880575923915385, "mean_ent_pi": 1.4093404927868054, "mean_ent_ref": 1.4637682603562345, "top1_precision": 0.43424913310216057, "top1_recall": 0.43424913310216057, "top1_f1": 0.43424913310216057, "top3_precision": 0.7668711656441718, "top3_recall": 0.7668711656441718, "top3_f1": 0.7668711656441718, "top5_precision": 0.889837289943985, "top5_recall": 0.889837289943985, "top5_f1": 0.889837289943985, "top10_precision": 0.9709255801547079, "top10_recall": 0.9709255801547079, "top10_f1": 0.9709255801547079, "mean_logp_gap_policy_chosen_rejected_cond_on_not_in_top_ten": 1.1495520824126984, "mean_logp_gap_base_chosen_rejected_cond_on_not_in_top_ten": 1.2384149248010656, "mean_gap_improvement_cond_on_not_in_top_ten": -0.08886284272322494, "top1_accuracy_on_chosen_policy_cond_on_not_in_top_ten": 0.21910112359550563, "top1_accuracy_on_chosen_base_cond_on_not_in_top_ten": 0.2247191011235955, "mean_p_chosen_policy_cond_on_not_in_top_ten": 0.16727162982537716, "mean_p_chosen_base_cond_on_not_in_top_ten": 0.17240097228613593, "mean_kl_cond_on_not_in_top_ten": 0.049028652563188856, "mean_ent_pi_cond_on_not_in_top_ten": 1.8107071719812544, "mean_ent_ref_cond_on_not_in_top_ten": 1.7637073776025451, "top1_precision_cond_on_not_in_top_ten": 0.21910112359550563, "top1_recall_cond_on_not_in_top_ten": 0.21910112359550563, "top1_f1_cond_on_not_in_top_ten": 0.21910112359550563, "top3_precision_cond_on_not_in_top_ten": 0.449438202247191, "top3_recall_cond_on_not_in_top_ten": 0.449438202247191, "top3_f1_cond_on_not_in_top_ten": 0.449438202247191, "top5_precision_cond_on_not_in_top_ten": 0.6460674157303371, "top5_recall_cond_on_not_in_top_ten": 0.6460674157303371, "top5_f1_cond_on_not_in_top_ten": 0.6460674157303371, "top10_precision_cond_on_not_in_top_ten": 0.8370786516853933, "top10_recall_cond_on_not_in_top_ten": 0.8370786516853933, "top10_f1_cond_on_not_in_top_ten": 0.8370786516853934, "mean_logp_gap_policy_chosen_rejected_cond_on_in_top_ten": 2.2677479887736407, "mean_logp_gap_base_chosen_rejected_cond_on_in_top_ten": 1.8321709847106415, "mean_gap_improvement_cond_on_in_top_ten": 0.4355770041381101, "top1_accuracy_on_chosen_policy_cond_on_in_top_ten": 0.44497339680761694, "top1_accuracy_on_chosen_base_cond_on_in_top_ten": 0.40548865863903666, "mean_p_chosen_policy_cond_on_in_top_ten": 0.3488032242606994, "mean_p_chosen_base_cond_on_in_top_ten": 0.3162690450766295, "mean_kl_cond_on_in_top_ten": 0.1949876254992658, "mean_ent_pi_cond_on_in_top_ten": 1.3893339773887798, "mean_ent_ref_cond_on_in_top_ten": 1.448817500659168, "top1_precision_cond_on_in_top_ten": 0.44497339680761694, "top1_recall_cond_on_in_top_ten": 0.44497339680761694, "top1_f1_cond_on_in_top_ten": 0.4449733968076169, "top3_precision_cond_on_in_top_ten": 0.7826939232707925, "top3_recall_cond_on_in_top_ten": 0.7826939232707925, "top3_f1_cond_on_in_top_ten": 0.7826939232707926, "top5_precision_cond_on_in_top_ten": 0.9019882385886306, "top5_recall_cond_on_in_top_ten": 0.9019882385886306, "top5_f1_cond_on_in_top_ten": 0.9019882385886306, "top10_precision_cond_on_in_top_ten": 0.9775973116774013, "top10_recall_cond_on_in_top_ten": 0.9775973116774013, "top10_f1_cond_on_in_top_ten": 0.9775973116774013}