{"loss": 1.7415729429474447, "mean_logp_gap_policy_chosen_rejected": 2.1525653468335144, "mean_logp_gap_base_chosen_rejected": 1.803979859976299, "mean_gap_improvement": 0.3485854678084514, "top1_accuracy_on_chosen_policy": 0.43078154180806044, "top1_accuracy_on_chosen_base": 0.39690584159749576, "mean_p_chosen_policy": 0.33625066641268014, "mean_p_chosen_base": 0.3094382883469624, "mean_kl": 0.19367301772666806, "mean_ent_pi": 1.4471581809582408, "mean_ent_ref": 1.4637682603562345, "top1_precision": 0.4307815417444652, "top1_recall": 0.4307815417444652, "top1_f1": 0.4307815417444652, "top3_precision": 0.7684715924246466, "top3_recall": 0.7684715924246466, "top3_f1": 0.7684715924246466, "top5_precision": 0.8879701253667645, "top5_recall": 0.8879701253667645, "top5_f1": 0.8879701253667645, "top10_precision": 0.9706588423579621, "top10_recall": 0.9706588423579621, "top10_f1": 0.970658842357962, "mean_logp_gap_policy_chosen_rejected_cond_on_not_in_top_ten": 1.0869137333350236, "mean_logp_gap_base_chosen_rejected_cond_on_not_in_top_ten": 1.2384149248010656, "mean_gap_improvement_cond_on_not_in_top_ten": -0.15150119146604216, "top1_accuracy_on_chosen_policy_cond_on_not_in_top_ten": 0.21910112359550563, "top1_accuracy_on_chosen_base_cond_on_not_in_top_ten": 0.2247191011235955, "mean_p_chosen_policy_cond_on_not_in_top_ten": 0.16401743918477937, "mean_p_chosen_base_cond_on_not_in_top_ten": 0.17240097228613593, "mean_kl_cond_on_not_in_top_ten": 0.04933691552704137, "mean_ent_pi_cond_on_not_in_top_ten": 1.8555798672893073, "mean_ent_ref_cond_on_not_in_top_ten": 1.7637073776025451, "top1_precision_cond_on_not_in_top_ten": 0.21910112359550563, "top1_recall_cond_on_not_in_top_ten": 0.21910112359550563, "top1_f1_cond_on_not_in_top_ten": 0.21910112359550563, "top3_precision_cond_on_not_in_top_ten": 0.47191011235955055, "top3_recall_cond_on_not_in_top_ten": 0.47191011235955055, "top3_f1_cond_on_not_in_top_ten": 0.47191011235955055, "top5_precision_cond_on_not_in_top_ten": 0.6292134831460674, "top5_recall_cond_on_not_in_top_ten": 0.6292134831460674, "top5_f1_cond_on_not_in_top_ten": 0.6292134831460674, "top10_precision_cond_on_not_in_top_ten": 0.8370786516853933, "top10_recall_cond_on_not_in_top_ten": 0.8370786516853933, "top10_f1_cond_on_not_in_top_ten": 0.8370786516853934, "mean_logp_gap_policy_chosen_rejected_cond_on_in_top_ten": 2.205683764574141, "mean_logp_gap_base_chosen_rejected_cond_on_in_top_ten": 1.8321709847106415, "mean_gap_improvement_cond_on_in_top_ten": 0.37351277978838876, "top1_accuracy_on_chosen_policy_cond_on_in_top_ten": 0.4413329599551946, "top1_accuracy_on_chosen_base_cond_on_in_top_ten": 0.40548865863903666, "mean_p_chosen_policy_cond_on_in_top_ten": 0.3448358012983297, "mean_p_chosen_base_cond_on_in_top_ten": 0.3162690450766295, "mean_kl_cond_on_in_top_ten": 0.20086759316590397, "mean_ent_pi_cond_on_in_top_ten": 1.4268000175722895, "mean_ent_ref_cond_on_in_top_ten": 1.448817500659168, "top1_precision_cond_on_in_top_ten": 0.4413329599551946, "top1_recall_cond_on_in_top_ten": 0.4413329599551946, "top1_f1_cond_on_in_top_ten": 0.4413329599551946, "top3_precision_cond_on_in_top_ten": 0.7832539904788575, "top3_recall_cond_on_in_top_ten": 0.7832539904788575, "top3_f1_cond_on_in_top_ten": 0.7832539904788575, "top5_precision_cond_on_in_top_ten": 0.9008681041725007, "top5_recall_cond_on_in_top_ten": 0.9008681041725007, "top5_f1_cond_on_in_top_ten": 0.9008681041725007, "top10_precision_cond_on_in_top_ten": 0.9773172780733688, "top10_recall_cond_on_in_top_ten": 0.9773172780733688, "top10_f1_cond_on_in_top_ten": 0.9773172780733687}