{"loss": 1.7417307981143604, "mean_logp_gap_policy_chosen_rejected": 2.161123662702113, "mean_logp_gap_base_chosen_rejected": 1.803979859976299, "mean_gap_improvement": 0.3571438124876844, "top1_accuracy_on_chosen_policy": 0.4331821819787726, "top1_accuracy_on_chosen_base": 0.39690584159749576, "mean_p_chosen_policy": 0.3359098437906234, "mean_p_chosen_base": 0.3094382883469624, "mean_kl": 0.19393674575416414, "mean_ent_pi": 1.4473519735127711, "mean_ent_ref": 1.4637682603562345, "top1_precision": 0.4331821819151774, "top1_recall": 0.4331821819151774, "top1_f1": 0.4331821819151774, "top3_precision": 0.7711389703921046, "top3_recall": 0.7711389703921046, "top3_f1": 0.7711389703921046, "top5_precision": 0.8895705521472392, "top5_recall": 0.8895705521472392, "top5_f1": 0.8895705521472392, "top10_precision": 0.9706588423579621, "top10_recall": 0.9706588423579621, "top10_f1": 0.970658842357962, "mean_logp_gap_policy_chosen_rejected_cond_on_not_in_top_ten": 1.1036898788441434, "mean_logp_gap_base_chosen_rejected_cond_on_not_in_top_ten": 1.2384149248010656, "mean_gap_improvement_cond_on_not_in_top_ten": -0.1347250459569224, "top1_accuracy_on_chosen_policy_cond_on_not_in_top_ten": 0.21910112359550563, "top1_accuracy_on_chosen_base_cond_on_not_in_top_ten": 0.2247191011235955, "mean_p_chosen_policy_cond_on_not_in_top_ten": 0.16293093342568007, "mean_p_chosen_base_cond_on_not_in_top_ten": 0.17240097228613593, "mean_kl_cond_on_not_in_top_ten": 0.05241727223096604, "mean_ent_pi_cond_on_not_in_top_ten": 1.8610878710666399, "mean_ent_ref_cond_on_not_in_top_ten": 1.7637073776025451, "top1_precision_cond_on_not_in_top_ten": 0.21910112359550563, "top1_recall_cond_on_not_in_top_ten": 0.21910112359550563, "top1_f1_cond_on_not_in_top_ten": 0.21910112359550563, "top3_precision_cond_on_not_in_top_ten": 0.46629213483146065, "top3_recall_cond_on_not_in_top_ten": 0.46629213483146065, "top3_f1_cond_on_not_in_top_ten": 0.46629213483146065, "top5_precision_cond_on_not_in_top_ten": 0.6460674157303371, "top5_recall_cond_on_not_in_top_ten": 0.6460674157303371, "top5_f1_cond_on_not_in_top_ten": 0.6460674157303371, "top10_precision_cond_on_not_in_top_ten": 0.848314606741573, "top10_recall_cond_on_not_in_top_ten": 0.848314606741573, "top10_f1_cond_on_not_in_top_ten": 0.848314606741573, "mean_logp_gap_policy_chosen_rejected_cond_on_in_top_ten": 2.213832485245176, "mean_logp_gap_base_chosen_rejected_cond_on_in_top_ten": 1.8321709847106415, "mean_gap_improvement_cond_on_in_top_ten": 0.3816615016528519, "top1_accuracy_on_chosen_policy_cond_on_in_top_ten": 0.443853262391487, "top1_accuracy_on_chosen_base_cond_on_in_top_ten": 0.40548865863903666, "mean_p_chosen_policy_cond_on_in_top_ten": 0.3445321480033701, "mean_p_chosen_base_cond_on_in_top_ten": 0.3162690450766295, "mean_kl_cond_on_in_top_ten": 0.20099092360208487, "mean_ent_pi_cond_on_in_top_ten": 1.426728893442273, "mean_ent_ref_cond_on_in_top_ten": 1.448817500659168, "top1_precision_cond_on_in_top_ten": 0.443853262391487, "top1_recall_cond_on_in_top_ten": 0.443853262391487, "top1_f1_cond_on_in_top_ten": 0.443853262391487, "top3_precision_cond_on_in_top_ten": 0.7863343601232148, "top3_recall_cond_on_in_top_ten": 0.7863343601232148, "top3_f1_cond_on_in_top_ten": 0.7863343601232148, "top5_precision_cond_on_in_top_ten": 0.9017082049845981, "top5_recall_cond_on_in_top_ten": 0.9017082049845981, "top5_f1_cond_on_in_top_ten": 0.9017082049845981, "top10_precision_cond_on_in_top_ten": 0.9767572108653039, "top10_recall_cond_on_in_top_ten": 0.9767572108653039, "top10_f1_cond_on_in_top_ten": 0.976757210865304}