{"loss": 0.5046891826062114, "mean_logp_gap_policy_chosen_rejected": 4.189226145568165, "mean_logp_gap_base_chosen_rejected": 1.803979859976299, "mean_gap_improvement": 2.385246281301174, "top1_accuracy_on_chosen_policy": 0.3939717258571402, "top1_accuracy_on_chosen_base": 0.39690584159749576, "mean_p_chosen_policy": 0.37133504035362214, "mean_p_chosen_base": 0.3094382883469624, "mean_kl": 0.29799997109783655, "mean_ent_pi": 0.7714184171424036, "mean_ent_ref": 1.4637682603562345, "top1_precision": 0.39397172579354495, "top1_recall": 0.39397172579354495, "top1_f1": 0.39397172579354495, "top3_precision": 0.7487329954654575, "top3_recall": 0.7487329954654575, "top3_f1": 0.7487329954654574, "top5_precision": 0.8732995465457455, "top5_recall": 0.8732995465457455, "top5_f1": 0.8732995465457455, "top10_precision": 0.9653240864230461, "top10_recall": 0.9653240864230461, "top10_f1": 0.9653240864230461, "mean_logp_gap_policy_chosen_rejected_cond_on_not_in_top_ten": 2.5167726663391243, "mean_logp_gap_base_chosen_rejected_cond_on_not_in_top_ten": 1.2384149248010656, "mean_gap_improvement_cond_on_not_in_top_ten": 1.2783577422077737, "top1_accuracy_on_chosen_policy_cond_on_not_in_top_ten": 0.24157303370786518, "top1_accuracy_on_chosen_base_cond_on_not_in_top_ten": 0.2247191011235955, "mean_p_chosen_policy_cond_on_not_in_top_ten": 0.21053278928356214, "mean_p_chosen_base_cond_on_not_in_top_ten": 0.17240097228613593, "mean_kl_cond_on_not_in_top_ten": 0.25886909889706067, "mean_ent_pi_cond_on_not_in_top_ten": 0.9781070742965414, "mean_ent_ref_cond_on_not_in_top_ten": 1.7637073776025451, "top1_precision_cond_on_not_in_top_ten": 0.24157303370786518, "top1_recall_cond_on_not_in_top_ten": 0.24157303370786518, "top1_f1_cond_on_not_in_top_ten": 0.24157303370786515, "top3_precision_cond_on_not_in_top_ten": 0.42696629213483145, "top3_recall_cond_on_not_in_top_ten": 0.42696629213483145, "top3_f1_cond_on_not_in_top_ten": 0.42696629213483145, "top5_precision_cond_on_not_in_top_ten": 0.6966292134831461, "top5_recall_cond_on_not_in_top_ten": 0.6966292134831461, "top5_f1_cond_on_not_in_top_ten": 0.6966292134831461, "top10_precision_cond_on_not_in_top_ten": 0.8820224719101124, "top10_recall_cond_on_not_in_top_ten": 0.8820224719101124, "top10_f1_cond_on_not_in_top_ten": 0.8820224719101124, "mean_logp_gap_policy_chosen_rejected_cond_on_in_top_ten": 4.272591230716401, "mean_logp_gap_base_chosen_rejected_cond_on_in_top_ten": 1.8321709847106415, "mean_gap_improvement_cond_on_in_top_ten": 2.4404202429512507, "top1_accuracy_on_chosen_policy_cond_on_in_top_ten": 0.4015681881825819, "top1_accuracy_on_chosen_base_cond_on_in_top_ten": 0.40548865863903666, "mean_p_chosen_policy_cond_on_in_top_ten": 0.37935038441010255, "mean_p_chosen_base_cond_on_in_top_ten": 0.3162690450766295, "mean_kl_cond_on_in_top_ten": 0.2999504868095373, "mean_ent_pi_cond_on_in_top_ten": 0.7611158092487971, "mean_ent_ref_cond_on_in_top_ten": 1.448817500659168, "top1_precision_cond_on_in_top_ten": 0.4015681881825819, "top1_recall_cond_on_in_top_ten": 0.4015681881825819, "top1_f1_cond_on_in_top_ten": 0.4015681881825819, "top3_precision_cond_on_in_top_ten": 0.7647717726127136, "top3_recall_cond_on_in_top_ten": 0.7647717726127136, "top3_f1_cond_on_in_top_ten": 0.7647717726127136, "top5_precision_cond_on_in_top_ten": 0.8821058527023243, "top5_recall_cond_on_in_top_ten": 0.8821058527023243, "top5_f1_cond_on_in_top_ten": 0.8821058527023243, "top10_precision_cond_on_in_top_ten": 0.9694763371604592, "top10_recall_cond_on_in_top_ten": 0.9694763371604592, "top10_f1_cond_on_in_top_ten": 0.9694763371604591}