loss,mean_logp_gap_policy_chosen_rejected,mean_logp_gap_base_chosen_rejected,mean_gap_improvement,top1_accuracy_on_chosen_policy,top1_accuracy_on_chosen_base,mean_p_chosen_policy,mean_p_chosen_base,mean_kl,mean_ent_pi,mean_ent_ref
1.8127523681964197,2.214656819070489,1.803979859976299,0.41067695080295946,0.4342491330306159,0.39690584159749576,0.3401842245930956,0.3094382883469624,0.1880575923915385,1.4093404927868054,1.4637682603562345
