{
  "white_first_move_probs": {
    "e2e4": 5.32181111339014e-05,
    "d2d4": 0.11805654317140579,
    "c2c4": 0.002814385574311018,
    "g1f3": 0.8785948753356934,
    "g2g3": 1.212117837212645e-07,
    "b2b3": 4.928615453536622e-07,
    "f2f4": 5.785551365988795e-06,
    "b2b4": 4.81426702947374e-08,
    "a2a4": 2.3419507044764032e-07
  },
  "white_other_mass": 0.0004742958450201229,
  "black_reply_probs_cond_on_white": {
    "e2e4": {
      "fen_after_white": "rnbqkbnr/pppppppp/8/8/4P3/8/PPPP1PPP/RNBQKBNR b KQkq - 0 1",
      "black_reply_probs": {
        "c7c5": 0.07462606579065323,
        "e7e5": 0.0005051055923104286,
        "e7e6": 0.02157934568822384,
        "c7c6": 0.8290188312530518,
        "d7d5": 0.06234931945800781,
        "g8f6": 0.010281757451593876,
        "g7g6": 9.993933645091602e-07,
        "d7d6": 0.001271059038117528
      },
      "other_mass": 0.0003675163346770205
    },
    "d2d4": {
      "fen_after_white": "rnbqkbnr/pppppppp/8/8/3P4/8/PPP1PPPP/RNBQKBNR b KQkq - 0 1",
      "black_reply_probs": {
        "c7c5": 0.0001347993966192007,
        "e7e5": 1.0420343414807576e-06,
        "e7e6": 0.00261290417984128,
        "c7c6": 0.00019550076103769243,
        "d7d5": 0.10136891901493073,
        "g8f6": 0.8956433534622192,
        "g7g6": 3.255975968841085e-07,
        "d7d6": 6.7204573497292586e-06
      },
      "other_mass": 3.643509606376938e-05
    },
    "c2c4": {
      "fen_after_white": "rnbqkbnr/pppppppp/8/8/2P5/8/PP1PPPPP/RNBQKBNR b KQkq - 0 1",
      "black_reply_probs": {
        "c7c5": 0.02657117322087288,
        "e7e5": 0.0002817617787513882,
        "e7e6": 0.0069455597549676895,
        "c7c6": 0.019763540476560593,
        "d7d5": 0.06306397169828415,
        "g8f6": 0.8826866149902344,
        "g7g6": 1.7288376739088562e-06,
        "d7d6": 0.00042002726695500314
      },
      "other_mass": 0.00026562197570001445
    },
    "g1f3": {
      "fen_after_white": "rnbqkbnr/pppppppp/8/8/8/5N2/PPPPPPPP/RNBQKB1R b KQkq - 1 1",
      "black_reply_probs": {
        "c7c5": 0.01536660734564066,
        "e7e5": 9.128378223977052e-06,
        "e7e6": 4.34077883255668e-05,
        "c7c6": 0.00010919681517407298,
        "d7d5": 0.24667176604270935,
        "g8f6": 0.737522304058075,
        "g7g6": 3.499531828765612e-07,
        "d7d6": 1.8782788174576126e-05
      },
      "other_mass": 0.0002584568304939694
    },
    "g2g3": {
      "fen_after_white": "rnbqkbnr/pppppppp/8/8/8/6P1/PPPPPP1P/RNBQKBNR b KQkq - 0 1",
      "black_reply_probs": {
        "c7c5": 0.013671116903424263,
        "e7e5": 0.0003253037575632334,
        "e7e6": 0.00017782098439056426,
        "c7c6": 0.0027766874991357327,
        "d7d5": 0.2771261930465698,
        "g8f6": 0.7057363390922546,
        "g7g6": 1.4895223330313456e-06,
        "d7d6": 4.325012196204625e-05
      },
      "other_mass": 0.00014179907236666622
    },
    "b2b3": {
      "fen_after_white": "rnbqkbnr/pppppppp/8/8/8/1P6/P1PPPPPP/RNBQKBNR b KQkq - 0 1",
      "black_reply_probs": {
        "c7c5": 0.0011564453598111868,
        "e7e5": 0.00010112050222232938,
        "e7e6": 0.0007174646016210318,
        "c7c6": 0.0008827591664157808,
        "d7d5": 0.14273156225681305,
        "g8f6": 0.8540111184120178,
        "g7g6": 3.4398956358927535e-06,
        "d7d6": 1.8082611859426834e-05
      },
      "other_mass": 0.0003780071936034801
    },
    "f2f4": {
      "fen_after_white": "rnbqkbnr/pppppppp/8/8/5P2/8/PPPPP1PP/RNBQKBNR b KQkq - 0 1",
      "black_reply_probs": {
        "c7c5": 0.030307741835713387,
        "e7e5": 5.139082713867538e-05,
        "e7e6": 0.0022284521255642176,
        "c7c6": 0.024380097165703773,
        "d7d5": 0.23830975592136383,
        "g8f6": 0.7044171094894409,
        "g7g6": 2.1319663119356846e-06,
        "d7d6": 0.0001768553047440946
      },
      "other_mass": 0.0001264653640191682
    },
    "b2b4": {
      "fen_after_white": "rnbqkbnr/pppppppp/8/8/1P6/8/P1PPPPPP/RNBQKBNR b KQkq - 0 1",
      "black_reply_probs": {
        "c7c5": 5.161120498087257e-05,
        "e7e5": 0.00022477864695247263,
        "e7e6": 0.008774983696639538,
        "c7c6": 0.003047303995117545,
        "d7d5": 0.0836823582649231,
        "g8f6": 0.9039220213890076,
        "g7g6": 4.4969729060539976e-06,
        "d7d6": 9.31712202145718e-05
      },
      "other_mass": 0.000199274609258282
    },
    "a2a4": {
      "fen_after_white": "rnbqkbnr/pppppppp/8/8/P7/8/1PPPPPPP/RNBQKBNR b KQkq - 0 1",
      "black_reply_probs": {
        "c7c5": 0.0007701675058342516,
        "e7e5": 6.826804019510746e-05,
        "e7e6": 0.0002442763652652502,
        "c7c6": 0.0005963256116956472,
        "d7d5": 0.11495234072208405,
        "g8f6": 0.8832672238349915,
        "g7g6": 1.1253173681780027e-07,
        "d7d6": 3.2459232897963375e-05
      },
      "other_mass": 6.882615529946179e-05
    }
  },
  "meta": {
    "elo_self": 2800,
    "elo_oppo": 2800,
    "temperature": 1.0,
    "maia_type": "blitz",
    "white_moves_probed": [
      "e2e4",
      "d2d4",
      "c2c4",
      "g1f3",
      "g2g3",
      "b2b3",
      "f2f4",
      "b2b4",
      "a2a4"
    ],
    "black_replies_probed": [
      "c7c5",
      "e7e5",
      "e7e6",
      "c7c6",
      "d7d5",
      "g8f6",
      "g7g6",
      "d7d6"
    ]
  }
}