{
  "white_first_move_probs": {
    "e2e4": 4.125115143367208e-25,
    "d2d4": 2.909683344959335e-12,
    "c2c4": 1.3297054078243028e-16,
    "g1f3": 1.0,
    "g2g3": 1.1471351527609747e-39,
    "b2b3": 2.70992519637155e-31,
    "f2f4": 7.436155907868344e-25,
    "b2b4": 1.5076002057996534e-29,
    "a2a4": 1.1786221386777622e-35
  },
  "white_other_mass": 0.0,
  "black_reply_probs_cond_on_white": {
    "e2e4": {
      "fen_after_white": "rnbqkbnr/pppppppp/8/8/4P3/8/PPPP1PPP/RNBQKBNR b KQkq - 0 1",
      "black_reply_probs": {
        "c7c5": 5.220420450091634e-12,
        "e7e5": 1.713903285028885e-21,
        "e7e6": 1.5659579845879001e-15,
        "c7c6": 5.428944517118641e-17,
        "d7d5": 2.3776824953358755e-09,
        "g8f6": 1.0,
        "g7g6": 2.6812424619756543e-34,
        "d7d6": 6.023393511291901e-22
      },
      "other_mass": 0.0
    },
    "d2d4": {
      "fen_after_white": "rnbqkbnr/pppppppp/8/8/3P4/8/PPP1PPPP/RNBQKBNR b KQkq - 0 1",
      "black_reply_probs": {
        "c7c5": 1.8002961345418047e-16,
        "e7e5": 1.3195088612736422e-23,
        "e7e6": 7.589937985545665e-18,
        "c7c6": 2.3534521258956317e-25,
        "d7d5": 4.2195556076984886e-11,
        "g8f6": 1.0,
        "g7g6": 1.2903838691855042e-38,
        "d7d6": 1.3808507247066733e-24
      },
      "other_mass": 0.0
    },
    "c2c4": {
      "fen_after_white": "rnbqkbnr/pppppppp/8/8/2P5/8/PP1PPPPP/RNBQKBNR b KQkq - 0 1",
      "black_reply_probs": {
        "c7c5": 2.281586581449023e-15,
        "e7e5": 5.267538230800974e-24,
        "e7e6": 4.714621366774082e-19,
        "c7c6": 8.604536611299826e-24,
        "d7d5": 7.83857354025308e-12,
        "g8f6": 1.0,
        "g7g6": 2.418325857270161e-38,
        "d7d6": 1.750192836733209e-24
      },
      "other_mass": 0.0
    },
    "g1f3": {
      "fen_after_white": "rnbqkbnr/pppppppp/8/8/8/5N2/PPPPPPPP/RNBQKB1R b KQkq - 1 1",
      "black_reply_probs": {
        "c7c5": 2.88153430051685e-15,
        "e7e5": 6.801164787401019e-25,
        "e7e6": 3.097648252991026e-20,
        "c7c6": 1.374663959797961e-25,
        "d7d5": 4.7521591696464416e-12,
        "g8f6": 1.0,
        "g7g6": 5.72643700302958e-39,
        "d7d6": 4.478504367826492e-25
      },
      "other_mass": 0.0
    },
    "g2g3": {
      "fen_after_white": "rnbqkbnr/pppppppp/8/8/8/6P1/PPPPPP1P/RNBQKBNR b KQkq - 0 1",
      "black_reply_probs": {
        "c7c5": 1.0271840437619628e-15,
        "e7e5": 1.150531147729047e-24,
        "e7e6": 1.2982957566569927e-20,
        "c7c6": 8.246851496869742e-25,
        "d7d5": 3.721144052615255e-12,
        "g8f6": 1.0,
        "g7g6": 8.416414376698357e-38,
        "d7d6": 2.381166781648309e-25
      },
      "other_mass": 0.0
    },
    "b2b3": {
      "fen_after_white": "rnbqkbnr/pppppppp/8/8/8/1P6/P1PPPPPP/RNBQKBNR b KQkq - 0 1",
      "black_reply_probs": {
        "c7c5": 9.13916124607378e-18,
        "e7e5": 1.6988697681066597e-25,
        "e7e6": 1.9147352252765874e-20,
        "c7c6": 2.632082789630109e-26,
        "d7d5": 1.2847132212223666e-12,
        "g8f6": 1.0,
        "g7g6": 9.413247657474317e-39,
        "d7d6": 3.1626046906404656e-26
      },
      "other_mass": 0.0
    },
    "f2f4": {
      "fen_after_white": "rnbqkbnr/pppppppp/8/8/5P2/8/PPPPP1PP/RNBQKBNR b KQkq - 0 1",
      "black_reply_probs": {
        "c7c5": 2.8080914617922186e-15,
        "e7e5": 1.8897549526412896e-24,
        "e7e6": 8.315613093783202e-20,
        "c7c6": 9.875805681586117e-24,
        "d7d5": 9.542085871450112e-12,
        "g8f6": 1.0,
        "g7g6": 1.6192574083748241e-38,
        "d7d6": 9.747831932375734e-25
      },
      "other_mass": 0.0
    },
    "b2b4": {
      "fen_after_white": "rnbqkbnr/pppppppp/8/8/1P6/8/P1PPPPPP/RNBQKBNR b KQkq - 0 1",
      "black_reply_probs": {
        "c7c5": 1.4095308184775076e-17,
        "e7e5": 1.9081616413580378e-24,
        "e7e6": 1.2151001956995709e-18,
        "c7c6": 1.6143841210121701e-24,
        "d7d5": 7.864930928747071e-12,
        "g8f6": 1.0,
        "g7g6": 5.738313848293812e-38,
        "d7d6": 4.996819016107103e-25
      },
      "other_mass": 0.0
    },
    "a2a4": {
      "fen_after_white": "rnbqkbnr/pppppppp/8/8/P7/8/1PPPPPPP/RNBQKBNR b KQkq - 0 1",
      "black_reply_probs": {
        "c7c5": 7.354544220781244e-17,
        "e7e5": 3.9899406225101603e-25,
        "e7e6": 4.114203465734973e-20,
        "c7c6": 5.270610942634423e-25,
        "d7d5": 8.535478747406788e-12,
        "g8f6": 1.0,
        "g7g6": 6.671245677019016e-40,
        "d7d6": 3.892937108704494e-25
      },
      "other_mass": 0.0
    }
  },
  "meta": {
    "elo_self": 2800,
    "elo_oppo": 2800,
    "temperature": 1.0,
    "maia_type": "blitz",
    "white_moves_probed": [
      "e2e4",
      "d2d4",
      "c2c4",
      "g1f3",
      "g2g3",
      "b2b3",
      "f2f4",
      "b2b4",
      "a2a4"
    ],
    "black_replies_probed": [
      "c7c5",
      "e7e5",
      "e7e6",
      "c7c6",
      "d7d5",
      "g8f6",
      "g7g6",
      "d7d6"
    ]
  }
}