{
  "white_first_move_probs": {
    "e2e4": 7.143154653022066e-05,
    "d2d4": 0.10784479975700378,
    "c2c4": 0.006613322999328375,
    "g1f3": 0.884748637676239,
    "g2g3": 3.3614361427680706e-07,
    "b2b3": 8.520179335391731e-07,
    "f2f4": 1.1807056580437347e-05,
    "b2b4": 8.833206521785542e-08,
    "a2a4": 4.480041297938442e-07
  },
  "white_other_mass": 0.0007082764665753416,
  "black_reply_probs_cond_on_white": {
    "e2e4": {
      "fen_after_white": "rnbqkbnr/pppppppp/8/8/4P3/8/PPPP1PPP/RNBQKBNR b KQkq - 0 1",
      "black_reply_probs": {
        "c7c5": 0.22156967222690582,
        "e7e5": 0.000957505835685879,
        "e7e6": 0.030855201184749603,
        "c7c6": 0.6935250759124756,
        "d7d5": 0.045023363083601,
        "g8f6": 0.006157589610666037,
        "g7g6": 3.001706318173092e-06,
        "d7d6": 0.0012530965032055974
      },
      "other_mass": 0.000655493936392304
    },
    "d2d4": {
      "fen_after_white": "rnbqkbnr/pppppppp/8/8/3P4/8/PPP1PPPP/RNBQKBNR b KQkq - 0 1",
      "black_reply_probs": {
        "c7c5": 0.0002835229388438165,
        "e7e5": 9.491440664533002e-07,
        "e7e6": 0.0031271048355847597,
        "c7c6": 0.0001722016604617238,
        "d7d5": 0.0731436014175415,
        "g8f6": 0.9232529401779175,
        "g7g6": 7.420200063279481e-07,
        "d7d6": 3.1263575692719314e-06
      },
      "other_mass": 1.581144800866241e-05
    },
    "c2c4": {
      "fen_after_white": "rnbqkbnr/pppppppp/8/8/2P5/8/PP1PPPPP/RNBQKBNR b KQkq - 0 1",
      "black_reply_probs": {
        "c7c5": 0.079081229865551,
        "e7e5": 0.0005434255581349134,
        "e7e6": 0.016034642234444618,
        "c7c6": 0.029811080545186996,
        "d7d5": 0.07474333047866821,
        "g8f6": 0.7987530827522278,
        "g7g6": 5.082872576167574e-06,
        "d7d6": 0.0005723609356209636
      },
      "other_mass": 0.00045576475758934976
    },
    "g1f3": {
      "fen_after_white": "rnbqkbnr/pppppppp/8/8/8/5N2/PPPPPPPP/RNBQKB1R b KQkq - 1 1",
      "black_reply_probs": {
        "c7c5": 0.049934837967157364,
        "e7e5": 1.2590663573064376e-05,
        "e7e6": 5.1901060942327604e-05,
        "c7c6": 9.54382776399143e-05,
        "d7d5": 0.21534471213817596,
        "g8f6": 0.7343653440475464,
        "g7g6": 5.940925689174037e-07,
        "d7d6": 1.027701364364475e-05
      },
      "other_mass": 0.0001843047387524166
    },
    "g2g3": {
      "fen_after_white": "rnbqkbnr/pppppppp/8/8/8/6P1/PPPPPP1P/RNBQKBNR b KQkq - 0 1",
      "black_reply_probs": {
        "c7c5": 0.03504897281527519,
        "e7e5": 0.0005852588801644742,
        "e7e6": 0.00038205605233088136,
        "c7c6": 0.0031703736167401075,
        "d7d5": 0.29852545261383057,
        "g8f6": 0.6620854139328003,
        "g7g6": 3.536444637575187e-06,
        "d7d6": 4.959418947692029e-05
      },
      "other_mass": 0.00014934145474398974
    },
    "b2b3": {
      "fen_after_white": "rnbqkbnr/pppppppp/8/8/8/1P6/P1PPPPPP/RNBQKBNR b KQkq - 0 1",
      "black_reply_probs": {
        "c7c5": 0.0018841440323740244,
        "e7e5": 0.00014498714881483465,
        "e7e6": 0.0014951189514249563,
        "c7c6": 0.000928379304241389,
        "d7d5": 0.12005772441625595,
        "g8f6": 0.8752559423446655,
        "g7g6": 5.403977866080822e-06,
        "d7d6": 1.2265714758541435e-05
      },
      "other_mass": 0.00021603410959869507
    },
    "f2f4": {
      "fen_after_white": "rnbqkbnr/pppppppp/8/8/5P2/8/PPPPP1PP/RNBQKBNR b KQkq - 0 1",
      "black_reply_probs": {
        "c7c5": 0.05961713567376137,
        "e7e5": 0.00012809889449272305,
        "e7e6": 0.007743110414594412,
        "c7c6": 0.038706470280885696,
        "d7d5": 0.24117577075958252,
        "g8f6": 0.6522933840751648,
        "g7g6": 6.073466920497594e-06,
        "d7d6": 0.0001812791742850095
      },
      "other_mass": 0.00014867726031297934
    },
    "b2b4": {
      "fen_after_white": "rnbqkbnr/pppppppp/8/8/1P6/8/P1PPPPPP/RNBQKBNR b KQkq - 0 1",
      "black_reply_probs": {
        "c7c5": 6.072868563933298e-05,
        "e7e5": 0.00025708565954118967,
        "e7e6": 0.012441730126738548,
        "c7c6": 0.002748291939496994,
        "d7d5": 0.06864011287689209,
        "g8f6": 0.9156187772750854,
        "g7g6": 5.135716946824687e-06,
        "d7d6": 5.1967082981718704e-05
      },
      "other_mass": 0.0001761706366778526
    },
    "a2a4": {
      "fen_after_white": "rnbqkbnr/pppppppp/8/8/P7/8/1PPPPPPP/RNBQKBNR b KQkq - 0 1",
      "black_reply_probs": {
        "c7c5": 0.0017600872088223696,
        "e7e5": 9.971810504794121e-05,
        "e7e6": 0.00042710770503617823,
        "c7c6": 0.000865137786604464,
        "d7d5": 0.11958295851945877,
        "g8f6": 0.8771905899047852,
        "g7g6": 3.166145177146973e-07,
        "d7d6": 2.7010466510546394e-05
      },
      "other_mass": 4.707368921685884e-05
    }
  },
  "meta": {
    "elo_self": 2800,
    "elo_oppo": 2800,
    "temperature": 1.0,
    "maia_type": "blitz",
    "white_moves_probed": [
      "e2e4",
      "d2d4",
      "c2c4",
      "g1f3",
      "g2g3",
      "b2b3",
      "f2f4",
      "b2b4",
      "a2a4"
    ],
    "black_replies_probed": [
      "c7c5",
      "e7e5",
      "e7e6",
      "c7c6",
      "d7d5",
      "g8f6",
      "g7g6",
      "d7d6"
    ]
  }
}