{
  "white_first_move_probs": {
    "e2e4": 0.00011281322804279625,
    "d2d4": 0.11981434375047684,
    "c2c4": 0.006991158705204725,
    "g1f3": 0.8721714615821838,
    "g2g3": 3.5562027278501773e-07,
    "b2b3": 1.6778690223873127e-06,
    "f2f4": 1.7145726815215312e-05,
    "b2b4": 2.3468798815429182e-07,
    "a2a4": 1.0471117093402427e-06
  },
  "white_other_mass": 0.0008897617182839213,
  "black_reply_probs_cond_on_white": {
    "e2e4": {
      "fen_after_white": "rnbqkbnr/pppppppp/8/8/4P3/8/PPPP1PPP/RNBQKBNR b KQkq - 0 1",
      "black_reply_probs": {
        "c7c5": 0.15208695828914642,
        "e7e5": 0.0004313105600886047,
        "e7e6": 0.011711235158145428,
        "c7c6": 0.7914981245994568,
        "d7d5": 0.03758088871836662,
        "g8f6": 0.00554377306252718,
        "g7g6": 6.116554800428275e-07,
        "d7d6": 0.000820305896922946
      },
      "other_mass": 0.0003267920598659657
    },
    "d2d4": {
      "fen_after_white": "rnbqkbnr/pppppppp/8/8/3P4/8/PPP1PPPP/RNBQKBNR b KQkq - 0 1",
      "black_reply_probs": {
        "c7c5": 0.00036395713686943054,
        "e7e5": 1.9041448240386671e-06,
        "e7e6": 0.003229924477636814,
        "c7c6": 0.000395641807699576,
        "d7d5": 0.08251792192459106,
        "g8f6": 0.9134672284126282,
        "g7g6": 4.398104067604436e-07,
        "d7d6": 5.832765054947231e-06
      },
      "other_mass": 1.7149520289194697e-05
    },
    "c2c4": {
      "fen_after_white": "rnbqkbnr/pppppppp/8/8/2P5/8/PP1PPPPP/RNBQKBNR b KQkq - 0 1",
      "black_reply_probs": {
        "c7c5": 0.06368426233530045,
        "e7e5": 0.0006534337881021202,
        "e7e6": 0.013370861299335957,
        "c7c6": 0.04639225825667381,
        "d7d5": 0.06438729166984558,
        "g8f6": 0.8103429079055786,
        "g7g6": 3.4015861274383496e-06,
        "d7d6": 0.000747400801628828
      },
      "other_mass": 0.0004181823574072041
    },
    "g1f3": {
      "fen_after_white": "rnbqkbnr/pppppppp/8/8/8/5N2/PPPPPPPP/RNBQKB1R b KQkq - 1 1",
      "black_reply_probs": {
        "c7c5": 0.049184251576662064,
        "e7e5": 1.6154215700225905e-05,
        "e7e6": 3.291759639978409e-05,
        "c7c6": 0.00010030643898062408,
        "d7d5": 0.21198363602161407,
        "g8f6": 0.7384237051010132,
        "g7g6": 4.1520368654346385e-07,
        "d7d6": 1.601942494744435e-05
      },
      "other_mass": 0.00024259442099605621
    },
    "g2g3": {
      "fen_after_white": "rnbqkbnr/pppppppp/8/8/8/6P1/PPPPPP1P/RNBQKBNR b KQkq - 0 1",
      "black_reply_probs": {
        "c7c5": 0.03498837724328041,
        "e7e5": 0.000715658359695226,
        "e7e6": 0.0002547221374697983,
        "c7c6": 0.0036204783245921135,
        "d7d5": 0.2882901728153229,
        "g8f6": 0.6719767451286316,
        "g7g6": 2.1363600808399497e-06,
        "d7d6": 4.748619539896026e-05
      },
      "other_mass": 0.00010422343552818347
    },
    "b2b3": {
      "fen_after_white": "rnbqkbnr/pppppppp/8/8/8/1P6/P1PPPPPP/RNBQKBNR b KQkq - 0 1",
      "black_reply_probs": {
        "c7c5": 0.002803089562803507,
        "e7e5": 0.00019343069288879633,
        "e7e6": 0.0011286044027656317,
        "c7c6": 0.0017546038143336773,
        "d7d5": 0.14124976098537445,
        "g8f6": 0.8526431918144226,
        "g7g6": 4.502354840951739e-06,
        "d7d6": 1.8089840523316525e-05
      },
      "other_mass": 0.00020472653204706148
    },
    "f2f4": {
      "fen_after_white": "rnbqkbnr/pppppppp/8/8/5P2/8/PPPPP1PP/RNBQKBNR b KQkq - 0 1",
      "black_reply_probs": {
        "c7c5": 0.07029198855161667,
        "e7e5": 0.00010338111314922571,
        "e7e6": 0.0043710325844585896,
        "c7c6": 0.04791705310344696,
        "d7d5": 0.33790674805641174,
        "g8f6": 0.5390031337738037,
        "g7g6": 3.6402507248567417e-06,
        "d7d6": 0.00027081291773356497
      },
      "other_mass": 0.00013220964865467977
    },
    "b2b4": {
      "fen_after_white": "rnbqkbnr/pppppppp/8/8/1P6/8/P1PPPPPP/RNBQKBNR b KQkq - 0 1",
      "black_reply_probs": {
        "c7c5": 5.997602784191258e-05,
        "e7e5": 0.0002573306846898049,
        "e7e6": 0.008533259853720665,
        "c7c6": 0.0033735523466020823,
        "d7d5": 0.06791966408491135,
        "g8f6": 0.9196355938911438,
        "g7g6": 2.4310174921993166e-06,
        "d7d6": 5.449054515338503e-05
      },
      "other_mass": 0.00016370154844480567
    },
    "a2a4": {
      "fen_after_white": "rnbqkbnr/pppppppp/8/8/P7/8/1PPPPPPP/RNBQKBNR b KQkq - 0 1",
      "black_reply_probs": {
        "c7c5": 0.001721990411169827,
        "e7e5": 0.00013451292761601508,
        "e7e6": 0.00029559744871221483,
        "c7c6": 0.0009081038879230618,
        "d7d5": 0.11860467493534088,
        "g8f6": 0.8782457113265991,
        "g7g6": 2.122599340736997e-07,
        "d7d6": 3.418370761210099e-05
      },
      "other_mass": 5.5013095092704134e-05
    }
  },
  "meta": {
    "elo_self": 2800,
    "elo_oppo": 2800,
    "temperature": 1.0,
    "maia_type": "blitz",
    "white_moves_probed": [
      "e2e4",
      "d2d4",
      "c2c4",
      "g1f3",
      "g2g3",
      "b2b3",
      "f2f4",
      "b2b4",
      "a2a4"
    ],
    "black_replies_probed": [
      "c7c5",
      "e7e5",
      "e7e6",
      "c7c6",
      "d7d5",
      "g8f6",
      "g7g6",
      "d7d6"
    ]
  }
}