{
  "white_first_move_probs": {
    "e2e4": 4.3478441511979327e-05,
    "d2d4": 0.02801176905632019,
    "c2c4": 0.00410606199875474,
    "g1f3": 0.9674416184425354,
    "g2g3": 1.6186528739581263e-07,
    "b2b3": 6.355045343298116e-07,
    "f2f4": 9.656739166530315e-06,
    "b2b4": 5.327437335722607e-08,
    "a2a4": 1.0870853373035061e-07
  },
  "white_other_mass": 0.0003864559689823466,
  "black_reply_probs_cond_on_white": {
    "e2e4": {
      "fen_after_white": "rnbqkbnr/pppppppp/8/8/4P3/8/PPPP1PPP/RNBQKBNR b KQkq - 0 1",
      "black_reply_probs": {
        "c7c5": 0.3248274624347687,
        "e7e5": 0.000881819985806942,
        "e7e6": 0.021665293723344803,
        "c7c6": 0.5991231799125671,
        "d7d5": 0.03585579991340637,
        "g8f6": 0.01647677645087242,
        "g7g6": 9.373152920488792e-07,
        "d7d6": 0.0008165058679878712
      },
      "other_mass": 0.00035222439595372634
    },
    "d2d4": {
      "fen_after_white": "rnbqkbnr/pppppppp/8/8/3P4/8/PPP1PPPP/RNBQKBNR b KQkq - 0 1",
      "black_reply_probs": {
        "c7c5": 0.0001825135259423405,
        "e7e5": 6.240681500457868e-07,
        "e7e6": 0.0015953133115544915,
        "c7c6": 3.879834548570216e-05,
        "d7d5": 0.015347518026828766,
        "g8f6": 0.9828174114227295,
        "g7g6": 3.5169077250429837e-07,
        "d7d6": 6.671684218417795e-07
      },
      "other_mass": 1.680244011481591e-05
    },
    "c2c4": {
      "fen_after_white": "rnbqkbnr/pppppppp/8/8/2P5/8/PP1PPPPP/RNBQKBNR b KQkq - 0 1",
      "black_reply_probs": {
        "c7c5": 0.03725395351648331,
        "e7e5": 0.0002914830402005464,
        "e7e6": 0.006123186554759741,
        "c7c6": 0.008133749477565289,
        "d7d5": 0.016407357528805733,
        "g8f6": 0.9314715266227722,
        "g7g6": 1.5900233165666577e-06,
        "d7d6": 0.00011916780931642279
      },
      "other_mass": 0.00019798542678017839
    },
    "g1f3": {
      "fen_after_white": "rnbqkbnr/pppppppp/8/8/8/5N2/PPPPPPPP/RNBQKB1R b KQkq - 1 1",
      "black_reply_probs": {
        "c7c5": 0.04686141014099121,
        "e7e5": 1.0350703632866498e-05,
        "e7e6": 3.9012404158711433e-05,
        "c7c6": 3.322269185446203e-05,
        "d7d5": 0.07903961837291718,
        "g8f6": 0.8737668991088867,
        "g7g6": 3.1454192139790393e-07,
        "d7d6": 5.149182925379137e-06
      },
      "other_mass": 0.00024402285271207802
    },
    "g2g3": {
      "fen_after_white": "rnbqkbnr/pppppppp/8/8/8/6P1/PPPPPP1P/RNBQKBNR b KQkq - 0 1",
      "black_reply_probs": {
        "c7c5": 0.03289620578289032,
        "e7e5": 0.00042314513120800257,
        "e7e6": 0.00016068376135081053,
        "c7c6": 0.0007872754358686507,
        "d7d5": 0.08935534209012985,
        "g8f6": 0.8762626647949219,
        "g7g6": 1.1209053809579927e-06,
        "d7d6": 1.317736769124167e-05
      },
      "other_mass": 0.00010038473055828945
    },
    "b2b3": {
      "fen_after_white": "rnbqkbnr/pppppppp/8/8/8/1P6/P1PPPPPP/RNBQKBNR b KQkq - 0 1",
      "black_reply_probs": {
        "c7c5": 0.0019834525883197784,
        "e7e5": 0.00011814905155915767,
        "e7e6": 0.0007058202172629535,
        "c7c6": 0.00024111395759973675,
        "d7d5": 0.03620947524905205,
        "g8f6": 0.9606010317802429,
        "g7g6": 2.11581755138468e-06,
        "d7d6": 2.9963991892145714e-06
      },
      "other_mass": 0.00013584493922280672
    },
    "f2f4": {
      "fen_after_white": "rnbqkbnr/pppppppp/8/8/5P2/8/PPPPP1PP/RNBQKBNR b KQkq - 0 1",
      "black_reply_probs": {
        "c7c5": 0.03715122118592262,
        "e7e5": 4.248448385624215e-05,
        "e7e6": 0.0021988656371831894,
        "c7c6": 0.00970627460628748,
        "d7d5": 0.0641801729798317,
        "g8f6": 0.8866205811500549,
        "g7g6": 1.1890072073583724e-06,
        "d7d6": 5.011761459172703e-05
      },
      "other_mass": 4.9093335064753774e-05
    },
    "b2b4": {
      "fen_after_white": "rnbqkbnr/pppppppp/8/8/1P6/8/P1PPPPPP/RNBQKBNR b KQkq - 0 1",
      "black_reply_probs": {
        "c7c5": 4.3096657464047894e-05,
        "e7e5": 0.0001587097649462521,
        "e7e6": 0.0069262804463505745,
        "c7c6": 0.000949922192376107,
        "d7d5": 0.02418440952897072,
        "g8f6": 0.9676417112350464,
        "g7g6": 1.6895920680326526e-06,
        "d7d6": 1.4859982002235483e-05
      },
      "other_mass": 7.932060077564529e-05
    },
    "a2a4": {
      "fen_after_white": "rnbqkbnr/pppppppp/8/8/P7/8/1PPPPPPP/RNBQKBNR b KQkq - 0 1",
      "black_reply_probs": {
        "c7c5": 0.0009329903405159712,
        "e7e5": 5.0005019147647545e-05,
        "e7e6": 0.00021591818949673325,
        "c7c6": 0.00012908739154227078,
        "d7d5": 0.02572157233953476,
        "g8f6": 0.9729152917861938,
        "g7g6": 9.138214096537922e-08,
        "d7d6": 5.822778803121764e-06
      },
      "other_mass": 2.9220772624682922e-05
    }
  },
  "meta": {
    "elo_self": 2800,
    "elo_oppo": 2800,
    "temperature": 1.0,
    "maia_type": "blitz",
    "white_moves_probed": [
      "e2e4",
      "d2d4",
      "c2c4",
      "g1f3",
      "g2g3",
      "b2b3",
      "f2f4",
      "b2b4",
      "a2a4"
    ],
    "black_replies_probed": [
      "c7c5",
      "e7e5",
      "e7e6",
      "c7c6",
      "d7d5",
      "g8f6",
      "g7g6",
      "d7d6"
    ]
  }
}