{
  "white_first_move_probs": {
    "e2e4": 5.515965380634928e-20,
    "d2d4": 1.088146994732142e-08,
    "c2c4": 2.8637137691571446e-13,
    "g1f3": 1.0,
    "g2g3": 1.257160551311767e-29,
    "b2b3": 2.556051820917084e-25,
    "f2f4": 4.686949784215225e-20,
    "b2b4": 2.642639067418792e-24,
    "a2a4": 3.0476341551983816e-28
  },
  "white_other_mass": 0.0,
  "black_reply_probs_cond_on_white": {
    "e2e4": {
      "fen_after_white": "rnbqkbnr/pppppppp/8/8/4P3/8/PPPP1PPP/RNBQKBNR b KQkq - 0 1",
      "black_reply_probs": {
        "c7c5": 2.600091022486595e-07,
        "e7e5": 7.2558213396386735e-16,
        "e7e6": 6.109018846345293e-10,
        "c7c6": 2.5007583559499835e-08,
        "d7d5": 7.529262074967846e-05,
        "g8f6": 0.9999244213104248,
        "g7g6": 1.2333345479570765e-22,
        "d7d6": 2.954284478048864e-15
      },
      "other_mass": 4.412340492976341e-10
    },
    "d2d4": {
      "fen_after_white": "rnbqkbnr/pppppppp/8/8/3P4/8/PPP1PPPP/RNBQKBNR b KQkq - 0 1",
      "black_reply_probs": {
        "c7c5": 1.9286701684502472e-13,
        "e7e5": 6.181503657008642e-19,
        "e7e6": 2.082885323636055e-13,
        "c7c6": 1.3080546945833998e-19,
        "d7d5": 1.193656373743579e-07,
        "g8f6": 0.9999998807907104,
        "g7g6": 2.1602459541219553e-29,
        "d7d6": 9.480619438381715e-20
      },
      "other_mass": 0.0
    },
    "c2c4": {
      "fen_after_white": "rnbqkbnr/pppppppp/8/8/2P5/8/PP1PPPPP/RNBQKBNR b KQkq - 0 1",
      "black_reply_probs": {
        "c7c5": 6.971186648774275e-12,
        "e7e5": 8.114685753115243e-19,
        "e7e6": 6.18663920006618e-14,
        "c7c6": 6.496604400842065e-17,
        "d7d5": 4.18461745255172e-08,
        "g8f6": 1.0,
        "g7g6": 2.351375572822154e-28,
        "d7d6": 1.0204799908800552e-19
      },
      "other_mass": 0.0
    },
    "g1f3": {
      "fen_after_white": "rnbqkbnr/pppppppp/8/8/8/5N2/PPPPPPPP/RNBQKB1R b KQkq - 1 1",
      "black_reply_probs": {
        "c7c5": 7.354632527989402e-12,
        "e7e5": 8.604127229093163e-20,
        "e7e6": 9.487152291656796e-16,
        "c7c6": 1.6556823876406674e-19,
        "d7d5": 2.0515845022828216e-08,
        "g8f6": 1.0,
        "g7g6": 5.610524623050999e-29,
        "d7d6": 4.622671711388746e-20
      },
      "other_mass": 0.0
    },
    "g2g3": {
      "fen_after_white": "rnbqkbnr/pppppppp/8/8/8/6P1/PPPPPP1P/RNBQKBNR b KQkq - 0 1",
      "black_reply_probs": {
        "c7c5": 6.886212086665289e-12,
        "e7e5": 2.1351627995858583e-19,
        "e7e6": 4.454348275658945e-16,
        "c7c6": 7.927378871811159e-18,
        "d7d5": 1.6720862916486112e-08,
        "g8f6": 1.0,
        "g7g6": 1.4312726530233599e-27,
        "d7d6": 1.8486956777980252e-20
      },
      "other_mass": 0.0
    },
    "b2b3": {
      "fen_after_white": "rnbqkbnr/pppppppp/8/8/8/1P6/P1PPPPPP/RNBQKBNR b KQkq - 0 1",
      "black_reply_probs": {
        "c7c5": 1.4251066757339954e-14,
        "e7e5": 7.012228156875091e-21,
        "e7e6": 3.975025036301945e-16,
        "c7c6": 2.1618883912543358e-20,
        "d7d5": 3.6320526586308688e-09,
        "g8f6": 1.0,
        "g7g6": 2.7349562389056434e-29,
        "d7d6": 1.5334930931677954e-21
      },
      "other_mass": 0.0
    },
    "f2f4": {
      "fen_after_white": "rnbqkbnr/pppppppp/8/8/5P2/8/PPPPP1PP/RNBQKBNR b KQkq - 0 1",
      "black_reply_probs": {
        "c7c5": 6.588200124335586e-11,
        "e7e5": 5.713684423748917e-19,
        "e7e6": 2.7703782939036102e-14,
        "c7c6": 3.5898213451867646e-15,
        "d7d5": 4.818321599486808e-07,
        "g8f6": 0.9999995231628418,
        "g7g6": 1.2095721163701398e-27,
        "d7d6": 1.3643764143657639e-18
      },
      "other_mass": 0.0
    },
    "b2b4": {
      "fen_after_white": "rnbqkbnr/pppppppp/8/8/1P6/8/P1PPPPPP/RNBQKBNR b KQkq - 0 1",
      "black_reply_probs": {
        "c7c5": 3.2753313949918095e-14,
        "e7e5": 1.121663372970441e-19,
        "e7e6": 7.052815091928427e-14,
        "c7c6": 4.7982489131128866e-18,
        "d7d5": 3.428020178830593e-08,
        "g8f6": 1.0,
        "g7g6": 7.381256512135328e-29,
        "d7d6": 5.71889540311406e-20
      },
      "other_mass": 0.0
    },
    "a2a4": {
      "fen_after_white": "rnbqkbnr/pppppppp/8/8/P7/8/1PPPPPPP/RNBQKBNR b KQkq - 0 1",
      "black_reply_probs": {
        "c7c5": 2.438021301769816e-13,
        "e7e5": 4.853489352738279e-20,
        "e7e6": 1.7428787091929715e-15,
        "c7c6": 2.1014277375677434e-18,
        "d7d5": 4.053812929782907e-08,
        "g8f6": 1.0,
        "g7g6": 5.002203550545662e-30,
        "d7d6": 3.0921584879100586e-20
      },
      "other_mass": 0.0
    }
  },
  "meta": {
    "elo_self": 2800,
    "elo_oppo": 2800,
    "temperature": 1.0,
    "maia_type": "blitz",
    "white_moves_probed": [
      "e2e4",
      "d2d4",
      "c2c4",
      "g1f3",
      "g2g3",
      "b2b3",
      "f2f4",
      "b2b4",
      "a2a4"
    ],
    "black_replies_probed": [
      "c7c5",
      "e7e5",
      "e7e6",
      "c7c6",
      "d7d5",
      "g8f6",
      "g7g6",
      "d7d6"
    ]
  }
}