{
  "white_first_move_probs": {
    "e2e4": 0.00022096795146353543,
    "d2d4": 0.09446708858013153,
    "c2c4": 0.00962376780807972,
    "g1f3": 0.892798125743866,
    "g2g3": 2.3341781343333423e-06,
    "b2b3": 6.235757609829307e-06,
    "f2f4": 6.077482248656452e-05,
    "b2b4": 5.421407536232437e-07,
    "a2a4": 2.2157989860716043e-06
  },
  "white_other_mass": 0.0028179472184888255,
  "black_reply_probs_cond_on_white": {
    "e2e4": {
      "fen_after_white": "rnbqkbnr/pppppppp/8/8/4P3/8/PPPP1PPP/RNBQKBNR b KQkq - 0 1",
      "black_reply_probs": {
        "c7c5": 0.1431962549686432,
        "e7e5": 0.0018264722311869264,
        "e7e6": 0.020747242495417595,
        "c7c6": 0.6533997058868408,
        "d7d5": 0.14238519966602325,
        "g8f6": 0.0359610877931118,
        "g7g6": 5.501554369402584e-06,
        "d7d6": 0.0015087428037077188
      },
      "other_mass": 0.000969792600699293
    },
    "d2d4": {
      "fen_after_white": "rnbqkbnr/pppppppp/8/8/3P4/8/PPP1PPPP/RNBQKBNR b KQkq - 0 1",
      "black_reply_probs": {
        "c7c5": 0.001196306082420051,
        "e7e5": 1.0335408660466783e-05,
        "e7e6": 0.0074956403113901615,
        "c7c6": 0.001674760365858674,
        "d7d5": 0.12165935337543488,
        "g8f6": 0.8678501844406128,
        "g7g6": 3.5061486869381042e-06,
        "d7d6": 2.651907198014669e-05
      },
      "other_mass": 8.33947949558933e-05
    },
    "c2c4": {
      "fen_after_white": "rnbqkbnr/pppppppp/8/8/2P5/8/PP1PPPPP/RNBQKBNR b KQkq - 0 1",
      "black_reply_probs": {
        "c7c5": 0.04868214204907417,
        "e7e5": 0.0009242036030627787,
        "e7e6": 0.010008488781750202,
        "c7c6": 0.0433095321059227,
        "d7d5": 0.07389406859874725,
        "g8f6": 0.8214054703712463,
        "g7g6": 1.0901926543738227e-05,
        "d7d6": 0.0006794377113692462
      },
      "other_mass": 0.0010857548522835714
    },
    "g1f3": {
      "fen_after_white": "rnbqkbnr/pppppppp/8/8/8/5N2/PPPPPPPP/RNBQKB1R b KQkq - 1 1",
      "black_reply_probs": {
        "c7c5": 0.030127810314297676,
        "e7e5": 3.630582432379015e-05,
        "e7e6": 0.00012076646089553833,
        "c7c6": 0.00030748199787922204,
        "d7d5": 0.08904850482940674,
        "g8f6": 0.879966676235199,
        "g7g6": 3.0353244255820755e-06,
        "d7d6": 2.483364187355619e-05
      },
      "other_mass": 0.00036458537169892224
    },
    "g2g3": {
      "fen_after_white": "rnbqkbnr/pppppppp/8/8/8/6P1/PPPPPP1P/RNBQKBNR b KQkq - 0 1",
      "black_reply_probs": {
        "c7c5": 0.03322916105389595,
        "e7e5": 0.001091481652110815,
        "e7e6": 0.0006524805212393403,
        "c7c6": 0.00952967070043087,
        "d7d5": 0.19160285592079163,
        "g8f6": 0.7633237838745117,
        "g7g6": 1.1052559784729965e-05,
        "d7d6": 9.64692299021408e-05
      },
      "other_mass": 0.0004630444873328088
    },
    "b2b3": {
      "fen_after_white": "rnbqkbnr/pppppppp/8/8/8/1P6/P1PPPPPP/RNBQKBNR b KQkq - 0 1",
      "black_reply_probs": {
        "c7c5": 0.0028099974151700735,
        "e7e5": 0.0003880983276758343,
        "e7e6": 0.0024257535114884377,
        "c7c6": 0.0033204280771315098,
        "d7d5": 0.11929626017808914,
        "g8f6": 0.8710542917251587,
        "g7g6": 1.621523915673606e-05,
        "d7d6": 5.017025250708684e-05
      },
      "other_mass": 0.0006387852736224886
    },
    "f2f4": {
      "fen_after_white": "rnbqkbnr/pppppppp/8/8/5P2/8/PPPPP1PP/RNBQKBNR b KQkq - 0 1",
      "black_reply_probs": {
        "c7c5": 0.06043025478720665,
        "e7e5": 0.00037469787639565766,
        "e7e6": 0.005551315378397703,
        "c7c6": 0.054237667471170425,
        "d7d5": 0.23860953748226166,
        "g8f6": 0.6400032639503479,
        "g7g6": 1.3848710295860656e-05,
        "d7d6": 0.0003337841772008687
      },
      "other_mass": 0.0004456301667232765
    },
    "b2b4": {
      "fen_after_white": "rnbqkbnr/pppppppp/8/8/1P6/8/P1PPPPPP/RNBQKBNR b KQkq - 0 1",
      "black_reply_probs": {
        "c7c5": 0.0002285515220137313,
        "e7e5": 0.0007605498540215194,
        "e7e6": 0.015011664479970932,
        "c7c6": 0.006845471449196339,
        "d7d5": 0.09379705041646957,
        "g8f6": 0.8825870752334595,
        "g7g6": 1.8212187569588423e-05,
        "d7d6": 0.00022462502238340676
      },
      "other_mass": 0.0005267998349154368
    },
    "a2a4": {
      "fen_after_white": "rnbqkbnr/pppppppp/8/8/P7/8/1PPPPPPP/RNBQKBNR b KQkq - 0 1",
      "black_reply_probs": {
        "c7c5": 0.0032244401518255472,
        "e7e5": 0.00028438531444408,
        "e7e6": 0.0008076251833699644,
        "c7c6": 0.0035829555708914995,
        "d7d5": 0.11061152815818787,
        "g8f6": 0.88116455078125,
        "g7g6": 2.0341999515949283e-06,
        "d7d6": 0.00010197859955951571
      },
      "other_mass": 0.00022050204051993205
    }
  },
  "meta": {
    "elo_self": 2800,
    "elo_oppo": 2800,
    "temperature": 1.0,
    "maia_type": "blitz",
    "white_moves_probed": [
      "e2e4",
      "d2d4",
      "c2c4",
      "g1f3",
      "g2g3",
      "b2b3",
      "f2f4",
      "b2b4",
      "a2a4"
    ],
    "black_replies_probed": [
      "c7c5",
      "e7e5",
      "e7e6",
      "c7c6",
      "d7d5",
      "g8f6",
      "g7g6",
      "d7d6"
    ]
  }
}