{
  "white_first_move_probs": {
    "e2e4": 1.4092490729922247e-08,
    "d2d4": 0.0016180012607946992,
    "c2c4": 6.419890752340507e-08,
    "g1f3": 0.9981721639633179,
    "g2g3": 1.2799934723251027e-10,
    "b2b3": 6.852282075087146e-10,
    "f2f4": 7.041717964284544e-08,
    "b2b4": 4.4095976869940046e-11,
    "a2a4": 1.2298541525457285e-11
  },
  "white_other_mass": 0.0002096851976874925,
  "black_reply_probs_cond_on_white": {
    "e2e4": {
      "fen_after_white": "rnbqkbnr/pppppppp/8/8/4P3/8/PPPP1PPP/RNBQKBNR b KQkq - 0 1",
      "black_reply_probs": {
        "c7c5": 0.0006662148516625166,
        "e7e5": 3.837571057374589e-06,
        "e7e6": 0.015342419035732746,
        "c7c6": 0.11111372709274292,
        "d7d5": 0.2703198194503784,
        "g8f6": 0.6023731827735901,
        "g7g6": 4.55052706627157e-08,
        "d7d6": 0.0001477771147619933
      },
      "other_mass": 3.297660480328091e-05
    },
    "d2d4": {
      "fen_after_white": "rnbqkbnr/pppppppp/8/8/3P4/8/PPP1PPPP/RNBQKBNR b KQkq - 0 1",
      "black_reply_probs": {
        "c7c5": 7.861336470682545e-09,
        "e7e5": 2.9771298759584397e-09,
        "e7e6": 3.4877268717536936e-06,
        "c7c6": 2.2761156515116454e-08,
        "d7d5": 0.0035491352900862694,
        "g8f6": 0.9963968396186829,
        "g7g6": 6.539545988060169e-11,
        "d7d6": 3.118965707926691e-08
      },
      "other_mass": 5.0472509683707756e-05
    },
    "c2c4": {
      "fen_after_white": "rnbqkbnr/pppppppp/8/8/2P5/8/PP1PPPPP/RNBQKBNR b KQkq - 0 1",
      "black_reply_probs": {
        "c7c5": 2.0951927126589e-06,
        "e7e5": 2.728539882923542e-08,
        "e7e6": 5.5213090490724426e-06,
        "c7c6": 1.379306127091695e-06,
        "d7d5": 0.0019257905660197139,
        "g8f6": 0.9980238676071167,
        "g7g6": 3.1825564406062767e-10,
        "d7d6": 4.666210031700757e-07
      },
      "other_mass": 4.085179431712049e-05
    },
    "g1f3": {
      "fen_after_white": "rnbqkbnr/pppppppp/8/8/8/5N2/PPPPPPPP/RNBQKB1R b KQkq - 1 1",
      "black_reply_probs": {
        "c7c5": 5.280272148411314e-07,
        "e7e5": 7.434052040622419e-09,
        "e7e6": 2.464413455527392e-07,
        "c7c6": 6.5903925872135e-08,
        "d7d5": 0.0014910093741491437,
        "g8f6": 0.9982170462608337,
        "g7g6": 1.3048828684247837e-09,
        "d7d6": 7.631687992670777e-08
      },
      "other_mass": 0.0002910189367160143
    },
    "g2g3": {
      "fen_after_white": "rnbqkbnr/pppppppp/8/8/8/6P1/PPPPPP1P/RNBQKBNR b KQkq - 0 1",
      "black_reply_probs": {
        "c7c5": 8.735704568607616e-07,
        "e7e5": 6.107068628580237e-08,
        "e7e6": 6.235712248781056e-07,
        "c7c6": 9.381352015225275e-07,
        "d7d5": 0.004201202187687159,
        "g8f6": 0.9956938028335571,
        "g7g6": 2.5085251653678142e-09,
        "d7d6": 2.0196493721869047e-07
      },
      "other_mass": 0.00010229415772378125
    },
    "b2b3": {
      "fen_after_white": "rnbqkbnr/pppppppp/8/8/8/1P6/P1PPPPPP/RNBQKBNR b KQkq - 0 1",
      "black_reply_probs": {
        "c7c5": 3.1148132961789088e-09,
        "e7e5": 1.9583228372255235e-09,
        "e7e6": 5.509748461918207e-07,
        "c7c6": 2.5850219742551417e-08,
        "d7d5": 0.0010261120041832328,
        "g8f6": 0.9986662864685059,
        "g7g6": 4.4138956378780847e-10,
        "d7d6": 1.0109430625959703e-08
      },
      "other_mass": 0.00030700907828862256
    },
    "f2f4": {
      "fen_after_white": "rnbqkbnr/pppppppp/8/8/5P2/8/PPPPP1PP/RNBQKBNR b KQkq - 0 1",
      "black_reply_probs": {
        "c7c5": 1.8922472690974246e-06,
        "e7e5": 4.6911303286378825e-08,
        "e7e6": 3.3793874081311515e-06,
        "c7c6": 4.670110683946405e-06,
        "d7d5": 0.006588874384760857,
        "g8f6": 0.9933450222015381,
        "g7g6": 3.790744940168622e-10,
        "d7d6": 2.4838334411469987e-07
      },
      "other_mass": 5.586599461793185e-05
    },
    "b2b4": {
      "fen_after_white": "rnbqkbnr/pppppppp/8/8/1P6/8/P1PPPPPP/RNBQKBNR b KQkq - 0 1",
      "black_reply_probs": {
        "c7c5": 5.745360853737225e-10,
        "e7e5": 5.7376547957233015e-09,
        "e7e6": 4.530872956820531e-06,
        "c7c6": 1.329097898405962e-07,
        "d7d5": 0.000916198652703315,
        "g8f6": 0.9990715980529785,
        "g7g6": 1.4945022996926127e-10,
        "d7d6": 1.0348077950084189e-08
      },
      "other_mass": 7.522701852447078e-06
    },
    "a2a4": {
      "fen_after_white": "rnbqkbnr/pppppppp/8/8/P7/8/1PPPPPPP/RNBQKBNR b KQkq - 0 1",
      "black_reply_probs": {
        "c7c5": 1.3699269629796618e-07,
        "e7e5": 2.8977007460184723e-08,
        "e7e6": 1.408427010574087e-06,
        "c7c6": 6.07011202191643e-07,
        "d7d5": 0.0042931754142045975,
        "g8f6": 0.9955246448516846,
        "g7g6": 2.8761404369248567e-10,
        "d7d6": 4.2894095031442703e-07
      },
      "other_mass": 0.00017956909762995021
    }
  },
  "meta": {
    "elo_self": 2800,
    "elo_oppo": 2800,
    "temperature": 1.0,
    "maia_type": "blitz",
    "white_moves_probed": [
      "e2e4",
      "d2d4",
      "c2c4",
      "g1f3",
      "g2g3",
      "b2b3",
      "f2f4",
      "b2b4",
      "a2a4"
    ],
    "black_replies_probed": [
      "c7c5",
      "e7e5",
      "e7e6",
      "c7c6",
      "d7d5",
      "g8f6",
      "g7g6",
      "d7d6"
    ]
  }
}