{
  "white_first_move_probs": {
    "e2e4": 7.037281466182321e-05,
    "d2d4": 0.09089778363704681,
    "c2c4": 0.003877434181049466,
    "g1f3": 0.9049252271652222,
    "g2g3": 8.622055247542448e-08,
    "b2b3": 4.3383056436141487e-07,
    "f2f4": 5.6865724218369e-06,
    "b2b4": 4.110126994305574e-08,
    "a2a4": 1.5779200168708485e-07
  },
  "white_other_mass": 0.00022277668520942484,
  "black_reply_probs_cond_on_white": {
    "e2e4": {
      "fen_after_white": "rnbqkbnr/pppppppp/8/8/4P3/8/PPPP1PPP/RNBQKBNR b KQkq - 0 1",
      "black_reply_probs": {
        "c7c5": 0.11332792788743973,
        "e7e5": 0.000417098228354007,
        "e7e6": 0.006628397852182388,
        "c7c6": 0.820737361907959,
        "d7d5": 0.049409497529268265,
        "g8f6": 0.007794298231601715,
        "g7g6": 6.230586677702377e-07,
        "d7d6": 0.0012352355988696218
      },
      "other_mass": 0.0004495597056575207
    },
    "d2d4": {
      "fen_after_white": "rnbqkbnr/pppppppp/8/8/3P4/8/PPP1PPPP/RNBQKBNR b KQkq - 0 1",
      "black_reply_probs": {
        "c7c5": 0.00015939418517518789,
        "e7e5": 9.449855724597e-07,
        "e7e6": 0.0008806416299194098,
        "c7c6": 0.00013074772141408175,
        "d7d5": 0.0741063579916954,
        "g8f6": 0.9246749877929688,
        "g7g6": 3.455455157563847e-07,
        "d7d6": 3.464203928160714e-06
      },
      "other_mass": 4.311594381078976e-05
    },
    "c2c4": {
      "fen_after_white": "rnbqkbnr/pppppppp/8/8/2P5/8/PP1PPPPP/RNBQKBNR b KQkq - 0 1",
      "black_reply_probs": {
        "c7c5": 0.03587072715163231,
        "e7e5": 0.0004505517426878214,
        "e7e6": 0.001989510841667652,
        "c7c6": 0.009980643168091774,
        "d7d5": 0.04143613204360008,
        "g8f6": 0.9097581505775452,
        "g7g6": 1.3262412039694027e-06,
        "d7d6": 0.0002686708467081189
      },
      "other_mass": 0.0002442873868631068
    },
    "g1f3": {
      "fen_after_white": "rnbqkbnr/pppppppp/8/8/8/5N2/PPPPPPPP/RNBQKB1R b KQkq - 1 1",
      "black_reply_probs": {
        "c7c5": 0.03389488533139229,
        "e7e5": 9.489732292422559e-06,
        "e7e6": 1.63841868925374e-05,
        "c7c6": 0.00012048571807099506,
        "d7d5": 0.19871927797794342,
        "g8f6": 0.7669692635536194,
        "g7g6": 3.107171551164356e-07,
        "d7d6": 1.5991070540621877e-05
      },
      "other_mass": 0.0002539117120932133
    },
    "g2g3": {
      "fen_after_white": "rnbqkbnr/pppppppp/8/8/8/6P1/PPPPPP1P/RNBQKBNR b KQkq - 0 1",
      "black_reply_probs": {
        "c7c5": 0.016337132081389427,
        "e7e5": 0.0004518149944487959,
        "e7e6": 6.724737613694742e-05,
        "c7c6": 0.0014645286137238145,
        "d7d5": 0.15416239202022552,
        "g8f6": 0.8273439407348633,
        "g7g6": 1.263097942683089e-06,
        "d7d6": 3.111220939899795e-05
      },
      "other_mass": 0.0001405688718705278
    },
    "b2b3": {
      "fen_after_white": "rnbqkbnr/pppppppp/8/8/8/1P6/P1PPPPPP/RNBQKBNR b KQkq - 0 1",
      "black_reply_probs": {
        "c7c5": 0.0013502006186172366,
        "e7e5": 0.0001741321466397494,
        "e7e6": 0.000306170666590333,
        "c7c6": 0.00032981729600578547,
        "d7d5": 0.10123005509376526,
        "g8f6": 0.8961941003799438,
        "g7g6": 3.933570496883476e-06,
        "d7d6": 9.649309504311532e-06
      },
      "other_mass": 0.0004019409184365941
    },
    "f2f4": {
      "fen_after_white": "rnbqkbnr/pppppppp/8/8/5P2/8/PPPPP1PP/RNBQKBNR b KQkq - 0 1",
      "black_reply_probs": {
        "c7c5": 0.03855869546532631,
        "e7e5": 6.639120692852885e-05,
        "e7e6": 0.0015294827753677964,
        "c7c6": 0.024701956659555435,
        "d7d5": 0.1713557243347168,
        "g8f6": 0.7634196281433105,
        "g7g6": 3.2895459298742935e-06,
        "d7d6": 0.0001841885386966169
      },
      "other_mass": 0.00018064333016809542
    },
    "b2b4": {
      "fen_after_white": "rnbqkbnr/pppppppp/8/8/1P6/8/P1PPPPPP/RNBQKBNR b KQkq - 0 1",
      "black_reply_probs": {
        "c7c5": 5.241688631940633e-05,
        "e7e5": 0.0003355747612658888,
        "e7e6": 0.0047963387332856655,
        "c7c6": 0.002153245499357581,
        "d7d5": 0.08270391076803207,
        "g8f6": 0.909644603729248,
        "g7g6": 4.855859970120946e-06,
        "d7d6": 6.214391760295257e-05
      },
      "other_mass": 0.00024690984491826384
    },
    "a2a4": {
      "fen_after_white": "rnbqkbnr/pppppppp/8/8/P7/8/1PPPPPPP/RNBQKBNR b KQkq - 0 1",
      "black_reply_probs": {
        "c7c5": 0.0007444772636517882,
        "e7e5": 0.00010472147550899535,
        "e7e6": 7.018916949164122e-05,
        "c7c6": 0.0002581870066933334,
        "d7d5": 0.08642885088920593,
        "g8f6": 0.9123018980026245,
        "g7g6": 7.533016344041243e-08,
        "d7d6": 1.7773716535884887e-05
      },
      "other_mass": 7.382714612447216e-05
    }
  },
  "meta": {
    "elo_self": 2800,
    "elo_oppo": 2800,
    "temperature": 1.0,
    "maia_type": "blitz",
    "white_moves_probed": [
      "e2e4",
      "d2d4",
      "c2c4",
      "g1f3",
      "g2g3",
      "b2b3",
      "f2f4",
      "b2b4",
      "a2a4"
    ],
    "black_replies_probed": [
      "c7c5",
      "e7e5",
      "e7e6",
      "c7c6",
      "d7d5",
      "g8f6",
      "g7g6",
      "d7d6"
    ]
  }
}