{
  "white_first_move_probs": {
    "e2e4": 9.82108831522055e-05,
    "d2d4": 0.10932977497577667,
    "c2c4": 0.00428367592394352,
    "g1f3": 0.8859847187995911,
    "g2g3": 1.3217224648087722e-07,
    "b2b3": 4.635345760561904e-07,
    "f2f4": 6.822077011747751e-06,
    "b2b4": 8.50163530685677e-08,
    "a2a4": 3.3187970416292956e-07
  },
  "white_other_mass": 0.0002957847376450218,
  "black_reply_probs_cond_on_white": {
    "e2e4": {
      "fen_after_white": "rnbqkbnr/pppppppp/8/8/4P3/8/PPPP1PPP/RNBQKBNR b KQkq - 0 1",
      "black_reply_probs": {
        "c7c5": 0.2960883378982544,
        "e7e5": 0.0015020273858681321,
        "e7e6": 0.022877957671880722,
        "c7c6": 0.5857167840003967,
        "d7d5": 0.07022594660520554,
        "g8f6": 0.020732276141643524,
        "g7g6": 2.75211255029717e-06,
        "d7d6": 0.0015713394386693835
      },
      "other_mass": 0.001282578745531282
    },
    "d2d4": {
      "fen_after_white": "rnbqkbnr/pppppppp/8/8/3P4/8/PPP1PPPP/RNBQKBNR b KQkq - 0 1",
      "black_reply_probs": {
        "c7c5": 0.0002797729684971273,
        "e7e5": 1.4753884443052812e-06,
        "e7e6": 0.0015692770248278975,
        "c7c6": 5.596846676780842e-05,
        "d7d5": 0.11111287772655487,
        "g8f6": 0.8869583606719971,
        "g7g6": 3.4256811431987444e-07,
        "d7d6": 1.7451582152716583e-06
      },
      "other_mass": 2.0180026581329003e-05
    },
    "c2c4": {
      "fen_after_white": "rnbqkbnr/pppppppp/8/8/2P5/8/PP1PPPPP/RNBQKBNR b KQkq - 0 1",
      "black_reply_probs": {
        "c7c5": 0.07307159900665283,
        "e7e5": 0.0007099084905348718,
        "e7e6": 0.008578330278396606,
        "c7c6": 0.01087660901248455,
        "d7d5": 0.08054082095623016,
        "g8f6": 0.8254193663597107,
        "g7g6": 2.5337658371427096e-06,
        "d7d6": 0.0003341070841997862
      },
      "other_mass": 0.0004667250459533534
    },
    "g1f3": {
      "fen_after_white": "rnbqkbnr/pppppppp/8/8/8/5N2/PPPPPPPP/RNBQKB1R b KQkq - 1 1",
      "black_reply_probs": {
        "c7c5": 0.047137461602687836,
        "e7e5": 1.7903250409290195e-05,
        "e7e6": 2.8329553970252164e-05,
        "c7c6": 3.1951931305229664e-05,
        "d7d5": 0.2245887964963913,
        "g8f6": 0.7280022501945496,
        "g7g6": 2.162330190458306e-07,
        "d7d6": 5.0088447096641175e-06
      },
      "other_mass": 0.0001880818929578254
    },
    "g2g3": {
      "fen_after_white": "rnbqkbnr/pppppppp/8/8/8/6P1/PPPPPP1P/RNBQKBNR b KQkq - 0 1",
      "black_reply_probs": {
        "c7c5": 0.0286546740680933,
        "e7e5": 0.0005980039713904262,
        "e7e6": 0.00014396743790712208,
        "c7c6": 0.0010573335457593203,
        "d7d5": 0.22290682792663574,
        "g8f6": 0.746495246887207,
        "g7g6": 1.11549957182433e-06,
        "d7d6": 1.9928616893594153e-05
      },
      "other_mass": 0.00012290204654163972
    },
    "b2b3": {
      "fen_after_white": "rnbqkbnr/pppppppp/8/8/8/1P6/P1PPPPPP/RNBQKBNR b KQkq - 0 1",
      "black_reply_probs": {
        "c7c5": 0.001824558712542057,
        "e7e5": 0.00021321966778486967,
        "e7e6": 0.0007281760917976499,
        "c7c6": 0.0003206605324521661,
        "d7d5": 0.175441175699234,
        "g8f6": 0.8212782144546509,
        "g7g6": 2.55381883107475e-06,
        "d7d6": 7.839280442567542e-06
      },
      "other_mass": 0.00018360174226472736
    },
    "f2f4": {
      "fen_after_white": "rnbqkbnr/pppppppp/8/8/5P2/8/PPPPP1PP/RNBQKBNR b KQkq - 0 1",
      "black_reply_probs": {
        "c7c5": 0.049934107810258865,
        "e7e5": 9.071864769794047e-05,
        "e7e6": 0.00217177695594728,
        "c7c6": 0.015949035063385963,
        "d7d5": 0.23109431564807892,
        "g8f6": 0.7005857229232788,
        "g7g6": 1.5196875438050483e-06,
        "d7d6": 8.794305176706985e-05
      },
      "other_mass": 8.486021204134886e-05
    },
    "b2b4": {
      "fen_after_white": "rnbqkbnr/pppppppp/8/8/1P6/8/P1PPPPPP/RNBQKBNR b KQkq - 0 1",
      "black_reply_probs": {
        "c7c5": 5.18092347192578e-05,
        "e7e5": 0.0002803437237162143,
        "e7e6": 0.00543109979480505,
        "c7c6": 0.0012408830225467682,
        "d7d5": 0.11149895191192627,
        "g8f6": 0.8813233971595764,
        "g7g6": 2.284908305227873e-06,
        "d7d6": 3.5401251807343215e-05
      },
      "other_mass": 0.00013582899259745318
    },
    "a2a4": {
      "fen_after_white": "rnbqkbnr/pppppppp/8/8/P7/8/1PPPPPPP/RNBQKBNR b KQkq - 0 1",
      "black_reply_probs": {
        "c7c5": 0.0009049043874256313,
        "e7e5": 0.00011894739145645872,
        "e7e6": 0.00017559612751938403,
        "c7c6": 0.00018291421292815357,
        "d7d5": 0.12640836834907532,
        "g8f6": 0.872165322303772,
        "g7g6": 8.885671576308596e-08,
        "d7d6": 1.0992743227689061e-05
      },
      "other_mass": 3.286562787963021e-05
    }
  },
  "meta": {
    "elo_self": 2800,
    "elo_oppo": 2800,
    "temperature": 1.0,
    "maia_type": "blitz",
    "white_moves_probed": [
      "e2e4",
      "d2d4",
      "c2c4",
      "g1f3",
      "g2g3",
      "b2b3",
      "f2f4",
      "b2b4",
      "a2a4"
    ],
    "black_replies_probed": [
      "c7c5",
      "e7e5",
      "e7e6",
      "c7c6",
      "d7d5",
      "g8f6",
      "g7g6",
      "d7d6"
    ]
  }
}