{
  "white_first_move_probs": {
    "e2e4": 3.1708932701768333e-10,
    "d2d4": 0.00048473026254214346,
    "c2c4": 5.368522515425411e-09,
    "g1f3": 0.999487042427063,
    "g2g3": 1.0670573582713394e-12,
    "b2b3": 1.4371191736639588e-11,
    "f2f4": 1.623301382203124e-09,
    "b2b4": 3.919202636037955e-12,
    "a2a4": 2.3710745281242673e-13
  },
  "white_other_mass": 2.8219981887067647e-05,
  "black_reply_probs_cond_on_white": {
    "e2e4": {
      "fen_after_white": "rnbqkbnr/pppppppp/8/8/4P3/8/PPPP1PPP/RNBQKBNR b KQkq - 0 1",
      "black_reply_probs": {
        "c7c5": 0.0001409780525136739,
        "e7e5": 3.5240528717395136e-08,
        "e7e6": 0.0005190282827243209,
        "c7c6": 0.008422737941145897,
        "d7d5": 0.471232146024704,
        "g8f6": 0.5196759700775146,
        "g7g6": 6.591178158821265e-10,
        "d7d6": 7.61023420636775e-06
      },
      "other_mass": 1.4934875445238305e-06
    },
    "d2d4": {
      "fen_after_white": "rnbqkbnr/pppppppp/8/8/3P4/8/PPP1PPPP/RNBQKBNR b KQkq - 0 1",
      "black_reply_probs": {
        "c7c5": 1.1295512303277633e-09,
        "e7e5": 1.6235401911757208e-10,
        "e7e6": 2.7774495947596733e-07,
        "c7c6": 3.3171237978635304e-10,
        "d7d5": 0.0013353906106203794,
        "g8f6": 0.9986531734466553,
        "g7g6": 6.954839265257973e-13,
        "d7d6": 1.664316795491061e-09
      },
      "other_mass": 1.115490913494721e-05
    },
    "c2c4": {
      "fen_after_white": "rnbqkbnr/pppppppp/8/8/2P5/8/PP1PPPPP/RNBQKBNR b KQkq - 0 1",
      "black_reply_probs": {
        "c7c5": 3.621376976070678e-08,
        "e7e5": 3.5310801504984113e-10,
        "e7e6": 1.366430097959892e-07,
        "c7c6": 7.14129955170506e-09,
        "d7d5": 0.0003107949742116034,
        "g8f6": 0.9996823072433472,
        "g7g6": 2.044940388898353e-12,
        "d7d6": 4.731964153847912e-09
      },
      "other_mass": 6.712697245059296e-06
    },
    "g1f3": {
      "fen_after_white": "rnbqkbnr/pppppppp/8/8/8/5N2/PPPPPPPP/RNBQKB1R b KQkq - 1 1",
      "black_reply_probs": {
        "c7c5": 1.1890877260611887e-07,
        "e7e5": 5.565392591222462e-10,
        "e7e6": 3.8510627575760736e-08,
        "c7c6": 3.83092135791685e-09,
        "d7d5": 0.000893263379111886,
        "g8f6": 0.9990590214729309,
        "g7g6": 1.6036791686269147e-11,
        "d7d6": 6.792112650089166e-09
      },
      "other_mass": 4.754653294691824e-05
    },
    "g2g3": {
      "fen_after_white": "rnbqkbnr/pppppppp/8/8/8/6P1/PPPPPP1P/RNBQKBNR b KQkq - 0 1",
      "black_reply_probs": {
        "c7c5": 4.549558596522729e-08,
        "e7e5": 1.1549468048599465e-09,
        "e7e6": 3.231564704719858e-08,
        "c7c6": 1.2833550222524082e-08,
        "d7d5": 0.000881582556758076,
        "g8f6": 0.9991045594215393,
        "g7g6": 1.4991473340497663e-11,
        "d7d6": 2.8017137498892453e-09
      },
      "other_mass": 1.3763405267375184e-05
    },
    "b2b3": {
      "fen_after_white": "rnbqkbnr/pppppppp/8/8/8/1P6/P1PPPPPP/RNBQKBNR b KQkq - 0 1",
      "black_reply_probs": {
        "c7c5": 2.1776361269765232e-10,
        "e7e5": 2.4357300898447676e-11,
        "e7e6": 2.143079846916862e-08,
        "c7c6": 3.460697006740787e-10,
        "d7d5": 0.00032060997909866273,
        "g8f6": 0.9996272325515747,
        "g7g6": 3.3810298311065523e-12,
        "d7d6": 2.4639920659375036e-10
      },
      "other_mass": 5.2135200557246186e-05
    },
    "f2f4": {
      "fen_after_white": "rnbqkbnr/pppppppp/8/8/5P2/8/PPPPP1PP/RNBQKBNR b KQkq - 0 1",
      "black_reply_probs": {
        "c7c5": 1.4164781703129847e-07,
        "e7e5": 8.253808747582525e-10,
        "e7e6": 3.0662118888358236e-07,
        "c7c6": 1.2093649104372162e-07,
        "d7d5": 0.002807461190968752,
        "g8f6": 0.9971774816513062,
        "g7g6": 4.75863619342487e-12,
        "d7d6": 1.1970441526898412e-08
      },
      "other_mass": 1.4475151647097562e-05
    },
    "b2b4": {
      "fen_after_white": "rnbqkbnr/pppppppp/8/8/1P6/8/P1PPPPPP/RNBQKBNR b KQkq - 0 1",
      "black_reply_probs": {
        "c7c5": 2.453043497496754e-11,
        "e7e5": 3.8474785857278704e-11,
        "e7e6": 7.918986710819809e-08,
        "c7c6": 3.38652883513646e-10,
        "d7d5": 0.00033352061291225255,
        "g8f6": 0.9996644258499146,
        "g7g6": 7.963346236768143e-13,
        "d7d6": 1.4884429799799648e-10
      },
      "other_mass": 1.973796007304074e-06
    },
    "a2a4": {
      "fen_after_white": "rnbqkbnr/pppppppp/8/8/P7/8/1PPPPPPP/RNBQKBNR b KQkq - 0 1",
      "black_reply_probs": {
        "c7c5": 4.5931911607510756e-09,
        "e7e5": 2.825008837969989e-10,
        "e7e6": 7.79234596848255e-08,
        "c7c6": 4.219252502934978e-09,
        "d7d5": 0.000909982540179044,
        "g8f6": 0.9990654587745667,
        "g7g6": 1.2193009189115367e-12,
        "d7d6": 4.831643085623227e-09
      },
      "other_mass": 2.4466833987712988e-05
    }
  },
  "meta": {
    "elo_self": 2800,
    "elo_oppo": 2800,
    "temperature": 1.0,
    "maia_type": "blitz",
    "white_moves_probed": [
      "e2e4",
      "d2d4",
      "c2c4",
      "g1f3",
      "g2g3",
      "b2b3",
      "f2f4",
      "b2b4",
      "a2a4"
    ],
    "black_replies_probed": [
      "c7c5",
      "e7e5",
      "e7e6",
      "c7c6",
      "d7d5",
      "g8f6",
      "g7g6",
      "d7d6"
    ]
  }
}