{
  "white_first_move_probs": {
    "e2e4": 1.8091046154487594e-15,
    "d2d4": 2.53202188105206e-06,
    "c2c4": 1.3167876077718743e-12,
    "g1f3": 0.9999974966049194,
    "g2g3": 7.706846937035387e-20,
    "b2b3": 4.3609689812734666e-18,
    "f2f4": 2.667936731658312e-15,
    "b2b4": 2.3903886021072708e-18,
    "a2a4": 1.059530395960988e-20
  },
  "white_other_mass": 0.0,
  "black_reply_probs_cond_on_white": {
    "e2e4": {
      "fen_after_white": "rnbqkbnr/pppppppp/8/8/4P3/8/PPPP1PPP/RNBQKBNR b KQkq - 0 1",
      "black_reply_probs": {
        "c7c5": 2.721595228649676e-05,
        "e7e5": 2.0787245189057835e-11,
        "e7e6": 2.381457761657657e-06,
        "c7c6": 0.0012002682778984308,
        "d7d5": 0.0698142796754837,
        "g8f6": 0.9289557337760925,
        "g7g6": 3.051081793898486e-14,
        "d7d6": 1.1638490171606009e-09
      },
      "other_mass": 1.1967581037275465e-07
    },
    "d2d4": {
      "fen_after_white": "rnbqkbnr/pppppppp/8/8/3P4/8/PPP1PPPP/RNBQKBNR b KQkq - 0 1",
      "black_reply_probs": {
        "c7c5": 5.806035448426006e-13,
        "e7e5": 2.6317489430527667e-15,
        "e7e6": 1.3187791136903826e-10,
        "c7c6": 1.2678093751762013e-15,
        "d7d5": 1.0338871106796432e-05,
        "g8f6": 0.9999896287918091,
        "g7g6": 1.456027709581561e-20,
        "d7d6": 1.7676209650987432e-15
      },
      "other_mass": 3.220461997077706e-08
    },
    "c2c4": {
      "fen_after_white": "rnbqkbnr/pppppppp/8/8/2P5/8/PP1PPPPP/RNBQKBNR b KQkq - 0 1",
      "black_reply_probs": {
        "c7c5": 2.5752105309306828e-11,
        "e7e5": 3.134184535166784e-15,
        "e7e6": 7.744128949216389e-11,
        "c7c6": 3.284249499961589e-13,
        "d7d5": 6.858776487206342e-06,
        "g8f6": 0.999993085861206,
        "g7g6": 1.6224585490905043e-19,
        "d7d6": 1.994414036726082e-15
      },
      "other_mass": 5.5258779774192135e-08
    },
    "g1f3": {
      "fen_after_white": "rnbqkbnr/pppppppp/8/8/8/5N2/PPPPPPPP/RNBQKB1R b KQkq - 1 1",
      "black_reply_probs": {
        "c7c5": 8.576982873931271e-11,
        "e7e5": 5.2843162618831496e-15,
        "e7e6": 4.443130325465505e-12,
        "c7c6": 1.9452387766435812e-14,
        "d7d5": 5.8558293858368415e-06,
        "g8f6": 0.999994158744812,
        "g7g6": 7.435992849309493e-19,
        "d7d6": 3.736607072748251e-15
      },
      "other_mass": 0.0
    },
    "g2g3": {
      "fen_after_white": "rnbqkbnr/pppppppp/8/8/8/6P1/PPPPPP1P/RNBQKBNR b KQkq - 0 1",
      "black_reply_probs": {
        "c7c5": 3.879348786650638e-10,
        "e7e5": 1.853396010612334e-14,
        "e7e6": 6.847506069107556e-12,
        "c7c6": 1.4685822002924453e-12,
        "d7d5": 8.136727956298273e-06,
        "g8f6": 0.9999918937683105,
        "g7g6": 6.424977756266302e-18,
        "d7d6": 2.7208015402041107e-15
      },
      "other_mass": 0.0
    },
    "b2b3": {
      "fen_after_white": "rnbqkbnr/pppppppp/8/8/8/1P6/P1PPPPPP/RNBQKBNR b KQkq - 0 1",
      "black_reply_probs": {
        "c7c5": 3.700301377156448e-14,
        "e7e5": 1.0413505771605624e-16,
        "e7e6": 6.565136346885214e-13,
        "c7c6": 7.348709090216948e-16,
        "d7d5": 7.675928372918861e-07,
        "g8f6": 0.9999992847442627,
        "g7g6": 9.728570058168753e-20,
        "d7d6": 5.3201997141977245e-17
      },
      "other_mass": 0.0
    },
    "f2f4": {
      "fen_after_white": "rnbqkbnr/pppppppp/8/8/5P2/8/PPPPP1PP/RNBQKBNR b KQkq - 0 1",
      "black_reply_probs": {
        "c7c5": 2.442849700301508e-09,
        "e7e5": 2.6638986291372194e-14,
        "e7e6": 1.6835194349695826e-10,
        "c7c6": 1.6967850735571943e-10,
        "d7d5": 0.00014254407142288983,
        "g8f6": 0.9998574256896973,
        "g7g6": 1.2528235607398985e-18,
        "d7d6": 9.793886215263628e-14
      },
      "other_mass": 2.7457875084735406e-08
    },
    "b2b4": {
      "fen_after_white": "rnbqkbnr/pppppppp/8/8/1P6/8/P1PPPPPP/RNBQKBNR b KQkq - 0 1",
      "black_reply_probs": {
        "c7c5": 7.048557565522348e-14,
        "e7e5": 8.394230973770493e-16,
        "e7e6": 4.779982659686155e-11,
        "c7c6": 4.726215485596416e-14,
        "d7d5": 6.772447250114055e-06,
        "g8f6": 0.9999932050704956,
        "g7g6": 8.951117863831794e-20,
        "d7d6": 5.129274715943012e-16
      },
      "other_mass": 2.243433527837624e-08
    },
    "a2a4": {
      "fen_after_white": "rnbqkbnr/pppppppp/8/8/P7/8/1PPPPPPP/RNBQKBNR b KQkq - 0 1",
      "black_reply_probs": {
        "c7c5": 1.2342815571692034e-12,
        "e7e5": 1.161936080120926e-15,
        "e7e6": 7.504242019451546e-12,
        "c7c6": 5.944404717810395e-14,
        "d7d5": 9.27567180042388e-06,
        "g8f6": 0.999990701675415,
        "g7g6": 1.819399428505583e-20,
        "d7d6": 9.51537013550339e-16
      },
      "other_mass": 2.2643984354253632e-08
    }
  },
  "meta": {
    "elo_self": 2800,
    "elo_oppo": 2800,
    "temperature": 1.0,
    "maia_type": "blitz",
    "white_moves_probed": [
      "e2e4",
      "d2d4",
      "c2c4",
      "g1f3",
      "g2g3",
      "b2b3",
      "f2f4",
      "b2b4",
      "a2a4"
    ],
    "black_replies_probed": [
      "c7c5",
      "e7e5",
      "e7e6",
      "c7c6",
      "d7d5",
      "g8f6",
      "g7g6",
      "d7d6"
    ]
  }
}