{
  "white_first_move_probs": {
    "e2e4": 0.00010288588964613155,
    "d2d4": 0.05469033122062683,
    "c2c4": 0.0020636310800909996,
    "g1f3": 0.9425094127655029,
    "g2g3": 1.092304771077579e-07,
    "b2b3": 4.119988545880915e-07,
    "f2f4": 5.887189672648674e-06,
    "b2b4": 3.5634570849651936e-08,
    "a2a4": 1.994836367202879e-07
  },
  "white_other_mass": 0.0006270955069211936,
  "black_reply_probs_cond_on_white": {
    "e2e4": {
      "fen_after_white": "rnbqkbnr/pppppppp/8/8/4P3/8/PPPP1PPP/RNBQKBNR b KQkq - 0 1",
      "black_reply_probs": {
        "c7c5": 0.06500609219074249,
        "e7e5": 0.00033544094185344875,
        "e7e6": 0.020606307312846184,
        "c7c6": 0.8759117126464844,
        "d7d5": 0.02759706601500511,
        "g8f6": 0.009102769196033478,
        "g7g6": 5.588150315816165e-07,
        "d7d6": 0.0011023529805243015
      },
      "other_mass": 0.0003376999014790272
    },
    "d2d4": {
      "fen_after_white": "rnbqkbnr/pppppppp/8/8/3P4/8/PPP1PPPP/RNBQKBNR b KQkq - 0 1",
      "black_reply_probs": {
        "c7c5": 0.00010922746878350154,
        "e7e5": 1.3413456372290966e-06,
        "e7e6": 0.004419552627950907,
        "c7c6": 8.026753494050354e-05,
        "d7d5": 0.04038406163454056,
        "g8f6": 0.9549749493598938,
        "g7g6": 2.9615665653182077e-07,
        "d7d6": 3.0727489956916543e-06
      },
      "other_mass": 2.7231122601278912e-05
    },
    "c2c4": {
      "fen_after_white": "rnbqkbnr/pppppppp/8/8/2P5/8/PP1PPPPP/RNBQKBNR b KQkq - 0 1",
      "black_reply_probs": {
        "c7c5": 0.030722487717866898,
        "e7e5": 0.0007258580881170928,
        "e7e6": 0.015944698825478554,
        "c7c6": 0.021005814895033836,
        "d7d5": 0.04755352437496185,
        "g8f6": 0.8833853006362915,
        "g7g6": 1.7558747913426487e-06,
        "d7d6": 0.0004033202712889761
      },
      "other_mass": 0.0002572393161699438
    },
    "g1f3": {
      "fen_after_white": "rnbqkbnr/pppppppp/8/8/8/5N2/PPPPPPPP/RNBQKB1R b KQkq - 1 1",
      "black_reply_probs": {
        "c7c5": 0.02141549438238144,
        "e7e5": 1.786551183613483e-05,
        "e7e6": 8.061803237069398e-05,
        "c7c6": 6.083697371650487e-05,
        "d7d5": 0.14240628480911255,
        "g8f6": 0.8357310891151428,
        "g7g6": 2.7755959308706224e-07,
        "d7d6": 1.3106298865750432e-05
      },
      "other_mass": 0.0002744273169810185
    },
    "g2g3": {
      "fen_after_white": "rnbqkbnr/pppppppp/8/8/8/6P1/PPPPPP1P/RNBQKBNR b KQkq - 0 1",
      "black_reply_probs": {
        "c7c5": 0.01312990952283144,
        "e7e5": 0.0007513052551075816,
        "e7e6": 0.0003300074895378202,
        "c7c6": 0.001544176833704114,
        "d7d5": 0.13984934985637665,
        "g8f6": 0.8442107439041138,
        "g7g6": 1.2489015261962777e-06,
        "d7d6": 3.373477011336945e-05
      },
      "other_mass": 0.00014952346668906102
    },
    "b2b3": {
      "fen_after_white": "rnbqkbnr/pppppppp/8/8/8/1P6/P1PPPPPP/RNBQKBNR b KQkq - 0 1",
      "black_reply_probs": {
        "c7c5": 0.0008432921604253352,
        "e7e5": 0.0001759408914949745,
        "e7e6": 0.0011909531895071268,
        "c7c6": 0.00040972843999043107,
        "d7d5": 0.060419704765081406,
        "g8f6": 0.9366670846939087,
        "g7g6": 2.6678244466893375e-06,
        "d7d6": 9.323904123448301e-06
      },
      "other_mass": 0.0002813041310218978
    },
    "f2f4": {
      "fen_after_white": "rnbqkbnr/pppppppp/8/8/5P2/8/PPPPP1PP/RNBQKBNR b KQkq - 0 1",
      "black_reply_probs": {
        "c7c5": 0.03500900790095329,
        "e7e5": 0.00010509284766158089,
        "e7e6": 0.0054613566026091576,
        "c7c6": 0.03320819512009621,
        "d7d5": 0.1740018129348755,
        "g8f6": 0.7519240975379944,
        "g7g6": 1.8344621821597684e-06,
        "d7d6": 0.0001842970377765596
      },
      "other_mass": 0.00010430555585116963
    },
    "b2b4": {
      "fen_after_white": "rnbqkbnr/pppppppp/8/8/1P6/8/P1PPPPPP/RNBQKBNR b KQkq - 0 1",
      "black_reply_probs": {
        "c7c5": 2.4041219148784876e-05,
        "e7e5": 0.00023082441475708038,
        "e7e6": 0.009698244743049145,
        "c7c6": 0.001354741514660418,
        "d7d5": 0.040903471410274506,
        "g8f6": 0.9476178884506226,
        "g7g6": 2.2380486370821018e-06,
        "d7d6": 4.358457590569742e-05
      },
      "other_mass": 0.00012496562294472824
    },
    "a2a4": {
      "fen_after_white": "rnbqkbnr/pppppppp/8/8/P7/8/1PPPPPPP/RNBQKBNR b KQkq - 0 1",
      "black_reply_probs": {
        "c7c5": 0.0004446407547220588,
        "e7e5": 0.00012498206342570484,
        "e7e6": 0.00040467706276103854,
        "c7c6": 0.0002699599717743695,
        "d7d5": 0.04842154681682587,
        "g8f6": 0.9502696394920349,
        "g7g6": 1.0506938963317225e-07,
        "d7d6": 1.8537264622864313e-05
      },
      "other_mass": 4.5911504443552076e-05
    }
  },
  "meta": {
    "elo_self": 2800,
    "elo_oppo": 2800,
    "temperature": 1.0,
    "maia_type": "blitz",
    "white_moves_probed": [
      "e2e4",
      "d2d4",
      "c2c4",
      "g1f3",
      "g2g3",
      "b2b3",
      "f2f4",
      "b2b4",
      "a2a4"
    ],
    "black_replies_probed": [
      "c7c5",
      "e7e5",
      "e7e6",
      "c7c6",
      "d7d5",
      "g8f6",
      "g7g6",
      "d7d6"
    ]
  }
}