{
  "white_first_move_probs": {
    "e2e4": 1.6528529158676974e-05,
    "d2d4": 0.077944315969944,
    "c2c4": 0.0015196171589195728,
    "g1f3": 0.9203887581825256,
    "g2g3": 3.9166661025547e-08,
    "b2b3": 1.4160038119825913e-07,
    "f2f4": 3.4498266359150875e-06,
    "b2b4": 3.3512716157702016e-08,
    "a2a4": 5.055315810409411e-08
  },
  "white_other_mass": 0.0001270654998997145,
  "black_reply_probs_cond_on_white": {
    "e2e4": {
      "fen_after_white": "rnbqkbnr/pppppppp/8/8/4P3/8/PPPP1PPP/RNBQKBNR b KQkq - 0 1",
      "black_reply_probs": {
        "c7c5": 0.10566545277833939,
        "e7e5": 0.00039327621925622225,
        "e7e6": 0.013238201849162579,
        "c7c6": 0.8053678870201111,
        "d7d5": 0.062170736491680145,
        "g8f6": 0.011404383927583694,
        "g7g6": 9.335802815257921e-07,
        "d7d6": 0.0014875673223286867
      },
      "other_mass": 0.00027156081125667697
    },
    "d2d4": {
      "fen_after_white": "rnbqkbnr/pppppppp/8/8/3P4/8/PPP1PPPP/RNBQKBNR b KQkq - 0 1",
      "black_reply_probs": {
        "c7c5": 4.534416802925989e-05,
        "e7e5": 2.956727485070587e-07,
        "e7e6": 0.00025596583145670593,
        "c7c6": 2.7289954232401215e-05,
        "d7d5": 0.05525278300046921,
        "g8f6": 0.9443888068199158,
        "g7g6": 1.0602528988101767e-07,
        "d7d6": 1.960788267751923e-06
      },
      "other_mass": 2.744773959051372e-05
    },
    "c2c4": {
      "fen_after_white": "rnbqkbnr/pppppppp/8/8/2P5/8/PP1PPPPP/RNBQKBNR b KQkq - 0 1",
      "black_reply_probs": {
        "c7c5": 0.013631037436425686,
        "e7e5": 0.00011278239981038496,
        "e7e6": 0.0012413040967658162,
        "c7c6": 0.005346407648175955,
        "d7d5": 0.043551649898290634,
        "g8f6": 0.9357028603553772,
        "g7g6": 7.279570581886219e-07,
        "d7d6": 0.00023233017418533564
      },
      "other_mass": 0.00018090003391080245
    },
    "g1f3": {
      "fen_after_white": "rnbqkbnr/pppppppp/8/8/8/5N2/PPPPPPPP/RNBQKB1R b KQkq - 1 1",
      "black_reply_probs": {
        "c7c5": 0.014816638082265854,
        "e7e5": 3.4939694160129875e-06,
        "e7e6": 7.160515906434739e-06,
        "c7c6": 3.874321555485949e-05,
        "d7d5": 0.15220467746257782,
        "g8f6": 0.832711398601532,
        "g7g6": 1.9851813704008237e-07,
        "d7d6": 7.7326085374807e-06
      },
      "other_mass": 0.00020995702607251587
    },
    "g2g3": {
      "fen_after_white": "rnbqkbnr/pppppppp/8/8/8/6P1/PPPPPP1P/RNBQKBNR b KQkq - 0 1",
      "black_reply_probs": {
        "c7c5": 0.008427849039435387,
        "e7e5": 0.00014933054626453668,
        "e7e6": 5.2502553444355726e-05,
        "c7c6": 0.0012380203697830439,
        "d7d5": 0.21087031066417694,
        "g8f6": 0.7790926098823547,
        "g7g6": 1.1509288242450566e-06,
        "d7d6": 3.9167349314084277e-05
      },
      "other_mass": 0.0001290586664026705
    },
    "b2b3": {
      "fen_after_white": "rnbqkbnr/pppppppp/8/8/8/1P6/P1PPPPPP/RNBQKBNR b KQkq - 0 1",
      "black_reply_probs": {
        "c7c5": 0.00031583296367898583,
        "e7e5": 3.059154187212698e-05,
        "e7e6": 0.0002176340640289709,
        "c7c6": 0.00019138450443278998,
        "d7d5": 0.08716429024934769,
        "g8f6": 0.9117841124534607,
        "g7g6": 1.2011435046588304e-06,
        "d7d6": 8.968082511273678e-06
      },
      "other_mass": 0.00028598499716281367
    },
    "f2f4": {
      "fen_after_white": "rnbqkbnr/pppppppp/8/8/5P2/8/PPPPP1PP/RNBQKBNR b KQkq - 0 1",
      "black_reply_probs": {
        "c7c5": 0.01512767095118761,
        "e7e5": 4.0280341636389494e-05,
        "e7e6": 0.0005041738622821867,
        "c7c6": 0.006491195410490036,
        "d7d5": 0.1220349445939064,
        "g8f6": 0.8556203246116638,
        "g7g6": 9.65967387855926e-07,
        "d7d6": 8.389838330913335e-05
      },
      "other_mass": 9.65458781365669e-05
    },
    "b2b4": {
      "fen_after_white": "rnbqkbnr/pppppppp/8/8/1P6/8/P1PPPPPP/RNBQKBNR b KQkq - 0 1",
      "black_reply_probs": {
        "c7c5": 2.6278799850842915e-05,
        "e7e5": 9.427004988538101e-05,
        "e7e6": 0.003321834607049823,
        "c7c6": 0.0010021954076364636,
        "d7d5": 0.047912511974573135,
        "g8f6": 0.9474576115608215,
        "g7g6": 1.840699155764014e-06,
        "d7d6": 5.644834891427308e-05
      },
      "other_mass": 0.00012700855211278395
    },
    "a2a4": {
      "fen_after_white": "rnbqkbnr/pppppppp/8/8/P7/8/1PPPPPPP/RNBQKBNR b KQkq - 0 1",
      "black_reply_probs": {
        "c7c5": 0.0003636318724602461,
        "e7e5": 2.583851892268285e-05,
        "e7e6": 4.418546814122237e-05,
        "c7c6": 0.00022765615722164512,
        "d7d5": 0.07734005153179169,
        "g8f6": 0.921934187412262,
        "g7g6": 6.96272408617915e-08,
        "d7d6": 1.933880048454739e-05
      },
      "other_mass": 4.504061147514449e-05
    }
  },
  "meta": {
    "elo_self": 2800,
    "elo_oppo": 2800,
    "temperature": 1.0,
    "maia_type": "blitz",
    "white_moves_probed": [
      "e2e4",
      "d2d4",
      "c2c4",
      "g1f3",
      "g2g3",
      "b2b3",
      "f2f4",
      "b2b4",
      "a2a4"
    ],
    "black_replies_probed": [
      "c7c5",
      "e7e5",
      "e7e6",
      "c7c6",
      "d7d5",
      "g8f6",
      "g7g6",
      "d7d6"
    ]
  }
}