{
  "white_first_move_probs": {
    "e2e4": 2.945697633549571e-05,
    "d2d4": 0.135670006275177,
    "c2c4": 0.002184476936236024,
    "g1f3": 0.861830472946167,
    "g2g3": 6.118666107113313e-08,
    "b2b3": 1.6991822349154972e-07,
    "f2f4": 4.425983661349164e-06,
    "b2b4": 3.223695443921315e-08,
    "a2a4": 7.651127020835702e-08
  },
  "white_other_mass": 0.00028082102931392683,
  "black_reply_probs_cond_on_white": {
    "e2e4": {
      "fen_after_white": "rnbqkbnr/pppppppp/8/8/4P3/8/PPPP1PPP/RNBQKBNR b KQkq - 0 1",
      "black_reply_probs": {
        "c7c5": 0.06155230477452278,
        "e7e5": 0.00019211207109037787,
        "e7e6": 0.012623926624655724,
        "c7c6": 0.8776412010192871,
        "d7d5": 0.0436076782643795,
        "g8f6": 0.0030892216600477695,
        "g7g6": 4.189573417079373e-07,
        "d7d6": 0.0009790798649191856
      },
      "other_mass": 0.00031405676375584335
    },
    "d2d4": {
      "fen_after_white": "rnbqkbnr/pppppppp/8/8/3P4/8/PPP1PPPP/RNBQKBNR b KQkq - 0 1",
      "black_reply_probs": {
        "c7c5": 5.187547139939852e-05,
        "e7e5": 4.920505034533562e-07,
        "e7e6": 0.0009766345610842109,
        "c7c6": 5.2807088650297374e-05,
        "d7d5": 0.1055980771780014,
        "g8f6": 0.8932899236679077,
        "g7g6": 1.8045645333586435e-07,
        "d7d6": 2.5554318199283443e-06
      },
      "other_mass": 2.7454094180257016e-05
    },
    "c2c4": {
      "fen_after_white": "rnbqkbnr/pppppppp/8/8/2P5/8/PP1PPPPP/RNBQKBNR b KQkq - 0 1",
      "black_reply_probs": {
        "c7c5": 0.039193294942379,
        "e7e5": 0.00020856612536590546,
        "e7e6": 0.007485109381377697,
        "c7c6": 0.020968778058886528,
        "d7d5": 0.09014693647623062,
        "g8f6": 0.8409260511398315,
        "g7g6": 1.7970882026929758e-06,
        "d7d6": 0.0005911150947213173
      },
      "other_mass": 0.00047835169300469715
    },
    "g1f3": {
      "fen_after_white": "rnbqkbnr/pppppppp/8/8/8/5N2/PPPPPPPP/RNBQKB1R b KQkq - 1 1",
      "black_reply_probs": {
        "c7c5": 0.01611727476119995,
        "e7e5": 6.1177152019809e-06,
        "e7e6": 2.1077183191664517e-05,
        "c7c6": 4.9723279516911134e-05,
        "d7d5": 0.23237545788288116,
        "g8f6": 0.7510734796524048,
        "g7g6": 2.344542764376456e-07,
        "d7d6": 9.708925063023344e-06
      },
      "other_mass": 0.0003469261462640816
    },
    "g2g3": {
      "fen_after_white": "rnbqkbnr/pppppppp/8/8/8/6P1/PPPPPP1P/RNBQKBNR b KQkq - 0 1",
      "black_reply_probs": {
        "c7c5": 0.01179281435906887,
        "e7e5": 0.0002467328158672899,
        "e7e6": 0.0001371390389977023,
        "c7c6": 0.0019470774568617344,
        "d7d5": 0.3388381600379944,
        "g8f6": 0.646822452545166,
        "g7g6": 1.2844878938267357e-06,
        "d7d6": 4.482988879317418e-05
      },
      "other_mass": 0.00016950936935700156
    },
    "b2b3": {
      "fen_after_white": "rnbqkbnr/pppppppp/8/8/8/1P6/P1PPPPPP/RNBQKBNR b KQkq - 0 1",
      "black_reply_probs": {
        "c7c5": 0.0006693760515190661,
        "e7e5": 5.171227894607e-05,
        "e7e6": 0.0006588701508007944,
        "c7c6": 0.0005326124955900013,
        "d7d5": 0.20192945003509521,
        "g8f6": 0.7958713173866272,
        "g7g6": 2.23017582356988e-06,
        "d7d6": 1.1542199899849948e-05
      },
      "other_mass": 0.00027288922569823626
    },
    "f2f4": {
      "fen_after_white": "rnbqkbnr/pppppppp/8/8/5P2/8/PPPPP1PP/RNBQKBNR b KQkq - 0 1",
      "black_reply_probs": {
        "c7c5": 0.0215497687458992,
        "e7e5": 4.027576505905017e-05,
        "e7e6": 0.001806394080631435,
        "c7c6": 0.01951611042022705,
        "d7d5": 0.34217965602874756,
        "g8f6": 0.6146471500396729,
        "g7g6": 1.192559921037173e-06,
        "d7d6": 0.00014977596583776176
      },
      "other_mass": 0.0001096763940040546
    },
    "b2b4": {
      "fen_after_white": "rnbqkbnr/pppppppp/8/8/1P6/8/P1PPPPPP/RNBQKBNR b KQkq - 0 1",
      "black_reply_probs": {
        "c7c5": 3.226306216674857e-05,
        "e7e5": 0.00012575139407999814,
        "e7e6": 0.007965637370944023,
        "c7c6": 0.0019758311100304127,
        "d7d5": 0.1250206083059311,
        "g8f6": 0.8646708726882935,
        "g7g6": 2.4786784251773497e-06,
        "d7d6": 7.65554141253233e-05
      },
      "other_mass": 0.0001300019760037685
    },
    "a2a4": {
      "fen_after_white": "rnbqkbnr/pppppppp/8/8/P7/8/1PPPPPPP/RNBQKBNR b KQkq - 0 1",
      "black_reply_probs": {
        "c7c5": 0.0005118985427543521,
        "e7e5": 3.491695679258555e-05,
        "e7e6": 0.00013601267710328102,
        "c7c6": 0.0003906318452209234,
        "d7d5": 0.16513308882713318,
        "g8f6": 0.8337060809135437,
        "g7g6": 6.964734211578616e-08,
        "d7d6": 2.616980236780364e-05
      },
      "other_mass": 6.11307877420586e-05
    }
  },
  "meta": {
    "elo_self": 2800,
    "elo_oppo": 2800,
    "temperature": 1.0,
    "maia_type": "blitz",
    "white_moves_probed": [
      "e2e4",
      "d2d4",
      "c2c4",
      "g1f3",
      "g2g3",
      "b2b3",
      "f2f4",
      "b2b4",
      "a2a4"
    ],
    "black_replies_probed": [
      "c7c5",
      "e7e5",
      "e7e6",
      "c7c6",
      "d7d5",
      "g8f6",
      "g7g6",
      "d7d6"
    ]
  }
}