{
  "white_first_move_probs": {
    "e2e4": 5.5536802392452955e-05,
    "d2d4": 0.04581437632441521,
    "c2c4": 0.0017533876234665513,
    "g1f3": 0.9521442651748657,
    "g2g3": 1.1332624438864514e-07,
    "b2b3": 1.8472930207735772e-07,
    "f2f4": 4.778601578436792e-06,
    "b2b4": 4.547704435253763e-08,
    "a2a4": 1.4607952891765308e-07
  },
  "white_other_mass": 0.0002271658611618932,
  "black_reply_probs_cond_on_white": {
    "e2e4": {
      "fen_after_white": "rnbqkbnr/pppppppp/8/8/4P3/8/PPPP1PPP/RNBQKBNR b KQkq - 0 1",
      "black_reply_probs": {
        "c7c5": 0.14647039771080017,
        "e7e5": 0.0008236744324676692,
        "e7e6": 0.013136879540979862,
        "c7c6": 0.7131079435348511,
        "d7d5": 0.1069841980934143,
        "g8f6": 0.018035205081105232,
        "g7g6": 1.207088416776969e-06,
        "d7d6": 0.001130501041188836
      },
      "other_mass": 0.0003099934767760715
    },
    "d2d4": {
      "fen_after_white": "rnbqkbnr/pppppppp/8/8/3P4/8/PPP1PPPP/RNBQKBNR b KQkq - 0 1",
      "black_reply_probs": {
        "c7c5": 0.00010229228064417839,
        "e7e5": 9.269370480069483e-07,
        "e7e6": 0.0011579308193176985,
        "c7c6": 5.514908843906596e-05,
        "d7d5": 0.04305742308497429,
        "g8f6": 0.9555919170379639,
        "g7g6": 2.295323611178901e-07,
        "d7d6": 1.3689630122826202e-06
      },
      "other_mass": 3.276225623949358e-05
    },
    "c2c4": {
      "fen_after_white": "rnbqkbnr/pppppppp/8/8/2P5/8/PP1PPPPP/RNBQKBNR b KQkq - 0 1",
      "black_reply_probs": {
        "c7c5": 0.01746520958840847,
        "e7e5": 0.00034802916343323886,
        "e7e6": 0.0030457673128694296,
        "c7c6": 0.0079841623082757,
        "d7d5": 0.04455723240971565,
        "g8f6": 0.9261905550956726,
        "g7g6": 1.5781374713697005e-06,
        "d7d6": 0.00018881908908952028
      },
      "other_mass": 0.00021864689506401191
    },
    "g1f3": {
      "fen_after_white": "rnbqkbnr/pppppppp/8/8/8/5N2/PPPPPPPP/RNBQKB1R b KQkq - 1 1",
      "black_reply_probs": {
        "c7c5": 0.011819016188383102,
        "e7e5": 8.37149127619341e-06,
        "e7e6": 1.5866356989135966e-05,
        "c7c6": 2.26912979996996e-05,
        "d7d5": 0.09063635766506195,
        "g8f6": 0.8971776366233826,
        "g7g6": 2.744906169027672e-07,
        "d7d6": 4.067724148626439e-06
      },
      "other_mass": 0.00031571816214182036
    },
    "g2g3": {
      "fen_after_white": "rnbqkbnr/pppppppp/8/8/8/6P1/PPPPPP1P/RNBQKBNR b KQkq - 0 1",
      "black_reply_probs": {
        "c7c5": 0.009588544256985188,
        "e7e5": 0.00045621918980032206,
        "e7e6": 8.164876635419205e-05,
        "c7c6": 0.0008462438709102571,
        "d7d5": 0.1262677013874054,
        "g8f6": 0.8626033663749695,
        "g7g6": 1.387417455589457e-06,
        "d7d6": 1.4429947441385593e-05
      },
      "other_mass": 0.00014045878867818828
    },
    "b2b3": {
      "fen_after_white": "rnbqkbnr/pppppppp/8/8/8/1P6/P1PPPPPP/RNBQKBNR b KQkq - 0 1",
      "black_reply_probs": {
        "c7c5": 0.0007723671733401716,
        "e7e5": 0.00010228051542071626,
        "e7e6": 0.0004603068809956312,
        "c7c6": 0.00035019704955630004,
        "d7d5": 0.0710434839129448,
        "g8f6": 0.9269216060638428,
        "g7g6": 3.855699560517678e-06,
        "d7d6": 6.947980637050932e-06
      },
      "other_mass": 0.00033895472370204516
    },
    "f2f4": {
      "fen_after_white": "rnbqkbnr/pppppppp/8/8/5P2/8/PPPPP1PP/RNBQKBNR b KQkq - 0 1",
      "black_reply_probs": {
        "c7c5": 0.025150183588266373,
        "e7e5": 7.865806401241571e-05,
        "e7e6": 0.001582249067723751,
        "c7c6": 0.012132827192544937,
        "d7d5": 0.16487297415733337,
        "g8f6": 0.7959764003753662,
        "g7g6": 2.394241846559453e-06,
        "d7d6": 8.60832878970541e-05
      },
      "other_mass": 0.00011823002500932489
    },
    "b2b4": {
      "fen_after_white": "rnbqkbnr/pppppppp/8/8/1P6/8/P1PPPPPP/RNBQKBNR b KQkq - 0 1",
      "black_reply_probs": {
        "c7c5": 5.543699080590159e-05,
        "e7e5": 0.00031413364922627807,
        "e7e6": 0.00865817442536354,
        "c7c6": 0.002552935155108571,
        "d7d5": 0.07954259216785431,
        "g8f6": 0.9085439443588257,
        "g7g6": 9.057429451786447e-06,
        "d7d6": 0.00010730632493505254
      },
      "other_mass": 0.00021641949842887698
    },
    "a2a4": {
      "fen_after_white": "rnbqkbnr/pppppppp/8/8/P7/8/1PPPPPPP/RNBQKBNR b KQkq - 0 1",
      "black_reply_probs": {
        "c7c5": 0.00037329268525354564,
        "e7e5": 5.6593700719531626e-05,
        "e7e6": 7.854081195546314e-05,
        "c7c6": 0.0001874911686172709,
        "d7d5": 0.04581845924258232,
        "g8f6": 0.9534140825271606,
        "g7g6": 1.0248483306440903e-07,
        "d7d6": 9.280472113459837e-06
      },
      "other_mass": 6.215690676469876e-05
    }
  },
  "meta": {
    "elo_self": 2800,
    "elo_oppo": 2800,
    "temperature": 1.0,
    "maia_type": "blitz",
    "white_moves_probed": [
      "e2e4",
      "d2d4",
      "c2c4",
      "g1f3",
      "g2g3",
      "b2b3",
      "f2f4",
      "b2b4",
      "a2a4"
    ],
    "black_replies_probed": [
      "c7c5",
      "e7e5",
      "e7e6",
      "c7c6",
      "d7d5",
      "g8f6",
      "g7g6",
      "d7d6"
    ]
  }
}