{
  "white_first_move_probs": {
    "e2e4": 6.658685015281662e-05,
    "d2d4": 0.08977668732404709,
    "c2c4": 0.004052428063005209,
    "g1f3": 0.905371367931366,
    "g2g3": 1.5194849822819378e-07,
    "b2b3": 7.09977598489786e-07,
    "f2f4": 1.000760676106438e-05,
    "b2b4": 1.0370043668217477e-07,
    "a2a4": 4.880172355115064e-07
  },
  "white_other_mass": 0.000721468580898943,
  "black_reply_probs_cond_on_white": {
    "e2e4": {
      "fen_after_white": "rnbqkbnr/pppppppp/8/8/4P3/8/PPPP1PPP/RNBQKBNR b KQkq - 0 1",
      "black_reply_probs": {
        "c7c5": 0.1630031019449234,
        "e7e5": 0.0004339593870099634,
        "e7e6": 0.013024543412029743,
        "c7c6": 0.7626949548721313,
        "d7d5": 0.047951214015483856,
        "g8f6": 0.01159556582570076,
        "g7g6": 5.579148023571179e-07,
        "d7d6": 0.0009974228451028466
      },
      "other_mass": 0.00029867978281572505
    },
    "d2d4": {
      "fen_after_white": "rnbqkbnr/pppppppp/8/8/3P4/8/PPP1PPPP/RNBQKBNR b KQkq - 0 1",
      "black_reply_probs": {
        "c7c5": 0.00018202533829025924,
        "e7e5": 1.1520389762154082e-06,
        "e7e6": 0.004236239939928055,
        "c7c6": 0.00022524681116919965,
        "d7d5": 0.057713910937309265,
        "g8f6": 0.937626302242279,
        "g7g6": 2.3446398245141609e-07,
        "d7d6": 2.9117456961103017e-06
      },
      "other_mass": 1.1976482369391306e-05
    },
    "c2c4": {
      "fen_after_white": "rnbqkbnr/pppppppp/8/8/2P5/8/PP1PPPPP/RNBQKBNR b KQkq - 0 1",
      "black_reply_probs": {
        "c7c5": 0.032381631433963776,
        "e7e5": 0.0003822225844487548,
        "e7e6": 0.010817686095833778,
        "c7c6": 0.028957197442650795,
        "d7d5": 0.06396251916885376,
        "g8f6": 0.8628519773483276,
        "g7g6": 1.5671981827836134e-06,
        "d7d6": 0.00037045046337880194
      },
      "other_mass": 0.0002747482643599142
    },
    "g1f3": {
      "fen_after_white": "rnbqkbnr/pppppppp/8/8/8/5N2/PPPPPPPP/RNBQKB1R b KQkq - 1 1",
      "black_reply_probs": {
        "c7c5": 0.04434419423341751,
        "e7e5": 1.1924206773983315e-05,
        "e7e6": 3.5742661566473544e-05,
        "c7c6": 0.00010637643572408706,
        "d7d5": 0.22127357125282288,
        "g8f6": 0.7340328097343445,
        "g7g6": 1.9806100226560375e-07,
        "d7d6": 8.341992725036107e-06
      },
      "other_mass": 0.000186841421623285
    },
    "g2g3": {
      "fen_after_white": "rnbqkbnr/pppppppp/8/8/8/6P1/PPPPPP1P/RNBQKBNR b KQkq - 0 1",
      "black_reply_probs": {
        "c7c5": 0.02724926918745041,
        "e7e5": 0.00037284818245097995,
        "e7e6": 0.00018815527437254786,
        "c7c6": 0.0034331504721194506,
        "d7d5": 0.26514583826065063,
        "g8f6": 0.7034693360328674,
        "g7g6": 1.0291481657986878e-06,
        "d7d6": 2.9189581255195662e-05
      },
      "other_mass": 0.00011118386066755193
    },
    "b2b3": {
      "fen_after_white": "rnbqkbnr/pppppppp/8/8/8/1P6/P1PPPPPP/RNBQKBNR b KQkq - 0 1",
      "black_reply_probs": {
        "c7c5": 0.0014503280399367213,
        "e7e5": 0.00011865550186485052,
        "e7e6": 0.001035192864947021,
        "c7c6": 0.0008397985948249698,
        "d7d5": 0.12013796716928482,
        "g8f6": 0.8762402534484863,
        "g7g6": 2.2230685772228753e-06,
        "d7d6": 1.1675148925860412e-05
      },
      "other_mass": 0.0001639061631522054
    },
    "f2f4": {
      "fen_after_white": "rnbqkbnr/pppppppp/8/8/5P2/8/PPPPP1PP/RNBQKBNR b KQkq - 0 1",
      "black_reply_probs": {
        "c7c5": 0.05107397958636284,
        "e7e5": 7.063708471832797e-05,
        "e7e6": 0.002626485424116254,
        "c7c6": 0.04058828949928284,
        "d7d5": 0.23496225476264954,
        "g8f6": 0.6704196929931641,
        "g7g6": 1.5905958434814238e-06,
        "d7d6": 0.00015040658763609827
      },
      "other_mass": 0.0001066634662265642
    },
    "b2b4": {
      "fen_after_white": "rnbqkbnr/pppppppp/8/8/1P6/8/P1PPPPPP/RNBQKBNR b KQkq - 0 1",
      "black_reply_probs": {
        "c7c5": 5.5621374485781416e-05,
        "e7e5": 0.00023735214199405164,
        "e7e6": 0.010857357643544674,
        "c7c6": 0.002524539828300476,
        "d7d5": 0.06896819919347763,
        "g8f6": 0.9171412587165833,
        "g7g6": 4.083437033841619e-06,
        "d7d6": 8.80704028531909e-05
      },
      "other_mass": 0.00012351726172710187
    },
    "a2a4": {
      "fen_after_white": "rnbqkbnr/pppppppp/8/8/P7/8/1PPPPPPP/RNBQKBNR b KQkq - 0 1",
      "black_reply_probs": {
        "c7c5": 0.0008910223259590566,
        "e7e5": 7.682055729674175e-05,
        "e7e6": 0.00028010213281959295,
        "c7c6": 0.0006393930525518954,
        "d7d5": 0.09581407904624939,
        "g8f6": 0.902245819568634,
        "g7g6": 9.727808958359674e-08,
        "d7d6": 1.9102899386780336e-05
      },
      "other_mass": 3.356313901292651e-05
    }
  },
  "meta": {
    "elo_self": 2800,
    "elo_oppo": 2800,
    "temperature": 1.0,
    "maia_type": "blitz",
    "white_moves_probed": [
      "e2e4",
      "d2d4",
      "c2c4",
      "g1f3",
      "g2g3",
      "b2b3",
      "f2f4",
      "b2b4",
      "a2a4"
    ],
    "black_replies_probed": [
      "c7c5",
      "e7e5",
      "e7e6",
      "c7c6",
      "d7d5",
      "g8f6",
      "g7g6",
      "d7d6"
    ]
  }
}