{
  "white_first_move_probs": {
    "e2e4": 4.211799750919454e-05,
    "d2d4": 0.09104201942682266,
    "c2c4": 0.0004892597207799554,
    "g1f3": 0.9076396226882935,
    "g2g3": 1.8885349106767535e-07,
    "b2b3": 5.888148848498531e-07,
    "f2f4": 1.1705822544172406e-05,
    "b2b4": 7.361487064372341e-08,
    "a2a4": 2.541599712913012e-07
  },
  "white_other_mass": 0.0007741689008327057,
  "black_reply_probs_cond_on_white": {
    "e2e4": {
      "fen_after_white": "rnbqkbnr/pppppppp/8/8/4P3/8/PPPP1PPP/RNBQKBNR b KQkq - 0 1",
      "black_reply_probs": {
        "c7c5": 0.033500444144010544,
        "e7e5": 0.0007367648067884147,
        "e7e6": 0.031570374965667725,
        "c7c6": 0.8448143005371094,
        "d7d5": 0.0719146877527237,
        "g8f6": 0.014938410371541977,
        "g7g6": 2.0274330836400623e-06,
        "d7d6": 0.0020765727385878563
      },
      "other_mass": 0.0004464172504867747
    },
    "d2d4": {
      "fen_after_white": "rnbqkbnr/pppppppp/8/8/3P4/8/PPP1PPPP/RNBQKBNR b KQkq - 0 1",
      "black_reply_probs": {
        "c7c5": 4.0173224988393486e-05,
        "e7e5": 1.1130363191114157e-06,
        "e7e6": 0.0038863327354192734,
        "c7c6": 0.00024181783373933285,
        "d7d5": 0.10949838161468506,
        "g8f6": 0.8863023519515991,
        "g7g6": 3.933572259029461e-07,
        "d7d6": 8.60968793858774e-06
      },
      "other_mass": 2.0826558085218494e-05
    },
    "c2c4": {
      "fen_after_white": "rnbqkbnr/pppppppp/8/8/2P5/8/PP1PPPPP/RNBQKBNR b KQkq - 0 1",
      "black_reply_probs": {
        "c7c5": 0.005368509329855442,
        "e7e5": 0.00019450896070338786,
        "e7e6": 0.008044328540563583,
        "c7c6": 0.01139239314943552,
        "d7d5": 0.047577712684869766,
        "g8f6": 0.9268427491188049,
        "g7g6": 2.0343484266049927e-06,
        "d7d6": 0.00036008364986628294
      },
      "other_mass": 0.00021768021747448074
    },
    "g1f3": {
      "fen_after_white": "rnbqkbnr/pppppppp/8/8/8/5N2/PPPPPPPP/RNBQKB1R b KQkq - 1 1",
      "black_reply_probs": {
        "c7c5": 0.004147025290876627,
        "e7e5": 8.348887604370248e-06,
        "e7e6": 7.259463018272072e-05,
        "c7c6": 9.111921099247411e-05,
        "d7d5": 0.1965467482805252,
        "g8f6": 0.7989218831062317,
        "g7g6": 4.6122656272018503e-07,
        "d7d6": 1.4101350643613841e-05
      },
      "other_mass": 0.00019771801638057696
    },
    "g2g3": {
      "fen_after_white": "rnbqkbnr/pppppppp/8/8/8/6P1/PPPPPP1P/RNBQKBNR b KQkq - 0 1",
      "black_reply_probs": {
        "c7c5": 0.004646349232643843,
        "e7e5": 0.00029509427258744836,
        "e7e6": 0.00030134295229800045,
        "c7c6": 0.002438066527247429,
        "d7d5": 0.23150943219661713,
        "g8f6": 0.7606395483016968,
        "g7g6": 2.6725297175289597e-06,
        "d7d6": 5.1107257604599e-05
      },
      "other_mass": 0.00011638672958724783
    },
    "b2b3": {
      "fen_after_white": "rnbqkbnr/pppppppp/8/8/8/1P6/P1PPPPPP/RNBQKBNR b KQkq - 0 1",
      "black_reply_probs": {
        "c7c5": 0.00012799588148482144,
        "e7e5": 5.679523019352928e-05,
        "e7e6": 0.0010598513763397932,
        "c7c6": 0.00044334816629998386,
        "d7d5": 0.08250205218791962,
        "g8f6": 0.9155815839767456,
        "g7g6": 2.8088059025321854e-06,
        "d7d6": 1.3493394362740219e-05
      },
      "other_mass": 0.00021207098075137765
    },
    "f2f4": {
      "fen_after_white": "rnbqkbnr/pppppppp/8/8/5P2/8/PPPPP1PP/RNBQKBNR b KQkq - 0 1",
      "black_reply_probs": {
        "c7c5": 0.008320711553096771,
        "e7e5": 7.447093958035111e-05,
        "e7e6": 0.0026285804342478514,
        "c7c6": 0.01677146926522255,
        "d7d5": 0.17497853934764862,
        "g8f6": 0.7969347238540649,
        "g7g6": 2.798897867251071e-06,
        "d7d6": 0.00017161286086775362
      },
      "other_mass": 0.00011709284740391013
    },
    "b2b4": {
      "fen_after_white": "rnbqkbnr/pppppppp/8/8/1P6/8/P1PPPPPP/RNBQKBNR b KQkq - 0 1",
      "black_reply_probs": {
        "c7c5": 9.04261560208397e-06,
        "e7e5": 0.00011565235035959631,
        "e7e6": 0.00781517568975687,
        "c7c6": 0.0011241940082982183,
        "d7d5": 0.04304475337266922,
        "g8f6": 0.9477065205574036,
        "g7g6": 3.1113177101360634e-06,
        "d7d6": 6.0621401644311845e-05
      },
      "other_mass": 0.00012092868655599887
    },
    "a2a4": {
      "fen_after_white": "rnbqkbnr/pppppppp/8/8/P7/8/1PPPPPPP/RNBQKBNR b KQkq - 0 1",
      "black_reply_probs": {
        "c7c5": 7.299283606698737e-05,
        "e7e5": 3.868908970616758e-05,
        "e7e6": 0.00031147280242294073,
        "c7c6": 0.0002299715852132067,
        "d7d5": 0.07223246246576309,
        "g8f6": 0.9270451068878174,
        "g7g6": 1.7358163972858165e-07,
        "d7d6": 2.3014130420051515e-05
      },
      "other_mass": 4.6116620950442666e-05
    }
  },
  "meta": {
    "elo_self": 2800,
    "elo_oppo": 2800,
    "temperature": 1.0,
    "maia_type": "blitz",
    "white_moves_probed": [
      "e2e4",
      "d2d4",
      "c2c4",
      "g1f3",
      "g2g3",
      "b2b3",
      "f2f4",
      "b2b4",
      "a2a4"
    ],
    "black_replies_probed": [
      "c7c5",
      "e7e5",
      "e7e6",
      "c7c6",
      "d7d5",
      "g8f6",
      "g7g6",
      "d7d6"
    ]
  }
}