{
  "white_first_move_probs": {
    "e2e4": 6.97419818607159e-05,
    "d2d4": 0.09223443269729614,
    "c2c4": 0.006950235925614834,
    "g1f3": 0.9004427194595337,
    "g2g3": 4.642444295654968e-08,
    "b2b3": 1.5482949322631612e-07,
    "f2f4": 3.1162489904090762e-06,
    "b2b4": 5.886132115051623e-08,
    "a2a4": 1.874577009175482e-07
  },
  "white_other_mass": 0.0002993061137459563,
  "black_reply_probs_cond_on_white": {
    "e2e4": {
      "fen_after_white": "rnbqkbnr/pppppppp/8/8/4P3/8/PPPP1PPP/RNBQKBNR b KQkq - 0 1",
      "black_reply_probs": {
        "c7c5": 0.2791842222213745,
        "e7e5": 0.0010351295350119472,
        "e7e6": 0.029932605102658272,
        "c7c6": 0.6016690135002136,
        "d7d5": 0.07915124297142029,
        "g8f6": 0.007723866030573845,
        "g7g6": 9.041876296578266e-07,
        "d7d6": 0.0010975832119584084
      },
      "other_mass": 0.0002054332391594471
    },
    "d2d4": {
      "fen_after_white": "rnbqkbnr/pppppppp/8/8/3P4/8/PPP1PPPP/RNBQKBNR b KQkq - 0 1",
      "black_reply_probs": {
        "c7c5": 0.00013836960715707392,
        "e7e5": 8.631575951767445e-07,
        "e7e6": 0.0010243415599688888,
        "c7c6": 6.12232688581571e-05,
        "d7d5": 0.06705141812562943,
        "g8f6": 0.9317006468772888,
        "g7g6": 1.0362242619521567e-07,
        "d7d6": 1.4451406968873926e-06
      },
      "other_mass": 2.1588640379377466e-05
    },
    "c2c4": {
      "fen_after_white": "rnbqkbnr/pppppppp/8/8/2P5/8/PP1PPPPP/RNBQKBNR b KQkq - 0 1",
      "black_reply_probs": {
        "c7c5": 0.026475803926587105,
        "e7e5": 0.00040334180812351406,
        "e7e6": 0.0033113269601017237,
        "c7c6": 0.007327580358833075,
        "d7d5": 0.04799025133252144,
        "g8f6": 0.9141882658004761,
        "g7g6": 7.955961223160557e-07,
        "d7d6": 0.00015487991913687438
      },
      "other_mass": 0.00014775429809787965
    },
    "g1f3": {
      "fen_after_white": "rnbqkbnr/pppppppp/8/8/8/5N2/PPPPPPPP/RNBQKB1R b KQkq - 1 1",
      "black_reply_probs": {
        "c7c5": 0.049961213022470474,
        "e7e5": 1.2017254448437598e-05,
        "e7e6": 2.0155384845566005e-05,
        "c7c6": 5.758141560363583e-05,
        "d7d5": 0.15482258796691895,
        "g8f6": 0.7948290109634399,
        "g7g6": 1.841184911199889e-07,
        "d7d6": 5.432571015262511e-06
      },
      "other_mass": 0.0002918173027666171
    },
    "g2g3": {
      "fen_after_white": "rnbqkbnr/pppppppp/8/8/8/6P1/PPPPPP1P/RNBQKBNR b KQkq - 0 1",
      "black_reply_probs": {
        "c7c5": 0.036659423261880875,
        "e7e5": 0.000572885968722403,
        "e7e6": 0.0002356560726184398,
        "c7c6": 0.0028171988669782877,
        "d7d5": 0.29123616218566895,
        "g8f6": 0.6682693958282471,
        "g7g6": 1.6074270661192713e-06,
        "d7d6": 3.789114998653531e-05
      },
      "other_mass": 0.00016977923883132462
    },
    "b2b3": {
      "fen_after_white": "rnbqkbnr/pppppppp/8/8/8/1P6/P1PPPPPP/RNBQKBNR b KQkq - 0 1",
      "black_reply_probs": {
        "c7c5": 0.0020697275176644325,
        "e7e5": 0.0001883246295619756,
        "e7e6": 0.001770301372744143,
        "c7c6": 0.0006773052737116814,
        "d7d5": 0.13739384710788727,
        "g8f6": 0.8575519323348999,
        "g7g6": 4.765287485497538e-06,
        "d7d6": 2.1407882741186768e-05
      },
      "other_mass": 0.0003223885933039128
    },
    "f2f4": {
      "fen_after_white": "rnbqkbnr/pppppppp/8/8/5P2/8/PPPPP1PP/RNBQKBNR b KQkq - 0 1",
      "black_reply_probs": {
        "c7c5": 0.06915879994630814,
        "e7e5": 0.00021885029855184257,
        "e7e6": 0.004819778725504875,
        "c7c6": 0.023191865533590317,
        "d7d5": 0.24885429441928864,
        "g8f6": 0.6534676551818848,
        "g7g6": 2.248085365863517e-06,
        "d7d6": 0.00017017977370414883
      },
      "other_mass": 0.00011632803580141626
    },
    "b2b4": {
      "fen_after_white": "rnbqkbnr/pppppppp/8/8/1P6/8/P1PPPPPP/RNBQKBNR b KQkq - 0 1",
      "black_reply_probs": {
        "c7c5": 0.00018002884462475777,
        "e7e5": 0.0007187678711488843,
        "e7e6": 0.030283965170383453,
        "c7c6": 0.004122141748666763,
        "d7d5": 0.11440041661262512,
        "g8f6": 0.8496884703636169,
        "g7g6": 2.3196933398139663e-05,
        "d7d6": 0.0002730618289206177
      },
      "other_mass": 0.00030995062661531847
    },
    "a2a4": {
      "fen_after_white": "rnbqkbnr/pppppppp/8/8/P7/8/1PPPPPPP/RNBQKBNR b KQkq - 0 1",
      "black_reply_probs": {
        "c7c5": 0.001703971647657454,
        "e7e5": 0.00014099011605139822,
        "e7e6": 0.00023982998391147703,
        "c7c6": 0.000764042604714632,
        "d7d5": 0.12198856472969055,
        "g8f6": 0.8750854134559631,
        "g7g6": 1.4872199471938075e-07,
        "d7d6": 2.3631033400306478e-05
      },
      "other_mass": 5.340770661632632e-05
    }
  },
  "meta": {
    "elo_self": 2800,
    "elo_oppo": 2800,
    "temperature": 1.0,
    "maia_type": "blitz",
    "white_moves_probed": [
      "e2e4",
      "d2d4",
      "c2c4",
      "g1f3",
      "g2g3",
      "b2b3",
      "f2f4",
      "b2b4",
      "a2a4"
    ],
    "black_replies_probed": [
      "c7c5",
      "e7e5",
      "e7e6",
      "c7c6",
      "d7d5",
      "g8f6",
      "g7g6",
      "d7d6"
    ]
  }
}