{
  "white_first_move_probs": {
    "e2e4": 6.749725434929132e-05,
    "d2d4": 0.06449272483587265,
    "c2c4": 0.0030392573680728674,
    "g1f3": 0.9319198131561279,
    "g2g3": 1.1576450731354271e-07,
    "b2b3": 2.997707326812815e-07,
    "f2f4": 6.93589845468523e-06,
    "b2b4": 5.57909558551728e-08,
    "a2a4": 2.446734299610398e-07
  },
  "white_other_mass": 0.0004730554874967652,
  "black_reply_probs_cond_on_white": {
    "e2e4": {
      "fen_after_white": "rnbqkbnr/pppppppp/8/8/4P3/8/PPPP1PPP/RNBQKBNR b KQkq - 0 1",
      "black_reply_probs": {
        "c7c5": 0.05427242070436478,
        "e7e5": 0.00044761059689335525,
        "e7e6": 0.009418603964149952,
        "c7c6": 0.8971888422966003,
        "d7d5": 0.026423541828989983,
        "g8f6": 0.011335116811096668,
        "g7g6": 5.563736635849637e-07,
        "d7d6": 0.0006101540639065206
      },
      "other_mass": 0.000303153360334818
    },
    "d2d4": {
      "fen_after_white": "rnbqkbnr/pppppppp/8/8/3P4/8/PPP1PPPP/RNBQKBNR b KQkq - 0 1",
      "black_reply_probs": {
        "c7c5": 0.00011843508400488645,
        "e7e5": 1.005759258987382e-06,
        "e7e6": 0.0014658133732154965,
        "c7c6": 0.0002720423217397183,
        "d7d5": 0.05938092619180679,
        "g8f6": 0.9387340545654297,
        "g7g6": 2.7339956432115287e-07,
        "d7d6": 3.7115325994818704e-06
      },
      "other_mass": 2.3737772380627575e-05
    },
    "c2c4": {
      "fen_after_white": "rnbqkbnr/pppppppp/8/8/2P5/8/PP1PPPPP/RNBQKBNR b KQkq - 0 1",
      "black_reply_probs": {
        "c7c5": 0.015818651765584946,
        "e7e5": 0.0003615307796280831,
        "e7e6": 0.0036590041127055883,
        "c7c6": 0.01967597007751465,
        "d7d5": 0.04143247753381729,
        "g8f6": 0.9185034036636353,
        "g7g6": 1.4518266198138008e-06,
        "d7d6": 0.00025676717632450163
      },
      "other_mass": 0.00029074306416987383
    },
    "g1f3": {
      "fen_after_white": "rnbqkbnr/pppppppp/8/8/8/5N2/PPPPPPPP/RNBQKB1R b KQkq - 1 1",
      "black_reply_probs": {
        "c7c5": 0.02310980297625065,
        "e7e5": 1.0527269296289887e-05,
        "e7e6": 2.0903557015117258e-05,
        "c7c6": 0.00014623691095039248,
        "d7d5": 0.11923489719629288,
        "g8f6": 0.8571725487709045,
        "g7g6": 3.089592723881651e-07,
        "d7d6": 9.49869445321383e-06
      },
      "other_mass": 0.00029527566556453166
    },
    "g2g3": {
      "fen_after_white": "rnbqkbnr/pppppppp/8/8/8/6P1/PPPPPP1P/RNBQKBNR b KQkq - 0 1",
      "black_reply_probs": {
        "c7c5": 0.011295638978481293,
        "e7e5": 0.0004158666415605694,
        "e7e6": 0.00013781280722469091,
        "c7c6": 0.003380980109795928,
        "d7d5": 0.13906632363796234,
        "g8f6": 0.84546959400177,
        "g7g6": 1.785432914402918e-06,
        "d7d6": 3.704765913425945e-05
      },
      "other_mass": 0.00019495073115649575
    },
    "b2b3": {
      "fen_after_white": "rnbqkbnr/pppppppp/8/8/8/1P6/P1PPPPPP/RNBQKBNR b KQkq - 0 1",
      "black_reply_probs": {
        "c7c5": 0.0008780125644989312,
        "e7e5": 0.00011022878607036546,
        "e7e6": 0.0008218453149311244,
        "c7c6": 0.0012574119027704,
        "d7d5": 0.0903458520770073,
        "g8f6": 0.9062497019767761,
        "g7g6": 3.333077529532602e-06,
        "d7d6": 1.7340917111141607e-05
      },
      "other_mass": 0.0003162733833050879
    },
    "f2f4": {
      "fen_after_white": "rnbqkbnr/pppppppp/8/8/5P2/8/PPPPP1PP/RNBQKBNR b KQkq - 0 1",
      "black_reply_probs": {
        "c7c5": 0.022586314007639885,
        "e7e5": 8.822105883155018e-05,
        "e7e6": 0.0016910360427573323,
        "c7c6": 0.030939681455492973,
        "d7d5": 0.1466919630765915,
        "g8f6": 0.7976375222206116,
        "g7g6": 2.3585707822348922e-06,
        "d7d6": 0.00016549229621887207
      },
      "other_mass": 0.0001974112710740883
    },
    "b2b4": {
      "fen_after_white": "rnbqkbnr/pppppppp/8/8/1P6/8/P1PPPPPP/RNBQKBNR b KQkq - 0 1",
      "black_reply_probs": {
        "c7c5": 7.559978257631883e-05,
        "e7e5": 0.00029266459750942886,
        "e7e6": 0.009582390077412128,
        "c7c6": 0.004564825911074877,
        "d7d5": 0.06242630258202553,
        "g8f6": 0.9227122664451599,
        "g7g6": 5.962805971648777e-06,
        "d7d6": 0.00013137655332684517
      },
      "other_mass": 0.00020861124494331307
    },
    "a2a4": {
      "fen_after_white": "rnbqkbnr/pppppppp/8/8/P7/8/1PPPPPPP/RNBQKBNR b KQkq - 0 1",
      "black_reply_probs": {
        "c7c5": 0.0008255125721916556,
        "e7e5": 8.827917190501466e-05,
        "e7e6": 0.00016063872317317873,
        "c7c6": 0.0011087170569226146,
        "d7d5": 0.07335521280765533,
        "g8f6": 0.9243676662445068,
        "g7g6": 1.827489199968113e-07,
        "d7d6": 2.7958200007560663e-05
      },
      "other_mass": 6.583247471780851e-05
    }
  },
  "meta": {
    "elo_self": 2800,
    "elo_oppo": 2800,
    "temperature": 1.0,
    "maia_type": "blitz",
    "white_moves_probed": [
      "e2e4",
      "d2d4",
      "c2c4",
      "g1f3",
      "g2g3",
      "b2b3",
      "f2f4",
      "b2b4",
      "a2a4"
    ],
    "black_replies_probed": [
      "c7c5",
      "e7e5",
      "e7e6",
      "c7c6",
      "d7d5",
      "g8f6",
      "g7g6",
      "d7d6"
    ]
  }
}