{
  "white_first_move_probs": {
    "e2e4": 5.136047548148781e-05,
    "d2d4": 0.19692042469978333,
    "c2c4": 0.005511451978236437,
    "g1f3": 0.795682430267334,
    "g2g3": 2.9277714475028915e-07,
    "b2b3": 8.66967184265377e-07,
    "f2f4": 1.5129169696592726e-05,
    "b2b4": 2.2506758057261322e-07,
    "a2a4": 8.394860060434439e-07
  },
  "white_other_mass": 0.0018169791115525413,
  "black_reply_probs_cond_on_white": {
    "e2e4": {
      "fen_after_white": "rnbqkbnr/pppppppp/8/8/4P3/8/PPPP1PPP/RNBQKBNR b KQkq - 0 1",
      "black_reply_probs": {
        "c7c5": 0.09972666949033737,
        "e7e5": 0.00031823801691643894,
        "e7e6": 0.008362484164536,
        "c7c6": 0.8324394226074219,
        "d7d5": 0.053782396018505096,
        "g8f6": 0.004151700995862484,
        "g7g6": 6.888532197990571e-07,
        "d7d6": 0.0010105600813403726
      },
      "other_mass": 0.0002078397718605629
    },
    "d2d4": {
      "fen_after_white": "rnbqkbnr/pppppppp/8/8/3P4/8/PPP1PPPP/RNBQKBNR b KQkq - 0 1",
      "black_reply_probs": {
        "c7c5": 0.0002681969490367919,
        "e7e5": 1.2108948794775642e-06,
        "e7e6": 0.0050557395443320274,
        "c7c6": 0.0012453661765903234,
        "d7d5": 0.17621585726737976,
        "g8f6": 0.8171858191490173,
        "g7g6": 4.6186889335331216e-07,
        "d7d6": 1.1821841326309368e-05
      },
      "other_mass": 1.5526308544622225e-05
    },
    "c2c4": {
      "fen_after_white": "rnbqkbnr/pppppppp/8/8/2P5/8/PP1PPPPP/RNBQKBNR b KQkq - 0 1",
      "black_reply_probs": {
        "c7c5": 0.049303002655506134,
        "e7e5": 0.0003816921089310199,
        "e7e6": 0.012814100831747055,
        "c7c6": 0.09339752048254013,
        "d7d5": 0.14132048189640045,
        "g8f6": 0.7013524174690247,
        "g7g6": 3.214151547581423e-06,
        "d7d6": 0.0010217893868684769
      },
      "other_mass": 0.00040578101743449224
    },
    "g1f3": {
      "fen_after_white": "rnbqkbnr/pppppppp/8/8/8/5N2/PPPPPPPP/RNBQKB1R b KQkq - 1 1",
      "black_reply_probs": {
        "c7c5": 0.04184632748365402,
        "e7e5": 8.71988322614925e-06,
        "e7e6": 4.364780033938587e-05,
        "c7c6": 0.00034862590837292373,
        "d7d5": 0.34925803542137146,
        "g8f6": 0.6083256006240845,
        "g7g6": 4.122523762362107e-07,
        "d7d6": 2.300900268892292e-05
      },
      "other_mass": 0.0001456216238864272
    },
    "g2g3": {
      "fen_after_white": "rnbqkbnr/pppppppp/8/8/8/6P1/PPPPPP1P/RNBQKBNR b KQkq - 0 1",
      "black_reply_probs": {
        "c7c5": 0.027713267132639885,
        "e7e5": 0.00027137951110489666,
        "e7e6": 0.00034658200456760824,
        "c7c6": 0.015294359996914864,
        "d7d5": 0.44398099184036255,
        "g8f6": 0.5121567249298096,
        "g7g6": 2.536964075261494e-06,
        "d7d6": 9.745673014549538e-05
      },
      "other_mass": 0.00013670089037987054
    },
    "b2b3": {
      "fen_after_white": "rnbqkbnr/pppppppp/8/8/8/1P6/P1PPPPPP/RNBQKBNR b KQkq - 0 1",
      "black_reply_probs": {
        "c7c5": 0.001428769901394844,
        "e7e5": 7.42961055948399e-05,
        "e7e6": 0.001123366062529385,
        "c7c6": 0.003164892550557852,
        "d7d5": 0.18724510073661804,
        "g8f6": 0.8067244291305542,
        "g7g6": 3.4224412956973538e-06,
        "d7d6": 2.8677593945758417e-05
      },
      "other_mass": 0.00020704547750938218
    },
    "f2f4": {
      "fen_after_white": "rnbqkbnr/pppppppp/8/8/5P2/8/PPPPP1PP/RNBQKBNR b KQkq - 0 1",
      "black_reply_probs": {
        "c7c5": 0.043912921100854874,
        "e7e5": 8.107779285637662e-05,
        "e7e6": 0.0038091978058218956,
        "c7c6": 0.09173350036144257,
        "d7d5": 0.3815426230430603,
        "g8f6": 0.47847312688827515,
        "g7g6": 2.390843974353629e-06,
        "d7d6": 0.0003198162012267858
      },
      "other_mass": 0.00012534596248769958
    },
    "b2b4": {
      "fen_after_white": "rnbqkbnr/pppppppp/8/8/1P6/8/P1PPPPPP/RNBQKBNR b KQkq - 0 1",
      "black_reply_probs": {
        "c7c5": 7.490684947697446e-05,
        "e7e5": 0.00019542807422112674,
        "e7e6": 0.008748933672904968,
        "c7c6": 0.0058516147546470165,
        "d7d5": 0.11859594285488129,
        "g8f6": 0.8661903142929077,
        "g7g6": 5.5516297834401485e-06,
        "d7d6": 0.00014070507313590497
      },
      "other_mass": 0.00019660279804156744
    },
    "a2a4": {
      "fen_after_white": "rnbqkbnr/pppppppp/8/8/P7/8/1PPPPPPP/RNBQKBNR b KQkq - 0 1",
      "black_reply_probs": {
        "c7c5": 0.0014773006550967693,
        "e7e5": 7.651722989976406e-05,
        "e7e6": 0.00038421436329372227,
        "c7c6": 0.004049153532832861,
        "d7d5": 0.19680941104888916,
        "g8f6": 0.797092616558075,
        "g7g6": 2.7014232273359085e-07,
        "d7d6": 6.300934182945639e-05
      },
      "other_mass": 4.750712776058208e-05
    }
  },
  "meta": {
    "elo_self": 2800,
    "elo_oppo": 2800,
    "temperature": 1.0,
    "maia_type": "blitz",
    "white_moves_probed": [
      "e2e4",
      "d2d4",
      "c2c4",
      "g1f3",
      "g2g3",
      "b2b3",
      "f2f4",
      "b2b4",
      "a2a4"
    ],
    "black_replies_probed": [
      "c7c5",
      "e7e5",
      "e7e6",
      "c7c6",
      "d7d5",
      "g8f6",
      "g7g6",
      "d7d6"
    ]
  }
}