{
  "white_first_move_probs": {
    "e2e4": 3.207555346307345e-05,
    "d2d4": 0.07006168365478516,
    "c2c4": 0.0033669595140963793,
    "g1f3": 0.9262499809265137,
    "g2g3": 7.506154986458569e-08,
    "b2b3": 1.3971016699088068e-07,
    "f2f4": 5.844239240104798e-06,
    "b2b4": 3.6470051867354414e-08,
    "a2a4": 1.7562277321303554e-07
  },
  "white_other_mass": 0.0002830292473596785,
  "black_reply_probs_cond_on_white": {
    "e2e4": {
      "fen_after_white": "rnbqkbnr/pppppppp/8/8/4P3/8/PPPP1PPP/RNBQKBNR b KQkq - 0 1",
      "black_reply_probs": {
        "c7c5": 0.062342166900634766,
        "e7e5": 0.00026201625587418675,
        "e7e6": 0.010026753880083561,
        "c7c6": 0.871667206287384,
        "d7d5": 0.037021785974502563,
        "g8f6": 0.01740698702633381,
        "g7g6": 8.090291885309853e-07,
        "d7d6": 0.0010425015352666378
      },
      "other_mass": 0.0002297731107319123
    },
    "d2d4": {
      "fen_after_white": "rnbqkbnr/pppppppp/8/8/3P4/8/PPP1PPPP/RNBQKBNR b KQkq - 0 1",
      "black_reply_probs": {
        "c7c5": 0.00014967394236009568,
        "e7e5": 6.980866942285502e-07,
        "e7e6": 0.001465997309423983,
        "c7c6": 0.00017857814964372665,
        "d7d5": 0.06870342046022415,
        "g8f6": 0.9294797778129578,
        "g7g6": 3.065528062506928e-07,
        "d7d6": 3.4165432225563563e-06
      },
      "other_mass": 1.8131142667243694e-05
    },
    "c2c4": {
      "fen_after_white": "rnbqkbnr/pppppppp/8/8/2P5/8/PP1PPPPP/RNBQKBNR b KQkq - 0 1",
      "black_reply_probs": {
        "c7c5": 0.0172163937240839,
        "e7e5": 0.00022555582108907402,
        "e7e6": 0.003211233764886856,
        "c7c6": 0.013437353074550629,
        "d7d5": 0.05005750060081482,
        "g8f6": 0.9153774976730347,
        "g7g6": 1.1782710771512939e-06,
        "d7d6": 0.00023115964722819626
      },
      "other_mass": 0.00024212742323470593
    },
    "g1f3": {
      "fen_after_white": "rnbqkbnr/pppppppp/8/8/8/5N2/PPPPPPPP/RNBQKB1R b KQkq - 1 1",
      "black_reply_probs": {
        "c7c5": 0.034963659942150116,
        "e7e5": 6.461458269768627e-06,
        "e7e6": 2.010429307119921e-05,
        "c7c6": 9.856113319983706e-05,
        "d7d5": 0.16945037245750427,
        "g8f6": 0.7951926589012146,
        "g7g6": 2.1476002132203575e-07,
        "d7d6": 7.005850875430042e-06
      },
      "other_mass": 0.000260961203693455
    },
    "g2g3": {
      "fen_after_white": "rnbqkbnr/pppppppp/8/8/8/6P1/PPPPPP1P/RNBQKBNR b KQkq - 0 1",
      "black_reply_probs": {
        "c7c5": 0.01422093529254198,
        "e7e5": 0.00024593257694505155,
        "e7e6": 0.00010987567657139152,
        "c7c6": 0.003375391708686948,
        "d7d5": 0.18654894828796387,
        "g8f6": 0.7953013777732849,
        "g7g6": 1.020927015815687e-06,
        "d7d6": 2.3491154934163205e-05
      },
      "other_mass": 0.00017302660205587017
    },
    "b2b3": {
      "fen_after_white": "rnbqkbnr/pppppppp/8/8/8/1P6/P1PPPPPP/RNBQKBNR b KQkq - 0 1",
      "black_reply_probs": {
        "c7c5": 0.0009450824582017958,
        "e7e5": 7.302191806957126e-05,
        "e7e6": 0.0007394150015898049,
        "c7c6": 0.0008028325391933322,
        "d7d5": 0.10843518376350403,
        "g8f6": 0.8887305855751038,
        "g7g6": 2.760426696113427e-06,
        "d7d6": 1.592620537849143e-05
      },
      "other_mass": 0.0002551921122631029
    },
    "f2f4": {
      "fen_after_white": "rnbqkbnr/pppppppp/8/8/5P2/8/PPPPP1PP/RNBQKBNR b KQkq - 0 1",
      "black_reply_probs": {
        "c7c5": 0.02602909691631794,
        "e7e5": 5.759838313679211e-05,
        "e7e6": 0.0015325192362070084,
        "c7c6": 0.02932671271264553,
        "d7d5": 0.1647058129310608,
        "g8f6": 0.7781120538711548,
        "g7g6": 1.6610821376161766e-06,
        "d7d6": 0.00012534130655694753
      },
      "other_mass": 0.00010920356078258919
    },
    "b2b4": {
      "fen_after_white": "rnbqkbnr/pppppppp/8/8/1P6/8/P1PPPPPP/RNBQKBNR b KQkq - 0 1",
      "black_reply_probs": {
        "c7c5": 7.676592940697446e-05,
        "e7e5": 0.00027120744925923645,
        "e7e6": 0.013083629310131073,
        "c7c6": 0.004349316470324993,
        "d7d5": 0.08856377750635147,
        "g8f6": 0.8932298421859741,
        "g7g6": 9.570666406943928e-06,
        "d7d6": 0.00021929811919108033
      },
      "other_mass": 0.00019659236295410665
    },
    "a2a4": {
      "fen_after_white": "rnbqkbnr/pppppppp/8/8/P7/8/1PPPPPPP/RNBQKBNR b KQkq - 0 1",
      "black_reply_probs": {
        "c7c5": 0.0008181221783161163,
        "e7e5": 5.022528785048053e-05,
        "e7e6": 0.00012461502046789974,
        "c7c6": 0.0007996095228008926,
        "d7d5": 0.083452008664608,
        "g8f6": 0.9146850109100342,
        "g7g6": 1.1796765164717726e-07,
        "d7d6": 1.8556103896116838e-05
      },
      "other_mass": 5.17343443746654e-05
    }
  },
  "meta": {
    "elo_self": 2800,
    "elo_oppo": 2800,
    "temperature": 1.0,
    "maia_type": "blitz",
    "white_moves_probed": [
      "e2e4",
      "d2d4",
      "c2c4",
      "g1f3",
      "g2g3",
      "b2b3",
      "f2f4",
      "b2b4",
      "a2a4"
    ],
    "black_replies_probed": [
      "c7c5",
      "e7e5",
      "e7e6",
      "c7c6",
      "d7d5",
      "g8f6",
      "g7g6",
      "d7d6"
    ]
  }
}