{
  "white_first_move_probs": {
    "e2e4": 3.3389194868505e-05,
    "d2d4": 0.1292515993118286,
    "c2c4": 0.0009100604220293462,
    "g1f3": 0.8696484565734863,
    "g2g3": 3.1573819114782964e-08,
    "b2b3": 1.4860485464396334e-07,
    "f2f4": 3.886684226017678e-06,
    "b2b4": 2.639198370957274e-08,
    "a2a4": 6.577675293328866e-08
  },
  "white_other_mass": 0.00015233546615078808,
  "black_reply_probs_cond_on_white": {
    "e2e4": {
      "fen_after_white": "rnbqkbnr/pppppppp/8/8/4P3/8/PPPP1PPP/RNBQKBNR b KQkq - 0 1",
      "black_reply_probs": {
        "c7c5": 0.11172836273908615,
        "e7e5": 0.0006805714801885188,
        "e7e6": 0.019503295421600342,
        "c7c6": 0.7197045087814331,
        "d7d5": 0.1319153755903244,
        "g8f6": 0.014820439741015434,
        "g7g6": 4.3922369741267175e-07,
        "d7d6": 0.0014517847448587418
      },
      "other_mass": 0.0001952222777958923
    },
    "d2d4": {
      "fen_after_white": "rnbqkbnr/pppppppp/8/8/3P4/8/PPP1PPPP/RNBQKBNR b KQkq - 0 1",
      "black_reply_probs": {
        "c7c5": 5.048268576501869e-05,
        "e7e5": 3.5755138583226653e-07,
        "e7e6": 0.000732599466573447,
        "c7c6": 2.208085425081663e-05,
        "d7d5": 0.1094420924782753,
        "g8f6": 0.8897295594215393,
        "g7g6": 7.35431626708305e-08,
        "d7d6": 1.4794816252106102e-06
      },
      "other_mass": 2.1274517422398276e-05
    },
    "c2c4": {
      "fen_after_white": "rnbqkbnr/pppppppp/8/8/2P5/8/PP1PPPPP/RNBQKBNR b KQkq - 0 1",
      "black_reply_probs": {
        "c7c5": 0.01203724555671215,
        "e7e5": 0.00017820476205088198,
        "e7e6": 0.003672350198030472,
        "c7c6": 0.005204877816140652,
        "d7d5": 0.07351967692375183,
        "g8f6": 0.9050291776657104,
        "g7g6": 4.427418502928049e-07,
        "d7d6": 0.00023876152408774942
      },
      "other_mass": 0.00011926281166552144
    },
    "g1f3": {
      "fen_after_white": "rnbqkbnr/pppppppp/8/8/8/5N2/PPPPPPPP/RNBQKB1R b KQkq - 1 1",
      "black_reply_probs": {
        "c7c5": 0.009033550508320332,
        "e7e5": 5.687641078111483e-06,
        "e7e6": 1.4171226212056354e-05,
        "c7c6": 1.2441314538591541e-05,
        "d7d5": 0.24333538115024567,
        "g8f6": 0.7473686933517456,
        "g7g6": 1.039473005448599e-07,
        "d7d6": 6.9084148890397046e-06
      },
      "other_mass": 0.0002230624456700525
    },
    "g2g3": {
      "fen_after_white": "rnbqkbnr/pppppppp/8/8/8/6P1/PPPPPP1P/RNBQKBNR b KQkq - 0 1",
      "black_reply_probs": {
        "c7c5": 0.00805516168475151,
        "e7e5": 0.00026513636112213135,
        "e7e6": 6.781890260754153e-05,
        "c7c6": 0.0005016369395889342,
        "d7d5": 0.28214243054389954,
        "g8f6": 0.7088637351989746,
        "g7g6": 3.3064051763176394e-07,
        "d7d6": 1.902292024169583e-05
      },
      "other_mass": 8.472680829640922e-05
    },
    "b2b3": {
      "fen_after_white": "rnbqkbnr/pppppppp/8/8/8/1P6/P1PPPPPP/RNBQKBNR b KQkq - 0 1",
      "black_reply_probs": {
        "c7c5": 0.00027866580057889223,
        "e7e5": 4.335439371061511e-05,
        "e7e6": 0.0002803183742798865,
        "c7c6": 0.00011945373989874497,
        "d7d5": 0.14222675561904907,
        "g8f6": 0.8568475842475891,
        "g7g6": 5.755905476689804e-07,
        "d7d6": 5.790003342553973e-06
      },
      "other_mass": 0.00019750223100345465
    },
    "f2f4": {
      "fen_after_white": "rnbqkbnr/pppppppp/8/8/5P2/8/PPPPP1PP/RNBQKBNR b KQkq - 0 1",
      "black_reply_probs": {
        "c7c5": 0.016865937039256096,
        "e7e5": 2.8404027034412138e-05,
        "e7e6": 0.001023103017359972,
        "c7c6": 0.006825198885053396,
        "d7d5": 0.19725172221660614,
        "g8f6": 0.7779064774513245,
        "g7g6": 4.359915521945368e-07,
        "d7d6": 6.388852489180863e-05
      },
      "other_mass": 3.483284692151756e-05
    },
    "b2b4": {
      "fen_after_white": "rnbqkbnr/pppppppp/8/8/1P6/8/P1PPPPPP/RNBQKBNR b KQkq - 0 1",
      "black_reply_probs": {
        "c7c5": 8.933157005230896e-06,
        "e7e5": 8.906357834348455e-05,
        "e7e6": 0.0043861232697963715,
        "c7c6": 0.0005408466677181423,
        "d7d5": 0.10605161637067795,
        "g8f6": 0.8887997269630432,
        "g7g6": 7.301268851733766e-07,
        "d7d6": 4.4530239392770454e-05
      },
      "other_mass": 7.84296271376661e-05
    },
    "a2a4": {
      "fen_after_white": "rnbqkbnr/pppppppp/8/8/P7/8/1PPPPPPP/RNBQKBNR b KQkq - 0 1",
      "black_reply_probs": {
        "c7c5": 0.00018147038645111024,
        "e7e5": 4.118097422178835e-05,
        "e7e6": 9.265259723179042e-05,
        "c7c6": 7.544939580839127e-05,
        "d7d5": 0.1310999095439911,
        "g8f6": 0.8684588074684143,
        "g7g6": 3.0615606050332644e-08,
        "d7d6": 1.4486407962976955e-05
      },
      "other_mass": 3.601261031249692e-05
    }
  },
  "meta": {
    "elo_self": 2800,
    "elo_oppo": 2800,
    "temperature": 1.0,
    "maia_type": "blitz",
    "white_moves_probed": [
      "e2e4",
      "d2d4",
      "c2c4",
      "g1f3",
      "g2g3",
      "b2b3",
      "f2f4",
      "b2b4",
      "a2a4"
    ],
    "black_replies_probed": [
      "c7c5",
      "e7e5",
      "e7e6",
      "c7c6",
      "d7d5",
      "g8f6",
      "g7g6",
      "d7d6"
    ]
  }
}