{
  "white_first_move_probs": {
    "e2e4": 0.00042819519876502454,
    "d2d4": 0.10812597721815109,
    "c2c4": 0.010295195505023003,
    "g1f3": 0.869701623916626,
    "g2g3": 1.390971738146618e-05,
    "b2b3": 8.761791832512245e-05,
    "f2f4": 0.001569676329381764,
    "b2b4": 2.7665309971780516e-05,
    "a2a4": 4.4169002649141476e-05
  },
  "white_other_mass": 0.00970596988372563,
  "black_reply_probs_cond_on_white": {
    "e2e4": {
      "fen_after_white": "rnbqkbnr/pppppppp/8/8/4P3/8/PPPP1PPP/RNBQKBNR b KQkq - 0 1",
      "black_reply_probs": {
        "c7c5": 0.0960574597120285,
        "e7e5": 0.001692300895228982,
        "e7e6": 0.03553715720772743,
        "c7c6": 0.5129911303520203,
        "d7d5": 0.2672298848628998,
        "g8f6": 0.07417967915534973,
        "g7g6": 3.613730950746685e-05,
        "d7d6": 0.007113168481737375
      },
      "other_mass": 0.005163082023500465
    },
    "d2d4": {
      "fen_after_white": "rnbqkbnr/pppppppp/8/8/3P4/8/PPP1PPPP/RNBQKBNR b KQkq - 0 1",
      "black_reply_probs": {
        "c7c5": 0.003976883832365274,
        "e7e5": 6.678007048321888e-05,
        "e7e6": 0.013305828906595707,
        "c7c6": 0.0028285037260502577,
        "d7d5": 0.17773856222629547,
        "g8f6": 0.8004283308982849,
        "g7g6": 5.8983382587030064e-06,
        "d7d6": 0.0001672589423833415
      },
      "other_mass": 0.0014819530592831143
    },
    "c2c4": {
      "fen_after_white": "rnbqkbnr/pppppppp/8/8/2P5/8/PP1PPPPP/RNBQKBNR b KQkq - 0 1",
      "black_reply_probs": {
        "c7c5": 0.06394590437412262,
        "e7e5": 0.0013414295390248299,
        "e7e6": 0.02406996488571167,
        "c7c6": 0.054070211946964264,
        "d7d5": 0.1105266734957695,
        "g8f6": 0.7319945693016052,
        "g7g6": 3.223124804208055e-05,
        "d7d6": 0.003097152104601264
      },
      "other_mass": 0.010921863104158547
    },
    "g1f3": {
      "fen_after_white": "rnbqkbnr/pppppppp/8/8/8/5N2/PPPPPPPP/RNBQKB1R b KQkq - 1 1",
      "black_reply_probs": {
        "c7c5": 0.01567944511771202,
        "e7e5": 9.330134344054386e-05,
        "e7e6": 0.0005545825115405023,
        "c7c6": 0.0004156587237957865,
        "d7d5": 0.053852908313274384,
        "g8f6": 0.9261378049850464,
        "g7g6": 3.86143574360176e-06,
        "d7d6": 0.0001211462149512954
      },
      "other_mass": 0.003141291354495479
    },
    "g2g3": {
      "fen_after_white": "rnbqkbnr/pppppppp/8/8/8/6P1/PPPPPP1P/RNBQKBNR b KQkq - 0 1",
      "black_reply_probs": {
        "c7c5": 0.02621343545615673,
        "e7e5": 0.0012892150552943349,
        "e7e6": 0.001869537285529077,
        "c7c6": 0.007813488133251667,
        "d7d5": 0.11108345538377762,
        "g8f6": 0.8485482335090637,
        "g7g6": 3.6178073060000315e-05,
        "d7d6": 0.0003803832223638892
      },
      "other_mass": 0.0027660738815029617
    },
    "b2b3": {
      "fen_after_white": "rnbqkbnr/pppppppp/8/8/8/1P6/P1PPPPPP/RNBQKBNR b KQkq - 0 1",
      "black_reply_probs": {
        "c7c5": 0.006230270955711603,
        "e7e5": 0.0007337374845519662,
        "e7e6": 0.006108542904257774,
        "c7c6": 0.005710782017558813,
        "d7d5": 0.16464504599571228,
        "g8f6": 0.8113114237785339,
        "g7g6": 2.821864836732857e-05,
        "d7d6": 0.00024977923021651804
      },
      "other_mass": 0.004982198985089781
    },
    "f2f4": {
      "fen_after_white": "rnbqkbnr/pppppppp/8/8/5P2/8/PPPPP1PP/RNBQKBNR b KQkq - 0 1",
      "black_reply_probs": {
        "c7c5": 0.05216161906719208,
        "e7e5": 0.0007621413096785545,
        "e7e6": 0.011588105000555515,
        "c7c6": 0.06109919026494026,
        "d7d5": 0.24234041571617126,
        "g8f6": 0.6259636282920837,
        "g7g6": 3.89299493690487e-05,
        "d7d6": 0.0014448534930124879
      },
      "other_mass": 0.004601116906997049
    },
    "b2b4": {
      "fen_after_white": "rnbqkbnr/pppppppp/8/8/1P6/8/P1PPPPPP/RNBQKBNR b KQkq - 0 1",
      "black_reply_probs": {
        "c7c5": 0.0005666998331435025,
        "e7e5": 0.0009685319382697344,
        "e7e6": 0.024278482422232628,
        "c7c6": 0.011045407503843307,
        "d7d5": 0.17120739817619324,
        "g8f6": 0.7860233187675476,
        "g7g6": 1.023590266413521e-05,
        "d7d6": 0.0009273579926230013
      },
      "other_mass": 0.0049725674634828465
    },
    "a2a4": {
      "fen_after_white": "rnbqkbnr/pppppppp/8/8/P7/8/1PPPPPPP/RNBQKBNR b KQkq - 0 1",
      "black_reply_probs": {
        "c7c5": 0.004540552850812674,
        "e7e5": 0.000543813279364258,
        "e7e6": 0.0032714451663196087,
        "c7c6": 0.004257606342434883,
        "d7d5": 0.13707078993320465,
        "g8f6": 0.8468579053878784,
        "g7g6": 6.5991566771117505e-06,
        "d7d6": 0.0005878823576495051
      },
      "other_mass": 0.002863405525658891
    }
  },
  "meta": {
    "elo_self": 2800,
    "elo_oppo": 2800,
    "temperature": 1.0,
    "maia_type": "blitz",
    "white_moves_probed": [
      "e2e4",
      "d2d4",
      "c2c4",
      "g1f3",
      "g2g3",
      "b2b3",
      "f2f4",
      "b2b4",
      "a2a4"
    ],
    "black_replies_probed": [
      "c7c5",
      "e7e5",
      "e7e6",
      "c7c6",
      "d7d5",
      "g8f6",
      "g7g6",
      "d7d6"
    ]
  }
}