loss,mean_logp_gap_policy_chosen_rejected,mean_logp_gap_base_chosen_rejected,mean_gap_improvement,top1_accuracy_on_chosen_policy,top1_accuracy_on_chosen_base,mean_p_chosen_policy,mean_p_chosen_base,mean_kl,mean_ent_pi,mean_ent_ref
0.007920909341972364,3.590685132271061,1.8577810533116053,1.7329040768891815,0.3949919224555735,0.39768443726440494,0.36241184618120736,0.30536062578882744,0.22412513849450483,0.8432341001576463,1.4548020767309795
