loss,mean_logp_gap_policy_chosen_rejected,mean_logp_gap_base_chosen_rejected,mean_gap_improvement,top1_accuracy_on_chosen_policy,top1_accuracy_on_chosen_base,mean_p_chosen_policy,mean_p_chosen_base,mean_kl,mean_ent_pi,mean_ent_ref
1.8321950667504276,1.8825901007047414,1.7685355982619158,0.11405449987528944,0.4082980972515856,0.3842494714587738,0.3073037714711203,0.29093856589738715,0.16273899610305942,1.5638314130190312,1.5195475471448192
