{"loss": 2.091383851859837, "mean_logp_gap_policy_chosen_rejected": 2.1006202410441874, "mean_logp_gap_base_chosen_rejected": 1.7685355982619158, "mean_gap_improvement": 0.33208464127010323, "top1_accuracy_on_chosen_policy": 0.40750528541226216, "top1_accuracy_on_chosen_base": 0.3842494714587738, "mean_p_chosen_policy": 0.31977481261116253, "mean_p_chosen_base": 0.29093856589738715, "mean_kl": 0.1586740131452522, "mean_ent_pi": 1.4414708629471051, "mean_ent_ref": 1.5195475471448192, "top1_precision": 0.40750528541226216, "top1_recall": 0.40750528541226216, "top1_f1": 0.4075052854122621, "top3_precision": 0.732293868921776, "top3_recall": 0.732293868921776, "top3_f1": 0.7322938689217758, "top5_precision": 0.8538583509513742, "top5_recall": 0.8538583509513742, "top5_f1": 0.8538583509513742, "top10_precision": 0.9614164904862579, "top10_recall": 0.9614164904862579, "top10_f1": 0.9614164904862579, "mean_logp_gap_policy_chosen_rejected_cond_on_not_in_top_ten": 1.1993412581103586, "mean_logp_gap_base_chosen_rejected_cond_on_not_in_top_ten": 1.1671066935996564, "mean_gap_improvement_cond_on_not_in_top_ten": 0.03223456451070239, "top1_accuracy_on_chosen_policy_cond_on_not_in_top_ten": 0.17543859649122806, "top1_accuracy_on_chosen_base_cond_on_not_in_top_ten": 0.18128654970760233, "mean_p_chosen_policy_cond_on_not_in_top_ten": 0.14264964105158687, "mean_p_chosen_base_cond_on_not_in_top_ten": 0.1471644329356114, "mean_kl_cond_on_not_in_top_ten": 0.039659446699011044, "mean_ent_pi_cond_on_not_in_top_ten": 1.8212592028386412, "mean_ent_ref_cond_on_not_in_top_ten": 1.816271632386927, "top1_precision_cond_on_not_in_top_ten": 0.17543859649122806, "top1_recall_cond_on_not_in_top_ten": 0.17543859649122806, "top1_f1_cond_on_not_in_top_ten": 0.17543859649122806, "top3_precision_cond_on_not_in_top_ten": 0.43859649122807015, "top3_recall_cond_on_not_in_top_ten": 0.43859649122807015, "top3_f1_cond_on_not_in_top_ten": 0.43859649122807015, "top5_precision_cond_on_not_in_top_ten": 0.6374269005847953, "top5_recall_cond_on_not_in_top_ten": 0.6374269005847953, "top5_f1_cond_on_not_in_top_ten": 0.6374269005847953, "top10_precision_cond_on_not_in_top_ten": 0.8713450292397661, "top10_recall_cond_on_not_in_top_ten": 0.8713450292397661, "top10_f1_cond_on_not_in_top_ten": 0.8713450292397661, "mean_logp_gap_policy_chosen_rejected_cond_on_in_top_ten": 2.14327695324023, "mean_logp_gap_base_chosen_rejected_cond_on_in_top_ten": 1.797000683215131, "mean_gap_improvement_cond_on_in_top_ten": 0.3462762695879214, "top1_accuracy_on_chosen_policy_cond_on_in_top_ten": 0.4184887904788265, "top1_accuracy_on_chosen_base_cond_on_in_top_ten": 0.3938555217270966, "mean_p_chosen_policy_cond_on_in_top_ten": 0.3281579850695346, "mean_p_chosen_base_cond_on_in_top_ten": 0.29774326491344755, "mean_kl_cond_on_in_top_ten": 0.1643068631187133, "mean_ent_pi_cond_on_in_top_ten": 1.4234958227950416, "mean_ent_ref_cond_on_in_top_ten": 1.5055038699076773, "top1_precision_cond_on_in_top_ten": 0.4184887904788265, "top1_recall_cond_on_in_top_ten": 0.4184887904788265, "top1_f1_cond_on_in_top_ten": 0.4184887904788264, "top3_precision_cond_on_in_top_ten": 0.746194298367008, "top3_recall_cond_on_in_top_ten": 0.746194298367008, "top3_f1_cond_on_in_top_ten": 0.746194298367008, "top5_precision_cond_on_in_top_ten": 0.8641018544146138, "top5_recall_cond_on_in_top_ten": 0.8641018544146138, "top5_f1_cond_on_in_top_ten": 0.8641018544146138, "top10_precision_cond_on_in_top_ten": 0.9656794907279269, "top10_recall_cond_on_in_top_ten": 0.9656794907279269, "top10_f1_cond_on_in_top_ten": 0.9656794907279269}