{"loss": 0.5425392500189847, "mean_logp_gap_policy_chosen_rejected": 2.649084262817657, "mean_logp_gap_base_chosen_rejected": 1.7685355982619158, "mean_gap_improvement": 0.8805486524583925, "top1_accuracy_on_chosen_policy": 0.38847780126849896, "top1_accuracy_on_chosen_base": 0.3842494714587738, "mean_p_chosen_policy": 0.33287928207732154, "mean_p_chosen_base": 0.29093856589738715, "mean_kl": 0.11909034331555599, "mean_ent_pi": 1.111974275137355, "mean_ent_ref": 1.5195475471448192}