{"loss": 0.5409125668049867, "mean_logp_gap_policy_chosen_rejected": 4.615055524269572, "mean_logp_gap_base_chosen_rejected": 1.7685355982619158, "mean_gap_improvement": 2.846519978555514, "top1_accuracy_on_chosen_policy": 0.3739429175475687, "top1_accuracy_on_chosen_base": 0.3842494714587738, "mean_p_chosen_policy": 0.3554233976700845, "mean_p_chosen_base": 0.29093856589738715, "mean_kl": 0.5200519709204015, "mean_ent_pi": 0.6978515784785813, "mean_ent_ref": 1.5195475471448192, "top1_precision": 0.3739429175475687, "top1_recall": 0.3739429175475687, "top1_f1": 0.3739429175475687, "top3_precision": 0.6945031712473573, "top3_recall": 0.6945031712473573, "top3_f1": 0.6945031712473573, "top5_precision": 0.8247885835095138, "top5_recall": 0.8247885835095138, "top5_f1": 0.8247885835095138, "top10_precision": 0.9410676532769556, "top10_recall": 0.9410676532769556, "top10_f1": 0.9410676532769556, "mean_logp_gap_policy_chosen_rejected_cond_on_not_in_top_ten": 2.8445710316736097, "mean_logp_gap_base_chosen_rejected_cond_on_not_in_top_ten": 1.1671066935996564, "mean_gap_improvement_cond_on_not_in_top_ten": 1.6774643419081705, "top1_accuracy_on_chosen_policy_cond_on_not_in_top_ten": 0.2046783625730994, "top1_accuracy_on_chosen_base_cond_on_not_in_top_ten": 0.18128654970760233, "mean_p_chosen_policy_cond_on_not_in_top_ten": 0.1763501143856497, "mean_p_chosen_base_cond_on_not_in_top_ten": 0.1471644329356114, "mean_kl_cond_on_not_in_top_ten": 0.3897834852533905, "mean_ent_pi_cond_on_not_in_top_ten": 0.8715396346197578, "mean_ent_ref_cond_on_not_in_top_ten": 1.816271632386927, "top1_precision_cond_on_not_in_top_ten": 0.2046783625730994, "top1_recall_cond_on_not_in_top_ten": 0.2046783625730994, "top1_f1_cond_on_not_in_top_ten": 0.2046783625730994, "top3_precision_cond_on_not_in_top_ten": 0.4678362573099415, "top3_recall_cond_on_not_in_top_ten": 0.4678362573099415, "top3_f1_cond_on_not_in_top_ten": 0.4678362573099415, "top5_precision_cond_on_not_in_top_ten": 0.6374269005847953, "top5_recall_cond_on_not_in_top_ten": 0.6374269005847953, "top5_f1_cond_on_not_in_top_ten": 0.6374269005847953, "top10_precision_cond_on_not_in_top_ten": 0.8187134502923976, "top10_recall_cond_on_not_in_top_ten": 0.8187134502923976, "top10_f1_cond_on_not_in_top_ten": 0.8187134502923976, "mean_logp_gap_policy_chosen_rejected_cond_on_in_top_ten": 4.698850991024457, "mean_logp_gap_base_chosen_rejected_cond_on_in_top_ten": 1.797000683215131, "mean_gap_improvement_cond_on_in_top_ten": 2.9018503118016663, "top1_accuracy_on_chosen_policy_cond_on_in_top_ten": 0.38195405480210354, "top1_accuracy_on_chosen_base_cond_on_in_top_ten": 0.3938555217270966, "mean_p_chosen_policy_cond_on_in_top_ten": 0.36389877864933645, "mean_p_chosen_base_cond_on_in_top_ten": 0.29774326491344755, "mean_kl_cond_on_in_top_ten": 0.5262174615042148, "mean_ent_pi_cond_on_in_top_ten": 0.689631084491364, "mean_ent_ref_cond_on_in_top_ten": 1.5055038699076773, "top1_precision_cond_on_in_top_ten": 0.38195405480210354, "top1_recall_cond_on_in_top_ten": 0.38195405480210354, "top1_f1_cond_on_in_top_ten": 0.38195405480210354, "top3_precision_cond_on_in_top_ten": 0.7052311098809854, "top3_recall_cond_on_in_top_ten": 0.7052311098809854, "top3_f1_cond_on_in_top_ten": 0.7052311098809854, "top5_precision_cond_on_in_top_ten": 0.8336562413506781, "top5_recall_cond_on_in_top_ten": 0.8336562413506781, "top5_f1_cond_on_in_top_ten": 0.8336562413506781, "top10_precision_cond_on_in_top_ten": 0.946858566288403, "top10_recall_cond_on_in_top_ten": 0.946858566288403, "top10_f1_cond_on_in_top_ten": 0.946858566288403}