{"loss": 0.7188690629872408, "mean_logp_gap_policy_chosen_rejected": 4.002038069809718, "mean_logp_gap_base_chosen_rejected": 1.7685355982619158, "mean_gap_improvement": 2.2335024745091325, "top1_accuracy_on_chosen_policy": 0.3855708245243129, "top1_accuracy_on_chosen_base": 0.3842494714587738, "mean_p_chosen_policy": 0.3561786120210087, "mean_p_chosen_base": 0.29093856589738715, "mean_kl": 0.36051517441459235, "mean_ent_pi": 0.8011354167668059, "mean_ent_ref": 1.5195475471448192}