{"loss": 0.518872406719603, "mean_logp_gap_policy_chosen_rejected": 1.6548645309867618, "mean_logp_gap_base_chosen_rejected": 1.7685355982619158, "mean_gap_improvement": -0.11367106182504658, "top1_accuracy_on_chosen_policy": 0.3950845665961945, "top1_accuracy_on_chosen_base": 0.3842494714587738, "mean_p_chosen_policy": 0.27829258323471845, "mean_p_chosen_base": 0.29093856589738715, "mean_kl": 0.16365023759089364, "mean_ent_pi": 1.7412075381450371, "mean_ent_ref": 1.5195475471448192, "top1_precision": 0.3950845665961945, "top1_recall": 0.3950845665961945, "top1_f1": 0.39508456659619445, "top3_precision": 0.7230443974630021, "top3_recall": 0.7230443974630021, "top3_f1": 0.7230443974630021, "top5_precision": 0.8517441860465116, "top5_recall": 0.8517441860465116, "top5_f1": 0.8517441860465115, "top10_precision": 0.9590380549682875, "top10_recall": 0.9590380549682875, "top10_f1": 0.9590380549682875, "mean_logp_gap_policy_chosen_rejected_cond_on_not_in_top_ten": 0.9741179936113413, "mean_logp_gap_base_chosen_rejected_cond_on_not_in_top_ten": 1.1671066935996564, "mean_gap_improvement_cond_on_not_in_top_ten": -0.19298869998831497, "top1_accuracy_on_chosen_policy_cond_on_not_in_top_ten": 0.17543859649122806, "top1_accuracy_on_chosen_base_cond_on_not_in_top_ten": 0.18128654970760233, "mean_p_chosen_policy_cond_on_not_in_top_ten": 0.130950934364602, "mean_p_chosen_base_cond_on_not_in_top_ten": 0.1471644329356114, "mean_kl_cond_on_not_in_top_ten": 0.07901930061784404, "mean_ent_pi_cond_on_not_in_top_ten": 2.1426113666149607, "mean_ent_ref_cond_on_not_in_top_ten": 1.816271632386927, "top1_precision_cond_on_not_in_top_ten": 0.17543859649122806, "top1_recall_cond_on_not_in_top_ten": 0.17543859649122806, "top1_f1_cond_on_not_in_top_ten": 0.17543859649122806, "top3_precision_cond_on_not_in_top_ten": 0.45614035087719296, "top3_recall_cond_on_not_in_top_ten": 0.45614035087719296, "top3_f1_cond_on_not_in_top_ten": 0.45614035087719296, "top5_precision_cond_on_not_in_top_ten": 0.6666666666666666, "top5_recall_cond_on_not_in_top_ten": 0.6666666666666666, "top5_f1_cond_on_not_in_top_ten": 0.6666666666666666, "top10_precision_cond_on_not_in_top_ten": 0.8713450292397661, "top10_recall_cond_on_not_in_top_ten": 0.8713450292397661, "top10_f1_cond_on_not_in_top_ten": 0.8713450292397661, "mean_logp_gap_policy_chosen_rejected_cond_on_in_top_ten": 1.6870836484821556, "mean_logp_gap_base_chosen_rejected_cond_on_in_top_ten": 1.797000683215131, "mean_gap_improvement_cond_on_in_top_ten": -0.10991703375963632, "top1_accuracy_on_chosen_policy_cond_on_in_top_ten": 0.40548021035150844, "top1_accuracy_on_chosen_base_cond_on_in_top_ten": 0.3938555217270966, "mean_p_chosen_policy_cond_on_in_top_ten": 0.28526612839092447, "mean_p_chosen_base_cond_on_in_top_ten": 0.29774326491344755, "mean_kl_cond_on_in_top_ten": 0.16765574225914218, "mean_ent_pi_cond_on_in_top_ten": 1.7222094778028216, "mean_ent_ref_cond_on_in_top_ten": 1.5055038699076773, "top1_precision_cond_on_in_top_ten": 0.40548021035150844, "top1_recall_cond_on_in_top_ten": 0.40548021035150844, "top1_f1_cond_on_in_top_ten": 0.40548021035150844, "top3_precision_cond_on_in_top_ten": 0.7356767229449211, "top3_recall_cond_on_in_top_ten": 0.7356767229449211, "top3_f1_cond_on_in_top_ten": 0.7356767229449211, "top5_precision_cond_on_in_top_ten": 0.8605037365070578, "top5_recall_cond_on_in_top_ten": 0.8605037365070578, "top5_f1_cond_on_in_top_ten": 0.8605037365070578, "top10_precision_cond_on_in_top_ten": 0.9631884860226958, "top10_recall_cond_on_in_top_ten": 0.9631884860226958, "top10_f1_cond_on_in_top_ten": 0.9631884860226959}