{"dpo_loss": 1.8153429570712196, "mean_logp_gap_policy_chosen_rejected": 1.8688014886848014, "mean_logp_gap_base_chosen_rejected": 1.7685355982619158, "mean_gap_improvement": 0.1002658905173961, "top1_accuracy_on_chosen_policy": 0.40988372093023256, "top1_accuracy_on_chosen_base": 0.3842494714587738, "mean_p_chosen_policy": 0.3063875063151184, "mean_p_chosen_base": 0.29093856589738715, "mean_kl": 0.16026979906929473, "mean_ent_pi": 1.5717522654422493, "mean_ent_ref": 1.5195475471448192}