loss,mean_logp_gap_policy_chosen_rejected,mean_logp_gap_base_chosen_rejected,mean_gap_improvement,top1_accuracy_on_chosen_policy,top1_accuracy_on_chosen_base,mean_p_chosen_policy,mean_p_chosen_base,mean_kl,mean_ent_pi,mean_ent_ref
0.5371562154298101,2.7023521946550173,1.7685355982619158,0.9338166286526977,0.3845137420718816,0.3842494714587738,0.33383888107021564,0.29093856589738715,0.12648649063221243,1.0891558519125488,1.5195475471448192
