loss,mean_logp_gap_policy_chosen_rejected,mean_logp_gap_base_chosen_rejected,mean_gap_improvement,top1_accuracy_on_chosen_policy,top1_accuracy_on_chosen_base,mean_p_chosen_policy,mean_p_chosen_base,mean_kl,mean_ent_pi,mean_ent_ref
1.8316941084871836,1.8845534002050033,1.7685355982619158,0.11601780931490924,0.4119978858350951,0.3842494714587738,0.30777819643691023,0.29093856589738715,0.15988843246947887,1.5600756757103111,1.5195475471448192
