loss,mean_logp_gap_policy_chosen_rejected,mean_logp_gap_base_chosen_rejected,mean_gap_improvement,top1_accuracy_on_chosen_policy,top1_accuracy_on_chosen_base,mean_p_chosen_policy,mean_p_chosen_base,mean_kl,mean_ent_pi,mean_ent_ref
1.8739102819253224,1.9195505403313022,1.7685355982619158,0.15101495301685677,0.4072410147991543,0.3842494714587738,0.30969020081624926,0.29093856589738715,0.16603549825023647,1.5403788573646142,1.5195475471448192
