{
  "dpo_loss": 0.6887925916191892,
  "mean_logp_gap_policy_chosen_rejected": 1.9056515619316263,
  "mean_logp_gap_base_chosen_rejected": 1.7685355982619158,
  "mean_gap_improvement": 0.13711597924819707,
  "top1_accuracy_on_chosen_policy": 0.40750528541226216,
  "top1_accuracy_on_chosen_base": 0.3842494714587738,
  "mean_p_chosen_policy": 0.3086051719763314,
  "mean_p_chosen_base": 0.29093856589738715,
  "mean_kl": 0.1797630735308751,
  "n_rows": 3784,
  "phase_summary": {
    "kl_pi_ref": {
      "opening": {
        "n": 933,
        "mean": 0.6269321691521592,
        "median": 0.06528336554765701,
        "p90": 3.0120458602905273,
        "p95": 4.490157604217529,
        "p99": 4.490157604217529
      },
      "middlegame": {
        "n": 1550,
        "mean": 0.037179772307771926,
        "median": 0.029048984870314598,
        "p90": 0.0760633647441864,
        "p95": 0.09967165440320969,
        "p99": 0.14162087440490723
      },
      "endgame": {
        "n": 1301,
        "mean": 0.028952429985568833,
        "median": 0.02119745872914791,
        "p90": 0.05960701406002045,
        "p95": 0.08007090538740158,
        "p99": 0.12126868963241577
      }
    },
    "logp_gap_pi": {
      "opening": {
        "n": 933,
        "mean": 3.0474018795058404,
        "median": 2.8022212982177734,
        "p90": 7.19093132019043,
        "p95": 8.741048812866211,
        "p99": 11.908096313476562
      },
      "middlegame": {
        "n": 1550,
        "mean": 1.5632135006689256,
        "median": 1.4802446961402893,
        "p90": 4.7952117919921875,
        "p95": 5.970881462097168,
        "p99": 7.750514984130859
      },
      "endgame": {
        "n": 1301,
        "mean": 1.4948337449191809,
        "median": 1.3851289749145508,
        "p90": 4.552785873413086,
        "p95": 5.6910247802734375,
        "p99": 7.808708190917969
      }
    },
    "p_chosen_pi": {
      "opening": {
        "n": 933,
        "mean": 0.4101630955611349,
        "median": 0.3410469591617584,
        "p90": 0.9061123728752136,
        "p95": 0.9377564787864685,
        "p99": 0.9913296699523926
      },
      "middlegame": {
        "n": 1550,
        "mean": 0.26409977185504224,
        "median": 0.17724264413118362,
        "p90": 0.6567338109016418,
        "p95": 0.7829519510269165,
        "p99": 0.9466515779495239
      },
      "endgame": {
        "n": 1301,
        "mean": 0.2887971908914032,
        "median": 0.21197091042995453,
        "p90": 0.6913824081420898,
        "p95": 0.7952433228492737,
        "p99": 0.9374414086341858
      }
    },
    "correct_top1": {
      "opening": {
        "n": 933,
        "mean": 0.5133976420150054,
        "median": 1.0,
        "p90": 1.0,
        "p95": 1.0,
        "p99": 1.0
      },
      "middlegame": {
        "n": 1550,
        "mean": 0.3548387096774194,
        "median": 0.0,
        "p90": 1.0,
        "p95": 1.0,
        "p99": 1.0
      },
      "endgame": {
        "n": 1301,
        "mean": 0.3943120676402767,
        "median": 0.0,
        "p90": 1.0,
        "p95": 1.0,
        "p99": 1.0
      }
    }
  },
  "bootstrap_ci_row": {
    "accuracy_top1": {
      "mean": 0.40750528541226216,
      "lo": 0.39323467230443976,
      "hi": 0.42177589852008457
    },
    "mean_logp_gap_pi": {
      "mean": 1.9056515808022298,
      "lo": 1.8026097932747756,
      "hi": 1.9798054662208224
    },
    "mean_p_chosen_pi": {
      "mean": 0.30860516910242336,
      "lo": 0.30085880192742465,
      "hi": 0.3177111482433068
    },
    "mrr": {
      "mean": 0.5964830164706977,
      "lo": 0.5845912231125514,
      "hi": 0.6071418757949408
    }
  },
  "bootstrap_ci_cluster_by_game": {
    "accuracy_top1": {
      "mean": 0.40750528541226216,
      "lo": 0.3917828319882612,
      "hi": 0.4245735607675906,
      "n_clusters": 100
    },
    "mean_logp_gap_pi": {
      "mean": 1.9056515808022298,
      "lo": 1.8187555597234395,
      "hi": 2.0061795902984767,
      "n_clusters": 100
    },
    "mean_p_chosen_pi": {
      "mean": 0.30860516910242336,
      "lo": 0.29650672457242705,
      "hi": 0.3194358967844055,
      "n_clusters": 100
    },
    "mrr": {
      "mean": 0.5964830164706977,
      "lo": 0.5835235788003181,
      "hi": 0.6094014579166578,
      "n_clusters": 100
    }
  },
  "opening_family_counts_by_game": {
    "Indian Defense (1...Nf6)": 28,
    "Sicilian": 25,
    "French / e6": 16,
    "Open Game (1...e5)": 14,
    "Queen's Pawn (1...d5)": 9,
    "Other": 7,
    "Caro-Kann": 1
  },
  "notes": {
    "opening_family_is_coarse_heuristic": true,
    "precision_recall_f1_equals_accuracy_for_top1_hit": true
  }
}