{"loss": 1.952713812128434, "mean_logp_gap_policy_chosen_rejected": 1.9815983806301625, "mean_logp_gap_base_chosen_rejected": 1.7685355982619158, "mean_gap_improvement": 0.21306278148614832, "top1_accuracy_on_chosen_policy": 0.41014799154334036, "top1_accuracy_on_chosen_base": 0.3842494714587738, "mean_p_chosen_policy": 0.31364123901277463, "mean_p_chosen_base": 0.29093856589738715, "mean_kl": 0.15884284736553156, "mean_ent_pi": 1.5033647257984315, "mean_ent_ref": 1.5195475471448192, "top1_precision": 0.41014799154334036, "top1_recall": 0.41014799154334036, "top1_f1": 0.41014799154334036, "top3_precision": 0.7315010570824524, "top3_recall": 0.7315010570824524, "top3_f1": 0.7315010570824524, "top5_precision": 0.8543868921775899, "top5_recall": 0.8543868921775899, "top5_f1": 0.85438689217759, "top10_precision": 0.9603594080338267, "top10_recall": 0.9603594080338267, "top10_f1": 0.9603594080338267, "mean_logp_gap_policy_chosen_rejected_cond_on_not_in_top_ten": 1.1232551263089765, "mean_logp_gap_base_chosen_rejected_cond_on_not_in_top_ten": 1.1671066935996564, "mean_gap_improvement_cond_on_not_in_top_ten": -0.04385156729067975, "top1_accuracy_on_chosen_policy_cond_on_not_in_top_ten": 0.15789473684210525, "top1_accuracy_on_chosen_base_cond_on_not_in_top_ten": 0.18128654970760233, "mean_p_chosen_policy_cond_on_not_in_top_ten": 0.13972497282337673, "mean_p_chosen_base_cond_on_not_in_top_ten": 0.1471644329356114, "mean_kl_cond_on_not_in_top_ten": 0.03906413767577356, "mean_ent_pi_cond_on_not_in_top_ten": 1.896257110680753, "mean_ent_ref_cond_on_not_in_top_ten": 1.816271632386927, "top1_precision_cond_on_not_in_top_ten": 0.15789473684210525, "top1_recall_cond_on_not_in_top_ten": 0.15789473684210525, "top1_f1_cond_on_not_in_top_ten": 0.15789473684210525, "top3_precision_cond_on_not_in_top_ten": 0.4327485380116959, "top3_recall_cond_on_not_in_top_ten": 0.4327485380116959, "top3_f1_cond_on_not_in_top_ten": 0.4327485380116959, "top5_precision_cond_on_not_in_top_ten": 0.631578947368421, "top5_recall_cond_on_not_in_top_ten": 0.631578947368421, "top5_f1_cond_on_not_in_top_ten": 0.631578947368421, "top10_precision_cond_on_not_in_top_ten": 0.8596491228070176, "top10_recall_cond_on_not_in_top_ten": 0.8596491228070176, "top10_f1_cond_on_not_in_top_ten": 0.8596491228070176, "mean_logp_gap_policy_chosen_rejected_cond_on_in_top_ten": 2.0222229871299833, "mean_logp_gap_base_chosen_rejected_cond_on_in_top_ten": 1.797000683215131, "mean_gap_improvement_cond_on_in_top_ten": 0.22522230469022403, "top1_accuracy_on_chosen_policy_cond_on_in_top_ten": 0.4220869083863825, "top1_accuracy_on_chosen_base_cond_on_in_top_ten": 0.3938555217270966, "mean_p_chosen_policy_cond_on_in_top_ten": 0.32187253650570025, "mean_p_chosen_base_cond_on_in_top_ten": 0.29774326491344755, "mean_kl_cond_on_in_top_ten": 0.16451186467443776, "mean_ent_pi_cond_on_in_top_ten": 1.4847694955582669, "mean_ent_ref_cond_on_in_top_ten": 1.5055038699076773, "top1_precision_cond_on_in_top_ten": 0.4220869083863825, "top1_recall_cond_on_in_top_ten": 0.4220869083863825, "top1_f1_cond_on_in_top_ten": 0.42208690838638246, "top3_precision_cond_on_in_top_ten": 0.7456407417658456, "top3_recall_cond_on_in_top_ten": 0.7456407417658456, "top3_f1_cond_on_in_top_ten": 0.7456407417658456, "top5_precision_cond_on_in_top_ten": 0.8649321893163576, "top5_recall_cond_on_in_top_ten": 0.8649321893163576, "top5_f1_cond_on_in_top_ten": 0.8649321893163577, "top10_precision_cond_on_in_top_ten": 0.9651259341267645, "top10_recall_cond_on_in_top_ten": 0.9651259341267645, "top10_f1_cond_on_in_top_ten": 0.9651259341267645}