{"loss": 1.7941829981813975, "mean_logp_gap_policy_chosen_rejected": 1.8572162777878518, "mean_logp_gap_base_chosen_rejected": 1.7685355982619158, "mean_gap_improvement": 0.08868066137991294, "top1_accuracy_on_chosen_policy": 0.4114693446088795, "top1_accuracy_on_chosen_base": 0.3842494714587738, "mean_p_chosen_policy": 0.3060126637933622, "mean_p_chosen_base": 0.29093856589738715, "mean_kl": 0.1839844180038691, "mean_ent_pi": 1.5783873375576092, "mean_ent_ref": 1.5195475471448192, "top1_precision": 0.4114693446088795, "top1_recall": 0.4114693446088795, "top1_f1": 0.4114693446088795, "top3_precision": 0.7309725158562368, "top3_recall": 0.7309725158562368, "top3_f1": 0.7309725158562368, "top5_precision": 0.8525369978858351, "top5_recall": 0.8525369978858351, "top5_f1": 0.8525369978858351, "top10_precision": 0.9603594080338267, "top10_recall": 0.9603594080338267, "top10_f1": 0.9603594080338267, "mean_logp_gap_policy_chosen_rejected_cond_on_not_in_top_ten": 1.0522967346927576, "mean_logp_gap_base_chosen_rejected_cond_on_not_in_top_ten": 1.1671066935996564, "mean_gap_improvement_cond_on_not_in_top_ten": -0.11480995890689873, "top1_accuracy_on_chosen_policy_cond_on_not_in_top_ten": 0.1695906432748538, "top1_accuracy_on_chosen_base_cond_on_not_in_top_ten": 0.18128654970760233, "mean_p_chosen_policy_cond_on_not_in_top_ten": 0.13606855398818732, "mean_p_chosen_base_cond_on_not_in_top_ten": 0.1471644329356114, "mean_kl_cond_on_not_in_top_ten": 0.052639180885584294, "mean_ent_pi_cond_on_not_in_top_ten": 1.9847556682009446, "mean_ent_ref_cond_on_not_in_top_ten": 1.816271632386927, "top1_precision_cond_on_not_in_top_ten": 0.1695906432748538, "top1_recall_cond_on_not_in_top_ten": 0.1695906432748538, "top1_f1_cond_on_not_in_top_ten": 0.1695906432748538, "top3_precision_cond_on_not_in_top_ten": 0.4327485380116959, "top3_recall_cond_on_not_in_top_ten": 0.4327485380116959, "top3_f1_cond_on_not_in_top_ten": 0.4327485380116959, "top5_precision_cond_on_not_in_top_ten": 0.6432748538011696, "top5_recall_cond_on_not_in_top_ten": 0.6432748538011696, "top5_f1_cond_on_not_in_top_ten": 0.6432748538011696, "top10_precision_cond_on_not_in_top_ten": 0.8596491228070176, "top10_recall_cond_on_not_in_top_ten": 0.8596491228070176, "top10_f1_cond_on_not_in_top_ten": 0.8596491228070176, "mean_logp_gap_policy_chosen_rejected_cond_on_in_top_ten": 1.8953123692492189, "mean_logp_gap_base_chosen_rejected_cond_on_in_top_ten": 1.797000683215131, "mean_gap_improvement_cond_on_in_top_ten": 0.09831168708991318, "top1_accuracy_on_chosen_policy_cond_on_in_top_ten": 0.4229172432881262, "top1_accuracy_on_chosen_base_cond_on_in_top_ten": 0.3938555217270966, "mean_p_chosen_policy_cond_on_in_top_ten": 0.3140559635930744, "mean_p_chosen_base_cond_on_in_top_ten": 0.29774326491344755, "mean_kl_cond_on_in_top_ten": 0.19020086714281814, "mean_ent_pi_cond_on_in_top_ten": 1.5591542883602134, "mean_ent_ref_cond_on_in_top_ten": 1.5055038699076773, "top1_precision_cond_on_in_top_ten": 0.4229172432881262, "top1_recall_cond_on_in_top_ten": 0.4229172432881262, "top1_f1_cond_on_in_top_ten": 0.4229172432881262, "top3_precision_cond_on_in_top_ten": 0.7450871851646831, "top3_recall_cond_on_in_top_ten": 0.7450871851646831, "top3_f1_cond_on_in_top_ten": 0.7450871851646832, "top5_precision_cond_on_in_top_ten": 0.8624411846111265, "top5_recall_cond_on_in_top_ten": 0.8624411846111265, "top5_f1_cond_on_in_top_ten": 0.8624411846111264, "top10_precision_cond_on_in_top_ten": 0.9651259341267645, "top10_recall_cond_on_in_top_ten": 0.9651259341267645, "top10_f1_cond_on_in_top_ten": 0.9651259341267645}