loss,mean_logp_gap_policy_chosen_rejected,mean_logp_gap_base_chosen_rejected,mean_gap_improvement,top1_accuracy_on_chosen_policy,top1_accuracy_on_chosen_base,mean_p_chosen_policy,mean_p_chosen_base,mean_kl,mean_ent_pi,mean_ent_ref
1.8768448890137621,1.9233344206094238,1.7685355982619158,0.15479879544350864,0.40988372093023256,0.3842494714587738,0.31010892842335125,0.29093856589738715,0.1689058002753943,1.5351330583745784,1.5195475471448192
