{"loss": 1.967032434068321, "mean_logp_gap_policy_chosen_rejected": 1.7685355982619158, "mean_logp_gap_base_chosen_rejected": 1.7685355982619158, "mean_gap_improvement": 0.0, "top1_accuracy_on_chosen_policy": 0.3842494714587738, "top1_accuracy_on_chosen_base": 0.3842494714587738, "mean_p_chosen_policy": 0.29093856589738715, "mean_p_chosen_base": 0.29093856589738715, "mean_kl": 0.0, "mean_ent_pi": 1.5195475471448192, "mean_ent_ref": 1.5195475471448192, "top1_precision": 0.3842494714587738, "top1_recall": 0.3842494714587738, "top1_f1": 0.38424947145877386, "top3_precision": 0.7045454545454546, "top3_recall": 0.7045454545454546, "top3_f1": 0.7045454545454546, "top5_precision": 0.8292811839323467, "top5_recall": 0.8292811839323467, "top5_f1": 0.8292811839323467, "top10_precision": 0.946353065539112, "top10_recall": 0.946353065539112, "top10_f1": 0.946353065539112, "mean_logp_gap_policy_chosen_rejected_cond_on_not_in_top_ten": 1.1671066935996564, "mean_logp_gap_base_chosen_rejected_cond_on_not_in_top_ten": 1.1671066935996564, "mean_gap_improvement_cond_on_not_in_top_ten": 0.0, "top1_accuracy_on_chosen_policy_cond_on_not_in_top_ten": 0.18128654970760233, "top1_accuracy_on_chosen_base_cond_on_not_in_top_ten": 0.18128654970760233, "mean_p_chosen_policy_cond_on_not_in_top_ten": 0.1471644329356114, "mean_p_chosen_base_cond_on_not_in_top_ten": 0.1471644329356114, "mean_kl_cond_on_not_in_top_ten": 0.0, "mean_ent_pi_cond_on_not_in_top_ten": 1.816271632386927, "mean_ent_ref_cond_on_not_in_top_ten": 1.816271632386927, "top1_precision_cond_on_not_in_top_ten": 0.18128654970760233, "top1_recall_cond_on_not_in_top_ten": 0.18128654970760233, "top1_f1_cond_on_not_in_top_ten": 0.18128654970760233, "top3_precision_cond_on_not_in_top_ten": 0.47953216374269003, "top3_recall_cond_on_not_in_top_ten": 0.47953216374269003, "top3_f1_cond_on_not_in_top_ten": 0.47953216374269003, "top5_precision_cond_on_not_in_top_ten": 0.6666666666666666, "top5_recall_cond_on_not_in_top_ten": 0.6666666666666666, "top5_f1_cond_on_not_in_top_ten": 0.6666666666666666, "top10_precision_cond_on_not_in_top_ten": 0.8771929824561403, "top10_recall_cond_on_not_in_top_ten": 0.8771929824561403, "top10_f1_cond_on_not_in_top_ten": 0.8771929824561403, "mean_logp_gap_policy_chosen_rejected_cond_on_in_top_ten": 1.797000683215131, "mean_logp_gap_base_chosen_rejected_cond_on_in_top_ten": 1.797000683215131, "mean_gap_improvement_cond_on_in_top_ten": 0.0, "top1_accuracy_on_chosen_policy_cond_on_in_top_ten": 0.3938555217270966, "top1_accuracy_on_chosen_base_cond_on_in_top_ten": 0.3938555217270966, "mean_p_chosen_policy_cond_on_in_top_ten": 0.29774326491344755, "mean_p_chosen_base_cond_on_in_top_ten": 0.29774326491344755, "mean_kl_cond_on_in_top_ten": 0.0, "mean_ent_pi_cond_on_in_top_ten": 1.5055038699076773, "mean_ent_ref_cond_on_in_top_ten": 1.5055038699076773, "top1_precision_cond_on_in_top_ten": 0.3938555217270966, "top1_recall_cond_on_in_top_ten": 0.3938555217270966, "top1_f1_cond_on_in_top_ten": 0.3938555217270966, "top3_precision_cond_on_in_top_ten": 0.7151951287019098, "top3_recall_cond_on_in_top_ten": 0.7151951287019098, "top3_f1_cond_on_in_top_ten": 0.7151951287019098, "top5_precision_cond_on_in_top_ten": 0.836977580957653, "top5_recall_cond_on_in_top_ten": 0.836977580957653, "top5_f1_cond_on_in_top_ten": 0.8369775809576528, "top10_precision_cond_on_in_top_ten": 0.9496263492942153, "top10_recall_cond_on_in_top_ten": 0.9496263492942153, "top10_f1_cond_on_in_top_ten": 0.9496263492942154}