{"loss": 0.5962973473944069, "mean_logp_gap_policy_chosen_rejected": 7.2907344168386805, "mean_logp_gap_base_chosen_rejected": 1.7685355982619158, "mean_gap_improvement": 5.5221987781262545, "top1_accuracy_on_chosen_policy": 0.33192389006342493, "top1_accuracy_on_chosen_base": 0.3842494714587738, "mean_p_chosen_policy": 0.32518570260568097, "mean_p_chosen_base": 0.29093856589738715, "mean_kl": 1.0326342020679982, "mean_ent_pi": 0.3968127141795249, "mean_ent_ref": 1.5195475471448192, "top1_precision": 0.33192389006342493, "top1_recall": 0.33192389006342493, "top1_f1": 0.33192389006342493, "top3_precision": 0.6382135306553911, "top3_recall": 0.6382135306553911, "top3_f1": 0.6382135306553911, "top5_precision": 0.7809196617336153, "top5_recall": 0.7809196617336153, "top5_f1": 0.7809196617336153, "top10_precision": 0.9090909090909091, "top10_recall": 0.9090909090909091, "top10_f1": 0.9090909090909091, "mean_logp_gap_policy_chosen_rejected_cond_on_not_in_top_ten": 4.720152674711239, "mean_logp_gap_base_chosen_rejected_cond_on_not_in_top_ten": 1.1671066935996564, "mean_gap_improvement_cond_on_not_in_top_ten": 3.5530459643804537, "top1_accuracy_on_chosen_policy_cond_on_not_in_top_ten": 0.1871345029239766, "top1_accuracy_on_chosen_base_cond_on_not_in_top_ten": 0.18128654970760233, "mean_p_chosen_policy_cond_on_not_in_top_ten": 0.1750204548162604, "mean_p_chosen_base_cond_on_not_in_top_ten": 0.1471644329356114, "mean_kl_cond_on_not_in_top_ten": 0.9403118774055215, "mean_ent_pi_cond_on_not_in_top_ten": 0.4562009472582232, "mean_ent_ref_cond_on_not_in_top_ten": 1.816271632386927, "top1_precision_cond_on_not_in_top_ten": 0.1871345029239766, "top1_recall_cond_on_not_in_top_ten": 0.1871345029239766, "top1_f1_cond_on_not_in_top_ten": 0.1871345029239766, "top3_precision_cond_on_not_in_top_ten": 0.4619883040935672, "top3_recall_cond_on_not_in_top_ten": 0.4619883040935672, "top3_f1_cond_on_not_in_top_ten": 0.4619883040935673, "top5_precision_cond_on_not_in_top_ten": 0.5964912280701754, "top5_recall_cond_on_not_in_top_ten": 0.5964912280701754, "top5_f1_cond_on_not_in_top_ten": 0.5964912280701754, "top10_precision_cond_on_not_in_top_ten": 0.8070175438596491, "top10_recall_cond_on_not_in_top_ten": 0.8070175438596491, "top10_f1_cond_on_not_in_top_ten": 0.807017543859649, "mean_logp_gap_policy_chosen_rejected_cond_on_in_top_ten": 7.412397703280121, "mean_logp_gap_base_chosen_rejected_cond_on_in_top_ten": 1.797000683215131, "mean_gap_improvement_cond_on_in_top_ten": 5.615397021797203, "top1_accuracy_on_chosen_policy_cond_on_in_top_ten": 0.3387766399114309, "top1_accuracy_on_chosen_base_cond_on_in_top_ten": 0.3938555217270966, "mean_p_chosen_policy_cond_on_in_top_ten": 0.3322928861399574, "mean_p_chosen_base_cond_on_in_top_ten": 0.29774326491344755, "mean_kl_cond_on_in_top_ten": 1.0370037390351796, "mean_ent_pi_cond_on_in_top_ten": 0.39400191787977507, "mean_ent_ref_cond_on_in_top_ten": 1.5055038699076773, "top1_precision_cond_on_in_top_ten": 0.3387766399114309, "top1_recall_cond_on_in_top_ten": 0.3387766399114309, "top1_f1_cond_on_in_top_ten": 0.3387766399114309, "top3_precision_cond_on_in_top_ten": 0.6465541101577637, "top3_recall_cond_on_in_top_ten": 0.6465541101577637, "top3_f1_cond_on_in_top_ten": 0.6465541101577637, "top5_precision_cond_on_in_top_ten": 0.7896484915582618, "top5_recall_cond_on_in_top_ten": 0.7896484915582618, "top5_f1_cond_on_in_top_ten": 0.7896484915582618, "top10_precision_cond_on_in_top_ten": 0.9139219485192361, "top10_recall_cond_on_in_top_ten": 0.9139219485192361, "top10_f1_cond_on_in_top_ten": 0.9139219485192361}