{"loss": 0.5186656108618287, "mean_logp_gap_policy_chosen_rejected": 3.78540564112633, "mean_logp_gap_base_chosen_rejected": 1.7685355982619158, "mean_gap_improvement": 2.016870089174577, "top1_accuracy_on_chosen_policy": 0.3858350951374207, "top1_accuracy_on_chosen_base": 0.3842494714587738, "mean_p_chosen_policy": 0.35528562109263706, "mean_p_chosen_base": 0.29093856589738715, "mean_kl": 0.31276975606763086, "mean_ent_pi": 0.8491830417520148, "mean_ent_ref": 1.5195475471448192, "top1_precision": 0.3858350951374207, "top1_recall": 0.3858350951374207, "top1_f1": 0.3858350951374207, "top3_precision": 0.7135306553911205, "top3_recall": 0.7135306553911205, "top3_f1": 0.7135306553911205, "top5_precision": 0.8390591966173362, "top5_recall": 0.8390591966173362, "top5_f1": 0.8390591966173362, "top10_precision": 0.9489957716701902, "top10_recall": 0.9489957716701902, "top10_f1": 0.9489957716701901, "mean_logp_gap_policy_chosen_rejected_cond_on_not_in_top_ten": 2.3217466853515445, "mean_logp_gap_base_chosen_rejected_cond_on_not_in_top_ten": 1.1671066935996564, "mean_gap_improvement_cond_on_not_in_top_ten": 1.1546399952375401, "top1_accuracy_on_chosen_policy_cond_on_not_in_top_ten": 0.19298245614035087, "top1_accuracy_on_chosen_base_cond_on_not_in_top_ten": 0.18128654970760233, "mean_p_chosen_policy_cond_on_not_in_top_ten": 0.17025432261729942, "mean_p_chosen_base_cond_on_not_in_top_ten": 0.1471644329356114, "mean_kl_cond_on_not_in_top_ten": 0.24323905918376837, "mean_ent_pi_cond_on_not_in_top_ten": 1.063435988955483, "mean_ent_ref_cond_on_not_in_top_ten": 1.816271632386927, "top1_precision_cond_on_not_in_top_ten": 0.19298245614035087, "top1_recall_cond_on_not_in_top_ten": 0.19298245614035087, "top1_f1_cond_on_not_in_top_ten": 0.19298245614035084, "top3_precision_cond_on_not_in_top_ten": 0.49707602339181284, "top3_recall_cond_on_not_in_top_ten": 0.49707602339181284, "top3_f1_cond_on_not_in_top_ten": 0.4970760233918129, "top5_precision_cond_on_not_in_top_ten": 0.6549707602339181, "top5_recall_cond_on_not_in_top_ten": 0.6549707602339181, "top5_f1_cond_on_not_in_top_ten": 0.6549707602339181, "top10_precision_cond_on_not_in_top_ten": 0.847953216374269, "top10_recall_cond_on_not_in_top_ten": 0.847953216374269, "top10_f1_cond_on_not_in_top_ten": 0.847953216374269, "mean_logp_gap_policy_chosen_rejected_cond_on_in_top_ten": 3.854679306367412, "mean_logp_gap_base_chosen_rejected_cond_on_in_top_ten": 1.797000683215131, "mean_gap_improvement_cond_on_in_top_ten": 2.0576786219314824, "top1_accuracy_on_chosen_policy_cond_on_in_top_ten": 0.3949626349294215, "top1_accuracy_on_chosen_base_cond_on_in_top_ten": 0.3938555217270966, "mean_p_chosen_policy_cond_on_in_top_ten": 0.3640429812279788, "mean_p_chosen_base_cond_on_in_top_ten": 0.29774326491344755, "mean_kl_cond_on_in_top_ten": 0.3160605815526761, "mean_ent_pi_cond_on_in_top_ten": 0.8390426445821758, "mean_ent_ref_cond_on_in_top_ten": 1.5055038699076773, "top1_precision_cond_on_in_top_ten": 0.3949626349294215, "top1_recall_cond_on_in_top_ten": 0.3949626349294215, "top1_f1_cond_on_in_top_ten": 0.3949626349294215, "top3_precision_cond_on_in_top_ten": 0.7237752560199281, "top3_recall_cond_on_in_top_ten": 0.7237752560199281, "top3_f1_cond_on_in_top_ten": 0.7237752560199281, "top5_precision_cond_on_in_top_ten": 0.8477719346803211, "top5_recall_cond_on_in_top_ten": 0.8477719346803211, "top5_f1_cond_on_in_top_ten": 0.8477719346803211, "top10_precision_cond_on_in_top_ten": 0.9537780238029339, "top10_recall_cond_on_in_top_ten": 0.9537780238029339, "top10_f1_cond_on_in_top_ten": 0.9537780238029337}