{
  "dpo_loss": 1.878440588271643,
  "mean_logp_gap_policy_chosen_rejected": 1.927238211571288,
  "mean_logp_gap_base_chosen_rejected": 1.7685355982619158,
  "mean_gap_improvement": 0.15870261053706325,
  "top1_accuracy_on_chosen_policy": 0.41120507399577166,
  "top1_accuracy_on_chosen_base": 0.3842494714587738,
  "mean_p_chosen_policy": 0.30931310793562117,
  "mean_p_chosen_base": 0.29093856589738715,
  "mean_kl": 0.14699033350855048,
  "mean_ent_pi": 1.5392778181878508,
  "mean_ent_ref": 1.5195475471448192,
  "n_rows": 3784,
  "phase_summary": {
    "kl_pi_ref": {
      "opening": {
        "n": 933,
        "mean": 0.4840536252275748,
        "median": 0.06945676356554031,
        "p90": 2.2754876613616943,
        "p95": 2.9637856483459473,
        "p99": 3.0447676181793213
      },
      "middlegame": {
        "n": 1550,
        "mean": 0.04168199961530439,
        "median": 0.03260794095695019,
        "p90": 0.08425180613994598,
        "p95": 0.10854850709438324,
        "p99": 0.16325066983699799
      },
      "endgame": {
        "n": 1301,
        "mean": 0.03073196978043664,
        "median": 0.02288997545838356,
        "p90": 0.06638338416814804,
        "p95": 0.08716569095849991,
        "p99": 0.13725820183753967
      }
    },
    "logp_gap_pi": {
      "opening": {
        "n": 933,
        "mean": 3.00802552444503,
        "median": 2.803497552871704,
        "p90": 7.254497528076172,
        "p95": 8.21841812133789,
        "p99": 11.251408576965332
      },
      "middlegame": {
        "n": 1550,
        "mean": 1.609772275493991,
        "median": 1.4808273911476135,
        "p90": 4.941774368286133,
        "p95": 6.115867614746094,
        "p99": 8.002848625183105
      },
      "endgame": {
        "n": 1301,
        "mean": 1.5303878160186404,
        "median": 1.421255111694336,
        "p90": 4.706032752990723,
        "p95": 5.751956939697266,
        "p99": 8.123620986938477
      }
    },
    "p_chosen_pi": {
      "opening": {
        "n": 933,
        "mean": 0.4043353806160396,
        "median": 0.35270270705223083,
        "p90": 0.8702099323272705,
        "p95": 0.9162870645523071,
        "p99": 0.9749260544776917
      },
      "middlegame": {
        "n": 1550,
        "mean": 0.26742816160896776,
        "median": 0.18199512362480164,
        "p90": 0.6728211045265198,
        "p95": 0.7981166243553162,
        "p99": 0.9496989250183105
      },
      "endgame": {
        "n": 1301,
        "mean": 0.29107013356473355,
        "median": 0.21115532517433167,
        "p90": 0.7032549977302551,
        "p95": 0.805535078048706,
        "p99": 0.937507688999176
      }
    },
    "correct_top1": {
      "opening": {
        "n": 933,
        "mean": 0.5241157556270096,
        "median": 1.0,
        "p90": 1.0,
        "p95": 1.0,
        "p99": 1.0
      },
      "middlegame": {
        "n": 1550,
        "mean": 0.35935483870967744,
        "median": 0.0,
        "p90": 1.0,
        "p95": 1.0,
        "p99": 1.0
      },
      "endgame": {
        "n": 1301,
        "mean": 0.3920061491160646,
        "median": 0.0,
        "p90": 1.0,
        "p95": 1.0,
        "p99": 1.0
      }
    }
  },
  "bootstrap_ci_row": {
    "accuracy_top1": {
      "mean": 0.41120507399577166,
      "lo": 0.3974630021141649,
      "hi": 0.42441860465116277
    },
    "mean_logp_gap_pi": {
      "mean": 1.927238210878211,
      "lo": 1.8303094165238216,
      "hi": 2.005948975209706
    },
    "mean_p_chosen_pi": {
      "mean": 0.30931310897895964,
      "lo": 0.30154758915260377,
      "hi": 0.31802010710686845
    },
    "mrr": {
      "mean": 0.5976107448803953,
      "lo": 0.5863043226854022,
      "hi": 0.6088885744682501
    }
  },
  "bootstrap_ci_cluster_by_game_player_chosen": {
    "accuracy_top1": {
      "mean": 0.41120507399577166,
      "lo": 0.39381188118811883,
      "hi": 0.4280323450134771,
      "n_clusters": 100
    },
    "mean_logp_gap_pi": {
      "mean": 1.927238210878211,
      "lo": 1.8410216197390388,
      "hi": 2.024076077625072,
      "n_clusters": 100
    },
    "mean_p_chosen_pi": {
      "mean": 0.30931310897895964,
      "lo": 0.29714187792657926,
      "hi": 0.31996496645727235,
      "n_clusters": 100
    },
    "mrr": {
      "mean": 0.5976107448803953,
      "lo": 0.5850292403197691,
      "hi": 0.60853957305282,
      "n_clusters": 100
    }
  },
  "opening_family_counts_by_game_player_chosen": {
    "Indian Defense (1...Nf6)": 28,
    "Sicilian": 25,
    "French / e6": 16,
    "Open Game (1...e5)": 14,
    "Queen's Pawn (1...d5)": 9,
    "Other": 7,
    "Caro-Kann": 1
  },
  "notes": {
    "opening_family_is_coarse_heuristic_player_chosen": true,
    "precision_recall_f1_equals_accuracy_for_top1_hit": true
  }
}