loss,mean_logp_gap_policy_chosen_rejected,mean_logp_gap_base_chosen_rejected,mean_gap_improvement,top1_accuracy_on_chosen_policy,top1_accuracy_on_chosen_base,mean_p_chosen_policy,mean_p_chosen_base,mean_kl,mean_ent_pi,mean_ent_ref
1.950978534166203,1.9974825697267786,1.7685355982619158,0.22894697140185577,0.41094080338266387,0.3842494714587738,0.31433948486980373,0.29093856589738715,0.1721791803411525,1.4988853790291268,1.5195475471448192
