{"loss": 1.8742600187942795, "mean_logp_gap_policy_chosen_rejected": 1.9260465165021303, "mean_logp_gap_base_chosen_rejected": 1.7685355982619158, "mean_gap_improvement": 0.15751092454091692, "top1_accuracy_on_chosen_policy": 0.40882663847780126, "top1_accuracy_on_chosen_base": 0.3842494714587738, "mean_p_chosen_policy": 0.30951486256989563, "mean_p_chosen_base": 0.29093856589738715, "mean_kl": 0.16227672583803565, "mean_ent_pi": 1.5385164876820925, "mean_ent_ref": 1.5195475471448192, "top1_precision": 0.40882663847780126, "top1_recall": 0.40882663847780126, "top1_f1": 0.40882663847780126, "top3_precision": 0.729122621564482, "top3_recall": 0.729122621564482, "top3_f1": 0.729122621564482, "top5_precision": 0.8546511627906976, "top5_recall": 0.8546511627906976, "top5_f1": 0.8546511627906977, "top10_precision": 0.9616807610993657, "top10_recall": 0.9616807610993657, "top10_f1": 0.9616807610993657, "mean_logp_gap_policy_chosen_rejected_cond_on_not_in_top_ten": 1.0988639317757902, "mean_logp_gap_base_chosen_rejected_cond_on_not_in_top_ten": 1.1671066935996564, "mean_gap_improvement_cond_on_not_in_top_ten": -0.0682427618238661, "top1_accuracy_on_chosen_policy_cond_on_not_in_top_ten": 0.15789473684210525, "top1_accuracy_on_chosen_base_cond_on_not_in_top_ten": 0.18128654970760233, "mean_p_chosen_policy_cond_on_not_in_top_ten": 0.13783739159569247, "mean_p_chosen_base_cond_on_not_in_top_ten": 0.1471644329356114, "mean_kl_cond_on_not_in_top_ten": 0.046977253975237755, "mean_ent_pi_cond_on_not_in_top_ten": 1.9344222502053132, "mean_ent_ref_cond_on_not_in_top_ten": 1.816271632386927, "top1_precision_cond_on_not_in_top_ten": 0.15789473684210525, "top1_recall_cond_on_not_in_top_ten": 0.15789473684210525, "top1_f1_cond_on_not_in_top_ten": 0.15789473684210525, "top3_precision_cond_on_not_in_top_ten": 0.4269005847953216, "top3_recall_cond_on_not_in_top_ten": 0.4269005847953216, "top3_f1_cond_on_not_in_top_ten": 0.4269005847953216, "top5_precision_cond_on_not_in_top_ten": 0.6374269005847953, "top5_recall_cond_on_not_in_top_ten": 0.6374269005847953, "top5_f1_cond_on_not_in_top_ten": 0.6374269005847953, "top10_precision_cond_on_not_in_top_ten": 0.8713450292397661, "top10_recall_cond_on_not_in_top_ten": 0.8713450292397661, "top10_f1_cond_on_not_in_top_ten": 0.8713450292397661, "mean_logp_gap_policy_chosen_rejected_cond_on_in_top_ten": 1.96519632578523, "mean_logp_gap_base_chosen_rejected_cond_on_in_top_ten": 1.797000683215131, "mean_gap_improvement_cond_on_in_top_ten": 0.16819564362592457, "top1_accuracy_on_chosen_policy_cond_on_in_top_ten": 0.42070301688347633, "top1_accuracy_on_chosen_base_cond_on_in_top_ten": 0.3938555217270966, "mean_p_chosen_policy_cond_on_in_top_ten": 0.31764020109478763, "mean_p_chosen_base_cond_on_in_top_ten": 0.29774326491344755, "mean_kl_cond_on_in_top_ten": 0.16773374716879394, "mean_ent_pi_cond_on_in_top_ten": 1.5197786245868332, "mean_ent_ref_cond_on_in_top_ten": 1.5055038699076773, "top1_precision_cond_on_in_top_ten": 0.42070301688347633, "top1_recall_cond_on_in_top_ten": 0.42070301688347633, "top1_f1_cond_on_in_top_ten": 0.42070301688347633, "top3_precision_cond_on_in_top_ten": 0.7434265153611956, "top3_recall_cond_on_in_top_ten": 0.7434265153611956, "top3_f1_cond_on_in_top_ten": 0.7434265153611956, "top5_precision_cond_on_in_top_ten": 0.8649321893163576, "top5_recall_cond_on_in_top_ten": 0.8649321893163576, "top5_f1_cond_on_in_top_ten": 0.8649321893163577, "top10_precision_cond_on_in_top_ten": 0.9659562690285082, "top10_recall_cond_on_in_top_ten": 0.9659562690285082, "top10_f1_cond_on_in_top_ten": 0.9659562690285082}