{"loss": 1.948221671908905, "mean_logp_gap_policy_chosen_rejected": 1.975102940523095, "mean_logp_gap_base_chosen_rejected": 1.7685355982619158, "mean_gap_improvement": 0.20656733129795712, "top1_accuracy_on_chosen_policy": 0.40776955602536996, "top1_accuracy_on_chosen_base": 0.3842494714587738, "mean_p_chosen_policy": 0.312857217409394, "mean_p_chosen_base": 0.29093856589738715, "mean_kl": 0.15557380271071358, "mean_ent_pi": 1.511714534074005, "mean_ent_ref": 1.5195475471448192, "top1_precision": 0.40776955602536996, "top1_recall": 0.40776955602536996, "top1_f1": 0.4077695560253699, "top3_precision": 0.7296511627906976, "top3_recall": 0.7296511627906976, "top3_f1": 0.7296511627906976, "top5_precision": 0.8533298097251586, "top5_recall": 0.8533298097251586, "top5_f1": 0.8533298097251587, "top10_precision": 0.9606236786469344, "top10_recall": 0.9606236786469344, "top10_f1": 0.9606236786469344, "mean_logp_gap_policy_chosen_rejected_cond_on_not_in_top_ten": 1.1249058964656808, "mean_logp_gap_base_chosen_rejected_cond_on_not_in_top_ten": 1.1671066935996564, "mean_gap_improvement_cond_on_not_in_top_ten": -0.04220079713397556, "top1_accuracy_on_chosen_policy_cond_on_not_in_top_ten": 0.16374269005847952, "top1_accuracy_on_chosen_base_cond_on_not_in_top_ten": 0.18128654970760233, "mean_p_chosen_policy_cond_on_not_in_top_ten": 0.13930496948053625, "mean_p_chosen_base_cond_on_not_in_top_ten": 0.1471644329356114, "mean_kl_cond_on_not_in_top_ten": 0.0396705307505551, "mean_ent_pi_cond_on_not_in_top_ten": 1.9089086955053765, "mean_ent_ref_cond_on_not_in_top_ten": 1.816271632386927, "top1_precision_cond_on_not_in_top_ten": 0.16374269005847952, "top1_recall_cond_on_not_in_top_ten": 0.16374269005847952, "top1_f1_cond_on_not_in_top_ten": 0.16374269005847952, "top3_precision_cond_on_not_in_top_ten": 0.4327485380116959, "top3_recall_cond_on_not_in_top_ten": 0.4327485380116959, "top3_f1_cond_on_not_in_top_ten": 0.4327485380116959, "top5_precision_cond_on_not_in_top_ten": 0.631578947368421, "top5_recall_cond_on_not_in_top_ten": 0.631578947368421, "top5_f1_cond_on_not_in_top_ten": 0.631578947368421, "top10_precision_cond_on_not_in_top_ten": 0.8596491228070176, "top10_recall_cond_on_not_in_top_ten": 0.8596491228070176, "top10_f1_cond_on_not_in_top_ten": 0.8596491228070176, "mean_logp_gap_policy_chosen_rejected_cond_on_in_top_ten": 2.0153419814577007, "mean_logp_gap_base_chosen_rejected_cond_on_in_top_ten": 1.797000683215131, "mean_gap_improvement_cond_on_in_top_ten": 0.21834129929839494, "top1_accuracy_on_chosen_policy_cond_on_in_top_ten": 0.41931912538057015, "top1_accuracy_on_chosen_base_cond_on_in_top_ten": 0.3938555217270966, "mean_p_chosen_policy_cond_on_in_top_ten": 0.32107129006435864, "mean_p_chosen_base_cond_on_in_top_ten": 0.29774326491344755, "mean_kl_cond_on_in_top_ten": 0.16105939838206926, "mean_ent_pi_cond_on_in_top_ten": 1.4929157188659703, "mean_ent_ref_cond_on_in_top_ten": 1.5055038699076773, "top1_precision_cond_on_in_top_ten": 0.41931912538057015, "top1_recall_cond_on_in_top_ten": 0.41931912538057015, "top1_f1_cond_on_in_top_ten": 0.41931912538057015, "top3_precision_cond_on_in_top_ten": 0.7437032936617769, "top3_recall_cond_on_in_top_ten": 0.7437032936617769, "top3_f1_cond_on_in_top_ten": 0.7437032936617769, "top5_precision_cond_on_in_top_ten": 0.8638250761140327, "top5_recall_cond_on_in_top_ten": 0.8638250761140327, "top5_f1_cond_on_in_top_ten": 0.8638250761140328, "top10_precision_cond_on_in_top_ten": 0.9654027124273457, "top10_recall_cond_on_in_top_ten": 0.9654027124273457, "top10_f1_cond_on_in_top_ten": 0.9654027124273457}