{"loss": 1.950978534166203, "mean_logp_gap_policy_chosen_rejected": 1.9974825697267786, "mean_logp_gap_base_chosen_rejected": 1.7685355982619158, "mean_gap_improvement": 0.22894697140185577, "top1_accuracy_on_chosen_policy": 0.41094080338266387, "top1_accuracy_on_chosen_base": 0.3842494714587738, "mean_p_chosen_policy": 0.31433948486980373, "mean_p_chosen_base": 0.29093856589738715, "mean_kl": 0.1721791803411525, "mean_ent_pi": 1.4988853790291268, "mean_ent_ref": 1.5195475471448192, "top1_precision": 0.41094080338266387, "top1_recall": 0.41094080338266387, "top1_f1": 0.41094080338266387, "top3_precision": 0.732293868921776, "top3_recall": 0.732293868921776, "top3_f1": 0.7322938689217758, "top5_precision": 0.8528012684989429, "top5_recall": 0.8528012684989429, "top5_f1": 0.8528012684989428, "top10_precision": 0.9616807610993657, "top10_recall": 0.9616807610993657, "top10_f1": 0.9616807610993657, "mean_logp_gap_policy_chosen_rejected_cond_on_not_in_top_ten": 1.1332993486471343, "mean_logp_gap_base_chosen_rejected_cond_on_not_in_top_ten": 1.1671066935996564, "mean_gap_improvement_cond_on_not_in_top_ten": -0.03380734495252197, "top1_accuracy_on_chosen_policy_cond_on_not_in_top_ten": 0.16374269005847952, "top1_accuracy_on_chosen_base_cond_on_not_in_top_ten": 0.18128654970760233, "mean_p_chosen_policy_cond_on_not_in_top_ten": 0.1400937594786356, "mean_p_chosen_base_cond_on_not_in_top_ten": 0.1471644329356114, "mean_kl_cond_on_not_in_top_ten": 0.04377727563477976, "mean_ent_pi_cond_on_not_in_top_ten": 1.8961371426519595, "mean_ent_ref_cond_on_not_in_top_ten": 1.816271632386927, "top1_precision_cond_on_not_in_top_ten": 0.16374269005847952, "top1_recall_cond_on_not_in_top_ten": 0.16374269005847952, "top1_f1_cond_on_not_in_top_ten": 0.16374269005847952, "top3_precision_cond_on_not_in_top_ten": 0.43859649122807015, "top3_recall_cond_on_not_in_top_ten": 0.43859649122807015, "top3_f1_cond_on_not_in_top_ten": 0.43859649122807015, "top5_precision_cond_on_not_in_top_ten": 0.6432748538011696, "top5_recall_cond_on_not_in_top_ten": 0.6432748538011696, "top5_f1_cond_on_not_in_top_ten": 0.6432748538011696, "top10_precision_cond_on_not_in_top_ten": 0.8713450292397661, "top10_recall_cond_on_not_in_top_ten": 0.8713450292397661, "top10_f1_cond_on_not_in_top_ten": 0.8713450292397661, "mean_logp_gap_policy_chosen_rejected_cond_on_in_top_ten": 2.0383835770468153, "mean_logp_gap_base_chosen_rejected_cond_on_in_top_ten": 1.797000683215131, "mean_gap_improvement_cond_on_in_top_ten": 0.24138289434309979, "top1_accuracy_on_chosen_policy_cond_on_in_top_ten": 0.422640464987545, "top1_accuracy_on_chosen_base_cond_on_in_top_ten": 0.3938555217270966, "mean_p_chosen_policy_cond_on_in_top_ten": 0.3225863775119124, "mean_p_chosen_base_cond_on_in_top_ten": 0.29774326491344755, "mean_kl_cond_on_in_top_ten": 0.17825632525717047, "mean_ent_pi_cond_on_in_top_ten": 1.4800838138026575, "mean_ent_ref_cond_on_in_top_ten": 1.5055038699076773, "top1_precision_cond_on_in_top_ten": 0.422640464987545, "top1_recall_cond_on_in_top_ten": 0.422640464987545, "top1_f1_cond_on_in_top_ten": 0.42264046498754504, "top3_precision_cond_on_in_top_ten": 0.746194298367008, "top3_recall_cond_on_in_top_ten": 0.746194298367008, "top3_f1_cond_on_in_top_ten": 0.746194298367008, "top5_precision_cond_on_in_top_ten": 0.8627179629117078, "top5_recall_cond_on_in_top_ten": 0.8627179629117078, "top5_f1_cond_on_in_top_ten": 0.8627179629117078, "top10_precision_cond_on_in_top_ten": 0.9659562690285082, "top10_recall_cond_on_in_top_ten": 0.9659562690285082, "top10_f1_cond_on_in_top_ten": 0.9659562690285082}