{"loss": 1.8751720066554451, "mean_logp_gap_policy_chosen_rejected": 1.9224202579978154, "mean_logp_gap_base_chosen_rejected": 1.7685355982619158, "mean_gap_improvement": 0.15388467347143064, "top1_accuracy_on_chosen_policy": 0.4117336152219873, "top1_accuracy_on_chosen_base": 0.3842494714587738, "mean_p_chosen_policy": 0.30995335072341984, "mean_p_chosen_base": 0.29093856589738715, "mean_kl": 0.1647335764879152, "mean_ent_pi": 1.5383973484563525, "mean_ent_ref": 1.5195475471448192, "top1_precision": 0.4117336152219873, "top1_recall": 0.4117336152219873, "top1_f1": 0.41173361522198726, "top3_precision": 0.732293868921776, "top3_recall": 0.732293868921776, "top3_f1": 0.7322938689217758, "top5_precision": 0.8528012684989429, "top5_recall": 0.8528012684989429, "top5_f1": 0.8528012684989428, "top10_precision": 0.9608879492600423, "top10_recall": 0.9608879492600423, "top10_f1": 0.9608879492600423, "mean_logp_gap_policy_chosen_rejected_cond_on_not_in_top_ten": 1.0946365887658638, "mean_logp_gap_base_chosen_rejected_cond_on_not_in_top_ten": 1.1671066935996564, "mean_gap_improvement_cond_on_not_in_top_ten": -0.07247010483379253, "top1_accuracy_on_chosen_policy_cond_on_not_in_top_ten": 0.16374269005847952, "top1_accuracy_on_chosen_base_cond_on_not_in_top_ten": 0.18128654970760233, "mean_p_chosen_policy_cond_on_not_in_top_ten": 0.1379762027060003, "mean_p_chosen_base_cond_on_not_in_top_ten": 0.1471644329356114, "mean_kl_cond_on_not_in_top_ten": 0.04386540609874833, "mean_ent_pi_cond_on_not_in_top_ten": 1.9362221033426754, "mean_ent_ref_cond_on_not_in_top_ten": 1.816271632386927, "top1_precision_cond_on_not_in_top_ten": 0.16374269005847952, "top1_recall_cond_on_not_in_top_ten": 0.16374269005847952, "top1_f1_cond_on_not_in_top_ten": 0.16374269005847952, "top3_precision_cond_on_not_in_top_ten": 0.4327485380116959, "top3_recall_cond_on_not_in_top_ten": 0.4327485380116959, "top3_f1_cond_on_not_in_top_ten": 0.4327485380116959, "top5_precision_cond_on_not_in_top_ten": 0.631578947368421, "top5_recall_cond_on_not_in_top_ten": 0.631578947368421, "top5_f1_cond_on_not_in_top_ten": 0.631578947368421, "top10_precision_cond_on_not_in_top_ten": 0.8596491228070176, "top10_recall_cond_on_not_in_top_ten": 0.8596491228070176, "top10_f1_cond_on_not_in_top_ten": 0.8596491228070176, "mean_logp_gap_policy_chosen_rejected_cond_on_in_top_ten": 1.9615985190987157, "mean_logp_gap_base_chosen_rejected_cond_on_in_top_ten": 1.797000683215131, "mean_gap_improvement_cond_on_in_top_ten": 0.16459783649398388, "top1_accuracy_on_chosen_policy_cond_on_in_top_ten": 0.4234707998892887, "top1_accuracy_on_chosen_base_cond_on_in_top_ten": 0.3938555217270966, "mean_p_chosen_policy_cond_on_in_top_ten": 0.3180928729020499, "mean_p_chosen_base_cond_on_in_top_ten": 0.29774326491344755, "mean_kl_cond_on_in_top_ten": 0.17045415527209085, "mean_ent_pi_cond_on_in_top_ten": 1.5195686705900244, "mean_ent_ref_cond_on_in_top_ten": 1.5055038699076773, "top1_precision_cond_on_in_top_ten": 0.4234707998892887, "top1_recall_cond_on_in_top_ten": 0.4234707998892887, "top1_f1_cond_on_in_top_ten": 0.42347079988928865, "top3_precision_cond_on_in_top_ten": 0.7464710766675893, "top3_recall_cond_on_in_top_ten": 0.7464710766675893, "top3_f1_cond_on_in_top_ten": 0.7464710766675893, "top5_precision_cond_on_in_top_ten": 0.8632715195128702, "top5_recall_cond_on_in_top_ten": 0.8632715195128702, "top5_f1_cond_on_in_top_ten": 0.8632715195128702, "top10_precision_cond_on_in_top_ten": 0.9656794907279269, "top10_recall_cond_on_in_top_ten": 0.9656794907279269, "top10_f1_cond_on_in_top_ten": 0.9656794907279269}