loss,mean_logp_gap_policy_chosen_rejected,mean_logp_gap_base_chosen_rejected,mean_gap_improvement,top1_accuracy_on_chosen_policy,top1_accuracy_on_chosen_base,mean_p_chosen_policy,mean_p_chosen_base,mean_kl,mean_ent_pi,mean_ent_ref
1.9470549340479975,1.9879314801153622,1.7685355982619158,0.21939588415320277,0.4104122621564482,0.3842494714587738,0.3136589951167399,0.29093856589738715,0.16772341869188664,1.5062366308167923,1.5195475471448192
