{"loss": 1.9495349928390149, "mean_logp_gap_policy_chosen_rejected": 1.9714157813195194, "mean_logp_gap_base_chosen_rejected": 1.7685355982619158, "mean_gap_improvement": 0.20288018252204387, "top1_accuracy_on_chosen_policy": 0.4082980972515856, "top1_accuracy_on_chosen_base": 0.3842494714587738, "mean_p_chosen_policy": 0.31286562516119715, "mean_p_chosen_base": 0.29093856589738715, "mean_kl": 0.15225924356952783, "mean_ent_pi": 1.5052069402900357, "mean_ent_ref": 1.5195475471448192, "top1_precision": 0.4082980972515856, "top1_recall": 0.4082980972515856, "top1_f1": 0.4082980972515856, "top3_precision": 0.729122621564482, "top3_recall": 0.729122621564482, "top3_f1": 0.729122621564482, "top5_precision": 0.8533298097251586, "top5_recall": 0.8533298097251586, "top5_f1": 0.8533298097251587, "top10_precision": 0.9616807610993657, "top10_recall": 0.9616807610993657, "top10_f1": 0.9616807610993657, "mean_logp_gap_policy_chosen_rejected_cond_on_not_in_top_ten": 1.1303917730760853, "mean_logp_gap_base_chosen_rejected_cond_on_not_in_top_ten": 1.1671066935996564, "mean_gap_improvement_cond_on_not_in_top_ten": -0.03671492052357099, "top1_accuracy_on_chosen_policy_cond_on_not_in_top_ten": 0.15789473684210525, "top1_accuracy_on_chosen_base_cond_on_not_in_top_ten": 0.18128654970760233, "mean_p_chosen_policy_cond_on_not_in_top_ten": 0.13929681450188805, "mean_p_chosen_base_cond_on_not_in_top_ten": 0.1471644329356114, "mean_kl_cond_on_not_in_top_ten": 0.040788951116118424, "mean_ent_pi_cond_on_not_in_top_ten": 1.8946532357854453, "mean_ent_ref_cond_on_not_in_top_ten": 1.816271632386927, "top1_precision_cond_on_not_in_top_ten": 0.15789473684210525, "top1_recall_cond_on_not_in_top_ten": 0.15789473684210525, "top1_f1_cond_on_not_in_top_ten": 0.15789473684210525, "top3_precision_cond_on_not_in_top_ten": 0.42105263157894735, "top3_recall_cond_on_not_in_top_ten": 0.42105263157894735, "top3_f1_cond_on_not_in_top_ten": 0.42105263157894735, "top5_precision_cond_on_not_in_top_ten": 0.6257309941520468, "top5_recall_cond_on_not_in_top_ten": 0.6257309941520468, "top5_f1_cond_on_not_in_top_ten": 0.6257309941520468, "top10_precision_cond_on_not_in_top_ten": 0.8654970760233918, "top10_recall_cond_on_not_in_top_ten": 0.8654970760233918, "top10_f1_cond_on_not_in_top_ten": 0.8654970760233918, "mean_logp_gap_policy_chosen_rejected_cond_on_in_top_ten": 2.0112206833764454, "mean_logp_gap_base_chosen_rejected_cond_on_in_top_ten": 1.797000683215131, "mean_gap_improvement_cond_on_in_top_ten": 0.21422000120064244, "top1_accuracy_on_chosen_policy_cond_on_in_top_ten": 0.42014946028231387, "top1_accuracy_on_chosen_base_cond_on_in_top_ten": 0.3938555217270966, "mean_p_chosen_policy_cond_on_in_top_ten": 0.32108047981663485, "mean_p_chosen_base_cond_on_in_top_ten": 0.29774326491344755, "mean_kl_cond_on_in_top_ten": 0.15753503045836792, "mean_ent_pi_cond_on_in_top_ten": 1.4867747890972551, "mean_ent_ref_cond_on_in_top_ten": 1.5055038699076773, "top1_precision_cond_on_in_top_ten": 0.42014946028231387, "top1_recall_cond_on_in_top_ten": 0.42014946028231387, "top1_f1_cond_on_in_top_ten": 0.42014946028231387, "top3_precision_cond_on_in_top_ten": 0.7437032936617769, "top3_recall_cond_on_in_top_ten": 0.7437032936617769, "top3_f1_cond_on_in_top_ten": 0.7437032936617769, "top5_precision_cond_on_in_top_ten": 0.8641018544146138, "top5_recall_cond_on_in_top_ten": 0.8641018544146138, "top5_f1_cond_on_in_top_ten": 0.8641018544146138, "top10_precision_cond_on_in_top_ten": 0.9662330473290894, "top10_recall_cond_on_in_top_ten": 0.9662330473290894, "top10_f1_cond_on_in_top_ten": 0.9662330473290893}