{
  "dpo_loss": 0.6924593423436106,
  "mean_logp_gap_policy_chosen_rejected": 1.825158173891757,
  "mean_logp_gap_base_chosen_rejected": 1.7685355982619158,
  "mean_gap_improvement": 0.05662258107994878,
  "top1_accuracy_on_chosen_policy": 0.38874207188160675,
  "top1_accuracy_on_chosen_base": 0.3842494714587738,
  "mean_p_chosen_policy": 0.29131707215157926,
  "mean_p_chosen_base": 0.29093856589738715,
  "mean_kl": 0.16888623117187687,
  "n_rows": 3784,
  "phase_summary": {
    "kl_pi_ref": {
      "opening": {
        "n": 933,
        "mean": 0.6413579881246466,
        "median": 0.01980825886130333,
        "p90": 3.699709892272949,
        "p95": 4.939615726470947,
        "p99": 6.676033020019531
      },
      "middlegame": {
        "n": 1550,
        "mean": 0.013752780110226013,
        "median": 0.010854768101125956,
        "p90": 0.025822803378105164,
        "p95": 0.03379220888018608,
        "p99": 0.053038589656353
      },
      "endgame": {
        "n": 1301,
        "mean": 0.014882158009220147,
        "median": 0.011357716284692287,
        "p90": 0.02965451218187809,
        "p95": 0.03991061449050903,
        "p99": 0.06389304995536804
      }
    },
    "logp_gap_pi": {
      "opening": {
        "n": 933,
        "mean": 2.6793969398781674,
        "median": 2.475757598876953,
        "p90": 6.533830642700195,
        "p95": 7.699116230010986,
        "p99": 11.30278491973877
      },
      "middlegame": {
        "n": 1550,
        "mean": 1.5624335020396016,
        "median": 1.4841570854187012,
        "p90": 4.88653564453125,
        "p95": 6.040539741516113,
        "p99": 7.802667617797852
      },
      "endgame": {
        "n": 1301,
        "mean": 1.5255567140527913,
        "median": 1.456130027770996,
        "p90": 4.637857437133789,
        "p95": 5.726243495941162,
        "p99": 8.264913558959961
      }
    },
    "p_chosen_pi": {
      "opening": {
        "n": 933,
        "mean": 0.34129278670499913,
        "median": 0.24761821329593658,
        "p90": 0.8220539093017578,
        "p95": 0.925934374332428,
        "p99": 0.9795796871185303
      },
      "middlegame": {
        "n": 1550,
        "mean": 0.2619409940790783,
        "median": 0.17269454896450043,
        "p90": 0.6504140496253967,
        "p95": 0.7872037291526794,
        "p99": 0.9495948553085327
      },
      "endgame": {
        "n": 1301,
        "mean": 0.2904758515972352,
        "median": 0.20852530002593994,
        "p90": 0.7096372246742249,
        "p95": 0.8000475168228149,
        "p99": 0.9539162516593933
      }
    },
    "correct_top1": {
      "opening": {
        "n": 933,
        "mean": 0.43729903536977494,
        "median": 0.0,
        "p90": 1.0,
        "p95": 1.0,
        "p99": 1.0
      },
      "middlegame": {
        "n": 1550,
        "mean": 0.3529032258064516,
        "median": 0.0,
        "p90": 1.0,
        "p95": 1.0,
        "p99": 1.0
      },
      "endgame": {
        "n": 1301,
        "mean": 0.39661798616448884,
        "median": 0.0,
        "p90": 1.0,
        "p95": 1.0,
        "p99": 1.0
      }
    }
  },
  "bootstrap_ci_row": {
    "accuracy_top1": {
      "mean": 0.38874207188160675,
      "lo": 0.3726215644820296,
      "hi": 0.4022198731501057
    },
    "mean_logp_gap_pi": {
      "mean": 1.8251581813029583,
      "lo": 1.7223669755613198,
      "hi": 1.8935726171725649
    },
    "mean_p_chosen_pi": {
      "mean": 0.2913170702289478,
      "lo": 0.2829249745427487,
      "hi": 0.29940303319447537
    },
    "mrr": {
      "mean": 0.5806829944583476,
      "lo": 0.5701548972720324,
      "hi": 0.5908706958836278
    }
  },
  "bootstrap_ci_cluster_by_game": {
    "accuracy_top1": {
      "mean": 0.38874207188160675,
      "lo": 0.3731963805331377,
      "hi": 0.4021236046828206,
      "n_clusters": 100
    },
    "mean_logp_gap_pi": {
      "mean": 1.8251581813029583,
      "lo": 1.7319236615324531,
      "hi": 1.9117800381247212,
      "n_clusters": 100
    },
    "mean_p_chosen_pi": {
      "mean": 0.2913170702289478,
      "lo": 0.28135569895668583,
      "hi": 0.30133881293913367,
      "n_clusters": 100
    },
    "mrr": {
      "mean": 0.5806829944583476,
      "lo": 0.5690748535313109,
      "hi": 0.5916434098467963,
      "n_clusters": 100
    }
  },
  "opening_family_counts_by_game": {
    "Indian Defense (1...Nf6)": 28,
    "Sicilian": 25,
    "French / e6": 16,
    "Open Game (1...e5)": 14,
    "Queen's Pawn (1...d5)": 9,
    "Other": 7,
    "Caro-Kann": 1
  },
  "notes": {
    "opening_family_is_coarse_heuristic": true,
    "precision_recall_f1_equals_accuracy_for_top1_hit": true
  }
}