{"dpo_loss": 0.6083718548365425, "mean_logp_gap_policy_chosen_rejected": 4.561482035836508, "mean_logp_gap_base_chosen_rejected": 1.7685355982619158, "mean_gap_improvement": 2.7929464506800534, "top1_accuracy_on_chosen_policy": 0.3583509513742072, "top1_accuracy_on_chosen_base": 0.3842494714587738, "mean_p_chosen_policy": 0.3317864610957293, "mean_p_chosen_base": 0.29093856589738715, "mean_kl": 0.5846146316155318}