{"loss": 1.8739102819253224, "mean_logp_gap_policy_chosen_rejected": 1.9195505403313022, "mean_logp_gap_base_chosen_rejected": 1.7685355982619158, "mean_gap_improvement": 0.15101495301685677, "top1_accuracy_on_chosen_policy": 0.4072410147991543, "top1_accuracy_on_chosen_base": 0.3842494714587738, "mean_p_chosen_policy": 0.30969020081624926, "mean_p_chosen_base": 0.29093856589738715, "mean_kl": 0.16603549825023647, "mean_ent_pi": 1.5403788573646142, "mean_ent_ref": 1.5195475471448192, "top1_precision": 0.4072410147991543, "top1_recall": 0.4072410147991543, "top1_f1": 0.4072410147991543, "top3_precision": 0.732293868921776, "top3_recall": 0.732293868921776, "top3_f1": 0.7322938689217758, "top5_precision": 0.8533298097251586, "top5_recall": 0.8533298097251586, "top5_f1": 0.8533298097251587, "top10_precision": 0.9616807610993657, "top10_recall": 0.9616807610993657, "top10_f1": 0.9616807610993657, "mean_logp_gap_policy_chosen_rejected_cond_on_not_in_top_ten": 1.0871080867728296, "mean_logp_gap_base_chosen_rejected_cond_on_not_in_top_ten": 1.1671066935996564, "mean_gap_improvement_cond_on_not_in_top_ten": -0.07999860682682684, "top1_accuracy_on_chosen_policy_cond_on_not_in_top_ten": 0.16374269005847952, "top1_accuracy_on_chosen_base_cond_on_not_in_top_ten": 0.18128654970760233, "mean_p_chosen_policy_cond_on_not_in_top_ten": 0.1374341796466479, "mean_p_chosen_base_cond_on_not_in_top_ten": 0.1471644329356114, "mean_kl_cond_on_not_in_top_ten": 0.04790678572410729, "mean_ent_pi_cond_on_not_in_top_ten": 1.9443268705355494, "mean_ent_ref_cond_on_not_in_top_ten": 1.816271632386927, "top1_precision_cond_on_not_in_top_ten": 0.16374269005847952, "top1_recall_cond_on_not_in_top_ten": 0.16374269005847952, "top1_f1_cond_on_not_in_top_ten": 0.16374269005847952, "top3_precision_cond_on_not_in_top_ten": 0.4327485380116959, "top3_recall_cond_on_not_in_top_ten": 0.4327485380116959, "top3_f1_cond_on_not_in_top_ten": 0.4327485380116959, "top5_precision_cond_on_not_in_top_ten": 0.6374269005847953, "top5_recall_cond_on_not_in_top_ten": 0.6374269005847953, "top5_f1_cond_on_not_in_top_ten": 0.6374269005847953, "top10_precision_cond_on_not_in_top_ten": 0.8654970760233918, "top10_recall_cond_on_not_in_top_ten": 0.8654970760233918, "top10_f1_cond_on_not_in_top_ten": 0.8654970760233918, "mean_logp_gap_policy_chosen_rejected_cond_on_in_top_ten": 1.9589492960663142, "mean_logp_gap_base_chosen_rejected_cond_on_in_top_ten": 1.797000683215131, "mean_gap_improvement_cond_on_in_top_ten": 0.16194861390700868, "top1_accuracy_on_chosen_policy_cond_on_in_top_ten": 0.4187655687794077, "top1_accuracy_on_chosen_base_cond_on_in_top_ten": 0.3938555217270966, "mean_p_chosen_policy_cond_on_in_top_ten": 0.3178429236443237, "mean_p_chosen_base_cond_on_in_top_ten": 0.29774326491344755, "mean_kl_cond_on_in_top_ten": 0.17162642421788624, "mean_ent_pi_cond_on_in_top_ten": 1.5212603706846912, "mean_ent_ref_cond_on_in_top_ten": 1.5055038699076773, "top1_precision_cond_on_in_top_ten": 0.4187655687794077, "top1_recall_cond_on_in_top_ten": 0.4187655687794077, "top1_f1_cond_on_in_top_ten": 0.4187655687794077, "top3_precision_cond_on_in_top_ten": 0.7464710766675893, "top3_recall_cond_on_in_top_ten": 0.7464710766675893, "top3_f1_cond_on_in_top_ten": 0.7464710766675893, "top5_precision_cond_on_in_top_ten": 0.8635482978134514, "top5_recall_cond_on_in_top_ten": 0.8635482978134514, "top5_f1_cond_on_in_top_ten": 0.8635482978134515, "top10_precision_cond_on_in_top_ten": 0.9662330473290894, "top10_recall_cond_on_in_top_ten": 0.9662330473290894, "top10_f1_cond_on_in_top_ten": 0.9662330473290893}