{"dpo_loss": 0.6924593423436106, "mean_logp_gap_policy_chosen_rejected": 1.825158173891757, "mean_logp_gap_base_chosen_rejected": 1.7685355982619158, "mean_gap_improvement": 0.05662258107994878, "top1_accuracy_on_chosen_policy": 0.38874207188160675, "top1_accuracy_on_chosen_base": 0.3842494714587738, "mean_p_chosen_policy": 0.29131707215157926, "mean_p_chosen_base": 0.29093856589738715, "mean_kl": 0.16888623117187687}