loss,mean_logp_gap_policy_chosen_rejected,mean_logp_gap_base_chosen_rejected,mean_gap_improvement,top1_accuracy_on_chosen_policy,top1_accuracy_on_chosen_base,mean_p_chosen_policy,mean_p_chosen_base,mean_kl,mean_ent_pi,mean_ent_ref
1.948221671908905,1.975102940523095,1.7685355982619158,0.20656733129795712,0.40776955602536996,0.3842494714587738,0.312857217409394,0.29093856589738715,0.15557380271071358,1.511714534074005,1.5195475471448192
