{
  "loss": 0.5308363353223176,
  "mean_logp_gap_policy_chosen_rejected": 2.8243795938270035,
  "mean_logp_gap_base_chosen_rejected": 1.7685355982619158,
  "mean_gap_improvement": 1.055844000526891,
  "top1_accuracy_on_chosen_policy": 0.3855708245243129,
  "top1_accuracy_on_chosen_base": 0.3842494714587738,
  "mean_p_chosen_policy": 0.33588643649289773,
  "mean_p_chosen_base": 0.29093856589738715,
  "mean_kl": 0.12865184702719493,
  "mean_ent_pi": 1.0567934709673956,
  "mean_ent_ref": 1.5195475471448192,
  "n_rows": 3784,
  "phase_summary": {
    "kl_pi_ref": {
      "opening": {
        "n": 933,
        "mean": 0.24332486324215413,
        "median": 0.14186465740203857,
        "p90": 0.5297713279724121,
        "p95": 0.928196132183075,
        "p99": 1.3997067213058472
      },
      "middlegame": {
        "n": 1550,
        "mean": 0.09243787905543051,
        "median": 0.08152911067008972,
        "p90": 0.1674254834651947,
        "p95": 0.1998838186264038,
        "p99": 0.2787306308746338
      },
      "endgame": {
        "n": 1301,
        "mean": 0.08956016912990336,
        "median": 0.07633652538061142,
        "p90": 0.1635693907737732,
        "p95": 0.20462863147258759,
        "p99": 0.2847821116447449
      }
    },
    "logp_gap_pi": {
      "opening": {
        "n": 933,
        "mean": 4.056999999163363,
        "median": 3.9597558975219727,
        "p90": 10.024259567260742,
        "p95": 12.211156845092773,
        "p99": 15.262639999389648
      },
      "middlegame": {
        "n": 1550,
        "mean": 2.421811266560708,
        "median": 2.2425994873046875,
        "p90": 7.560644626617432,
        "p95": 9.237459182739258,
        "p99": 12.454268455505371
      },
      "endgame": {
        "n": 1301,
        "mean": 2.420033805146756,
        "median": 2.1689672470092773,
        "p90": 7.466488838195801,
        "p95": 9.217994689941406,
        "p99": 12.920915603637695
      }
    },
    "p_chosen_pi": {
      "opening": {
        "n": 933,
        "mean": 0.3956456356517693,
        "median": 0.26358649134635925,
        "p90": 0.9710679054260254,
        "p95": 0.9852235317230225,
        "p99": 0.9984558820724487
      },
      "middlegame": {
        "n": 1550,
        "mean": 0.3044801907692607,
        "median": 0.16937219351530075,
        "p90": 0.845480740070343,
        "p95": 0.9377368092536926,
        "p99": 0.9922434687614441
      },
      "endgame": {
        "n": 1301,
        "mean": 0.330447814532461,
        "median": 0.19765789806842804,
        "p90": 0.8777994513511658,
        "p95": 0.9557886123657227,
        "p99": 0.9947245717048645
      }
    },
    "correct_top1": {
      "opening": {
        "n": 933,
        "mean": 0.44480171489817794,
        "median": 0.0,
        "p90": 1.0,
        "p95": 1.0,
        "p99": 1.0
      },
      "middlegame": {
        "n": 1550,
        "mean": 0.34774193548387095,
        "median": 0.0,
        "p90": 1.0,
        "p95": 1.0,
        "p99": 1.0
      },
      "endgame": {
        "n": 1301,
        "mean": 0.388162951575711,
        "median": 0.0,
        "p90": 1.0,
        "p95": 1.0,
        "p99": 1.0
      }
    }
  },
  "bootstrap_ci_row": {
    "accuracy_top1": {
      "mean": 0.3855708245243129,
      "lo": 0.3657505285412262,
      "hi": 0.39719873150105706
    },
    "mean_logp_gap_pi": {
      "mean": 2.824379609641767,
      "lo": 2.6883738321620365,
      "hi": 2.9388852683516182
    },
    "mean_p_chosen_pi": {
      "mean": 0.3358864377542776,
      "lo": 0.3281358887239724,
      "hi": 0.347034525430751
    },
    "mrr": {
      "mean": 0.57947780334687,
      "lo": 0.5676270359368748,
      "hi": 0.5894151090881853
    }
  },
  "bootstrap_ci_cluster_by_game_player_chosen": {
    "accuracy_top1": {
      "mean": 0.3855708245243129,
      "lo": 0.36879432624113473,
      "hi": 0.4026681187040566,
      "n_clusters": 100
    },
    "mean_logp_gap_pi": {
      "mean": 2.824379609641767,
      "lo": 2.6994500195608016,
      "hi": 2.9570459729299863,
      "n_clusters": 100
    },
    "mean_p_chosen_pi": {
      "mean": 0.3358864377542776,
      "lo": 0.3247629113871217,
      "hi": 0.3477415754388132,
      "n_clusters": 100
    },
    "mrr": {
      "mean": 0.57947780334687,
      "lo": 0.5663575004084326,
      "hi": 0.5914871140281373,
      "n_clusters": 100
    }
  },
  "opening_family_counts_by_game_player_chosen": {
    "Indian Defense (1...Nf6)": 28,
    "Sicilian": 25,
    "French / e6": 16,
    "Open Game (1...e5)": 14,
    "Queen's Pawn (1...d5)": 9,
    "Other": 7,
    "Caro-Kann": 1
  },
  "notes": {
    "opening_family_is_coarse_heuristic_player_chosen": true,
    "precision_recall_f1_equals_accuracy_for_top1_hit": true
  }
}