{"loss": 0.8222664140999695, "mean_logp_gap_policy_chosen_rejected": 3.229932343732983, "mean_logp_gap_base_chosen_rejected": 1.7685355982619158, "mean_gap_improvement": 1.4613967233556018, "top1_accuracy_on_chosen_policy": 0.37790697674418605, "top1_accuracy_on_chosen_base": 0.3842494714587738, "mean_p_chosen_policy": 0.3457292068206231, "mean_p_chosen_base": 0.29093856589738715, "mean_kl": 0.2333366653820929, "mean_ent_pi": 0.8708800561332299, "mean_ent_ref": 1.5195475471448192}