{"loss": 1.8767534633015477, "mean_logp_gap_policy_chosen_rejected": 1.9309126175231208, "mean_logp_gap_base_chosen_rejected": 1.7685355982619158, "mean_gap_improvement": 0.16237701604784668, "top1_accuracy_on_chosen_policy": 0.4043340380549683, "top1_accuracy_on_chosen_base": 0.3842494714587738, "mean_p_chosen_policy": 0.31006649432676286, "mean_p_chosen_base": 0.29093856589738715, "mean_kl": 0.15983695998378333, "mean_ent_pi": 1.5309074514764056, "mean_ent_ref": 1.5195475471448192, "top1_precision": 0.4043340380549683, "top1_recall": 0.4043340380549683, "top1_f1": 0.40433403805496837, "top3_precision": 0.7296511627906976, "top3_recall": 0.7296511627906976, "top3_f1": 0.7296511627906976, "top5_precision": 0.8554439746300211, "top5_recall": 0.8554439746300211, "top5_f1": 0.855443974630021, "top10_precision": 0.9600951374207188, "top10_recall": 0.9600951374207188, "top10_f1": 0.9600951374207188, "mean_logp_gap_policy_chosen_rejected_cond_on_not_in_top_ten": 1.1000085866939255, "mean_logp_gap_base_chosen_rejected_cond_on_not_in_top_ten": 1.1671066935996564, "mean_gap_improvement_cond_on_not_in_top_ten": -0.06709810690573084, "top1_accuracy_on_chosen_policy_cond_on_not_in_top_ten": 0.16374269005847952, "top1_accuracy_on_chosen_base_cond_on_not_in_top_ten": 0.18128654970760233, "mean_p_chosen_policy_cond_on_not_in_top_ten": 0.13822985263316678, "mean_p_chosen_base_cond_on_not_in_top_ten": 0.1471644329356114, "mean_kl_cond_on_not_in_top_ten": 0.044190721621066985, "mean_ent_pi_cond_on_not_in_top_ten": 1.9189904285976065, "mean_ent_ref_cond_on_not_in_top_ten": 1.816271632386927, "top1_precision_cond_on_not_in_top_ten": 0.16374269005847952, "top1_recall_cond_on_not_in_top_ten": 0.16374269005847952, "top1_f1_cond_on_not_in_top_ten": 0.16374269005847952, "top3_precision_cond_on_not_in_top_ten": 0.4152046783625731, "top3_recall_cond_on_not_in_top_ten": 0.4152046783625731, "top3_f1_cond_on_not_in_top_ten": 0.415204678362573, "top5_precision_cond_on_not_in_top_ten": 0.6257309941520468, "top5_recall_cond_on_not_in_top_ten": 0.6257309941520468, "top5_f1_cond_on_not_in_top_ten": 0.6257309941520468, "top10_precision_cond_on_not_in_top_ten": 0.8596491228070176, "top10_recall_cond_on_not_in_top_ten": 0.8596491228070176, "top10_f1_cond_on_not_in_top_ten": 0.8596491228070176, "mean_logp_gap_policy_chosen_rejected_cond_on_in_top_ten": 1.9702385447212047, "mean_logp_gap_base_chosen_rejected_cond_on_in_top_ten": 1.797000683215131, "mean_gap_improvement_cond_on_in_top_ten": 0.17323786256189924, "top1_accuracy_on_chosen_policy_cond_on_in_top_ten": 0.4157210074730141, "top1_accuracy_on_chosen_base_cond_on_in_top_ten": 0.3938555217270966, "mean_p_chosen_policy_cond_on_in_top_ten": 0.31819936603271975, "mean_p_chosen_base_cond_on_in_top_ten": 0.29774326491344755, "mean_kl_cond_on_in_top_ten": 0.1653103925516875, "mean_ent_pi_cond_on_in_top_ten": 1.512539823691897, "mean_ent_ref_cond_on_in_top_ten": 1.5055038699076773, "top1_precision_cond_on_in_top_ten": 0.4157210074730141, "top1_recall_cond_on_in_top_ten": 0.4157210074730141, "top1_f1_cond_on_in_top_ten": 0.4157210074730141, "top3_precision_cond_on_in_top_ten": 0.7445336285635206, "top3_recall_cond_on_in_top_ten": 0.7445336285635206, "top3_f1_cond_on_in_top_ten": 0.7445336285635206, "top5_precision_cond_on_in_top_ten": 0.8663160808192638, "top5_recall_cond_on_in_top_ten": 0.8663160808192638, "top5_f1_cond_on_in_top_ten": 0.8663160808192638, "top10_precision_cond_on_in_top_ten": 0.9648491558261832, "top10_recall_cond_on_in_top_ten": 0.9648491558261832, "top10_f1_cond_on_in_top_ten": 0.9648491558261832}