{"loss": 0.9310177549499286, "mean_logp_gap_policy_chosen_rejected": 3.787425783547488, "mean_logp_gap_base_chosen_rejected": 1.7685355982619158, "mean_gap_improvement": 2.018890200407258, "top1_accuracy_on_chosen_policy": 0.3858350951374207, "top1_accuracy_on_chosen_base": 0.3842494714587738, "mean_p_chosen_policy": 0.35629423167438384, "mean_p_chosen_base": 0.29093856589738715, "mean_kl": 0.306463366016021, "mean_ent_pi": 0.8339451811026317, "mean_ent_ref": 1.5195475471448192}