{
  "loss": 0.5196930616148935,
  "mean_logp_gap_policy_chosen_rejected": 2.9839298679763115,
  "mean_logp_gap_base_chosen_rejected": 1.7685355982619158,
  "mean_gap_improvement": 1.2153942980045496,
  "top1_accuracy_on_chosen_policy": 0.3882135306553911,
  "top1_accuracy_on_chosen_base": 0.3842494714587738,
  "mean_p_chosen_policy": 0.3419170790444469,
  "mean_p_chosen_base": 0.29093856589738715,
  "mean_kl": 0.1631854312301438,
  "mean_ent_pi": 1.0147668705430142,
  "mean_ent_ref": 1.5195475471448192,
  "n_rows": 3784,
  "phase_summary": {
    "kl_pi_ref": {
      "opening": {
        "n": 933,
        "mean": 0.33208173655980694,
        "median": 0.1693725287914276,
        "p90": 0.8779725432395935,
        "p95": 1.1012935638427734,
        "p99": 2.846376657485962
      },
      "middlegame": {
        "n": 1550,
        "mean": 0.10881933580738522,
        "median": 0.09530942142009735,
        "p90": 0.19616453349590302,
        "p95": 0.22703590989112854,
        "p99": 0.3371669054031372
      },
      "endgame": {
        "n": 1301,
        "mean": 0.10683431378511145,
        "median": 0.09408117830753326,
        "p90": 0.19166545569896698,
        "p95": 0.23582619428634644,
        "p99": 0.3317573070526123
      }
    },
    "logp_gap_pi": {
      "opening": {
        "n": 933,
        "mean": 4.35834924891064,
        "median": 4.155323028564453,
        "p90": 10.823938369750977,
        "p95": 13.116487503051758,
        "p99": 16.31813621520996
      },
      "middlegame": {
        "n": 1550,
        "mean": 2.530176487276631,
        "median": 2.3189165592193604,
        "p90": 7.930652141571045,
        "p95": 9.575736999511719,
        "p99": 13.168536186218262
      },
      "endgame": {
        "n": 1301,
        "mean": 2.5388757414445795,
        "median": 2.277650833129883,
        "p90": 7.780337333679199,
        "p95": 9.639212608337402,
        "p99": 13.67706298828125
      }
    },
    "p_chosen_pi": {
      "opening": {
        "n": 933,
        "mean": 0.41118889541805265,
        "median": 0.3034517765045166,
        "p90": 0.9766691327095032,
        "p95": 0.9880908727645874,
        "p99": 0.9989684820175171
      },
      "middlegame": {
        "n": 1550,
        "mean": 0.30725719978265537,
        "median": 0.16824528574943542,
        "p90": 0.8589233756065369,
        "p95": 0.9455174207687378,
        "p99": 0.9953059554100037
      },
      "endgame": {
        "n": 1301,
        "mean": 0.3335329348847105,
        "median": 0.20145009458065033,
        "p90": 0.8928321599960327,
        "p95": 0.9607274532318115,
        "p99": 0.9961068034172058
      }
    },
    "correct_top1": {
      "opening": {
        "n": 933,
        "mean": 0.4587352625937835,
        "median": 0.0,
        "p90": 1.0,
        "p95": 1.0,
        "p99": 1.0
      },
      "middlegame": {
        "n": 1550,
        "mean": 0.3496774193548387,
        "median": 0.0,
        "p90": 1.0,
        "p95": 1.0,
        "p99": 1.0
      },
      "endgame": {
        "n": 1301,
        "mean": 0.3835511145272867,
        "median": 0.0,
        "p90": 1.0,
        "p95": 1.0,
        "p99": 1.0
      }
    }
  },
  "bootstrap_ci_row": {
    "accuracy_top1": {
      "mean": 0.3882135306553911,
      "lo": 0.37077167019027485,
      "hi": 0.3998414376321353
    },
    "mean_logp_gap_pi": {
      "mean": 2.9839299006690814,
      "lo": 2.8413915804116723,
      "hi": 3.1020538008773806
    },
    "mean_p_chosen_pi": {
      "mean": 0.3419170844009427,
      "lo": 0.333487327951995,
      "hi": 0.3534749157806004
    },
    "mrr": {
      "mean": 0.5813006793018128,
      "lo": 0.5694127523489505,
      "hi": 0.5927570511600697
    }
  },
  "bootstrap_ci_cluster_by_game_player_chosen": {
    "accuracy_top1": {
      "mean": 0.3882135306553911,
      "lo": 0.3721124408572224,
      "hi": 0.4051184317996188,
      "n_clusters": 100
    },
    "mean_logp_gap_pi": {
      "mean": 2.9839299006690814,
      "lo": 2.8507482791989522,
      "hi": 3.1254303521617164,
      "n_clusters": 100
    },
    "mean_p_chosen_pi": {
      "mean": 0.3419170844009427,
      "lo": 0.3304429979392476,
      "hi": 0.35448037479909583,
      "n_clusters": 100
    },
    "mrr": {
      "mean": 0.5813006793018128,
      "lo": 0.5669778231216931,
      "hi": 0.5938548215726915,
      "n_clusters": 100
    }
  },
  "opening_family_counts_by_game_player_chosen": {
    "Indian Defense (1...Nf6)": 28,
    "Sicilian": 25,
    "French / e6": 16,
    "Open Game (1...e5)": 14,
    "Queen's Pawn (1...d5)": 9,
    "Other": 7,
    "Caro-Kann": 1
  },
  "notes": {
    "opening_family_is_coarse_heuristic_player_chosen": true,
    "precision_recall_f1_equals_accuracy_for_top1_hit": true
  }
}