{"loss": 1.9486621036085972, "mean_logp_gap_policy_chosen_rejected": 1.982261156178932, "mean_logp_gap_base_chosen_rejected": 1.7685355982619158, "mean_gap_improvement": 0.21372556881723143, "top1_accuracy_on_chosen_policy": 0.41094080338266387, "top1_accuracy_on_chosen_base": 0.3842494714587738, "mean_p_chosen_policy": 0.3132530330477507, "mean_p_chosen_base": 0.29093856589738715, "mean_kl": 0.1599588299654503, "mean_ent_pi": 1.5052055420381574, "mean_ent_ref": 1.5195475471448192, "top1_precision": 0.41094080338266387, "top1_recall": 0.41094080338266387, "top1_f1": 0.41094080338266387, "top3_precision": 0.7304439746300211, "top3_recall": 0.7304439746300211, "top3_f1": 0.7304439746300211, "top5_precision": 0.8520084566596194, "top5_recall": 0.8520084566596194, "top5_f1": 0.8520084566596194, "top10_precision": 0.959830866807611, "top10_recall": 0.959830866807611, "top10_f1": 0.959830866807611, "mean_logp_gap_policy_chosen_rejected_cond_on_not_in_top_ten": 1.139674126753333, "mean_logp_gap_base_chosen_rejected_cond_on_not_in_top_ten": 1.1671066935996564, "mean_gap_improvement_cond_on_not_in_top_ten": -0.02743256684632329, "top1_accuracy_on_chosen_policy_cond_on_not_in_top_ten": 0.17543859649122806, "top1_accuracy_on_chosen_base_cond_on_not_in_top_ten": 0.18128654970760233, "mean_p_chosen_policy_cond_on_not_in_top_ten": 0.14025460520390917, "mean_p_chosen_base_cond_on_not_in_top_ten": 0.1471644329356114, "mean_kl_cond_on_not_in_top_ten": 0.0416466083448402, "mean_ent_pi_cond_on_not_in_top_ten": 1.8990508091380025, "mean_ent_ref_cond_on_not_in_top_ten": 1.816271632386927, "top1_precision_cond_on_not_in_top_ten": 0.17543859649122806, "top1_recall_cond_on_not_in_top_ten": 0.17543859649122806, "top1_f1_cond_on_not_in_top_ten": 0.17543859649122806, "top3_precision_cond_on_not_in_top_ten": 0.4327485380116959, "top3_recall_cond_on_not_in_top_ten": 0.4327485380116959, "top3_f1_cond_on_not_in_top_ten": 0.4327485380116959, "top5_precision_cond_on_not_in_top_ten": 0.631578947368421, "top5_recall_cond_on_not_in_top_ten": 0.631578947368421, "top5_f1_cond_on_not_in_top_ten": 0.631578947368421, "top10_precision_cond_on_not_in_top_ten": 0.8596491228070176, "top10_recall_cond_on_not_in_top_ten": 0.8596491228070176, "top10_f1_cond_on_not_in_top_ten": 0.8596491228070176, "mean_logp_gap_policy_chosen_rejected_cond_on_in_top_ten": 2.0221400449489115, "mean_logp_gap_base_chosen_rejected_cond_on_in_top_ten": 1.797000683215131, "mean_gap_improvement_cond_on_in_top_ten": 0.2251393625256496, "top1_accuracy_on_chosen_policy_cond_on_in_top_ten": 0.4220869083863825, "top1_accuracy_on_chosen_base_cond_on_in_top_ten": 0.3938555217270966, "mean_p_chosen_policy_cond_on_in_top_ten": 0.32144089453223695, "mean_p_chosen_base_cond_on_in_top_ten": 0.29774326491344755, "mean_kl_cond_on_in_top_ten": 0.16555843878841403, "mean_ent_pi_cond_on_in_top_ten": 1.486565211141333, "mean_ent_ref_cond_on_in_top_ten": 1.5055038699076773, "top1_precision_cond_on_in_top_ten": 0.4220869083863825, "top1_recall_cond_on_in_top_ten": 0.4220869083863825, "top1_f1_cond_on_in_top_ten": 0.42208690838638246, "top3_precision_cond_on_in_top_ten": 0.7445336285635206, "top3_recall_cond_on_in_top_ten": 0.7445336285635206, "top3_f1_cond_on_in_top_ten": 0.7445336285635206, "top5_precision_cond_on_in_top_ten": 0.8624411846111265, "top5_recall_cond_on_in_top_ten": 0.8624411846111265, "top5_f1_cond_on_in_top_ten": 0.8624411846111264, "top10_precision_cond_on_in_top_ten": 0.964572377525602, "top10_recall_cond_on_in_top_ten": 0.964572377525602, "top10_f1_cond_on_in_top_ten": 0.9645723775256021}