loss,mean_logp_gap_policy_chosen_rejected,mean_logp_gap_base_chosen_rejected,mean_gap_improvement,top1_accuracy_on_chosen_policy,top1_accuracy_on_chosen_base,mean_p_chosen_policy,mean_p_chosen_base,mean_kl,mean_ent_pi,mean_ent_ref
1.7941829981813975,1.8572162777878518,1.7685355982619158,0.08868066137991294,0.4114693446088795,0.3842494714587738,0.3060126637933622,0.29093856589738715,0.1839844180038691,1.5783873375576092,1.5195475471448192
