{
  "loss": 0.5425392500189847,
  "mean_logp_gap_policy_chosen_rejected": 2.649084262817657,
  "mean_logp_gap_base_chosen_rejected": 1.7685355982619158,
  "mean_gap_improvement": 0.8805486524583925,
  "top1_accuracy_on_chosen_policy": 0.38847780126849896,
  "top1_accuracy_on_chosen_base": 0.3842494714587738,
  "mean_p_chosen_policy": 0.33287928207732154,
  "mean_p_chosen_base": 0.29093856589738715,
  "mean_kl": 0.11909034331555599,
  "mean_ent_pi": 1.111974275137355,
  "mean_ent_ref": 1.5195475471448192,
  "n_rows": 3784,
  "phase_summary": {
    "kl_pi_ref": {
      "opening": {
        "n": 933,
        "mean": 0.24624095986435532,
        "median": 0.11866353452205658,
        "p90": 0.5050821900367737,
        "p95": 0.697392463684082,
        "p99": 2.7338719367980957
      },
      "middlegame": {
        "n": 1550,
        "mean": 0.07735823770008621,
        "median": 0.06603788956999779,
        "p90": 0.14012327790260315,
        "p95": 0.1724628359079361,
        "p99": 0.25210535526275635
      },
      "endgame": {
        "n": 1301,
        "mean": 0.07762473060251597,
        "median": 0.06693501770496368,
        "p90": 0.1439971923828125,
        "p95": 0.17497797310352325,
        "p99": 0.2570171058177948
      }
    },
    "logp_gap_pi": {
      "opening": {
        "n": 933,
        "mean": 3.6416782865825827,
        "median": 3.4072484970092773,
        "p90": 9.139776229858398,
        "p95": 11.325761795043945,
        "p99": 13.325830459594727
      },
      "middlegame": {
        "n": 1550,
        "mean": 2.326161949942189,
        "median": 2.164240837097168,
        "p90": 7.202837944030762,
        "p95": 8.879720687866211,
        "p99": 11.949790954589844
      },
      "endgame": {
        "n": 1301,
        "mean": 2.3219814968970445,
        "median": 2.120431900024414,
        "p90": 7.189794540405273,
        "p95": 8.845330238342285,
        "p99": 12.410807609558105
      }
    },
    "p_chosen_pi": {
      "opening": {
        "n": 933,
        "mean": 0.3937858649389517,
        "median": 0.284104585647583,
        "p90": 0.953501284122467,
        "p95": 0.9754981398582458,
        "p99": 0.9971828460693359
      },
      "middlegame": {
        "n": 1550,
        "mean": 0.30079886345366297,
        "median": 0.16961786150932312,
        "p90": 0.8353590369224548,
        "p95": 0.9255614876747131,
        "p99": 0.9921952486038208
      },
      "endgame": {
        "n": 1301,
        "mean": 0.32742103038110537,
        "median": 0.20127201080322266,
        "p90": 0.8702282905578613,
        "p95": 0.9456706047058105,
        "p99": 0.9931389689445496
      }
    },
    "correct_top1": {
      "opening": {
        "n": 933,
        "mean": 0.45980707395498394,
        "median": 0.0,
        "p90": 1.0,
        "p95": 1.0,
        "p99": 1.0
      },
      "middlegame": {
        "n": 1550,
        "mean": 0.34516129032258064,
        "median": 0.0,
        "p90": 1.0,
        "p95": 1.0,
        "p99": 1.0
      },
      "endgame": {
        "n": 1301,
        "mean": 0.3889315910837817,
        "median": 0.0,
        "p90": 1.0,
        "p95": 1.0,
        "p99": 1.0
      }
    }
  },
  "bootstrap_ci_row": {
    "accuracy_top1": {
      "mean": 0.38847780126849896,
      "lo": 0.3739429175475687,
      "hi": 0.4011627906976744
    },
    "mean_logp_gap_pi": {
      "mean": 2.6490842471604115,
      "lo": 2.5227710649875204,
      "hi": 2.762627775743446
    },
    "mean_p_chosen_pi": {
      "mean": 0.33287928405577105,
      "lo": 0.3248792891925817,
      "hi": 0.3438467095696932
    },
    "mrr": {
      "mean": 0.5802676449011898,
      "lo": 0.5695240935453891,
      "hi": 0.591236429271446
    }
  },
  "bootstrap_ci_cluster_by_game_player_chosen": {
    "accuracy_top1": {
      "mean": 0.38847780126849896,
      "lo": 0.3729381443298969,
      "hi": 0.40620745984209095,
      "n_clusters": 100
    },
    "mean_logp_gap_pi": {
      "mean": 2.6490842471604115,
      "lo": 2.533631423937733,
      "hi": 2.7672959240122212,
      "n_clusters": 100
    },
    "mean_p_chosen_pi": {
      "mean": 0.33287928405577105,
      "lo": 0.32173212657160516,
      "hi": 0.34455975253585813,
      "n_clusters": 100
    },
    "mrr": {
      "mean": 0.5802676449011898,
      "lo": 0.5654730069469301,
      "hi": 0.5920243444435931,
      "n_clusters": 100
    }
  },
  "opening_family_counts_by_game_player_chosen": {
    "Indian Defense (1...Nf6)": 28,
    "Sicilian": 25,
    "French / e6": 16,
    "Open Game (1...e5)": 14,
    "Queen's Pawn (1...d5)": 9,
    "Other": 7,
    "Caro-Kann": 1
  },
  "notes": {
    "opening_family_is_coarse_heuristic_player_chosen": true,
    "precision_recall_f1_equals_accuracy_for_top1_hit": true
  }
}