{"loss": 0.5615865629772807, "mean_logp_gap_policy_chosen_rejected": 6.12652475297073, "mean_logp_gap_base_chosen_rejected": 1.7685355982619158, "mean_gap_improvement": 4.357989146517901, "top1_accuracy_on_chosen_policy": 0.35412262156448204, "top1_accuracy_on_chosen_base": 0.3842494714587738, "mean_p_chosen_policy": 0.3429501382574975, "mean_p_chosen_base": 0.29093856589738715, "mean_kl": 0.8039250228924176, "mean_ent_pi": 0.4917727797026362, "mean_ent_ref": 1.5195475471448192, "top1_precision": 0.35412262156448204, "top1_recall": 0.35412262156448204, "top1_f1": 0.35412262156448204, "top3_precision": 0.6693974630021141, "top3_recall": 0.6693974630021141, "top3_f1": 0.6693974630021141, "top5_precision": 0.8025898520084567, "top5_recall": 0.8025898520084567, "top5_f1": 0.8025898520084567, "top10_precision": 0.9278541226215645, "top10_recall": 0.9278541226215645, "top10_f1": 0.9278541226215646, "mean_logp_gap_policy_chosen_rejected_cond_on_not_in_top_ten": 3.9424311821920828, "mean_logp_gap_base_chosen_rejected_cond_on_not_in_top_ten": 1.1671066935996564, "mean_gap_improvement_cond_on_not_in_top_ten": 2.7753244840610796, "top1_accuracy_on_chosen_policy_cond_on_not_in_top_ten": 0.2046783625730994, "top1_accuracy_on_chosen_base_cond_on_not_in_top_ten": 0.18128654970760233, "mean_p_chosen_policy_cond_on_not_in_top_ten": 0.18220425010024352, "mean_p_chosen_base_cond_on_not_in_top_ten": 0.1471644329356114, "mean_kl_cond_on_not_in_top_ten": 0.6737435402577383, "mean_ent_pi_cond_on_not_in_top_ten": 0.6106850048446809, "mean_ent_ref_cond_on_not_in_top_ten": 1.816271632386927, "top1_precision_cond_on_not_in_top_ten": 0.2046783625730994, "top1_recall_cond_on_not_in_top_ten": 0.2046783625730994, "top1_f1_cond_on_not_in_top_ten": 0.2046783625730994, "top3_precision_cond_on_not_in_top_ten": 0.47953216374269003, "top3_recall_cond_on_not_in_top_ten": 0.47953216374269003, "top3_f1_cond_on_not_in_top_ten": 0.47953216374269003, "top5_precision_cond_on_not_in_top_ten": 0.6023391812865497, "top5_recall_cond_on_not_in_top_ten": 0.6023391812865497, "top5_f1_cond_on_not_in_top_ten": 0.6023391812865497, "top10_precision_cond_on_not_in_top_ten": 0.7953216374269005, "top10_recall_cond_on_not_in_top_ten": 0.7953216374269005, "top10_f1_cond_on_not_in_top_ten": 0.7953216374269007, "mean_logp_gap_policy_chosen_rejected_cond_on_in_top_ten": 6.2298959017608295, "mean_logp_gap_base_chosen_rejected_cond_on_in_top_ten": 1.797000683215131, "mean_gap_improvement_cond_on_in_top_ten": 4.432895221812158, "top1_accuracy_on_chosen_policy_cond_on_in_top_ten": 0.36119568225851095, "top1_accuracy_on_chosen_base_cond_on_in_top_ten": 0.3938555217270966, "mean_p_chosen_policy_cond_on_in_top_ten": 0.350558098525801, "mean_p_chosen_base_cond_on_in_top_ten": 0.29774326491344755, "mean_kl_cond_on_in_top_ten": 0.8100863996928256, "mean_ent_pi_cond_on_in_top_ten": 0.4861447707250785, "mean_ent_ref_cond_on_in_top_ten": 1.5055038699076773, "top1_precision_cond_on_in_top_ten": 0.36119568225851095, "top1_recall_cond_on_in_top_ten": 0.36119568225851095, "top1_f1_cond_on_in_top_ten": 0.36119568225851095, "top3_precision_cond_on_in_top_ten": 0.6783836147246056, "top3_recall_cond_on_in_top_ten": 0.6783836147246056, "top3_f1_cond_on_in_top_ten": 0.6783836147246056, "top5_precision_cond_on_in_top_ten": 0.8120675339053418, "top5_recall_cond_on_in_top_ten": 0.8120675339053418, "top5_f1_cond_on_in_top_ten": 0.8120675339053418, "top10_precision_cond_on_in_top_ten": 0.9341267644616662, "top10_recall_cond_on_in_top_ten": 0.9341267644616662, "top10_f1_cond_on_in_top_ten": 0.9341267644616663}