{
  "loss": 0.5621115325873296,
  "mean_logp_gap_policy_chosen_rejected": 6.144249361614849,
  "mean_logp_gap_base_chosen_rejected": 1.7685355982619158,
  "mean_gap_improvement": 4.37571374306467,
  "top1_accuracy_on_chosen_policy": 0.351215644820296,
  "top1_accuracy_on_chosen_base": 0.3842494714587738,
  "mean_p_chosen_policy": 0.34143482342393905,
  "mean_p_chosen_base": 0.29093856589738715,
  "mean_kl": 0.8195743933792599,
  "mean_ent_pi": 0.48735467752492956,
  "mean_ent_ref": 1.5195475471448192,
  "n_rows": 3784,
  "phase_summary": {
    "kl_pi_ref": {
      "opening": {
        "n": 933,
        "mean": 1.60150802270125,
        "median": 0.841779887676239,
        "p90": 5.06099796295166,
        "p95": 6.7286224365234375,
        "p99": 8.033869743347168
      },
      "middlegame": {
        "n": 1550,
        "mean": 0.6620638693443259,
        "median": 0.5629164576530457,
        "p90": 1.3008936643600464,
        "p95": 1.622545599937439,
        "p99": 2.3625364303588867
      },
      "endgame": {
        "n": 1301,
        "mean": 0.4464746723393122,
        "median": 0.3681941628456116,
        "p90": 0.8676952719688416,
        "p95": 1.082140326499939,
        "p99": 1.4670740365982056
      }
    },
    "logp_gap_pi": {
      "opening": {
        "n": 933,
        "mean": 10.178529611162817,
        "median": 9.301170349121094,
        "p90": 26.06810760498047,
        "p95": 32.25202941894531,
        "p99": 40.72897720336914
      },
      "middlegame": {
        "n": 1550,
        "mean": 4.980142606035356,
        "median": 4.478222846984863,
        "p90": 16.42058563232422,
        "p95": 19.635648727416992,
        "p99": 28.35563087463379
      },
      "endgame": {
        "n": 1301,
        "mean": 4.638009538062255,
        "median": 4.035337448120117,
        "p90": 14.698699951171875,
        "p95": 18.58182144165039,
        "p99": 26.1882266998291
      }
    },
    "p_chosen_pi": {
      "opening": {
        "n": 933,
        "mean": 0.40637379617842645,
        "median": 0.11004358530044556,
        "p90": 0.9994189739227295,
        "p95": 0.9999854564666748,
        "p99": 1.0
      },
      "middlegame": {
        "n": 1550,
        "mean": 0.3058380761797987,
        "median": 0.03885865397751331,
        "p90": 0.9879624247550964,
        "p95": 0.9987053871154785,
        "p99": 0.9999649524688721
      },
      "endgame": {
        "n": 1301,
        "mean": 0.3372740880945515,
        "median": 0.09736879914999008,
        "p90": 0.9873764514923096,
        "p95": 0.9984059929847717,
        "p99": 0.9999889135360718
      }
    },
    "correct_top1": {
      "opening": {
        "n": 933,
        "mean": 0.40836012861736337,
        "median": 0.0,
        "p90": 1.0,
        "p95": 1.0,
        "p99": 1.0
      },
      "middlegame": {
        "n": 1550,
        "mean": 0.31483870967741934,
        "median": 0.0,
        "p90": 1.0,
        "p95": 1.0,
        "p99": 1.0
      },
      "endgame": {
        "n": 1301,
        "mean": 0.3535741737125288,
        "median": 0.0,
        "p90": 1.0,
        "p95": 1.0,
        "p99": 1.0
      }
    }
  },
  "bootstrap_ci_row": {
    "accuracy_top1": {
      "mean": 0.351215644820296,
      "lo": 0.3313953488372093,
      "hi": 0.363107822410148
    },
    "mean_logp_gap_pi": {
      "mean": 6.14424935929934,
      "lo": 5.836460081376057,
      "hi": 6.4604810024857775
    },
    "mean_p_chosen_pi": {
      "mean": 0.3414348199059654,
      "lo": 0.3309240519040222,
      "hi": 0.3520707583166904
    },
    "mrr": {
      "mean": 0.5429845067440313,
      "lo": 0.5307943271332709,
      "hi": 0.5519275874814082
    }
  },
  "bootstrap_ci_cluster_by_game_player_chosen": {
    "accuracy_top1": {
      "mean": 0.351215644820296,
      "lo": 0.33181818181818185,
      "hi": 0.3699468085106383,
      "n_clusters": 100
    },
    "mean_logp_gap_pi": {
      "mean": 6.14424935929934,
      "lo": 5.834386669346795,
      "hi": 6.4838784697473555,
      "n_clusters": 100
    },
    "mean_p_chosen_pi": {
      "mean": 0.3414348199059654,
      "lo": 0.3266077294968427,
      "hi": 0.353185543949214,
      "n_clusters": 100
    },
    "mrr": {
      "mean": 0.5429845067440313,
      "lo": 0.5286271113700282,
      "hi": 0.5558307887698919,
      "n_clusters": 100
    }
  },
  "opening_family_counts_by_game_player_chosen": {
    "Indian Defense (1...Nf6)": 28,
    "Sicilian": 25,
    "French / e6": 16,
    "Open Game (1...e5)": 14,
    "Queen's Pawn (1...d5)": 9,
    "Other": 7,
    "Caro-Kann": 1
  },
  "notes": {
    "opening_family_is_coarse_heuristic_player_chosen": true,
    "precision_recall_f1_equals_accuracy_for_top1_hit": true
  }
}