{"loss": 1.8731308084209677, "mean_logp_gap_policy_chosen_rejected": 1.916613930123553, "mean_logp_gap_base_chosen_rejected": 1.7685355982619158, "mean_gap_improvement": 0.14807832680532343, "top1_accuracy_on_chosen_policy": 0.40882663847780126, "top1_accuracy_on_chosen_base": 0.3842494714587738, "mean_p_chosen_policy": 0.30933224068005544, "mean_p_chosen_base": 0.29093856589738715, "mean_kl": 0.15979200405468397, "mean_ent_pi": 1.543571653124142, "mean_ent_ref": 1.5195475471448192, "top1_precision": 0.40882663847780126, "top1_recall": 0.40882663847780126, "top1_f1": 0.40882663847780126, "top3_precision": 0.7285940803382663, "top3_recall": 0.7285940803382663, "top3_f1": 0.7285940803382663, "top5_precision": 0.8517441860465116, "top5_recall": 0.8517441860465116, "top5_f1": 0.8517441860465115, "top10_precision": 0.9608879492600423, "top10_recall": 0.9608879492600423, "top10_f1": 0.9608879492600423, "mean_logp_gap_policy_chosen_rejected_cond_on_not_in_top_ten": 1.092002966947723, "mean_logp_gap_base_chosen_rejected_cond_on_not_in_top_ten": 1.1671066935996564, "mean_gap_improvement_cond_on_not_in_top_ten": -0.07510372665193346, "top1_accuracy_on_chosen_policy_cond_on_not_in_top_ten": 0.15789473684210525, "top1_accuracy_on_chosen_base_cond_on_not_in_top_ten": 0.18128654970760233, "mean_p_chosen_policy_cond_on_not_in_top_ten": 0.13735650312063577, "mean_p_chosen_base_cond_on_not_in_top_ten": 0.1471644329356114, "mean_kl_cond_on_not_in_top_ten": 0.04436860947286961, "mean_ent_pi_cond_on_not_in_top_ten": 1.9452784659221158, "mean_ent_ref_cond_on_not_in_top_ten": 1.816271632386927, "top1_precision_cond_on_not_in_top_ten": 0.15789473684210525, "top1_recall_cond_on_not_in_top_ten": 0.15789473684210525, "top1_f1_cond_on_not_in_top_ten": 0.15789473684210525, "top3_precision_cond_on_not_in_top_ten": 0.4269005847953216, "top3_recall_cond_on_not_in_top_ten": 0.4269005847953216, "top3_f1_cond_on_not_in_top_ten": 0.4269005847953216, "top5_precision_cond_on_not_in_top_ten": 0.6198830409356725, "top5_recall_cond_on_not_in_top_ten": 0.6198830409356725, "top5_f1_cond_on_not_in_top_ten": 0.6198830409356725, "top10_precision_cond_on_not_in_top_ten": 0.8596491228070176, "top10_recall_cond_on_not_in_top_ten": 0.8596491228070176, "top10_f1_cond_on_not_in_top_ten": 0.8596491228070176, "mean_logp_gap_policy_chosen_rejected_cond_on_in_top_ten": 1.9556420137603099, "mean_logp_gap_base_chosen_rejected_cond_on_in_top_ten": 1.797000683215131, "mean_gap_improvement_cond_on_in_top_ten": 0.15864133069365433, "top1_accuracy_on_chosen_policy_cond_on_in_top_ten": 0.42070301688347633, "top1_accuracy_on_chosen_base_cond_on_in_top_ten": 0.3938555217270966, "mean_p_chosen_policy_cond_on_in_top_ten": 0.3174716981750477, "mean_p_chosen_base_cond_on_in_top_ten": 0.29774326491344755, "mean_kl_cond_on_in_top_ten": 0.16525489084414557, "mean_ent_pi_cond_on_in_top_ten": 1.5245592368025835, "mean_ent_ref_cond_on_in_top_ten": 1.5055038699076773, "top1_precision_cond_on_in_top_ten": 0.42070301688347633, "top1_recall_cond_on_in_top_ten": 0.42070301688347633, "top1_f1_cond_on_in_top_ten": 0.42070301688347633, "top3_precision_cond_on_in_top_ten": 0.7428729587600332, "top3_recall_cond_on_in_top_ten": 0.7428729587600332, "top3_f1_cond_on_in_top_ten": 0.7428729587600332, "top5_precision_cond_on_in_top_ten": 0.8627179629117078, "top5_recall_cond_on_in_top_ten": 0.8627179629117078, "top5_f1_cond_on_in_top_ten": 0.8627179629117078, "top10_precision_cond_on_in_top_ten": 0.9656794907279269, "top10_recall_cond_on_in_top_ten": 0.9656794907279269, "top10_f1_cond_on_in_top_ten": 0.9656794907279269}