{"loss": 1.8768448890137621, "mean_logp_gap_policy_chosen_rejected": 1.9233344206094238, "mean_logp_gap_base_chosen_rejected": 1.7685355982619158, "mean_gap_improvement": 0.15479879544350864, "top1_accuracy_on_chosen_policy": 0.40988372093023256, "top1_accuracy_on_chosen_base": 0.3842494714587738, "mean_p_chosen_policy": 0.31010892842335125, "mean_p_chosen_base": 0.29093856589738715, "mean_kl": 0.1689058002753943, "mean_ent_pi": 1.5351330583745784, "mean_ent_ref": 1.5195475471448192, "top1_precision": 0.40988372093023256, "top1_recall": 0.40988372093023256, "top1_f1": 0.40988372093023256, "top3_precision": 0.7301797040169133, "top3_recall": 0.7301797040169133, "top3_f1": 0.7301797040169133, "top5_precision": 0.8533298097251586, "top5_recall": 0.8533298097251586, "top5_f1": 0.8533298097251587, "top10_precision": 0.9593023255813954, "top10_recall": 0.9593023255813954, "top10_f1": 0.9593023255813953, "mean_logp_gap_policy_chosen_rejected_cond_on_not_in_top_ten": 1.093821040371008, "mean_logp_gap_base_chosen_rejected_cond_on_not_in_top_ten": 1.1671066935996564, "mean_gap_improvement_cond_on_not_in_top_ten": -0.07328565322864823, "top1_accuracy_on_chosen_policy_cond_on_not_in_top_ten": 0.16374269005847952, "top1_accuracy_on_chosen_base_cond_on_not_in_top_ten": 0.18128654970760233, "mean_p_chosen_policy_cond_on_not_in_top_ten": 0.1380105252807949, "mean_p_chosen_base_cond_on_not_in_top_ten": 0.1471644329356114, "mean_kl_cond_on_not_in_top_ten": 0.04721879845482368, "mean_ent_pi_cond_on_not_in_top_ten": 1.936890083969685, "mean_ent_ref_cond_on_not_in_top_ten": 1.816271632386927, "top1_precision_cond_on_not_in_top_ten": 0.16374269005847952, "top1_recall_cond_on_not_in_top_ten": 0.16374269005847952, "top1_f1_cond_on_not_in_top_ten": 0.16374269005847952, "top3_precision_cond_on_not_in_top_ten": 0.42105263157894735, "top3_recall_cond_on_not_in_top_ten": 0.42105263157894735, "top3_f1_cond_on_not_in_top_ten": 0.42105263157894735, "top5_precision_cond_on_not_in_top_ten": 0.6198830409356725, "top5_recall_cond_on_not_in_top_ten": 0.6198830409356725, "top5_f1_cond_on_not_in_top_ten": 0.6198830409356725, "top10_precision_cond_on_not_in_top_ten": 0.8596491228070176, "top10_recall_cond_on_not_in_top_ten": 0.8596491228070176, "top10_f1_cond_on_not_in_top_ten": 0.8596491228070176, "mean_logp_gap_policy_chosen_rejected_cond_on_in_top_ten": 1.9625945036394128, "mean_logp_gap_base_chosen_rejected_cond_on_in_top_ten": 1.797000683215131, "mean_gap_improvement_cond_on_in_top_ten": 0.1655938209686918, "top1_accuracy_on_chosen_policy_cond_on_in_top_ten": 0.42153335178522006, "top1_accuracy_on_chosen_base_cond_on_in_top_ten": 0.3938555217270966, "mean_p_chosen_policy_cond_on_in_top_ten": 0.3182541902634078, "mean_p_chosen_base_cond_on_in_top_ten": 0.29774326491344755, "mean_kl_cond_on_in_top_ten": 0.17466513329177322, "mean_ent_pi_cond_on_in_top_ten": 1.5161182833286433, "mean_ent_ref_cond_on_in_top_ten": 1.5055038699076773, "top1_precision_cond_on_in_top_ten": 0.42153335178522006, "top1_recall_cond_on_in_top_ten": 0.42153335178522006, "top1_f1_cond_on_in_top_ten": 0.42153335178522006, "top3_precision_cond_on_in_top_ten": 0.7448104068641018, "top3_recall_cond_on_in_top_ten": 0.7448104068641018, "top3_f1_cond_on_in_top_ten": 0.7448104068641018, "top5_precision_cond_on_in_top_ten": 0.8643786327151951, "top5_recall_cond_on_in_top_ten": 0.8643786327151951, "top5_f1_cond_on_in_top_ten": 0.8643786327151951, "top10_precision_cond_on_in_top_ten": 0.9640188209244396, "top10_recall_cond_on_in_top_ten": 0.9640188209244396, "top10_f1_cond_on_in_top_ten": 0.9640188209244396}