loss,mean_logp_gap_policy_chosen_rejected,mean_logp_gap_base_chosen_rejected,mean_gap_improvement,top1_accuracy_on_chosen_policy,top1_accuracy_on_chosen_base,mean_p_chosen_policy,mean_p_chosen_base,mean_kl,mean_ent_pi,mean_ent_ref
2.095051826432694,2.103134609428067,1.7685355982619158,0.33459903825917153,0.40856236786469347,0.3842494714587738,0.31964478637022903,0.29093856589738715,0.15495053822091973,1.4413877032523932,1.5195475471448192
