{"loss": 0.7963042507463983, "mean_logp_gap_policy_chosen_rejected": 4.000878801809557, "mean_logp_gap_base_chosen_rejected": 1.7685355982619158, "mean_gap_improvement": 2.232343211675547, "top1_accuracy_on_chosen_policy": 0.38847780126849896, "top1_accuracy_on_chosen_base": 0.3842494714587738, "mean_p_chosen_policy": 0.3638618111799434, "mean_p_chosen_base": 0.29093856589738715, "mean_kl": 0.31975553781739247, "mean_ent_pi": 0.7782707174030974, "mean_ent_ref": 1.5195475471448192}