{"loss": 0.5308363353223176, "mean_logp_gap_policy_chosen_rejected": 2.8243795938270035, "mean_logp_gap_base_chosen_rejected": 1.7685355982619158, "mean_gap_improvement": 1.055844000526891, "top1_accuracy_on_chosen_policy": 0.3855708245243129, "top1_accuracy_on_chosen_base": 0.3842494714587738, "mean_p_chosen_policy": 0.33588643649289773, "mean_p_chosen_base": 0.29093856589738715, "mean_kl": 0.12865184702719493, "mean_ent_pi": 1.0567934709673956, "mean_ent_ref": 1.5195475471448192}