dpo_loss,mean_logp_gap_policy_chosen_rejected,mean_logp_gap_base_chosen_rejected,mean_gap_improvement,top1_accuracy_on_chosen_policy,top1_accuracy_on_chosen_base,mean_p_chosen_policy,mean_p_chosen_base,mean_kl
0.6924593423436106,1.825158173891757,1.7685355982619158,0.05662258107994878,0.38874207188160675,0.3842494714587738,0.29131707215157926,0.29093856589738715,0.16888623117187687
