{"loss": 2.094319401533357, "mean_logp_gap_policy_chosen_rejected": 2.097169311807725, "mean_logp_gap_base_chosen_rejected": 1.7685355982619158, "mean_gap_improvement": 0.3286336853816696, "top1_accuracy_on_chosen_policy": 0.40882663847780126, "top1_accuracy_on_chosen_base": 0.3842494714587738, "mean_p_chosen_policy": 0.31966510345769483, "mean_p_chosen_base": 0.29093856589738715, "mean_kl": 0.14889348408573524, "mean_ent_pi": 1.4432786524169794, "mean_ent_ref": 1.5195475471448192, "top1_precision": 0.40882663847780126, "top1_recall": 0.40882663847780126, "top1_f1": 0.40882663847780126, "top3_precision": 0.7325581395348837, "top3_recall": 0.7325581395348837, "top3_f1": 0.7325581395348837, "top5_precision": 0.851215644820296, "top5_recall": 0.851215644820296, "top5_f1": 0.851215644820296, "top10_precision": 0.9616807610993657, "top10_recall": 0.9616807610993657, "top10_f1": 0.9616807610993657, "mean_logp_gap_policy_chosen_rejected_cond_on_not_in_top_ten": 1.2014512349987587, "mean_logp_gap_base_chosen_rejected_cond_on_not_in_top_ten": 1.1671066935996564, "mean_gap_improvement_cond_on_not_in_top_ten": 0.03434454139910246, "top1_accuracy_on_chosen_policy_cond_on_not_in_top_ten": 0.1695906432748538, "top1_accuracy_on_chosen_base_cond_on_not_in_top_ten": 0.18128654970760233, "mean_p_chosen_policy_cond_on_not_in_top_ten": 0.1429591831308313, "mean_p_chosen_base_cond_on_not_in_top_ten": 0.1471644329356114, "mean_kl_cond_on_not_in_top_ten": 0.03666855754944828, "mean_ent_pi_cond_on_not_in_top_ten": 1.8241466277698328, "mean_ent_ref_cond_on_not_in_top_ten": 1.816271632386927, "top1_precision_cond_on_not_in_top_ten": 0.1695906432748538, "top1_recall_cond_on_not_in_top_ten": 0.1695906432748538, "top1_f1_cond_on_not_in_top_ten": 0.1695906432748538, "top3_precision_cond_on_not_in_top_ten": 0.45614035087719296, "top3_recall_cond_on_not_in_top_ten": 0.45614035087719296, "top3_f1_cond_on_not_in_top_ten": 0.45614035087719296, "top5_precision_cond_on_not_in_top_ten": 0.631578947368421, "top5_recall_cond_on_not_in_top_ten": 0.631578947368421, "top5_f1_cond_on_not_in_top_ten": 0.631578947368421, "top10_precision_cond_on_not_in_top_ten": 0.8654970760233918, "top10_recall_cond_on_not_in_top_ten": 0.8654970760233918, "top10_f1_cond_on_not_in_top_ten": 0.8654970760233918, "mean_logp_gap_policy_chosen_rejected_cond_on_in_top_ten": 2.139562804597321, "mean_logp_gap_base_chosen_rejected_cond_on_in_top_ten": 1.797000683215131, "mean_gap_improvement_cond_on_in_top_ten": 0.34256212200908626, "top1_accuracy_on_chosen_policy_cond_on_in_top_ten": 0.42014946028231387, "top1_accuracy_on_chosen_base_cond_on_in_top_ten": 0.3938555217270966, "mean_p_chosen_policy_cond_on_in_top_ten": 0.32802843783528, "mean_p_chosen_base_cond_on_in_top_ten": 0.29774326491344755, "mean_kl_cond_on_in_top_ten": 0.15420498725751405, "mean_ent_pi_cond_on_in_top_ten": 1.4252525260177056, "mean_ent_ref_cond_on_in_top_ten": 1.5055038699076773, "top1_precision_cond_on_in_top_ten": 0.42014946028231387, "top1_recall_cond_on_in_top_ten": 0.42014946028231387, "top1_f1_cond_on_in_top_ten": 0.42014946028231387, "top3_precision_cond_on_in_top_ten": 0.7456407417658456, "top3_recall_cond_on_in_top_ten": 0.7456407417658456, "top3_f1_cond_on_in_top_ten": 0.7456407417658456, "top5_precision_cond_on_in_top_ten": 0.8616108497093827, "top5_recall_cond_on_in_top_ten": 0.8616108497093827, "top5_f1_cond_on_in_top_ten": 0.8616108497093827, "top10_precision_cond_on_in_top_ten": 0.9662330473290894, "top10_recall_cond_on_in_top_ten": 0.9662330473290894, "top10_f1_cond_on_in_top_ten": 0.9662330473290893}