dpo_loss,mean_logp_gap_policy_chosen_rejected,mean_logp_gap_base_chosen_rejected,mean_gap_improvement,top1_accuracy_on_chosen_policy,top1_accuracy_on_chosen_base,mean_p_chosen_policy,mean_p_chosen_base,mean_kl
0.6083718548365425,4.561482035836508,1.7685355982619158,2.7929464506800534,0.3583509513742072,0.3842494714587738,0.3317864610957293,0.29093856589738715,0.5846146316155318
