{"loss": 2.095051826432694, "mean_logp_gap_policy_chosen_rejected": 2.103134609428067, "mean_logp_gap_base_chosen_rejected": 1.7685355982619158, "mean_gap_improvement": 0.33459903825917153, "top1_accuracy_on_chosen_policy": 0.40856236786469347, "top1_accuracy_on_chosen_base": 0.3842494714587738, "mean_p_chosen_policy": 0.31964478637022903, "mean_p_chosen_base": 0.29093856589738715, "mean_kl": 0.15495053822091973, "mean_ent_pi": 1.4413877032523932, "mean_ent_ref": 1.5195475471448192, "top1_precision": 0.40856236786469347, "top1_recall": 0.40856236786469347, "top1_f1": 0.40856236786469347, "top3_precision": 0.729122621564482, "top3_recall": 0.729122621564482, "top3_f1": 0.729122621564482, "top5_precision": 0.8520084566596194, "top5_recall": 0.8520084566596194, "top5_f1": 0.8520084566596194, "top10_precision": 0.9608879492600423, "top10_recall": 0.9608879492600423, "top10_f1": 0.9608879492600423, "mean_logp_gap_policy_chosen_rejected_cond_on_not_in_top_ten": 1.2111467942159775, "mean_logp_gap_base_chosen_rejected_cond_on_not_in_top_ten": 1.1671066935996564, "mean_gap_improvement_cond_on_not_in_top_ten": 0.04404010061632123, "top1_accuracy_on_chosen_policy_cond_on_not_in_top_ten": 0.16374269005847952, "top1_accuracy_on_chosen_base_cond_on_not_in_top_ten": 0.18128654970760233, "mean_p_chosen_policy_cond_on_not_in_top_ten": 0.1435144383066956, "mean_p_chosen_base_cond_on_not_in_top_ten": 0.1471644329356114, "mean_kl_cond_on_not_in_top_ten": 0.036613175530246685, "mean_ent_pi_cond_on_not_in_top_ten": 1.8189844189331545, "mean_ent_ref_cond_on_not_in_top_ten": 1.816271632386927, "top1_precision_cond_on_not_in_top_ten": 0.16374269005847952, "top1_recall_cond_on_not_in_top_ten": 0.16374269005847952, "top1_f1_cond_on_not_in_top_ten": 0.16374269005847952, "top3_precision_cond_on_not_in_top_ten": 0.4444444444444444, "top3_recall_cond_on_not_in_top_ten": 0.4444444444444444, "top3_f1_cond_on_not_in_top_ten": 0.4444444444444444, "top5_precision_cond_on_not_in_top_ten": 0.6257309941520468, "top5_recall_cond_on_not_in_top_ten": 0.6257309941520468, "top5_f1_cond_on_not_in_top_ten": 0.6257309941520468, "top10_precision_cond_on_not_in_top_ten": 0.8654970760233918, "top10_recall_cond_on_not_in_top_ten": 0.8654970760233918, "top10_f1_cond_on_not_in_top_ten": 0.8654970760233918, "mean_logp_gap_policy_chosen_rejected_cond_on_in_top_ten": 2.1453516085145217, "mean_logp_gap_base_chosen_rejected_cond_on_in_top_ten": 1.797000683215131, "mean_gap_improvement_cond_on_in_top_ten": 0.348350925612839, "top1_accuracy_on_chosen_policy_cond_on_in_top_ten": 0.42014946028231387, "top1_accuracy_on_chosen_base_cond_on_in_top_ten": 0.3938555217270966, "mean_p_chosen_policy_cond_on_in_top_ten": 0.3279808753076245, "mean_p_chosen_base_cond_on_in_top_ten": 0.29774326491344755, "mean_kl_cond_on_in_top_ten": 0.1605513359114812, "mean_ent_pi_cond_on_in_top_ten": 1.4235163674283327, "mean_ent_ref_cond_on_in_top_ten": 1.5055038699076773, "top1_precision_cond_on_in_top_ten": 0.42014946028231387, "top1_recall_cond_on_in_top_ten": 0.42014946028231387, "top1_f1_cond_on_in_top_ten": 0.42014946028231387, "top3_precision_cond_on_in_top_ten": 0.742596180459452, "top3_recall_cond_on_in_top_ten": 0.742596180459452, "top3_f1_cond_on_in_top_ten": 0.742596180459452, "top5_precision_cond_on_in_top_ten": 0.8627179629117078, "top5_recall_cond_on_in_top_ten": 0.8627179629117078, "top5_f1_cond_on_in_top_ten": 0.8627179629117078, "top10_precision_cond_on_in_top_ten": 0.9654027124273457, "top10_recall_cond_on_in_top_ten": 0.9654027124273457, "top10_f1_cond_on_in_top_ten": 0.9654027124273457}