{"dpo_loss": 0.6887925916191892, "mean_logp_gap_policy_chosen_rejected": 1.9056515619316263, "mean_logp_gap_base_chosen_rejected": 1.7685355982619158, "mean_gap_improvement": 0.13711597924819707, "top1_accuracy_on_chosen_policy": 0.40750528541226216, "top1_accuracy_on_chosen_base": 0.3842494714587738, "mean_p_chosen_policy": 0.3086051719763314, "mean_p_chosen_base": 0.29093856589738715, "mean_kl": 0.1797630735308751}