{"loss": 0.5196930616148935, "mean_logp_gap_policy_chosen_rejected": 2.9839298679763115, "mean_logp_gap_base_chosen_rejected": 1.7685355982619158, "mean_gap_improvement": 1.2153942980045496, "top1_accuracy_on_chosen_policy": 0.3882135306553911, "top1_accuracy_on_chosen_base": 0.3842494714587738, "mean_p_chosen_policy": 0.3419170790444469, "mean_p_chosen_base": 0.29093856589738715, "mean_kl": 0.1631854312301438, "mean_ent_pi": 1.0147668705430142, "mean_ent_ref": 1.5195475471448192}