{"loss": 1.9564937154031958, "mean_logp_gap_policy_chosen_rejected": 1.9947256152271973, "mean_logp_gap_base_chosen_rejected": 1.7685355982619158, "mean_gap_improvement": 0.22619001464977326, "top1_accuracy_on_chosen_policy": 0.41014799154334036, "top1_accuracy_on_chosen_base": 0.3842494714587738, "mean_p_chosen_policy": 0.31374436976037623, "mean_p_chosen_base": 0.29093856589738715, "mean_kl": 0.15448655672450146, "mean_ent_pi": 1.497710147821374, "mean_ent_ref": 1.5195475471448192, "top1_precision": 0.41014799154334036, "top1_recall": 0.41014799154334036, "top1_f1": 0.41014799154334036, "top3_precision": 0.7296511627906976, "top3_recall": 0.7296511627906976, "top3_f1": 0.7296511627906976, "top5_precision": 0.8533298097251586, "top5_recall": 0.8533298097251586, "top5_f1": 0.8533298097251587, "top10_precision": 0.9603594080338267, "top10_recall": 0.9603594080338267, "top10_f1": 0.9603594080338267, "mean_logp_gap_policy_chosen_rejected_cond_on_not_in_top_ten": 1.1322475201205204, "mean_logp_gap_base_chosen_rejected_cond_on_not_in_top_ten": 1.1671066935996564, "mean_gap_improvement_cond_on_not_in_top_ten": -0.03485917347913597, "top1_accuracy_on_chosen_policy_cond_on_not_in_top_ten": 0.16374269005847952, "top1_accuracy_on_chosen_base_cond_on_not_in_top_ten": 0.18128654970760233, "mean_p_chosen_policy_cond_on_not_in_top_ten": 0.13986341878979422, "mean_p_chosen_base_cond_on_not_in_top_ten": 0.1471644329356114, "mean_kl_cond_on_not_in_top_ten": 0.03863265134335621, "mean_ent_pi_cond_on_not_in_top_ten": 1.8896721489073938, "mean_ent_ref_cond_on_not_in_top_ten": 1.816271632386927, "top1_precision_cond_on_not_in_top_ten": 0.16374269005847952, "top1_recall_cond_on_not_in_top_ten": 0.16374269005847952, "top1_f1_cond_on_not_in_top_ten": 0.16374269005847952, "top3_precision_cond_on_not_in_top_ten": 0.4269005847953216, "top3_recall_cond_on_not_in_top_ten": 0.4269005847953216, "top3_f1_cond_on_not_in_top_ten": 0.4269005847953216, "top5_precision_cond_on_not_in_top_ten": 0.631578947368421, "top5_recall_cond_on_not_in_top_ten": 0.631578947368421, "top5_f1_cond_on_not_in_top_ten": 0.631578947368421, "top10_precision_cond_on_not_in_top_ten": 0.8654970760233918, "top10_recall_cond_on_not_in_top_ten": 0.8654970760233918, "top10_f1_cond_on_not_in_top_ten": 0.8654970760233918, "mean_logp_gap_policy_chosen_rejected_cond_on_in_top_ten": 2.035545916396299, "mean_logp_gap_base_chosen_rejected_cond_on_in_top_ten": 1.797000683215131, "mean_gap_improvement_cond_on_in_top_ten": 0.23854523392354487, "top1_accuracy_on_chosen_policy_cond_on_in_top_ten": 0.42181013008580126, "top1_accuracy_on_chosen_base_cond_on_in_top_ten": 0.3938555217270966, "mean_p_chosen_policy_cond_on_in_top_ten": 0.32197399889163997, "mean_p_chosen_base_cond_on_in_top_ten": 0.29774326491344755, "mean_kl_cond_on_in_top_ten": 0.1599698191727383, "mean_ent_pi_cond_on_in_top_ten": 1.479158942945716, "mean_ent_ref_cond_on_in_top_ten": 1.5055038699076773, "top1_precision_cond_on_in_top_ten": 0.42181013008580126, "top1_recall_cond_on_in_top_ten": 0.42181013008580126, "top1_f1_cond_on_in_top_ten": 0.42181013008580126, "top3_precision_cond_on_in_top_ten": 0.7439800719623582, "top3_recall_cond_on_in_top_ten": 0.7439800719623582, "top3_f1_cond_on_in_top_ten": 0.7439800719623582, "top5_precision_cond_on_in_top_ten": 0.8638250761140327, "top5_recall_cond_on_in_top_ten": 0.8638250761140327, "top5_f1_cond_on_in_top_ten": 0.8638250761140328, "top10_precision_cond_on_in_top_ten": 0.9648491558261832, "top10_recall_cond_on_in_top_ten": 0.9648491558261832, "top10_f1_cond_on_in_top_ten": 0.9648491558261832}