{"loss": 0.5621115325873296, "mean_logp_gap_policy_chosen_rejected": 6.144249361614849, "mean_logp_gap_base_chosen_rejected": 1.7685355982619158, "mean_gap_improvement": 4.37571374306467, "top1_accuracy_on_chosen_policy": 0.351215644820296, "top1_accuracy_on_chosen_base": 0.3842494714587738, "mean_p_chosen_policy": 0.34143482342393905, "mean_p_chosen_base": 0.29093856589738715, "mean_kl": 0.8195743933792599, "mean_ent_pi": 0.48735467752492956, "mean_ent_ref": 1.5195475471448192}