loss,mean_logp_gap_policy_chosen_rejected,mean_logp_gap_base_chosen_rejected,mean_gap_improvement,top1_accuracy_on_chosen_policy,top1_accuracy_on_chosen_base,mean_p_chosen_policy,mean_p_chosen_base,mean_kl,mean_ent_pi,mean_ent_ref
1.9564937154031958,1.9947256152271973,1.7685355982619158,0.22619001464977326,0.41014799154334036,0.3842494714587738,0.31374436976037623,0.29093856589738715,0.15448655672450146,1.497710147821374,1.5195475471448192
