{"loss": 1.8769755812074367, "mean_logp_gap_policy_chosen_rejected": 1.936297961823784, "mean_logp_gap_base_chosen_rejected": 1.7685355982619158, "mean_gap_improvement": 0.16776236740529663, "top1_accuracy_on_chosen_policy": 0.40988372093023256, "top1_accuracy_on_chosen_base": 0.3842494714587738, "mean_p_chosen_policy": 0.3101056899253208, "mean_p_chosen_base": 0.29093856589738715, "mean_kl": 0.17176550522005582, "mean_ent_pi": 1.536147295042526, "mean_ent_ref": 1.5195475471448192, "top1_precision": 0.40988372093023256, "top1_recall": 0.40988372093023256, "top1_f1": 0.40988372093023256, "top3_precision": 0.7312367864693446, "top3_recall": 0.7312367864693446, "top3_f1": 0.7312367864693446, "top5_precision": 0.8551797040169133, "top5_recall": 0.8551797040169133, "top5_f1": 0.8551797040169133, "top10_precision": 0.9622093023255814, "top10_recall": 0.9622093023255814, "top10_f1": 0.9622093023255814, "mean_logp_gap_policy_chosen_rejected_cond_on_not_in_top_ten": 1.0906063994469002, "mean_logp_gap_base_chosen_rejected_cond_on_not_in_top_ten": 1.1671066935996564, "mean_gap_improvement_cond_on_not_in_top_ten": -0.07650029415275618, "top1_accuracy_on_chosen_policy_cond_on_not_in_top_ten": 0.1695906432748538, "top1_accuracy_on_chosen_base_cond_on_not_in_top_ten": 0.18128654970760233, "mean_p_chosen_policy_cond_on_not_in_top_ten": 0.13868579559800165, "mean_p_chosen_base_cond_on_not_in_top_ten": 0.1471644329356114, "mean_kl_cond_on_not_in_top_ten": 0.04341489653516975, "mean_ent_pi_cond_on_not_in_top_ten": 1.9341765013005998, "mean_ent_ref_cond_on_not_in_top_ten": 1.816271632386927, "top1_precision_cond_on_not_in_top_ten": 0.1695906432748538, "top1_recall_cond_on_not_in_top_ten": 0.1695906432748538, "top1_f1_cond_on_not_in_top_ten": 0.1695906432748538, "top3_precision_cond_on_not_in_top_ten": 0.4327485380116959, "top3_recall_cond_on_not_in_top_ten": 0.4327485380116959, "top3_f1_cond_on_not_in_top_ten": 0.4327485380116959, "top5_precision_cond_on_not_in_top_ten": 0.6432748538011696, "top5_recall_cond_on_not_in_top_ten": 0.6432748538011696, "top5_f1_cond_on_not_in_top_ten": 0.6432748538011696, "top10_precision_cond_on_not_in_top_ten": 0.8654970760233918, "top10_recall_cond_on_not_in_top_ten": 0.8654970760233918, "top10_f1_cond_on_not_in_top_ten": 0.8654970760233918, "mean_logp_gap_policy_chosen_rejected_cond_on_in_top_ten": 1.976323780122966, "mean_logp_gap_base_chosen_rejected_cond_on_in_top_ten": 1.797000683215131, "mean_gap_improvement_cond_on_in_top_ten": 0.17932309700681864, "top1_accuracy_on_chosen_policy_cond_on_in_top_ten": 0.4212565734846388, "top1_accuracy_on_chosen_base_cond_on_in_top_ten": 0.3938555217270966, "mean_p_chosen_policy_cond_on_in_top_ten": 0.3182188378067398, "mean_p_chosen_base_cond_on_in_top_ten": 0.29774326491344755, "mean_kl_cond_on_in_top_ten": 0.17784022209827247, "mean_ent_pi_cond_on_in_top_ten": 1.517308926626879, "mean_ent_ref_cond_on_in_top_ten": 1.5055038699076773, "top1_precision_cond_on_in_top_ten": 0.4212565734846388, "top1_recall_cond_on_in_top_ten": 0.4212565734846388, "top1_f1_cond_on_in_top_ten": 0.42125657348463885, "top3_precision_cond_on_in_top_ten": 0.7453639634652643, "top3_recall_cond_on_in_top_ten": 0.7453639634652643, "top3_f1_cond_on_in_top_ten": 0.7453639634652643, "top5_precision_cond_on_in_top_ten": 0.8652089676169389, "top5_recall_cond_on_in_top_ten": 0.8652089676169389, "top5_f1_cond_on_in_top_ten": 0.8652089676169389, "top10_precision_cond_on_in_top_ten": 0.9667866039302518, "top10_recall_cond_on_in_top_ten": 0.9667866039302518, "top10_f1_cond_on_in_top_ten": 0.9667866039302517}