loss,mean_logp_gap_policy_chosen_rejected,mean_logp_gap_base_chosen_rejected,mean_gap_improvement,top1_accuracy_on_chosen_policy,top1_accuracy_on_chosen_base,mean_p_chosen_policy,mean_p_chosen_base,mean_kl,mean_ent_pi,mean_ent_ref
1.8751720066554451,1.9224202579978154,1.7685355982619158,0.15388467347143064,0.4117336152219873,0.3842494714587738,0.30995335072341984,0.29093856589738715,0.1647335764879152,1.5383973484563525,1.5195475471448192
