{
  "dpo_loss": 1.8153429570712196,
  "mean_logp_gap_policy_chosen_rejected": 1.8688014886848014,
  "mean_logp_gap_base_chosen_rejected": 1.7685355982619158,
  "mean_gap_improvement": 0.1002658905173961,
  "top1_accuracy_on_chosen_policy": 0.40988372093023256,
  "top1_accuracy_on_chosen_base": 0.3842494714587738,
  "mean_p_chosen_policy": 0.3063875063151184,
  "mean_p_chosen_base": 0.29093856589738715,
  "mean_kl": 0.16026979906929473,
  "mean_ent_pi": 1.5717522654422493,
  "mean_ent_ref": 1.5195475471448192,
  "n_rows": 3784,
  "phase_summary": {
    "kl_pi_ref": {
      "opening": {
        "n": 933,
        "mean": 0.5160738332559542,
        "median": 0.07387494295835495,
        "p90": 2.2596349716186523,
        "p95": 3.265789031982422,
        "p99": 3.471724033355713
      },
      "middlegame": {
        "n": 1550,
        "mean": 0.04915691672035703,
        "median": 0.03864583745598793,
        "p90": 0.09856652468442917,
        "p95": 0.1287015676498413,
        "p99": 0.18255753815174103
      },
      "endgame": {
        "n": 1301,
        "mean": 0.03748716878607013,
        "median": 0.02830999158322811,
        "p90": 0.07811148464679718,
        "p95": 0.10315976291894913,
        "p99": 0.1539035439491272
      }
    },
    "logp_gap_pi": {
      "opening": {
        "n": 933,
        "mean": 2.9243946112492716,
        "median": 2.7839906215667725,
        "p90": 6.991443634033203,
        "p95": 8.065328598022461,
        "p99": 10.42501449584961
      },
      "middlegame": {
        "n": 1550,
        "mean": 1.5607004881289697,
        "median": 1.417386531829834,
        "p90": 4.806276798248291,
        "p95": 5.981393814086914,
        "p99": 7.676698684692383
      },
      "endgame": {
        "n": 1301,
        "mean": 1.4788615778260374,
        "median": 1.3850183486938477,
        "p90": 4.553034782409668,
        "p95": 5.648058891296387,
        "p99": 7.9694366455078125
      }
    },
    "p_chosen_pi": {
      "opening": {
        "n": 933,
        "mean": 0.4031022270018557,
        "median": 0.3456060588359833,
        "p90": 0.866157054901123,
        "p95": 0.9195966720581055,
        "p99": 0.9705196619033813
      },
      "middlegame": {
        "n": 1550,
        "mean": 0.2640513092845832,
        "median": 0.1836971715092659,
        "p90": 0.6641685366630554,
        "p95": 0.7859491109848022,
        "p99": 0.9508493542671204
      },
      "endgame": {
        "n": 1301,
        "mean": 0.28746842569948966,
        "median": 0.20827771723270416,
        "p90": 0.6915234327316284,
        "p95": 0.787086546421051,
        "p99": 0.9327844381332397
      }
    },
    "correct_top1": {
      "opening": {
        "n": 933,
        "mean": 0.5209003215434084,
        "median": 1.0,
        "p90": 1.0,
        "p95": 1.0,
        "p99": 1.0
      },
      "middlegame": {
        "n": 1550,
        "mean": 0.3580645161290323,
        "median": 0.0,
        "p90": 1.0,
        "p95": 1.0,
        "p99": 1.0
      },
      "endgame": {
        "n": 1301,
        "mean": 0.3920061491160646,
        "median": 0.0,
        "p90": 1.0,
        "p95": 1.0,
        "p99": 1.0
      }
    }
  },
  "bootstrap_ci_row": {
    "accuracy_top1": {
      "mean": 0.40988372093023256,
      "lo": 0.3964059196617336,
      "hi": 0.42283298097251587
    },
    "mean_logp_gap_pi": {
      "mean": 1.8688014909215507,
      "lo": 1.7731276847437876,
      "hi": 1.943982298472152
    },
    "mean_p_chosen_pi": {
      "mean": 0.30638750766883494,
      "lo": 0.2990091563426588,
      "hi": 0.315048937674866
    },
    "mrr": {
      "mean": 0.5980731651362284,
      "lo": 0.5868647075750549,
      "hi": 0.6085591030363469
    }
  },
  "bootstrap_ci_cluster_by_game_player_chosen": {
    "accuracy_top1": {
      "mean": 0.40988372093023256,
      "lo": 0.3934856842658261,
      "hi": 0.42723249153866183,
      "n_clusters": 100
    },
    "mean_logp_gap_pi": {
      "mean": 1.8688014909215507,
      "lo": 1.7832873202434987,
      "hi": 1.9647661611770784,
      "n_clusters": 100
    },
    "mean_p_chosen_pi": {
      "mean": 0.30638750766883494,
      "lo": 0.2941803329242116,
      "hi": 0.3169259738254568,
      "n_clusters": 100
    },
    "mrr": {
      "mean": 0.5980731651362284,
      "lo": 0.5859597141978832,
      "hi": 0.61028717087872,
      "n_clusters": 100
    }
  },
  "opening_family_counts_by_game_player_chosen": {
    "Indian Defense (1...Nf6)": 28,
    "Sicilian": 25,
    "French / e6": 16,
    "Open Game (1...e5)": 14,
    "Queen's Pawn (1...d5)": 9,
    "Other": 7,
    "Caro-Kann": 1
  },
  "notes": {
    "opening_family_is_coarse_heuristic_player_chosen": true,
    "precision_recall_f1_equals_accuracy_for_top1_hit": true
  }
}