{"dpo_loss": 1.878440588271643, "mean_logp_gap_policy_chosen_rejected": 1.927238211571288, "mean_logp_gap_base_chosen_rejected": 1.7685355982619158, "mean_gap_improvement": 0.15870261053706325, "top1_accuracy_on_chosen_policy": 0.41120507399577166, "top1_accuracy_on_chosen_base": 0.3842494714587738, "mean_p_chosen_policy": 0.30931310793562117, "mean_p_chosen_base": 0.29093856589738715, "mean_kl": 0.14699033350855048, "mean_ent_pi": 1.5392778181878508, "mean_ent_ref": 1.5195475471448192}