loss,mean_logp_gap_policy_chosen_rejected,mean_logp_gap_base_chosen_rejected,mean_gap_improvement,top1_accuracy_on_chosen_policy,top1_accuracy_on_chosen_base,mean_p_chosen_policy,mean_p_chosen_base,mean_kl,mean_ent_pi,mean_ent_ref
1.8767534633015477,1.9309126175231208,1.7685355982619158,0.16237701604784668,0.4043340380549683,0.3842494714587738,0.31006649432676286,0.29093856589738715,0.15983695998378333,1.5309074514764056,1.5195475471448192
