{"loss": 1.9470549340479975, "mean_logp_gap_policy_chosen_rejected": 1.9879314801153622, "mean_logp_gap_base_chosen_rejected": 1.7685355982619158, "mean_gap_improvement": 0.21939588415320277, "top1_accuracy_on_chosen_policy": 0.4104122621564482, "top1_accuracy_on_chosen_base": 0.3842494714587738, "mean_p_chosen_policy": 0.3136589951167399, "mean_p_chosen_base": 0.29093856589738715, "mean_kl": 0.16772341869188664, "mean_ent_pi": 1.5062366308167923, "mean_ent_ref": 1.5195475471448192, "top1_precision": 0.4104122621564482, "top1_recall": 0.4104122621564482, "top1_f1": 0.4104122621564482, "top3_precision": 0.7309725158562368, "top3_recall": 0.7309725158562368, "top3_f1": 0.7309725158562368, "top5_precision": 0.8522727272727273, "top5_recall": 0.8522727272727273, "top5_f1": 0.8522727272727273, "top10_precision": 0.9622093023255814, "top10_recall": 0.9622093023255814, "top10_f1": 0.9622093023255814, "mean_logp_gap_policy_chosen_rejected_cond_on_not_in_top_ten": 1.1249517791452464, "mean_logp_gap_base_chosen_rejected_cond_on_not_in_top_ten": 1.1671066935996564, "mean_gap_improvement_cond_on_not_in_top_ten": -0.04215491445440995, "top1_accuracy_on_chosen_policy_cond_on_not_in_top_ten": 0.16374269005847952, "top1_accuracy_on_chosen_base_cond_on_not_in_top_ten": 0.18128654970760233, "mean_p_chosen_policy_cond_on_not_in_top_ten": 0.13989491013153757, "mean_p_chosen_base_cond_on_not_in_top_ten": 0.1471644329356114, "mean_kl_cond_on_not_in_top_ten": 0.042866770396954024, "mean_ent_pi_cond_on_not_in_top_ten": 1.9025677494835436, "mean_ent_ref_cond_on_not_in_top_ten": 1.816271632386927, "top1_precision_cond_on_not_in_top_ten": 0.16374269005847952, "top1_recall_cond_on_not_in_top_ten": 0.16374269005847952, "top1_f1_cond_on_not_in_top_ten": 0.16374269005847952, "top3_precision_cond_on_not_in_top_ten": 0.4269005847953216, "top3_recall_cond_on_not_in_top_ten": 0.4269005847953216, "top3_f1_cond_on_not_in_top_ten": 0.4269005847953216, "top5_precision_cond_on_not_in_top_ten": 0.6257309941520468, "top5_recall_cond_on_not_in_top_ten": 0.6257309941520468, "top5_f1_cond_on_not_in_top_ten": 0.6257309941520468, "top10_precision_cond_on_not_in_top_ten": 0.8713450292397661, "top10_recall_cond_on_not_in_top_ten": 0.8713450292397661, "top10_f1_cond_on_not_in_top_ten": 0.8713450292397661, "mean_logp_gap_policy_chosen_rejected_cond_on_in_top_ten": 2.028775528258905, "mean_logp_gap_base_chosen_rejected_cond_on_in_top_ten": 1.797000683215131, "mean_gap_improvement_cond_on_in_top_ten": 0.23177484542321142, "top1_accuracy_on_chosen_policy_cond_on_in_top_ten": 0.4220869083863825, "top1_accuracy_on_chosen_base_cond_on_in_top_ten": 0.3938555217270966, "mean_p_chosen_policy_cond_on_in_top_ten": 0.3218830918915193, "mean_p_chosen_base_cond_on_in_top_ten": 0.29774326491344755, "mean_kl_cond_on_in_top_ten": 0.1736327705032664, "mean_ent_pi_cond_on_in_top_ten": 1.487478641430192, "mean_ent_ref_cond_on_in_top_ten": 1.5055038699076773, "top1_precision_cond_on_in_top_ten": 0.4220869083863825, "top1_recall_cond_on_in_top_ten": 0.4220869083863825, "top1_f1_cond_on_in_top_ten": 0.42208690838638246, "top3_precision_cond_on_in_top_ten": 0.7453639634652643, "top3_recall_cond_on_in_top_ten": 0.7453639634652643, "top3_f1_cond_on_in_top_ten": 0.7453639634652643, "top5_precision_cond_on_in_top_ten": 0.8629947412122889, "top5_recall_cond_on_in_top_ten": 0.8629947412122889, "top5_f1_cond_on_in_top_ten": 0.8629947412122889, "top10_precision_cond_on_in_top_ten": 0.9665098256296706, "top10_recall_cond_on_in_top_ten": 0.9665098256296706, "top10_f1_cond_on_in_top_ten": 0.9665098256296706}