{"loss": 2.0982137588315486, "mean_logp_gap_policy_chosen_rejected": 2.0934368927685454, "mean_logp_gap_base_chosen_rejected": 1.7685355982619158, "mean_gap_improvement": 0.3249012908679738, "top1_accuracy_on_chosen_policy": 0.4082980972515856, "top1_accuracy_on_chosen_base": 0.3842494714587738, "mean_p_chosen_policy": 0.3187402379059136, "mean_p_chosen_base": 0.29093856589738715, "mean_kl": 0.148135238970939, "mean_ent_pi": 1.443338597803741, "mean_ent_ref": 1.5195475471448192, "top1_precision": 0.4082980972515856, "top1_recall": 0.4082980972515856, "top1_f1": 0.4082980972515856, "top3_precision": 0.7278012684989429, "top3_recall": 0.7278012684989429, "top3_f1": 0.7278012684989429, "top5_precision": 0.8535940803382663, "top5_recall": 0.8535940803382663, "top5_f1": 0.8535940803382663, "top10_precision": 0.9608879492600423, "top10_recall": 0.9608879492600423, "top10_f1": 0.9608879492600423, "mean_logp_gap_policy_chosen_rejected_cond_on_not_in_top_ten": 1.2080457001401668, "mean_logp_gap_base_chosen_rejected_cond_on_not_in_top_ten": 1.1671066935996564, "mean_gap_improvement_cond_on_not_in_top_ten": 0.040939006540510386, "top1_accuracy_on_chosen_policy_cond_on_not_in_top_ten": 0.1695906432748538, "top1_accuracy_on_chosen_base_cond_on_not_in_top_ten": 0.18128654970760233, "mean_p_chosen_policy_cond_on_not_in_top_ten": 0.14283789199816432, "mean_p_chosen_base_cond_on_not_in_top_ten": 0.1471644329356114, "mean_kl_cond_on_not_in_top_ten": 0.035586831640188, "mean_ent_pi_cond_on_not_in_top_ten": 1.8164526688599447, "mean_ent_ref_cond_on_not_in_top_ten": 1.816271632386927, "top1_precision_cond_on_not_in_top_ten": 0.1695906432748538, "top1_recall_cond_on_not_in_top_ten": 0.1695906432748538, "top1_f1_cond_on_not_in_top_ten": 0.1695906432748538, "top3_precision_cond_on_not_in_top_ten": 0.4327485380116959, "top3_recall_cond_on_not_in_top_ten": 0.4327485380116959, "top3_f1_cond_on_not_in_top_ten": 0.4327485380116959, "top5_precision_cond_on_not_in_top_ten": 0.631578947368421, "top5_recall_cond_on_not_in_top_ten": 0.631578947368421, "top5_f1_cond_on_not_in_top_ten": 0.631578947368421, "top10_precision_cond_on_not_in_top_ten": 0.8654970760233918, "top10_recall_cond_on_not_in_top_ten": 0.8654970760233918, "top10_f1_cond_on_not_in_top_ten": 0.8654970760233918, "mean_logp_gap_policy_chosen_rejected_cond_on_in_top_ten": 2.135341643635467, "mean_logp_gap_base_chosen_rejected_cond_on_in_top_ten": 1.797000683215131, "mean_gap_improvement_cond_on_in_top_ten": 0.3383409613936752, "top1_accuracy_on_chosen_policy_cond_on_in_top_ten": 0.4195959036811514, "top1_accuracy_on_chosen_base_cond_on_in_top_ten": 0.3938555217270966, "mean_p_chosen_policy_cond_on_in_top_ten": 0.3270655354933166, "mean_p_chosen_base_cond_on_in_top_ten": 0.29774326491344755, "mean_kl_cond_on_in_top_ten": 0.15346205071442728, "mean_ent_pi_cond_on_in_top_ten": 1.4256794436766702, "mean_ent_ref_cond_on_in_top_ten": 1.5055038699076773, "top1_precision_cond_on_in_top_ten": 0.4195959036811514, "top1_recall_cond_on_in_top_ten": 0.4195959036811514, "top1_f1_cond_on_in_top_ten": 0.4195959036811514, "top3_precision_cond_on_in_top_ten": 0.7417658455577083, "top3_recall_cond_on_in_top_ten": 0.7417658455577083, "top3_f1_cond_on_in_top_ten": 0.7417658455577082, "top5_precision_cond_on_in_top_ten": 0.8641018544146138, "top5_recall_cond_on_in_top_ten": 0.8641018544146138, "top5_f1_cond_on_in_top_ten": 0.8641018544146138, "top10_precision_cond_on_in_top_ten": 0.9654027124273457, "top10_recall_cond_on_in_top_ten": 0.9654027124273457, "top10_f1_cond_on_in_top_ten": 0.9654027124273457}