{"loss": 0.5371562154298101, "mean_logp_gap_policy_chosen_rejected": 2.7023521946550173, "mean_logp_gap_base_chosen_rejected": 1.7685355982619158, "mean_gap_improvement": 0.9338166286526977, "top1_accuracy_on_chosen_policy": 0.3845137420718816, "top1_accuracy_on_chosen_base": 0.3842494714587738, "mean_p_chosen_policy": 0.33383888107021564, "mean_p_chosen_base": 0.29093856589738715, "mean_kl": 0.12648649063221243, "mean_ent_pi": 1.0891558519125488, "mean_ent_ref": 1.5195475471448192}