loss,mean_logp_gap_policy_chosen_rejected,mean_logp_gap_base_chosen_rejected,mean_gap_improvement,top1_accuracy_on_chosen_policy,top1_accuracy_on_chosen_base,mean_p_chosen_policy,mean_p_chosen_base,mean_kl,mean_ent_pi,mean_ent_ref
0.5186656108618287,3.78540564112633,1.7685355982619158,2.016870089174577,0.3858350951374207,0.3842494714587738,0.35528562109263706,0.29093856589738715,0.31276975606763086,0.8491830417520148,1.5195475471448192
