loss,mean_logp_gap_policy_chosen_rejected,mean_logp_gap_base_chosen_rejected,mean_gap_improvement,top1_accuracy_on_chosen_policy,top1_accuracy_on_chosen_base,mean_p_chosen_policy,mean_p_chosen_base,mean_kl,mean_ent_pi,mean_ent_ref
0.5196930616148935,2.9839298679763115,1.7685355982619158,1.2153942980045496,0.3882135306553911,0.3842494714587738,0.3419170790444469,0.29093856589738715,0.1631854312301438,1.0147668705430142,1.5195475471448192
