loss,mean_logp_gap_policy_chosen_rejected,mean_logp_gap_base_chosen_rejected,mean_gap_improvement,top1_accuracy_on_chosen_policy,top1_accuracy_on_chosen_base,mean_p_chosen_policy,mean_p_chosen_base,mean_kl,mean_ent_pi,mean_ent_ref
0.6554740396412936,2.8388198457863063,1.7685355982619158,1.0702841975598205,0.3834566596194503,0.3842494714587738,0.3205666713747363,0.29093856589738715,0.3504745580618276,1.2133623842961188,1.5195475471448192
