{"loss": 1.8316941084871836, "mean_logp_gap_policy_chosen_rejected": 1.8845534002050033, "mean_logp_gap_base_chosen_rejected": 1.7685355982619158, "mean_gap_improvement": 0.11601780931490924, "top1_accuracy_on_chosen_policy": 0.4119978858350951, "top1_accuracy_on_chosen_base": 0.3842494714587738, "mean_p_chosen_policy": 0.30777819643691023, "mean_p_chosen_base": 0.29093856589738715, "mean_kl": 0.15988843246947887, "mean_ent_pi": 1.5600756757103111, "mean_ent_ref": 1.5195475471448192, "top1_precision": 0.4119978858350951, "top1_recall": 0.4119978858350951, "top1_f1": 0.4119978858350951, "top3_precision": 0.7309725158562368, "top3_recall": 0.7309725158562368, "top3_f1": 0.7309725158562368, "top5_precision": 0.8533298097251586, "top5_recall": 0.8533298097251586, "top5_f1": 0.8533298097251587, "top10_precision": 0.9608879492600423, "top10_recall": 0.9608879492600423, "top10_f1": 0.9608879492600423}