{"dpo_loss": 1.8321950667504276, "mean_logp_gap_policy_chosen_rejected": 1.8825901007047414, "mean_logp_gap_base_chosen_rejected": 1.7685355982619158, "mean_gap_improvement": 0.11405449987528944, "top1_accuracy_on_chosen_policy": 0.4082980972515856, "top1_accuracy_on_chosen_base": 0.3842494714587738, "mean_p_chosen_policy": 0.3073037714711203, "mean_p_chosen_base": 0.29093856589738715, "mean_kl": 0.16273899610305942, "mean_ent_pi": 1.5638314130190312, "mean_ent_ref": 1.5195475471448192}