{
  "loss": 0.5149531760125029,
  "mean_logp_gap_policy_chosen_rejected": 3.1057506594294977,
  "mean_logp_gap_base_chosen_rejected": 1.7685355982619158,
  "mean_gap_improvement": 1.337215089883033,
  "top1_accuracy_on_chosen_policy": 0.3879492600422833,
  "top1_accuracy_on_chosen_base": 0.3842494714587738,
  "mean_p_chosen_policy": 0.34504047578031366,
  "mean_p_chosen_base": 0.29093856589738715,
  "mean_kl": 0.19051295295200188,
  "mean_ent_pi": 0.9806202186338493,
  "mean_ent_ref": 1.5195475471448192,
  "n_rows": 3784,
  "phase_summary": {
    "kl_pi_ref": {
      "opening": {
        "n": 933,
        "mean": 0.39868261872107985,
        "median": 0.1994316726922989,
        "p90": 0.9122476577758789,
        "p95": 1.443185567855835,
        "p99": 3.4673478603363037
      },
      "middlegame": {
        "n": 1550,
        "mean": 0.12447860135479019,
        "median": 0.10826973244547844,
        "p90": 0.23118838667869568,
        "p95": 0.266309529542923,
        "p99": 0.3659937083721161
      },
      "endgame": {
        "n": 1301,
        "mean": 0.11989876958309816,
        "median": 0.10503649711608887,
        "p90": 0.21399056911468506,
        "p95": 0.26955559849739075,
        "p99": 0.35458827018737793
      }
    },
    "logp_gap_pi": {
      "opening": {
        "n": 933,
        "mean": 4.609415948582615,
        "median": 4.389373779296875,
        "p90": 11.274154663085938,
        "p95": 13.763633728027344,
        "p99": 17.247365951538086
      },
      "middlegame": {
        "n": 1550,
        "mean": 2.6083910507925094,
        "median": 2.374166488647461,
        "p90": 8.171611785888672,
        "p95": 9.908713340759277,
        "p99": 13.4865083694458
      },
      "endgame": {
        "n": 1301,
        "mean": 2.6199610968171223,
        "median": 2.407407760620117,
        "p90": 7.962063789367676,
        "p95": 9.93143081665039,
        "p99": 14.132208824157715
      }
    },
    "p_chosen_pi": {
      "opening": {
        "n": 933,
        "mean": 0.4202703488294652,
        "median": 0.3223234713077545,
        "p90": 0.979296088218689,
        "p95": 0.9905439019203186,
        "p99": 0.999356210231781
      },
      "middlegame": {
        "n": 1550,
        "mean": 0.3089582673267506,
        "median": 0.1660475805401802,
        "p90": 0.8678023815155029,
        "p95": 0.9565122723579407,
        "p99": 0.9954637885093689
      },
      "endgame": {
        "n": 1301,
        "mean": 0.33407810674603705,
        "median": 0.18917641043663025,
        "p90": 0.8996546864509583,
        "p95": 0.964792788028717,
        "p99": 0.9969096779823303
      }
    },
    "correct_top1": {
      "opening": {
        "n": 933,
        "mean": 0.46516613076098606,
        "median": 0.0,
        "p90": 1.0,
        "p95": 1.0,
        "p99": 1.0
      },
      "middlegame": {
        "n": 1550,
        "mean": 0.3464516129032258,
        "median": 0.0,
        "p90": 1.0,
        "p95": 1.0,
        "p99": 1.0
      },
      "endgame": {
        "n": 1301,
        "mean": 0.38201383551114526,
        "median": 0.0,
        "p90": 1.0,
        "p95": 1.0,
        "p99": 1.0
      }
    }
  },
  "bootstrap_ci_row": {
    "accuracy_top1": {
      "mean": 0.3879492600422833,
      "lo": 0.36971458773784355,
      "hi": 0.4011627906976744
    },
    "mean_logp_gap_pi": {
      "mean": 3.1057506859712065,
      "lo": 2.9595953896326694,
      "hi": 3.2290213318978758
    },
    "mean_p_chosen_pi": {
      "mean": 0.3450404774553246,
      "lo": 0.3367816384666993,
      "hi": 0.3568913858380067
    },
    "mrr": {
      "mean": 0.5802542922791356,
      "lo": 0.5669465792407319,
      "hi": 0.5912266480196627
    }
  },
  "bootstrap_ci_cluster_by_game_player_chosen": {
    "accuracy_top1": {
      "mean": 0.3879492600422833,
      "lo": 0.36984502232729183,
      "hi": 0.40298507462686567,
      "n_clusters": 100
    },
    "mean_logp_gap_pi": {
      "mean": 3.1057506859712065,
      "lo": 2.963530147962867,
      "hi": 3.2562821253384957,
      "n_clusters": 100
    },
    "mean_p_chosen_pi": {
      "mean": 0.3450404774553246,
      "lo": 0.33361809098698303,
      "hi": 0.35708233850541893,
      "n_clusters": 100
    },
    "mrr": {
      "mean": 0.5802542922791356,
      "lo": 0.5661914402263162,
      "hi": 0.592253140382809,
      "n_clusters": 100
    }
  },
  "opening_family_counts_by_game_player_chosen": {
    "Indian Defense (1...Nf6)": 28,
    "Sicilian": 25,
    "French / e6": 16,
    "Open Game (1...e5)": 14,
    "Queen's Pawn (1...d5)": 9,
    "Other": 7,
    "Caro-Kann": 1
  },
  "notes": {
    "opening_family_is_coarse_heuristic_player_chosen": true,
    "precision_recall_f1_equals_accuracy_for_top1_hit": true
  }
}