loss,mean_logp_gap_policy_chosen_rejected,mean_logp_gap_base_chosen_rejected,mean_gap_improvement,top1_accuracy_on_chosen_policy,top1_accuracy_on_chosen_base,mean_p_chosen_policy,mean_p_chosen_base,mean_kl,mean_ent_pi,mean_ent_ref
1.8731308084209677,1.916613930123553,1.7685355982619158,0.14807832680532343,0.40882663847780126,0.3842494714587738,0.30933224068005544,0.29093856589738715,0.15979200405468397,1.543571653124142,1.5195475471448192
