loss,mean_logp_gap_policy_chosen_rejected,mean_logp_gap_base_chosen_rejected,mean_gap_improvement,top1_accuracy_on_chosen_policy,top1_accuracy_on_chosen_base,mean_p_chosen_policy,mean_p_chosen_base,mean_kl,mean_ent_pi,mean_ent_ref
0.5149531760125029,3.1057506594294977,1.7685355982619158,1.337215089883033,0.3879492600422833,0.3842494714587738,0.34504047578031366,0.29093856589738715,0.19051295295200188,0.9806202186338493,1.5195475471448192
