{
  "loss": 0.5371562154298101,
  "mean_logp_gap_policy_chosen_rejected": 2.7023521946550173,
  "mean_logp_gap_base_chosen_rejected": 1.7685355982619158,
  "mean_gap_improvement": 0.9338166286526977,
  "top1_accuracy_on_chosen_policy": 0.3845137420718816,
  "top1_accuracy_on_chosen_base": 0.3842494714587738,
  "mean_p_chosen_policy": 0.33383888107021564,
  "mean_p_chosen_base": 0.29093856589738715,
  "mean_kl": 0.12648649063221243,
  "mean_ent_pi": 1.0891558519125488,
  "mean_ent_ref": 1.5195475471448192,
  "n_rows": 3784,
  "phase_summary": {
    "kl_pi_ref": {
      "opening": {
        "n": 933,
        "mean": 0.26057366289820777,
        "median": 0.12776052951812744,
        "p90": 0.48354241251945496,
        "p95": 0.7716575264930725,
        "p99": 2.700895071029663
      },
      "middlegame": {
        "n": 1550,
        "mean": 0.08458911523624744,
        "median": 0.07204053550958633,
        "p90": 0.15625980496406555,
        "p95": 0.1851036697626114,
        "p99": 0.2555965185165405
      },
      "endgame": {
        "n": 1301,
        "mean": 0.08024329122996672,
        "median": 0.07102186977863312,
        "p90": 0.143039733171463,
        "p95": 0.17742352187633514,
        "p99": 0.24732299149036407
      }
    },
    "logp_gap_pi": {
      "opening": {
        "n": 933,
        "mean": 3.7810169248207846,
        "median": 3.5572071075439453,
        "p90": 9.336629867553711,
        "p95": 11.498456954956055,
        "p99": 14.12132453918457
      },
      "middlegame": {
        "n": 1550,
        "mean": 2.357762245516623,
        "median": 2.1816574335098267,
        "p90": 7.362026214599609,
        "p95": 9.01734447479248,
        "p99": 12.193836212158203
      },
      "endgame": {
        "n": 1301,
        "mean": 2.3393393666308078,
        "median": 2.1750869750976562,
        "p90": 7.128504753112793,
        "p95": 9.042386054992676,
        "p99": 12.446778297424316
      }
    },
    "p_chosen_pi": {
      "opening": {
        "n": 933,
        "mean": 0.397310959822229,
        "median": 0.292507529258728,
        "p90": 0.9628186821937561,
        "p95": 0.9804899096488953,
        "p99": 0.9974390268325806
      },
      "middlegame": {
        "n": 1550,
        "mean": 0.30199609086747986,
        "median": 0.1735646352171898,
        "p90": 0.8344895839691162,
        "p95": 0.9356077909469604,
        "p99": 0.992046594619751
      },
      "endgame": {
        "n": 1301,
        "mean": 0.32625768929651233,
        "median": 0.19761872291564941,
        "p90": 0.8765144348144531,
        "p95": 0.9520560503005981,
        "p99": 0.9945871829986572
      }
    },
    "correct_top1": {
      "opening": {
        "n": 933,
        "mean": 0.45444801714898175,
        "median": 0.0,
        "p90": 1.0,
        "p95": 1.0,
        "p99": 1.0
      },
      "middlegame": {
        "n": 1550,
        "mean": 0.34774193548387095,
        "median": 0.0,
        "p90": 1.0,
        "p95": 1.0,
        "p99": 1.0
      },
      "endgame": {
        "n": 1301,
        "mean": 0.3781706379707917,
        "median": 0.0,
        "p90": 1.0,
        "p95": 1.0,
        "p99": 1.0
      }
    }
  },
  "bootstrap_ci_row": {
    "accuracy_top1": {
      "mean": 0.3845137420718816,
      "lo": 0.37077167019027485,
      "hi": 0.39667019027484146
    },
    "mean_logp_gap_pi": {
      "mean": 2.7023522165420824,
      "lo": 2.5765802350296907,
      "hi": 2.816950094506113
    },
    "mean_p_chosen_pi": {
      "mean": 0.3338388795278795,
      "lo": 0.32579095587646295,
      "hi": 0.34484375456793115
    },
    "mrr": {
      "mean": 0.5777929498755427,
      "lo": 0.5637053397167834,
      "hi": 0.5879484342555901
    }
  },
  "bootstrap_ci_cluster_by_game_player_chosen": {
    "accuracy_top1": {
      "mean": 0.3845137420718816,
      "lo": 0.3669556080903599,
      "hi": 0.40076231962973047,
      "n_clusters": 100
    },
    "mean_logp_gap_pi": {
      "mean": 2.7023522165420824,
      "lo": 2.5854402541645407,
      "hi": 2.824378213053309,
      "n_clusters": 100
    },
    "mean_p_chosen_pi": {
      "mean": 0.3338388795278795,
      "lo": 0.3224188744780706,
      "hi": 0.34609664223089054,
      "n_clusters": 100
    },
    "mrr": {
      "mean": 0.5777929498755427,
      "lo": 0.5626178952962066,
      "hi": 0.5893770842476801,
      "n_clusters": 100
    }
  },
  "opening_family_counts_by_game_player_chosen": {
    "Indian Defense (1...Nf6)": 28,
    "Sicilian": 25,
    "French / e6": 16,
    "Open Game (1...e5)": 14,
    "Queen's Pawn (1...d5)": 9,
    "Other": 7,
    "Caro-Kann": 1
  },
  "notes": {
    "opening_family_is_coarse_heuristic_player_chosen": true,
    "precision_recall_f1_equals_accuracy_for_top1_hit": true
  }
}