loss,mean_logp_gap_policy_chosen_rejected,mean_logp_gap_base_chosen_rejected,mean_gap_improvement,top1_accuracy_on_chosen_policy,top1_accuracy_on_chosen_base,mean_p_chosen_policy,mean_p_chosen_base,mean_kl,mean_ent_pi,mean_ent_ref
0.8222664140999695,3.229932343732983,1.7685355982619158,1.4613967233556018,0.37790697674418605,0.3842494714587738,0.3457292068206231,0.29093856589738715,0.2333366653820929,0.8708800561332299,1.5195475471448192
