{"loss": 1.0527207460766363, "mean_logp_gap_policy_chosen_rejected": 3.7557443753357416, "mean_logp_gap_base_chosen_rejected": 1.7685355982619158, "mean_gap_improvement": 1.9872088203596514, "top1_accuracy_on_chosen_policy": 0.38847780126849896, "top1_accuracy_on_chosen_base": 0.3842494714587738, "mean_p_chosen_policy": 0.35976638564599744, "mean_p_chosen_base": 0.29093856589738715, "mean_kl": 0.2836125468476882, "mean_ent_pi": 0.8094633434590023, "mean_ent_ref": 1.5195475471448192}