{
  "white_first_move_probs": {
    "e2e4": 0.012418678030371666,
    "d2d4": 0.01603507623076439,
    "c2c4": 5.625720405078027e-06,
    "g1f3": 0.9630635380744934,
    "g2g3": 0.006207695696502924,
    "b2b3": 0.00034262065310031176,
    "f2f4": 0.00028014866984449327,
    "b2b4": 4.1737746414582944e-07,
    "a2a4": 1.9883491120253893e-07
  },
  "white_other_mass": 0.0016460007121423814,
  "black_reply_probs_cond_on_white": {
    "e2e4": {
      "fen_after_white": "rnbqkbnr/pppppppp/8/8/4P3/8/PPPP1PPP/RNBQKBNR b KQkq - 0 1",
      "black_reply_probs": {
        "c7c5": 0.0007734484970569611,
        "e7e5": 0.1911211758852005,
        "e7e6": 0.08979513496160507,
        "c7c6": 0.0005651341052725911,
        "d7d5": 0.03930869325995445,
        "g8f6": 0.6132452487945557,
        "g7g6": 0.048370905220508575,
        "d7d6": 0.007735064718872309
      },
      "other_mass": 0.009085194556973875
    },
    "d2d4": {
      "fen_after_white": "rnbqkbnr/pppppppp/8/8/3P4/8/PPP1PPPP/RNBQKBNR b KQkq - 0 1",
      "black_reply_probs": {
        "c7c5": 6.834419309598161e-06,
        "e7e5": 0.0012831388739868999,
        "e7e6": 0.0017876159399747849,
        "c7c6": 2.305396083102096e-05,
        "d7d5": 0.049587879329919815,
        "g8f6": 0.937396228313446,
        "g7g6": 0.008665851317346096,
        "d7d6": 0.0006613769219256938
      },
      "other_mass": 0.0005880209232600464
    },
    "c2c4": {
      "fen_after_white": "rnbqkbnr/pppppppp/8/8/2P5/8/PP1PPPPP/RNBQKBNR b KQkq - 0 1",
      "black_reply_probs": {
        "c7c5": 0.00016806760686449707,
        "e7e5": 0.01540527306497097,
        "e7e6": 0.0007312717498280108,
        "c7c6": 3.3126048947451636e-05,
        "d7d5": 0.004007190000265837,
        "g8f6": 0.9633471965789795,
        "g7g6": 0.011046883650124073,
        "d7d6": 0.0008630238007754087
      },
      "other_mass": 0.00439796749924426
    },
    "g1f3": {
      "fen_after_white": "rnbqkbnr/pppppppp/8/8/8/5N2/PPPPPPPP/RNBQKB1R b KQkq - 1 1",
      "black_reply_probs": {
        "c7c5": 1.664019919189741e-06,
        "e7e5": 0.0009321848046965897,
        "e7e6": 8.953322685556486e-05,
        "c7c6": 1.1364751344444812e-06,
        "d7d5": 0.0059629762545228004,
        "g8f6": 0.9756611585617065,
        "g7g6": 0.016178840771317482,
        "d7d6": 0.00010982212552335113
      },
      "other_mass": 0.0010626837603240347
    },
    "g2g3": {
      "fen_after_white": "rnbqkbnr/pppppppp/8/8/8/6P1/PPPPPP1P/RNBQKBNR b KQkq - 0 1",
      "black_reply_probs": {
        "c7c5": 1.0093323908222374e-05,
        "e7e5": 0.017331788316369057,
        "e7e6": 0.0003230961738154292,
        "c7c6": 7.60960347179207e-06,
        "d7d5": 0.019511869177222252,
        "g8f6": 0.9466897249221802,
        "g7g6": 0.013749513775110245,
        "d7d6": 0.00032271986128762364
      },
      "other_mass": 0.0020535848466352036
    },
    "b2b3": {
      "fen_after_white": "rnbqkbnr/pppppppp/8/8/8/1P6/P1PPPPPP/RNBQKBNR b KQkq - 0 1",
      "black_reply_probs": {
        "c7c5": 4.218561116431374e-06,
        "e7e5": 0.011336047202348709,
        "e7e6": 0.0006354565848596394,
        "c7c6": 6.394273896148661e-06,
        "d7d5": 0.015809185802936554,
        "g8f6": 0.9435730576515198,
        "g7g6": 0.02448280155658722,
        "d7d6": 0.00020062323892489076
      },
      "other_mass": 0.003952215127810632
    },
    "f2f4": {
      "fen_after_white": "rnbqkbnr/pppppppp/8/8/5P2/8/PPPPP1PP/RNBQKBNR b KQkq - 0 1",
      "black_reply_probs": {
        "c7c5": 1.2666847396758385e-05,
        "e7e5": 0.0108176339417696,
        "e7e6": 0.001426798407919705,
        "c7c6": 1.3679576113645453e-05,
        "d7d5": 0.01812588982284069,
        "g8f6": 0.9441888332366943,
        "g7g6": 0.021242324262857437,
        "d7d6": 0.0007669288897886872
      },
      "other_mass": 0.0034052450146191404
    },
    "b2b4": {
      "fen_after_white": "rnbqkbnr/pppppppp/8/8/1P6/8/P1PPPPPP/RNBQKBNR b KQkq - 0 1",
      "black_reply_probs": {
        "c7c5": 2.1049311271781335e-06,
        "e7e5": 0.01764209009706974,
        "e7e6": 0.002499676076695323,
        "c7c6": 2.591002885310445e-05,
        "d7d5": 0.013893150724470615,
        "g8f6": 0.9425883293151855,
        "g7g6": 0.02053055353462696,
        "d7d6": 0.0004140294622629881
      },
      "other_mass": 0.002404155829708543
    },
    "a2a4": {
      "fen_after_white": "rnbqkbnr/pppppppp/8/8/P7/8/1PPPPPPP/RNBQKBNR b KQkq - 0 1",
      "black_reply_probs": {
        "c7c5": 3.438018438828294e-06,
        "e7e5": 0.010207406245172024,
        "e7e6": 0.00030991825042292476,
        "c7c6": 4.152202109253267e-06,
        "d7d5": 0.016607234254479408,
        "g8f6": 0.9656080603599548,
        "g7g6": 0.00531772943213582,
        "d7d6": 0.00042606572969816625
      },
      "other_mass": 0.001515995507588741
    }
  },
  "meta": {
    "elo_self": 2800,
    "elo_oppo": 2800,
    "temperature": 1.0,
    "maia_type": "blitz",
    "white_moves_probed": [
      "e2e4",
      "d2d4",
      "c2c4",
      "g1f3",
      "g2g3",
      "b2b3",
      "f2f4",
      "b2b4",
      "a2a4"
    ],
    "black_replies_probed": [
      "c7c5",
      "e7e5",
      "e7e6",
      "c7c6",
      "d7d5",
      "g8f6",
      "g7g6",
      "d7d6"
    ]
  }
}