{
  "white_first_move_probs": {
    "e2e4": 0.8612240552902222,
    "d2d4": 0.01700650155544281,
    "c2c4": 0.004277010448276997,
    "g1f3": 0.11459214240312576,
    "g2g3": 0.0002870866737794131,
    "b2b3": 0.00012723841064143926,
    "f2f4": 8.335161692230031e-05,
    "b2b4": 4.069035639986396e-06,
    "a2a4": 5.600230906566139e-06
  },
  "white_other_mass": 0.002392944335042557,
  "black_reply_probs_cond_on_white": {
    "e2e4": {
      "fen_after_white": "rnbqkbnr/pppppppp/8/8/4P3/8/PPPP1PPP/RNBQKBNR b KQkq - 0 1",
      "black_reply_probs": {
        "c7c5": 0.2112923264503479,
        "e7e5": 0.5228537917137146,
        "e7e6": 0.06200192868709564,
        "c7c6": 0.00825691781938076,
        "d7d5": 0.05980446934700012,
        "g8f6": 0.0918378010392189,
        "g7g6": 0.006602938752621412,
        "d7d6": 0.011978005059063435
      },
      "other_mass": 0.025371821131557226
    },
    "d2d4": {
      "fen_after_white": "rnbqkbnr/pppppppp/8/8/3P4/8/PPP1PPPP/RNBQKBNR b KQkq - 0 1",
      "black_reply_probs": {
        "c7c5": 0.008704302832484245,
        "e7e5": 0.029246032238006592,
        "e7e6": 0.012606038711965084,
        "c7c6": 0.0006271569873206317,
        "d7d5": 0.14814335107803345,
        "g8f6": 0.7737294435501099,
        "g7g6": 0.006403861567378044,
        "d7d6": 0.017108719795942307
      },
      "other_mass": 0.003431093238759786
    },
    "c2c4": {
      "fen_after_white": "rnbqkbnr/pppppppp/8/8/2P5/8/PP1PPPPP/RNBQKBNR b KQkq - 0 1",
      "black_reply_probs": {
        "c7c5": 0.018737901002168655,
        "e7e5": 0.6706733703613281,
        "e7e6": 0.002518346766009927,
        "c7c6": 0.0005061501287855208,
        "d7d5": 0.01122609619051218,
        "g8f6": 0.28458282351493835,
        "g7g6": 0.002536365995183587,
        "d7d6": 0.0036563954781740904
      },
      "other_mass": 0.00556255056289956
    },
    "g1f3": {
      "fen_after_white": "rnbqkbnr/pppppppp/8/8/8/5N2/PPPPPPPP/RNBQKB1R b KQkq - 1 1",
      "black_reply_probs": {
        "c7c5": 0.026099516078829765,
        "e7e5": 0.0798780769109726,
        "e7e6": 0.0028583649545907974,
        "c7c6": 0.000291335309157148,
        "d7d5": 0.10484666377305984,
        "g8f6": 0.7614961266517639,
        "g7g6": 0.0064442879520356655,
        "d7d6": 0.006907629314810038
      },
      "other_mass": 0.01117799905478023
    },
    "g2g3": {
      "fen_after_white": "rnbqkbnr/pppppppp/8/8/8/6P1/PPPPPP1P/RNBQKBNR b KQkq - 0 1",
      "black_reply_probs": {
        "c7c5": 0.02604879066348076,
        "e7e5": 0.6964011192321777,
        "e7e6": 0.0031084034126251936,
        "c7c6": 0.0006357312668114901,
        "d7d5": 0.08881578594446182,
        "g8f6": 0.1696559488773346,
        "g7g6": 0.0032577463425695896,
        "d7d6": 0.003127284348011017
      },
      "other_mass": 0.0089491899125278
    },
    "b2b3": {
      "fen_after_white": "rnbqkbnr/pppppppp/8/8/8/1P6/P1PPPPPP/RNBQKBNR b KQkq - 0 1",
      "black_reply_probs": {
        "c7c5": 0.00819434691220522,
        "e7e5": 0.8108254671096802,
        "e7e6": 0.008674737997353077,
        "c7c6": 0.00037484249332919717,
        "d7d5": 0.04769304394721985,
        "g8f6": 0.11002922058105469,
        "g7g6": 0.007235286757349968,
        "d7d6": 0.003028515726327896
      },
      "other_mass": 0.003944538475479931
    },
    "f2f4": {
      "fen_after_white": "rnbqkbnr/pppppppp/8/8/5P2/8/PPPPP1PP/RNBQKBNR b KQkq - 0 1",
      "black_reply_probs": {
        "c7c5": 0.07374042272567749,
        "e7e5": 0.49545401334762573,
        "e7e6": 0.034537553787231445,
        "c7c6": 0.0017535015940666199,
        "d7d5": 0.1637045294046402,
        "g8f6": 0.19667956233024597,
        "g7g6": 0.007483429275453091,
        "d7d6": 0.014755005948245525
      },
      "other_mass": 0.011891981586813927
    },
    "b2b4": {
      "fen_after_white": "rnbqkbnr/pppppppp/8/8/1P6/8/P1PPPPPP/RNBQKBNR b KQkq - 0 1",
      "black_reply_probs": {
        "c7c5": 0.0022403302136808634,
        "e7e5": 0.7913687825202942,
        "e7e6": 0.02184445410966873,
        "c7c6": 0.0010340610751882195,
        "d7d5": 0.058789320290088654,
        "g8f6": 0.0807877629995346,
        "g7g6": 0.021877998486161232,
        "d7d6": 0.008020146749913692
      },
      "other_mass": 0.014037143555469811
    },
    "a2a4": {
      "fen_after_white": "rnbqkbnr/pppppppp/8/8/P7/8/1PPPPPPP/RNBQKBNR b KQkq - 0 1",
      "black_reply_probs": {
        "c7c5": 0.00892797950655222,
        "e7e5": 0.7610616087913513,
        "e7e6": 0.0022640926763415337,
        "c7c6": 0.00044751659152098,
        "d7d5": 0.055460602045059204,
        "g8f6": 0.16294124722480774,
        "g7g6": 0.0012732353061437607,
        "d7d6": 0.0033433688804507256
      },
      "other_mass": 0.004280348977772519
    }
  },
  "meta": {
    "elo_self": 2800,
    "elo_oppo": 2800,
    "temperature": 1.0,
    "maia_type": "blitz",
    "white_moves_probed": [
      "e2e4",
      "d2d4",
      "c2c4",
      "g1f3",
      "g2g3",
      "b2b3",
      "f2f4",
      "b2b4",
      "a2a4"
    ],
    "black_replies_probed": [
      "c7c5",
      "e7e5",
      "e7e6",
      "c7c6",
      "d7d5",
      "g8f6",
      "g7g6",
      "d7d6"
    ]
  }
}