{
  "white_first_move_probs": {
    "e2e4": 0.909171462059021,
    "d2d4": 0.007101957220584154,
    "c2c4": 0.0011858457000926137,
    "g1f3": 0.08080537617206573,
    "g2g3": 5.847177453688346e-05,
    "b2b3": 2.0450981537578627e-05,
    "f2f4": 1.7570397176314145e-05,
    "b2b4": 9.434809271624545e-07,
    "a2a4": 1.1720519523805706e-06
  },
  "white_other_mass": 0.001636750162106182,
  "black_reply_probs_cond_on_white": {
    "e2e4": {
      "fen_after_white": "rnbqkbnr/pppppppp/8/8/4P3/8/PPPP1PPP/RNBQKBNR b KQkq - 0 1",
      "black_reply_probs": {
        "c7c5": 0.1629866510629654,
        "e7e5": 0.5588464140892029,
        "e7e6": 0.07477695494890213,
        "c7c6": 0.005344345699995756,
        "d7d5": 0.05185544490814209,
        "g8f6": 0.1096072569489479,
        "g7g6": 0.0034382606390863657,
        "d7d6": 0.012993455864489079
      },
      "other_mass": 0.0201512158382684
    },
    "d2d4": {
      "fen_after_white": "rnbqkbnr/pppppppp/8/8/3P4/8/PPP1PPPP/RNBQKBNR b KQkq - 0 1",
      "black_reply_probs": {
        "c7c5": 0.003520340658724308,
        "e7e5": 0.06045006215572357,
        "e7e6": 0.018397744745016098,
        "c7c6": 0.00026872559101320803,
        "d7d5": 0.09548280388116837,
        "g8f6": 0.7996171712875366,
        "g7g6": 0.002561551984399557,
        "d7d6": 0.01749918796122074
      },
      "other_mass": 0.002202411735197529
    },
    "c2c4": {
      "fen_after_white": "rnbqkbnr/pppppppp/8/8/2P5/8/PP1PPPPP/RNBQKBNR b KQkq - 0 1",
      "black_reply_probs": {
        "c7c5": 0.006898269988596439,
        "e7e5": 0.7834534049034119,
        "e7e6": 0.0018198254983872175,
        "c7c6": 0.00019480402988847345,
        "d7d5": 0.004482048097997904,
        "g8f6": 0.1970667988061905,
        "g7g6": 0.0006455420516431332,
        "d7d6": 0.0026634186506271362
      },
      "other_mass": 0.0027758879732573405
    },
    "g1f3": {
      "fen_after_white": "rnbqkbnr/pppppppp/8/8/8/5N2/PPPPPPPP/RNBQKB1R b KQkq - 1 1",
      "black_reply_probs": {
        "c7c5": 0.010950466617941856,
        "e7e5": 0.15908686816692352,
        "e7e6": 0.0036058223340660334,
        "c7c6": 0.00012063607573509216,
        "d7d5": 0.05483432486653328,
        "g8f6": 0.7559919953346252,
        "g7g6": 0.002302364679053426,
        "d7d6": 0.005609879735857248
      },
      "other_mass": 0.0074976421892642975
    },
    "g2g3": {
      "fen_after_white": "rnbqkbnr/pppppppp/8/8/8/6P1/PPPPPP1P/RNBQKBNR b KQkq - 0 1",
      "black_reply_probs": {
        "c7c5": 0.012289686128497124,
        "e7e5": 0.7688761353492737,
        "e7e6": 0.0027277683839201927,
        "c7c6": 0.00034371003857813776,
        "d7d5": 0.0499422661960125,
        "g8f6": 0.15715429186820984,
        "g7g6": 0.0011110628256574273,
        "d7d6": 0.0025772182270884514
      },
      "other_mass": 0.00497786098276265
    },
    "b2b3": {
      "fen_after_white": "rnbqkbnr/pppppppp/8/8/8/1P6/P1PPPPPP/RNBQKBNR b KQkq - 0 1",
      "black_reply_probs": {
        "c7c5": 0.003071084851399064,
        "e7e5": 0.8753789663314819,
        "e7e6": 0.005629525054246187,
        "c7c6": 0.0001403334317728877,
        "d7d5": 0.02319619432091713,
        "g8f6": 0.08664962649345398,
        "g7g6": 0.0022091965656727552,
        "d7d6": 0.0017140402924269438
      },
      "other_mass": 0.0020110326586291194
    },
    "f2f4": {
      "fen_after_white": "rnbqkbnr/pppppppp/8/8/5P2/8/PPPPP1PP/RNBQKBNR b KQkq - 0 1",
      "black_reply_probs": {
        "c7c5": 0.04026160016655922,
        "e7e5": 0.5996653437614441,
        "e7e6": 0.031868111342191696,
        "c7c6": 0.0010618906235322356,
        "d7d5": 0.10476761311292648,
        "g8f6": 0.19837801158428192,
        "g7g6": 0.0035238389391452074,
        "d7d6": 0.01334872655570507
      },
      "other_mass": 0.007124863914214075
    },
    "b2b4": {
      "fen_after_white": "rnbqkbnr/pppppppp/8/8/1P6/8/P1PPPPPP/RNBQKBNR b KQkq - 0 1",
      "black_reply_probs": {
        "c7c5": 0.0010769832879304886,
        "e7e5": 0.8607091903686523,
        "e7e6": 0.01567005179822445,
        "c7c6": 0.0004981162492185831,
        "d7d5": 0.03637039661407471,
        "g8f6": 0.06442182511091232,
        "g7g6": 0.008294141851365566,
        "d7d6": 0.006203388329595327
      },
      "other_mass": 0.006755906390026212
    },
    "a2a4": {
      "fen_after_white": "rnbqkbnr/pppppppp/8/8/P7/8/1PPPPPPP/RNBQKBNR b KQkq - 0 1",
      "black_reply_probs": {
        "c7c5": 0.003347250632941723,
        "e7e5": 0.8430514335632324,
        "e7e6": 0.0017286376096308231,
        "c7c6": 0.00021902861772105098,
        "d7d5": 0.027125701308250427,
        "g8f6": 0.12011826038360596,
        "g7g6": 0.0003070462844334543,
        "d7d6": 0.002372777322307229
      },
      "other_mass": 0.0017298642778769135
    }
  },
  "meta": {
    "elo_self": 2800,
    "elo_oppo": 2800,
    "temperature": 1.0,
    "maia_type": "blitz",
    "white_moves_probed": [
      "e2e4",
      "d2d4",
      "c2c4",
      "g1f3",
      "g2g3",
      "b2b3",
      "f2f4",
      "b2b4",
      "a2a4"
    ],
    "black_replies_probed": [
      "c7c5",
      "e7e5",
      "e7e6",
      "c7c6",
      "d7d5",
      "g8f6",
      "g7g6",
      "d7d6"
    ]
  }
}