{
  "white_first_move_probs": {
    "e2e4": 0.8239747881889343,
    "d2d4": 0.015397940762341022,
    "c2c4": 0.0032848704140633345,
    "g1f3": 0.15440063178539276,
    "g2g3": 0.00019561738008633256,
    "b2b3": 7.258075493155047e-05,
    "f2f4": 5.628104190691374e-05,
    "b2b4": 4.407309006637661e-06,
    "a2a4": 5.822860202897573e-06
  },
  "white_other_mass": 0.0026070595031342236,
  "black_reply_probs_cond_on_white": {
    "e2e4": {
      "fen_after_white": "rnbqkbnr/pppppppp/8/8/4P3/8/PPPP1PPP/RNBQKBNR b KQkq - 0 1",
      "black_reply_probs": {
        "c7c5": 0.16841979324817657,
        "e7e5": 0.5415880084037781,
        "e7e6": 0.08168860524892807,
        "c7c6": 0.008041780441999435,
        "d7d5": 0.04166523739695549,
        "g8f6": 0.11650864779949188,
        "g7g6": 0.007418757304549217,
        "d7d6": 0.01135844737291336
      },
      "other_mass": 0.023310722783207893
    },
    "d2d4": {
      "fen_after_white": "rnbqkbnr/pppppppp/8/8/3P4/8/PPP1PPPP/RNBQKBNR b KQkq - 0 1",
      "black_reply_probs": {
        "c7c5": 0.005613749381154776,
        "e7e5": 0.035597797483205795,
        "e7e6": 0.016606029123067856,
        "c7c6": 0.000544713984709233,
        "d7d5": 0.1117929145693779,
        "g8f6": 0.8073813915252686,
        "g7g6": 0.0066679539158940315,
        "d7d6": 0.012450644746422768
      },
      "other_mass": 0.003344805270899087
    },
    "c2c4": {
      "fen_after_white": "rnbqkbnr/pppppppp/8/8/2P5/8/PP1PPPPP/RNBQKBNR b KQkq - 0 1",
      "black_reply_probs": {
        "c7c5": 0.013134904205799103,
        "e7e5": 0.6664684414863586,
        "e7e6": 0.002857421524822712,
        "c7c6": 0.0004521300143096596,
        "d7d5": 0.007495613768696785,
        "g8f6": 0.30001434683799744,
        "g7g6": 0.0018973944243043661,
        "d7d6": 0.0024022283032536507
      },
      "other_mass": 0.005277519434457645
    },
    "g1f3": {
      "fen_after_white": "rnbqkbnr/pppppppp/8/8/8/5N2/PPPPPPPP/RNBQKB1R b KQkq - 1 1",
      "black_reply_probs": {
        "c7c5": 0.014747554436326027,
        "e7e5": 0.10314591228961945,
        "e7e6": 0.0031699661631137133,
        "c7c6": 0.00023425491235684603,
        "d7d5": 0.05950393155217171,
        "g8f6": 0.8020293712615967,
        "g7g6": 0.004194127395749092,
        "d7d6": 0.003363516414538026
      },
      "other_mass": 0.009611365574528463
    },
    "g2g3": {
      "fen_after_white": "rnbqkbnr/pppppppp/8/8/8/6P1/PPPPPP1P/RNBQKBNR b KQkq - 0 1",
      "black_reply_probs": {
        "c7c5": 0.016710443422198296,
        "e7e5": 0.6846438050270081,
        "e7e6": 0.0033927736803889275,
        "c7c6": 0.0005785207613371313,
        "d7d5": 0.0715925395488739,
        "g8f6": 0.21047596633434296,
        "g7g6": 0.0022454203572124243,
        "d7d6": 0.002285880269482732
      },
      "other_mass": 0.008074650599155575
    },
    "b2b3": {
      "fen_after_white": "rnbqkbnr/pppppppp/8/8/8/1P6/P1PPPPPP/RNBQKBNR b KQkq - 0 1",
      "black_reply_probs": {
        "c7c5": 0.005927123129367828,
        "e7e5": 0.805103063583374,
        "e7e6": 0.008820530027151108,
        "c7c6": 0.00036034893128089607,
        "d7d5": 0.04052779823541641,
        "g8f6": 0.12821777164936066,
        "g7g6": 0.005168392788618803,
        "d7d6": 0.00213998812250793
      },
      "other_mass": 0.0037349835329223424
    },
    "f2f4": {
      "fen_after_white": "rnbqkbnr/pppppppp/8/8/5P2/8/PPPPP1PP/RNBQKBNR b KQkq - 0 1",
      "black_reply_probs": {
        "c7c5": 0.053033504635095596,
        "e7e5": 0.4614255726337433,
        "e7e6": 0.03535277396440506,
        "c7c6": 0.0019166211131960154,
        "d7d5": 0.16120140254497528,
        "g8f6": 0.254104346036911,
        "g7g6": 0.006993506569415331,
        "d7d6": 0.013720202259719372
      },
      "other_mass": 0.012252070242539048
    },
    "b2b4": {
      "fen_after_white": "rnbqkbnr/pppppppp/8/8/1P6/8/P1PPPPPP/RNBQKBNR b KQkq - 0 1",
      "black_reply_probs": {
        "c7c5": 0.002032684860751033,
        "e7e5": 0.7875813245773315,
        "e7e6": 0.024824153631925583,
        "c7c6": 0.0012088851071894169,
        "d7d5": 0.05616575479507446,
        "g8f6": 0.09316025674343109,
        "g7g6": 0.017066078260540962,
        "d7d6": 0.007439990993589163
      },
      "other_mass": 0.010520871030166745
    },
    "a2a4": {
      "fen_after_white": "rnbqkbnr/pppppppp/8/8/P7/8/1PPPPPPP/RNBQKBNR b KQkq - 0 1",
      "black_reply_probs": {
        "c7c5": 0.006591740529984236,
        "e7e5": 0.7360325455665588,
        "e7e6": 0.002309522358700633,
        "c7c6": 0.000495182175654918,
        "d7d5": 0.04816247522830963,
        "g8f6": 0.19929960370063782,
        "g7g6": 0.0007730532670393586,
        "d7d6": 0.002443835837766528
      },
      "other_mass": 0.00389204133534804
    }
  },
  "meta": {
    "elo_self": 2800,
    "elo_oppo": 2800,
    "temperature": 1.0,
    "maia_type": "blitz",
    "white_moves_probed": [
      "e2e4",
      "d2d4",
      "c2c4",
      "g1f3",
      "g2g3",
      "b2b3",
      "f2f4",
      "b2b4",
      "a2a4"
    ],
    "black_replies_probed": [
      "c7c5",
      "e7e5",
      "e7e6",
      "c7c6",
      "d7d5",
      "g8f6",
      "g7g6",
      "d7d6"
    ]
  }
}