{
  "white_first_move_probs": {
    "e2e4": 0.9222216010093689,
    "d2d4": 0.02035669982433319,
    "c2c4": 0.0031960762571543455,
    "g1f3": 0.050643257796764374,
    "g2g3": 0.00022425450151786208,
    "b2b3": 0.00011653892579488456,
    "f2f4": 2.9167647880967706e-05,
    "b2b4": 5.755320671596564e-06,
    "a2a4": 1.944403993547894e-05
  },
  "white_other_mass": 0.0031872046765784035,
  "black_reply_probs_cond_on_white": {
    "e2e4": {
      "fen_after_white": "rnbqkbnr/pppppppp/8/8/4P3/8/PPPP1PPP/RNBQKBNR b KQkq - 0 1",
      "black_reply_probs": {
        "c7c5": 0.1778694987297058,
        "e7e5": 0.5697803497314453,
        "e7e6": 0.06692126393318176,
        "c7c6": 0.007780928164720535,
        "d7d5": 0.05460340157151222,
        "g8f6": 0.06777969747781754,
        "g7g6": 0.009515915997326374,
        "d7d6": 0.019764408469200134
      },
      "other_mass": 0.025984535925090313
    },
    "d2d4": {
      "fen_after_white": "rnbqkbnr/pppppppp/8/8/3P4/8/PPP1PPPP/RNBQKBNR b KQkq - 0 1",
      "black_reply_probs": {
        "c7c5": 0.006534319370985031,
        "e7e5": 0.10758543014526367,
        "e7e6": 0.036843616515398026,
        "c7c6": 0.0010006511583924294,
        "d7d5": 0.25854817032814026,
        "g8f6": 0.5393192172050476,
        "g7g6": 0.00701545737683773,
        "d7d6": 0.038319412618875504
      },
      "other_mass": 0.004833725281059742
    },
    "c2c4": {
      "fen_after_white": "rnbqkbnr/pppppppp/8/8/2P5/8/PP1PPPPP/RNBQKBNR b KQkq - 0 1",
      "black_reply_probs": {
        "c7c5": 0.011410408653318882,
        "e7e5": 0.8304575085639954,
        "e7e6": 0.0044509549625217915,
        "c7c6": 0.0005463270354084671,
        "d7d5": 0.012042969465255737,
        "g8f6": 0.12920942902565002,
        "g7g6": 0.0023384199012070894,
        "d7d6": 0.0048782238736748695
      },
      "other_mass": 0.0046657585189677775
    },
    "g1f3": {
      "fen_after_white": "rnbqkbnr/pppppppp/8/8/8/5N2/PPPPPPPP/RNBQKB1R b KQkq - 1 1",
      "black_reply_probs": {
        "c7c5": 0.01998012512922287,
        "e7e5": 0.23500023782253265,
        "e7e6": 0.008877751417458057,
        "c7c6": 0.0006773191271349788,
        "d7d5": 0.14615757763385773,
        "g8f6": 0.5581481456756592,
        "g7g6": 0.006111991126090288,
        "d7d6": 0.009959246031939983
      },
      "other_mass": 0.015087606036104262
    },
    "g2g3": {
      "fen_after_white": "rnbqkbnr/pppppppp/8/8/8/6P1/PPPPPP1P/RNBQKBNR b KQkq - 0 1",
      "black_reply_probs": {
        "c7c5": 0.018275821581482887,
        "e7e5": 0.7297828793525696,
        "e7e6": 0.005304986145347357,
        "c7c6": 0.0010030691046267748,
        "d7d5": 0.11606880277395248,
        "g8f6": 0.11232364177703857,
        "g7g6": 0.003386902157217264,
        "d7d6": 0.004979145713150501
      },
      "other_mass": 0.008874751394614577
    },
    "b2b3": {
      "fen_after_white": "rnbqkbnr/pppppppp/8/8/8/1P6/P1PPPPPP/RNBQKBNR b KQkq - 0 1",
      "black_reply_probs": {
        "c7c5": 0.00504386518150568,
        "e7e5": 0.8779744505882263,
        "e7e6": 0.011457356624305248,
        "c7c6": 0.00041803327621892095,
        "d7d5": 0.04466940462589264,
        "g8f6": 0.04918186739087105,
        "g7g6": 0.004286882467567921,
        "d7d6": 0.0035809429828077555
      },
      "other_mass": 0.003387196862604469
    },
    "f2f4": {
      "fen_after_white": "rnbqkbnr/pppppppp/8/8/5P2/8/PPPPP1PP/RNBQKBNR b KQkq - 0 1",
      "black_reply_probs": {
        "c7c5": 0.04124031588435173,
        "e7e5": 0.6880298852920532,
        "e7e6": 0.03303113579750061,
        "c7c6": 0.001361089525744319,
        "d7d5": 0.12649574875831604,
        "g8f6": 0.08333490788936615,
        "g7g6": 0.005162032786756754,
        "d7d6": 0.013310207985341549
      },
      "other_mass": 0.008034676080569625
    },
    "b2b4": {
      "fen_after_white": "rnbqkbnr/pppppppp/8/8/1P6/8/P1PPPPPP/RNBQKBNR b KQkq - 0 1",
      "black_reply_probs": {
        "c7c5": 0.002105181338265538,
        "e7e5": 0.8513699769973755,
        "e7e6": 0.02285870909690857,
        "c7c6": 0.0010452477727085352,
        "d7d5": 0.050087060779333115,
        "g8f6": 0.036136407405138016,
        "g7g6": 0.015730980783700943,
        "d7d6": 0.009457966312766075
      },
      "other_mass": 0.01120846951380372
    },
    "a2a4": {
      "fen_after_white": "rnbqkbnr/pppppppp/8/8/P7/8/1PPPPPPP/RNBQKBNR b KQkq - 0 1",
      "black_reply_probs": {
        "c7c5": 0.005931757856160402,
        "e7e5": 0.8289453983306885,
        "e7e6": 0.003412597579881549,
        "c7c6": 0.0006609883275814354,
        "d7d5": 0.0619673989713192,
        "g8f6": 0.08949963748455048,
        "g7g6": 0.0010838113958016038,
        "d7d6": 0.004513090942054987
      },
      "other_mass": 0.003985319111961871
    }
  },
  "meta": {
    "elo_self": 2800,
    "elo_oppo": 2800,
    "temperature": 1.0,
    "maia_type": "blitz",
    "white_moves_probed": [
      "e2e4",
      "d2d4",
      "c2c4",
      "g1f3",
      "g2g3",
      "b2b3",
      "f2f4",
      "b2b4",
      "a2a4"
    ],
    "black_replies_probed": [
      "c7c5",
      "e7e5",
      "e7e6",
      "c7c6",
      "d7d5",
      "g8f6",
      "g7g6",
      "d7d6"
    ]
  }
}