{
  "white_first_move_probs": {
    "e2e4": 0.7839056253433228,
    "d2d4": 0.027776258066296577,
    "c2c4": 0.001491481438279152,
    "g1f3": 0.18295444548130035,
    "g2g3": 0.0002922723942901939,
    "b2b3": 5.8271860325476155e-05,
    "f2f4": 4.5770131691824645e-05,
    "b2b4": 1.9129379325022455e-06,
    "a2a4": 1.1341512617946137e-06
  },
  "white_other_mass": 0.003472828195299371,
  "black_reply_probs_cond_on_white": {
    "e2e4": {
      "fen_after_white": "rnbqkbnr/pppppppp/8/8/4P3/8/PPPP1PPP/RNBQKBNR b KQkq - 0 1",
      "black_reply_probs": {
        "c7c5": 0.15350870788097382,
        "e7e5": 0.5086233019828796,
        "e7e6": 0.11310476064682007,
        "c7c6": 0.005955086089670658,
        "d7d5": 0.049442827701568604,
        "g8f6": 0.11930862069129944,
        "g7g6": 0.011764989234507084,
        "d7d6": 0.01433879416435957
      },
      "other_mass": 0.023952911607921124
    },
    "d2d4": {
      "fen_after_white": "rnbqkbnr/pppppppp/8/8/3P4/8/PPP1PPPP/RNBQKBNR b KQkq - 0 1",
      "black_reply_probs": {
        "c7c5": 0.0025304427836090326,
        "e7e5": 0.0358097217977047,
        "e7e6": 0.024266375228762627,
        "c7c6": 0.0001779378071660176,
        "d7d5": 0.15439549088478088,
        "g8f6": 0.7567616701126099,
        "g7g6": 0.005988555960357189,
        "d7d6": 0.018213873729109764
      },
      "other_mass": 0.0018559316958999261
    },
    "c2c4": {
      "fen_after_white": "rnbqkbnr/pppppppp/8/8/2P5/8/PP1PPPPP/RNBQKBNR b KQkq - 0 1",
      "black_reply_probs": {
        "c7c5": 0.00786668248474598,
        "e7e5": 0.6454174518585205,
        "e7e6": 0.004143485799431801,
        "c7c6": 0.00018653574807103723,
        "d7d5": 0.010493307374417782,
        "g8f6": 0.32096704840660095,
        "g7g6": 0.002991045592352748,
        "d7d6": 0.0038765191566199064
      },
      "other_mass": 0.0040579235792392865
    },
    "g1f3": {
      "fen_after_white": "rnbqkbnr/pppppppp/8/8/8/5N2/PPPPPPPP/RNBQKB1R b KQkq - 1 1",
      "black_reply_probs": {
        "c7c5": 0.006168576423078775,
        "e7e5": 0.08691412210464478,
        "e7e6": 0.004467387218028307,
        "c7c6": 6.943199696252123e-05,
        "d7d5": 0.08836722373962402,
        "g8f6": 0.798456609249115,
        "g7g6": 0.005011583678424358,
        "d7d6": 0.004840820096433163
      },
      "other_mass": 0.005704245493689086
    },
    "g2g3": {
      "fen_after_white": "rnbqkbnr/pppppppp/8/8/8/6P1/PPPPPP1P/RNBQKBNR b KQkq - 0 1",
      "black_reply_probs": {
        "c7c5": 0.010941892862319946,
        "e7e5": 0.6605666279792786,
        "e7e6": 0.0037264288403093815,
        "c7c6": 0.00022927284589968622,
        "d7d5": 0.10180167853832245,
        "g8f6": 0.21154052019119263,
        "g7g6": 0.0033342228271067142,
        "d7d6": 0.0027375950012356043
      },
      "other_mass": 0.005121760914335027
    },
    "b2b3": {
      "fen_after_white": "rnbqkbnr/pppppppp/8/8/8/1P6/P1PPPPPP/RNBQKBNR b KQkq - 0 1",
      "black_reply_probs": {
        "c7c5": 0.003107083961367607,
        "e7e5": 0.7951533794403076,
        "e7e6": 0.01068619079887867,
        "c7c6": 0.00012732496543321759,
        "d7d5": 0.05411798879504204,
        "g8f6": 0.12387919425964355,
        "g7g6": 0.007642074022442102,
        "d7d6": 0.002980878110975027
      },
      "other_mass": 0.002305885645910166
    },
    "f2f4": {
      "fen_after_white": "rnbqkbnr/pppppppp/8/8/5P2/8/PPPPP1PP/RNBQKBNR b KQkq - 0 1",
      "black_reply_probs": {
        "c7c5": 0.034037597477436066,
        "e7e5": 0.49636122584342957,
        "e7e6": 0.034154269844293594,
        "c7c6": 0.0006281493115238845,
        "d7d5": 0.1663699448108673,
        "g8f6": 0.23766300082206726,
        "g7g6": 0.008410943672060966,
        "d7d6": 0.01475561410188675
      },
      "other_mass": 0.007619254116434604
    },
    "b2b4": {
      "fen_after_white": "rnbqkbnr/pppppppp/8/8/1P6/8/P1PPPPPP/RNBQKBNR b KQkq - 0 1",
      "black_reply_probs": {
        "c7c5": 0.0009629071573726833,
        "e7e5": 0.8138694167137146,
        "e7e6": 0.021514642983675003,
        "c7c6": 0.0003816925163846463,
        "d7d5": 0.05746821314096451,
        "g8f6": 0.06836752593517303,
        "g7g6": 0.024211764335632324,
        "d7d6": 0.007835307158529758
      },
      "other_mass": 0.005388530058553442
    },
    "a2a4": {
      "fen_after_white": "rnbqkbnr/pppppppp/8/8/P7/8/1PPPPPPP/RNBQKBNR b KQkq - 0 1",
      "black_reply_probs": {
        "c7c5": 0.0029944381676614285,
        "e7e5": 0.7238532900810242,
        "e7e6": 0.0027959346771240234,
        "c7c6": 0.00013699087139684707,
        "d7d5": 0.06636951863765717,
        "g8f6": 0.19691793620586395,
        "g7g6": 0.001297440961934626,
        "d7d6": 0.0035895139444619417
      },
      "other_mass": 0.002044936452875845
    }
  },
  "meta": {
    "elo_self": 2800,
    "elo_oppo": 2800,
    "temperature": 1.0,
    "maia_type": "blitz",
    "white_moves_probed": [
      "e2e4",
      "d2d4",
      "c2c4",
      "g1f3",
      "g2g3",
      "b2b3",
      "f2f4",
      "b2b4",
      "a2a4"
    ],
    "black_replies_probed": [
      "c7c5",
      "e7e5",
      "e7e6",
      "c7c6",
      "d7d5",
      "g8f6",
      "g7g6",
      "d7d6"
    ]
  }
}