{
  "white_first_move_probs": {
    "e2e4": 0.7975249886512756,
    "d2d4": 0.030207807198166847,
    "c2c4": 0.003922245465219021,
    "g1f3": 0.1648135632276535,
    "g2g3": 0.00030168337980285287,
    "b2b3": 9.234006574843079e-05,
    "f2f4": 6.430711800931022e-05,
    "b2b4": 3.617708443925949e-06,
    "a2a4": 7.41387202651822e-06
  },
  "white_other_mass": 0.0030620333136539557,
  "black_reply_probs_cond_on_white": {
    "e2e4": {
      "fen_after_white": "rnbqkbnr/pppppppp/8/8/4P3/8/PPPP1PPP/RNBQKBNR b KQkq - 0 1",
      "black_reply_probs": {
        "c7c5": 0.207441508769989,
        "e7e5": 0.47196516394615173,
        "e7e6": 0.05032869055867195,
        "c7c6": 0.005592662841081619,
        "d7d5": 0.07917127013206482,
        "g8f6": 0.13449068367481232,
        "g7g6": 0.006836615037173033,
        "d7d6": 0.01678972877562046
      },
      "other_mass": 0.027383676264435053
    },
    "d2d4": {
      "fen_after_white": "rnbqkbnr/pppppppp/8/8/3P4/8/PPP1PPPP/RNBQKBNR b KQkq - 0 1",
      "black_reply_probs": {
        "c7c5": 0.004705448634922504,
        "e7e5": 0.021251626312732697,
        "e7e6": 0.009679448790848255,
        "c7c6": 0.00033205319778062403,
        "d7d5": 0.1654457449913025,
        "g8f6": 0.7753639221191406,
        "g7g6": 0.004303130321204662,
        "d7d6": 0.016428673639893532
      },
      "other_mass": 0.0024899519921746105
    },
    "c2c4": {
      "fen_after_white": "rnbqkbnr/pppppppp/8/8/2P5/8/PP1PPPPP/RNBQKBNR b KQkq - 0 1",
      "black_reply_probs": {
        "c7c5": 0.009353851899504662,
        "e7e5": 0.6568998098373413,
        "e7e6": 0.0023585620801895857,
        "c7c6": 0.00022608695144299418,
        "d7d5": 0.011214842088520527,
        "g8f6": 0.3084140717983246,
        "g7g6": 0.0028449278324842453,
        "d7d6": 0.004645172506570816
      },
      "other_mass": 0.004042675005621277
    },
    "g1f3": {
      "fen_after_white": "rnbqkbnr/pppppppp/8/8/8/5N2/PPPPPPPP/RNBQKB1R b KQkq - 1 1",
      "black_reply_probs": {
        "c7c5": 0.013846145942807198,
        "e7e5": 0.059940896928310394,
        "e7e6": 0.0024081377778202295,
        "c7c6": 0.00014475031639449298,
        "d7d5": 0.10365651547908783,
        "g8f6": 0.8006797432899475,
        "g7g6": 0.004309694282710552,
        "d7d6": 0.005647724494338036
      },
      "other_mass": 0.009366391488583758
    },
    "g2g3": {
      "fen_after_white": "rnbqkbnr/pppppppp/8/8/8/6P1/PPPPPP1P/RNBQKBNR b KQkq - 0 1",
      "black_reply_probs": {
        "c7c5": 0.018534258008003235,
        "e7e5": 0.6008236408233643,
        "e7e6": 0.0031893132254481316,
        "c7c6": 0.00045164121547713876,
        "d7d5": 0.124659463763237,
        "g8f6": 0.23701192438602448,
        "g7g6": 0.003652864368632436,
        "d7d6": 0.0039107003249228
      },
      "other_mass": 0.0077661938848905265
    },
    "b2b3": {
      "fen_after_white": "rnbqkbnr/pppppppp/8/8/8/1P6/P1PPPPPP/RNBQKBNR b KQkq - 0 1",
      "black_reply_probs": {
        "c7c5": 0.006217320915311575,
        "e7e5": 0.7713356614112854,
        "e7e6": 0.00849535595625639,
        "c7c6": 0.00026031435118056834,
        "d7d5": 0.06335772573947906,
        "g8f6": 0.13531237840652466,
        "g7g6": 0.00752252759411931,
        "d7d6": 0.003568975953385234
      },
      "other_mass": 0.003929739672457799
    },
    "f2f4": {
      "fen_after_white": "rnbqkbnr/pppppppp/8/8/5P2/8/PPPPP1PP/RNBQKBNR b KQkq - 0 1",
      "black_reply_probs": {
        "c7c5": 0.046892520040273666,
        "e7e5": 0.492127001285553,
        "e7e6": 0.028648095205426216,
        "c7c6": 0.0008641822496429086,
        "d7d5": 0.17681176960468292,
        "g8f6": 0.2247764766216278,
        "g7g6": 0.0075412592850625515,
        "d7d6": 0.013358568772673607
      },
      "other_mass": 0.008980126935057342
    },
    "b2b4": {
      "fen_after_white": "rnbqkbnr/pppppppp/8/8/1P6/8/P1PPPPPP/RNBQKBNR b KQkq - 0 1",
      "black_reply_probs": {
        "c7c5": 0.001590691041201353,
        "e7e5": 0.8174105286598206,
        "e7e6": 0.016345754265785217,
        "c7c6": 0.0005420049419626594,
        "d7d5": 0.059286024421453476,
        "g8f6": 0.07003451138734818,
        "g7g6": 0.016843697056174278,
        "d7d6": 0.008621850982308388
      },
      "other_mass": 0.009324937243945897
    },
    "a2a4": {
      "fen_after_white": "rnbqkbnr/pppppppp/8/8/P7/8/1PPPPPPP/RNBQKBNR b KQkq - 0 1",
      "black_reply_probs": {
        "c7c5": 0.006497883703559637,
        "e7e5": 0.6851858496665955,
        "e7e6": 0.002077508019283414,
        "c7c6": 0.0003354779619257897,
        "d7d5": 0.07036599516868591,
        "g8f6": 0.2263786643743515,
        "g7g6": 0.001308585749939084,
        "d7d6": 0.004260099492967129
      },
      "other_mass": 0.003589935862692073
    }
  },
  "meta": {
    "elo_self": 2800,
    "elo_oppo": 2800,
    "temperature": 1.0,
    "maia_type": "blitz",
    "white_moves_probed": [
      "e2e4",
      "d2d4",
      "c2c4",
      "g1f3",
      "g2g3",
      "b2b3",
      "f2f4",
      "b2b4",
      "a2a4"
    ],
    "black_replies_probed": [
      "c7c5",
      "e7e5",
      "e7e6",
      "c7c6",
      "d7d5",
      "g8f6",
      "g7g6",
      "d7d6"
    ]
  }
}