{
  "white_first_move_probs": {
    "e2e4": 0.012365157715976238,
    "d2d4": 0.002575939754024148,
    "c2c4": 1.9463773242023308e-06,
    "g1f3": 0.9825860261917114,
    "g2g3": 0.0007928276318125427,
    "b2b3": 1.8022650692728348e-05,
    "f2f4": 9.042824967764318e-05,
    "b2b4": 2.741935745120827e-08,
    "a2a4": 6.892340920217066e-09
  },
  "white_other_mass": 0.0015696171170827,
  "black_reply_probs_cond_on_white": {
    "e2e4": {
      "fen_after_white": "rnbqkbnr/pppppppp/8/8/4P3/8/PPPP1PPP/RNBQKBNR b KQkq - 0 1",
      "black_reply_probs": {
        "c7c5": 0.000413049099734053,
        "e7e5": 0.1786116510629654,
        "e7e6": 0.006855684332549572,
        "c7c6": 4.400137549964711e-05,
        "d7d5": 0.013781985267996788,
        "g8f6": 0.7889257669448853,
        "g7g6": 0.00747493514791131,
        "d7d6": 0.0008734364528208971
      },
      "other_mass": 0.0030194903156370856
    },
    "d2d4": {
      "fen_after_white": "rnbqkbnr/pppppppp/8/8/3P4/8/PPP1PPPP/RNBQKBNR b KQkq - 0 1",
      "black_reply_probs": {
        "c7c5": 1.9085450730926823e-06,
        "e7e5": 0.0013621331891044974,
        "e7e6": 0.00017034387565217912,
        "c7c6": 2.6161135338043096e-06,
        "d7d5": 0.011959044262766838,
        "g8f6": 0.9852235317230225,
        "g7g6": 0.0008356703910976648,
        "d7d6": 0.00015032092051114887
      },
      "other_mass": 0.00029443097923831374
    },
    "c2c4": {
      "fen_after_white": "rnbqkbnr/pppppppp/8/8/2P5/8/PP1PPPPP/RNBQKBNR b KQkq - 0 1",
      "black_reply_probs": {
        "c7c5": 0.00011483362322906032,
        "e7e5": 0.018400920554995537,
        "e7e6": 9.558879537507892e-05,
        "c7c6": 6.64934759697644e-06,
        "d7d5": 0.0010619305539876223,
        "g8f6": 0.9765584468841553,
        "g7g6": 0.0017347258981317282,
        "d7d6": 0.0002380288642598316
      },
      "other_mass": 0.001788875478268892
    },
    "g1f3": {
      "fen_after_white": "rnbqkbnr/pppppppp/8/8/8/5N2/PPPPPPPP/RNBQKB1R b KQkq - 1 1",
      "black_reply_probs": {
        "c7c5": 8.958073749454343e-07,
        "e7e5": 0.001027021324262023,
        "e7e6": 1.1060632459702902e-05,
        "c7c6": 1.591652818433431e-07,
        "d7d5": 0.0010159239172935486,
        "g8f6": 0.9943071007728577,
        "g7g6": 0.0025628746952861547,
        "d7d6": 1.7190333892358467e-05
      },
      "other_mass": 0.0010577733512917575
    },
    "g2g3": {
      "fen_after_white": "rnbqkbnr/pppppppp/8/8/8/6P1/PPPPPP1P/RNBQKBNR b KQkq - 0 1",
      "black_reply_probs": {
        "c7c5": 1.0195560207648668e-05,
        "e7e5": 0.023471247404813766,
        "e7e6": 6.307935109362006e-05,
        "c7c6": 2.0401430447236635e-06,
        "d7d5": 0.0051871975883841515,
        "g8f6": 0.9665515422821045,
        "g7g6": 0.0032287882640957832,
        "d7d6": 8.111236820695922e-05
      },
      "other_mass": 0.001404797038048855
    },
    "b2b3": {
      "fen_after_white": "rnbqkbnr/pppppppp/8/8/8/1P6/P1PPPPPP/RNBQKBNR b KQkq - 0 1",
      "black_reply_probs": {
        "c7c5": 2.446194912408828e-06,
        "e7e5": 0.013029376044869423,
        "e7e6": 0.00012140846229158342,
        "c7c6": 9.668464144851896e-07,
        "d7d5": 0.0035652483347803354,
        "g8f6": 0.9749817848205566,
        "g7g6": 0.0042260270565748215,
        "d7d6": 3.5283454053569585e-05
      },
      "other_mass": 0.0040374587855467325
    },
    "f2f4": {
      "fen_after_white": "rnbqkbnr/pppppppp/8/8/5P2/8/PPPPP1PP/RNBQKBNR b KQkq - 0 1",
      "black_reply_probs": {
        "c7c5": 8.94542426976841e-06,
        "e7e5": 0.02332596853375435,
        "e7e6": 0.000306990317767486,
        "c7c6": 2.2896012978890212e-06,
        "d7d5": 0.004019332118332386,
        "g8f6": 0.9662764072418213,
        "g7g6": 0.0031567963305860758,
        "d7d6": 0.00016603979747742414
      },
      "other_mass": 0.002737230634693333
    },
    "b2b4": {
      "fen_after_white": "rnbqkbnr/pppppppp/8/8/1P6/8/P1PPPPPP/RNBQKBNR b KQkq - 0 1",
      "black_reply_probs": {
        "c7c5": 3.0655573937110603e-06,
        "e7e5": 0.024715561419725418,
        "e7e6": 0.0007340842857956886,
        "c7c6": 8.714474461157806e-06,
        "d7d5": 0.004551941063255072,
        "g8f6": 0.9614951610565186,
        "g7g6": 0.006177316885441542,
        "d7d6": 9.049515938386321e-05
      },
      "other_mass": 0.002223660098024993
    },
    "a2a4": {
      "fen_after_white": "rnbqkbnr/pppppppp/8/8/P7/8/1PPPPPPP/RNBQKBNR b KQkq - 0 1",
      "black_reply_probs": {
        "c7c5": 4.557985448627733e-06,
        "e7e5": 0.012310159392654896,
        "e7e6": 5.604971738648601e-05,
        "c7c6": 1.4390963087862474e-06,
        "d7d5": 0.004669585265219212,
        "g8f6": 0.9809041619300842,
        "g7g6": 0.0008150183130055666,
        "d7d6": 0.00011144277232233435
      },
      "other_mass": 0.0011275855275698632
    }
  },
  "meta": {
    "elo_self": 2800,
    "elo_oppo": 2800,
    "temperature": 1.0,
    "maia_type": "blitz",
    "white_moves_probed": [
      "e2e4",
      "d2d4",
      "c2c4",
      "g1f3",
      "g2g3",
      "b2b3",
      "f2f4",
      "b2b4",
      "a2a4"
    ],
    "black_replies_probed": [
      "c7c5",
      "e7e5",
      "e7e6",
      "c7c6",
      "d7d5",
      "g8f6",
      "g7g6",
      "d7d6"
    ]
  }
}