{
  "white_first_move_probs": {
    "e2e4": 0.7864212989807129,
    "d2d4": 0.02261374145746231,
    "c2c4": 0.004716275725513697,
    "g1f3": 0.18261028826236725,
    "g2g3": 0.00019578399951569736,
    "b2b3": 0.000172775486134924,
    "f2f4": 5.7557208492653444e-05,
    "b2b4": 5.461948148877127e-06,
    "a2a4": 6.131500867923023e-06
  },
  "white_other_mass": 0.0032006854307837784,
  "black_reply_probs_cond_on_white": {
    "e2e4": {
      "fen_after_white": "rnbqkbnr/pppppppp/8/8/4P3/8/PPPP1PPP/RNBQKBNR b KQkq - 0 1",
      "black_reply_probs": {
        "c7c5": 0.20043061673641205,
        "e7e5": 0.4850608706474304,
        "e7e6": 0.07184801995754242,
        "c7c6": 0.006201484706252813,
        "d7d5": 0.07423356175422668,
        "g8f6": 0.12006682902574539,
        "g7g6": 0.0058065480552613735,
        "d7d6": 0.011830240488052368
      },
      "other_mass": 0.02452182862907648
    },
    "d2d4": {
      "fen_after_white": "rnbqkbnr/pppppppp/8/8/3P4/8/PPP1PPPP/RNBQKBNR b KQkq - 0 1",
      "black_reply_probs": {
        "c7c5": 0.004750839900225401,
        "e7e5": 0.018338536843657494,
        "e7e6": 0.01006404310464859,
        "c7c6": 0.0003790765767917037,
        "d7d5": 0.10357741266489029,
        "g8f6": 0.8468819856643677,
        "g7g6": 0.0037479193415492773,
        "d7d6": 0.010298068635165691
      },
      "other_mass": 0.001962117268703878
    },
    "c2c4": {
      "fen_after_white": "rnbqkbnr/pppppppp/8/8/2P5/8/PP1PPPPP/RNBQKBNR b KQkq - 0 1",
      "black_reply_probs": {
        "c7c5": 0.02179609052836895,
        "e7e5": 0.5933626890182495,
        "e7e6": 0.002848514122888446,
        "c7c6": 0.0005293851718306541,
        "d7d5": 0.011922173202037811,
        "g8f6": 0.3595811426639557,
        "g7g6": 0.001810808782465756,
        "d7d6": 0.0030963143799453974
      },
      "other_mass": 0.005052882130257785
    },
    "g1f3": {
      "fen_after_white": "rnbqkbnr/pppppppp/8/8/8/5N2/PPPPPPPP/RNBQKB1R b KQkq - 1 1",
      "black_reply_probs": {
        "c7c5": 0.017182638868689537,
        "e7e5": 0.062377896159887314,
        "e7e6": 0.002623551292344928,
        "c7c6": 0.0002111421781592071,
        "d7d5": 0.08633726835250854,
        "g8f6": 0.817101001739502,
        "g7g6": 0.0027956950943917036,
        "d7d6": 0.0045116678811609745
      },
      "other_mass": 0.006859138433355838
    },
    "g2g3": {
      "fen_after_white": "rnbqkbnr/pppppppp/8/8/8/6P1/PPPPPP1P/RNBQKBNR b KQkq - 0 1",
      "black_reply_probs": {
        "c7c5": 0.025841226801276207,
        "e7e5": 0.6394889950752258,
        "e7e6": 0.0039241742342710495,
        "c7c6": 0.0007572700851596892,
        "d7d5": 0.10084815323352814,
        "g8f6": 0.2139125019311905,
        "g7g6": 0.0024369191378355026,
        "d7d6": 0.003044255543500185
      },
      "other_mass": 0.009746503958012909
    },
    "b2b3": {
      "fen_after_white": "rnbqkbnr/pppppppp/8/8/8/1P6/P1PPPPPP/RNBQKBNR b KQkq - 0 1",
      "black_reply_probs": {
        "c7c5": 0.006696874741464853,
        "e7e5": 0.7732234597206116,
        "e7e6": 0.008281738497316837,
        "c7c6": 0.0003414446546230465,
        "d7d5": 0.0520799420773983,
        "g8f6": 0.14855250716209412,
        "g7g6": 0.004965724423527718,
        "d7d6": 0.0023127144668251276
      },
      "other_mass": 0.003545594256138429
    },
    "f2f4": {
      "fen_after_white": "rnbqkbnr/pppppppp/8/8/5P2/8/PPPPP1PP/RNBQKBNR b KQkq - 0 1",
      "black_reply_probs": {
        "c7c5": 0.07108251750469208,
        "e7e5": 0.5075740814208984,
        "e7e6": 0.03712540119886398,
        "c7c6": 0.001627146266400814,
        "d7d5": 0.16802646219730377,
        "g8f6": 0.1899333894252777,
        "g7g6": 0.004537397995591164,
        "d7d6": 0.010887267999351025
      },
      "other_mass": 0.009206335991621017
    },
    "b2b4": {
      "fen_after_white": "rnbqkbnr/pppppppp/8/8/1P6/8/P1PPPPPP/RNBQKBNR b KQkq - 0 1",
      "black_reply_probs": {
        "c7c5": 0.0015525580383837223,
        "e7e5": 0.7876416444778442,
        "e7e6": 0.018613727763295174,
        "c7c6": 0.0007236043456941843,
        "d7d5": 0.06743261963129044,
        "g8f6": 0.08865879476070404,
        "g7g6": 0.01723901741206646,
        "d7d6": 0.004945466760545969
      },
      "other_mass": 0.013192566810175776
    },
    "a2a4": {
      "fen_after_white": "rnbqkbnr/pppppppp/8/8/P7/8/1PPPPPPP/RNBQKBNR b KQkq - 0 1",
      "black_reply_probs": {
        "c7c5": 0.009405196644365788,
        "e7e5": 0.7026253938674927,
        "e7e6": 0.002912216354161501,
        "c7c6": 0.0005976075190119445,
        "d7d5": 0.061806656420230865,
        "g8f6": 0.2140280306339264,
        "g7g6": 0.001108519616536796,
        "d7d6": 0.002855071797966957
      },
      "other_mass": 0.004661307146307081
    }
  },
  "meta": {
    "elo_self": 2800,
    "elo_oppo": 2800,
    "temperature": 1.0,
    "maia_type": "blitz",
    "white_moves_probed": [
      "e2e4",
      "d2d4",
      "c2c4",
      "g1f3",
      "g2g3",
      "b2b3",
      "f2f4",
      "b2b4",
      "a2a4"
    ],
    "black_replies_probed": [
      "c7c5",
      "e7e5",
      "e7e6",
      "c7c6",
      "d7d5",
      "g8f6",
      "g7g6",
      "d7d6"
    ]
  }
}