{
  "white_first_move_probs": {
    "e2e4": 0.7269635796546936,
    "d2d4": 0.01514430157840252,
    "c2c4": 0.004301324486732483,
    "g1f3": 0.24964839220046997,
    "g2g3": 0.0004166015423834324,
    "b2b3": 8.742800855543464e-05,
    "f2f4": 6.016097904648632e-05,
    "b2b4": 3.873651621688623e-06,
    "a2a4": 8.958648322732188e-06
  },
  "white_other_mass": 0.0033653792497716495,
  "black_reply_probs_cond_on_white": {
    "e2e4": {
      "fen_after_white": "rnbqkbnr/pppppppp/8/8/4P3/8/PPPP1PPP/RNBQKBNR b KQkq - 0 1",
      "black_reply_probs": {
        "c7c5": 0.18374688923358917,
        "e7e5": 0.48148781061172485,
        "e7e6": 0.0918176993727684,
        "c7c6": 0.008074738085269928,
        "d7d5": 0.05012435466051102,
        "g8f6": 0.14408299326896667,
        "g7g6": 0.006402335129678249,
        "d7d6": 0.011854887008666992
      },
      "other_mass": 0.02240829262882471
    },
    "d2d4": {
      "fen_after_white": "rnbqkbnr/pppppppp/8/8/3P4/8/PPP1PPPP/RNBQKBNR b KQkq - 0 1",
      "black_reply_probs": {
        "c7c5": 0.004493671469390392,
        "e7e5": 0.025144917890429497,
        "e7e6": 0.013352048583328724,
        "c7c6": 0.000496185733936727,
        "d7d5": 0.07929018139839172,
        "g8f6": 0.8585541248321533,
        "g7g6": 0.006190772168338299,
        "d7d6": 0.010114560835063457
      },
      "other_mass": 0.0023635370889678597
    },
    "c2c4": {
      "fen_after_white": "rnbqkbnr/pppppppp/8/8/2P5/8/PP1PPPPP/RNBQKBNR b KQkq - 0 1",
      "black_reply_probs": {
        "c7c5": 0.012397664599120617,
        "e7e5": 0.6066244840621948,
        "e7e6": 0.00319388578645885,
        "c7c6": 0.0004871327255386859,
        "d7d5": 0.0060219187289476395,
        "g8f6": 0.3599351644515991,
        "g7g6": 0.003079760354012251,
        "d7d6": 0.0032245214097201824
      },
      "other_mass": 0.005035467882407829
    },
    "g1f3": {
      "fen_after_white": "rnbqkbnr/pppppppp/8/8/8/5N2/PPPPPPPP/RNBQKB1R b KQkq - 1 1",
      "black_reply_probs": {
        "c7c5": 0.013845601119101048,
        "e7e5": 0.06210827827453613,
        "e7e6": 0.0026477209758013487,
        "c7c6": 0.0002214145933976397,
        "d7d5": 0.03861215338110924,
        "g8f6": 0.8670216798782349,
        "g7g6": 0.005384558346122503,
        "d7d6": 0.0030455298256129026
      },
      "other_mass": 0.007113063606084324
    },
    "g2g3": {
      "fen_after_white": "rnbqkbnr/pppppppp/8/8/8/6P1/PPPPPP1P/RNBQKBNR b KQkq - 0 1",
      "black_reply_probs": {
        "c7c5": 0.02038400247693062,
        "e7e5": 0.596142053604126,
        "e7e6": 0.0043390607461333275,
        "c7c6": 0.0007810916868038476,
        "d7d5": 0.06809074431657791,
        "g8f6": 0.294899582862854,
        "g7g6": 0.0037753426004201174,
        "d7d6": 0.002982488600537181
      },
      "other_mass": 0.008605633105617017
    },
    "b2b3": {
      "fen_after_white": "rnbqkbnr/pppppppp/8/8/8/1P6/P1PPPPPP/RNBQKBNR b KQkq - 0 1",
      "black_reply_probs": {
        "c7c5": 0.007324206177145243,
        "e7e5": 0.7519428133964539,
        "e7e6": 0.010629942640662193,
        "c7c6": 0.00046273236512206495,
        "d7d5": 0.04073217883706093,
        "g8f6": 0.17231842875480652,
        "g7g6": 0.008942639455199242,
        "d7d6": 0.0027607926167547703
      },
      "other_mass": 0.004886265756795183
    },
    "f2f4": {
      "fen_after_white": "rnbqkbnr/pppppppp/8/8/5P2/8/PPPPP1PP/RNBQKBNR b KQkq - 0 1",
      "black_reply_probs": {
        "c7c5": 0.05399984121322632,
        "e7e5": 0.46994486451148987,
        "e7e6": 0.036934319883584976,
        "c7c6": 0.001939663547091186,
        "d7d5": 0.12400747835636139,
        "g8f6": 0.2790950834751129,
        "g7g6": 0.008264079689979553,
        "d7d6": 0.014495198614895344
      },
      "other_mass": 0.01131947070825845
    },
    "b2b4": {
      "fen_after_white": "rnbqkbnr/pppppppp/8/8/1P6/8/P1PPPPPP/RNBQKBNR b KQkq - 0 1",
      "black_reply_probs": {
        "c7c5": 0.0024796605575829744,
        "e7e5": 0.7573779821395874,
        "e7e6": 0.02353404089808464,
        "c7c6": 0.0013109531719237566,
        "d7d5": 0.053465262055397034,
        "g8f6": 0.114158034324646,
        "g7g6": 0.02451743185520172,
        "d7d6": 0.008161849342286587
      },
      "other_mass": 0.014994785655289888
    },
    "a2a4": {
      "fen_after_white": "rnbqkbnr/pppppppp/8/8/P7/8/1PPPPPPP/RNBQKBNR b KQkq - 0 1",
      "black_reply_probs": {
        "c7c5": 0.008225636556744576,
        "e7e5": 0.6476523280143738,
        "e7e6": 0.003184393746778369,
        "c7c6": 0.0007111959857866168,
        "d7d5": 0.046851929277181625,
        "g8f6": 0.283896803855896,
        "g7g6": 0.0016106279799714684,
        "d7d6": 0.0035272911190986633
      },
      "other_mass": 0.004339793464168906
    }
  },
  "meta": {
    "elo_self": 2800,
    "elo_oppo": 2800,
    "temperature": 1.0,
    "maia_type": "blitz",
    "white_moves_probed": [
      "e2e4",
      "d2d4",
      "c2c4",
      "g1f3",
      "g2g3",
      "b2b3",
      "f2f4",
      "b2b4",
      "a2a4"
    ],
    "black_replies_probed": [
      "c7c5",
      "e7e5",
      "e7e6",
      "c7c6",
      "d7d5",
      "g8f6",
      "g7g6",
      "d7d6"
    ]
  }
}