{
  "white_first_move_probs": {
    "e2e4": 0.005932653788477182,
    "d2d4": 0.04519430175423622,
    "c2c4": 0.0008857175125740469,
    "g1f3": 0.5690933465957642,
    "g2g3": 0.16653262078762054,
    "b2b3": 0.018550731241703033,
    "f2f4": 0.04441642761230469,
    "b2b4": 0.0001406476367264986,
    "a2a4": 0.000913495197892189
  },
  "white_other_mass": 0.14834005787270144,
  "black_reply_probs_cond_on_white": {
    "e2e4": {
      "fen_after_white": "rnbqkbnr/pppppppp/8/8/4P3/8/PPPP1PPP/RNBQKBNR b KQkq - 0 1",
      "black_reply_probs": {
        "c7c5": 0.001297125592827797,
        "e7e5": 0.018504682928323746,
        "e7e6": 0.1089702695608139,
        "c7c6": 0.013684517703950405,
        "d7d5": 0.05341247096657753,
        "g8f6": 0.31838446855545044,
        "g7g6": 0.1960744857788086,
        "d7d6": 0.13264065980911255
      },
      "other_mass": 0.15703131910413504
    },
    "d2d4": {
      "fen_after_white": "rnbqkbnr/pppppppp/8/8/3P4/8/PPP1PPPP/RNBQKBNR b KQkq - 0 1",
      "black_reply_probs": {
        "c7c5": 0.0005665983189828694,
        "e7e5": 0.0009520815801806748,
        "e7e6": 0.027526481077075005,
        "c7c6": 0.010553734377026558,
        "d7d5": 0.1308669149875641,
        "g8f6": 0.6292320489883423,
        "g7g6": 0.0973203182220459,
        "d7d6": 0.02601850964128971
      },
      "other_mass": 0.07696331280749291
    },
    "c2c4": {
      "fen_after_white": "rnbqkbnr/pppppppp/8/8/2P5/8/PP1PPPPP/RNBQKBNR b KQkq - 0 1",
      "black_reply_probs": {
        "c7c5": 0.007429506164044142,
        "e7e5": 0.005273259710520506,
        "e7e6": 0.020604558289051056,
        "c7c6": 0.01831918954849243,
        "d7d5": 0.01473408006131649,
        "g8f6": 0.37914881110191345,
        "g7g6": 0.13656218349933624,
        "d7d6": 0.0503292940557003
      },
      "other_mass": 0.3675991175696254
    },
    "g1f3": {
      "fen_after_white": "rnbqkbnr/pppppppp/8/8/8/5N2/PPPPPPPP/RNBQKB1R b KQkq - 1 1",
      "black_reply_probs": {
        "c7c5": 0.00030369270825758576,
        "e7e5": 0.0005897081573493779,
        "e7e6": 0.003907482605427504,
        "c7c6": 0.000909383234102279,
        "d7d5": 0.01832422986626625,
        "g8f6": 0.7638334035873413,
        "g7g6": 0.09479457885026932,
        "d7d6": 0.00792012270539999
      },
      "other_mass": 0.10941739828558639
    },
    "g2g3": {
      "fen_after_white": "rnbqkbnr/pppppppp/8/8/8/6P1/PPPPPP1P/RNBQKBNR b KQkq - 0 1",
      "black_reply_probs": {
        "c7c5": 0.000493207189720124,
        "e7e5": 0.00663237739354372,
        "e7e6": 0.012317663989961147,
        "c7c6": 0.003977538552135229,
        "d7d5": 0.03900987654924393,
        "g8f6": 0.6414413452148438,
        "g7g6": 0.11614010483026505,
        "d7d6": 0.015766315162181854
      },
      "other_mass": 0.1642215711181052
    },
    "b2b3": {
      "fen_after_white": "rnbqkbnr/pppppppp/8/8/8/1P6/P1PPPPPP/RNBQKBNR b KQkq - 0 1",
      "black_reply_probs": {
        "c7c5": 0.00027708164998330176,
        "e7e5": 0.005366119556128979,
        "e7e6": 0.019013356417417526,
        "c7c6": 0.004744557198137045,
        "d7d5": 0.031548965722322464,
        "g8f6": 0.6512261033058167,
        "g7g6": 0.15270137786865234,
        "d7d6": 0.009880512952804565
      },
      "other_mass": 0.12524192532873712
    },
    "f2f4": {
      "fen_after_white": "rnbqkbnr/pppppppp/8/8/5P2/8/PPPPP1PP/RNBQKBNR b KQkq - 0 1",
      "black_reply_probs": {
        "c7c5": 0.0006731406901963055,
        "e7e5": 0.0022556432522833347,
        "e7e6": 0.031629908829927444,
        "c7c6": 0.007206901907920837,
        "d7d5": 0.03779983893036842,
        "g8f6": 0.5305483937263489,
        "g7g6": 0.1853390336036682,
        "d7d6": 0.026074562221765518
      },
      "other_mass": 0.17847257683752105
    },
    "b2b4": {
      "fen_after_white": "rnbqkbnr/pppppppp/8/8/1P6/8/P1PPPPPP/RNBQKBNR b KQkq - 0 1",
      "black_reply_probs": {
        "c7c5": 7.849633402656764e-05,
        "e7e5": 0.007134506478905678,
        "e7e6": 0.04350076988339424,
        "c7c6": 0.008433113805949688,
        "d7d5": 0.0322619192302227,
        "g8f6": 0.6892083287239075,
        "g7g6": 0.08536765724420547,
        "d7d6": 0.02067083679139614
      },
      "other_mass": 0.11334437150799204
    },
    "a2a4": {
      "fen_after_white": "rnbqkbnr/pppppppp/8/8/P7/8/1PPPPPPP/RNBQKBNR b KQkq - 0 1",
      "black_reply_probs": {
        "c7c5": 0.000499458285048604,
        "e7e5": 0.004544413182884455,
        "e7e6": 0.013827022165060043,
        "c7c6": 0.005075667519122362,
        "d7d5": 0.03462924063205719,
        "g8f6": 0.6230271458625793,
        "g7g6": 0.09945596754550934,
        "d7d6": 0.02268134243786335
      },
      "other_mass": 0.1962597423698753
    }
  },
  "meta": {
    "elo_self": 2800,
    "elo_oppo": 2800,
    "temperature": 1.0,
    "maia_type": "blitz",
    "white_moves_probed": [
      "e2e4",
      "d2d4",
      "c2c4",
      "g1f3",
      "g2g3",
      "b2b3",
      "f2f4",
      "b2b4",
      "a2a4"
    ],
    "black_replies_probed": [
      "c7c5",
      "e7e5",
      "e7e6",
      "c7c6",
      "d7d5",
      "g8f6",
      "g7g6",
      "d7d6"
    ]
  }
}