{
  "white_first_move_probs": {
    "e2e4": 0.7820602059364319,
    "d2d4": 0.03416390344500542,
    "c2c4": 0.004939923528581858,
    "g1f3": 0.17344997823238373,
    "g2g3": 0.000506118347402662,
    "b2b3": 0.0001542262762086466,
    "f2f4": 0.00012095157580915838,
    "b2b4": 8.447416803392116e-06,
    "a2a4": 1.637491732253693e-05
  },
  "white_other_mass": 0.004579870324050717,
  "black_reply_probs_cond_on_white": {
    "e2e4": {
      "fen_after_white": "rnbqkbnr/pppppppp/8/8/4P3/8/PPPP1PPP/RNBQKBNR b KQkq - 0 1",
      "black_reply_probs": {
        "c7c5": 0.17674678564071655,
        "e7e5": 0.4955880045890808,
        "e7e6": 0.0847017914056778,
        "c7c6": 0.008967616595327854,
        "d7d5": 0.08562032878398895,
        "g8f6": 0.09465095400810242,
        "g7g6": 0.009089970961213112,
        "d7d6": 0.018467139452695847
      },
      "other_mass": 0.02616740856319666
    },
    "d2d4": {
      "fen_after_white": "rnbqkbnr/pppppppp/8/8/3P4/8/PPP1PPPP/RNBQKBNR b KQkq - 0 1",
      "black_reply_probs": {
        "c7c5": 0.006537062581628561,
        "e7e5": 0.027100695297122,
        "e7e6": 0.019896866753697395,
        "c7c6": 0.000798496010247618,
        "d7d5": 0.17775502800941467,
        "g8f6": 0.736546516418457,
        "g7g6": 0.00808983575552702,
        "d7d6": 0.0188224408775568
      },
      "other_mass": 0.0044530582963489
    },
    "c2c4": {
      "fen_after_white": "rnbqkbnr/pppppppp/8/8/2P5/8/PP1PPPPP/RNBQKBNR b KQkq - 0 1",
      "black_reply_probs": {
        "c7c5": 0.016824040561914444,
        "e7e5": 0.6238749623298645,
        "e7e6": 0.004517660941928625,
        "c7c6": 0.0007478738552890718,
        "d7d5": 0.01866009831428528,
        "g8f6": 0.31945595145225525,
        "g7g6": 0.0036200860049575567,
        "d7d6": 0.0053189592435956
      },
      "other_mass": 0.006980367295909673
    },
    "g1f3": {
      "fen_after_white": "rnbqkbnr/pppppppp/8/8/8/5N2/PPPPPPPP/RNBQKB1R b KQkq - 1 1",
      "black_reply_probs": {
        "c7c5": 0.019738338887691498,
        "e7e5": 0.07010981440544128,
        "e7e6": 0.004849753342568874,
        "c7c6": 0.0004552288737613708,
        "d7d5": 0.13241493701934814,
        "g8f6": 0.7444502115249634,
        "g7g6": 0.00823723990470171,
        "d7d6": 0.006392413750290871
      },
      "other_mass": 0.013352062291232869
    },
    "g2g3": {
      "fen_after_white": "rnbqkbnr/pppppppp/8/8/8/6P1/PPPPPP1P/RNBQKBNR b KQkq - 0 1",
      "black_reply_probs": {
        "c7c5": 0.02428932674229145,
        "e7e5": 0.5724275708198547,
        "e7e6": 0.005872006062418222,
        "c7c6": 0.0011235438287258148,
        "d7d5": 0.14783558249473572,
        "g8f6": 0.2261313796043396,
        "g7g6": 0.005082994699478149,
        "d7d6": 0.0050248634070158005
      },
      "other_mass": 0.012212732341140509
    },
    "b2b3": {
      "fen_after_white": "rnbqkbnr/pppppppp/8/8/8/1P6/P1PPPPPP/RNBQKBNR b KQkq - 0 1",
      "black_reply_probs": {
        "c7c5": 0.009359730407595634,
        "e7e5": 0.7145493626594543,
        "e7e6": 0.01511619333177805,
        "c7c6": 0.0007197803934104741,
        "d7d5": 0.08739662915468216,
        "g8f6": 0.15072239935398102,
        "g7g6": 0.010826148092746735,
        "d7d6": 0.004756149370223284
      },
      "other_mass": 0.0065536072361283
    },
    "f2f4": {
      "fen_after_white": "rnbqkbnr/pppppppp/8/8/5P2/8/PPPPP1PP/RNBQKBNR b KQkq - 0 1",
      "black_reply_probs": {
        "c7c5": 0.057622164487838745,
        "e7e5": 0.41488713026046753,
        "e7e6": 0.04481661319732666,
        "c7c6": 0.0023329677060246468,
        "d7d5": 0.21764490008354187,
        "g8f6": 0.22138290107250214,
        "g7g6": 0.010488714091479778,
        "d7d6": 0.01714489609003067
      },
      "other_mass": 0.013679713010787964
    },
    "b2b4": {
      "fen_after_white": "rnbqkbnr/pppppppp/8/8/1P6/8/P1PPPPPP/RNBQKBNR b KQkq - 0 1",
      "black_reply_probs": {
        "c7c5": 0.0029891247395426035,
        "e7e5": 0.7238648533821106,
        "e7e6": 0.03098285384476185,
        "c7c6": 0.0016488305991515517,
        "d7d5": 0.09351060539484024,
        "g8f6": 0.08936820179224014,
        "g7g6": 0.026464316993951797,
        "d7d6": 0.012870621867477894
      },
      "other_mass": 0.018300591385923326
    },
    "a2a4": {
      "fen_after_white": "rnbqkbnr/pppppppp/8/8/P7/8/1PPPPPPP/RNBQKBNR b KQkq - 0 1",
      "black_reply_probs": {
        "c7c5": 0.010160751640796661,
        "e7e5": 0.6519982814788818,
        "e7e6": 0.0042618513107299805,
        "c7c6": 0.0009455849067308009,
        "d7d5": 0.09336500614881516,
        "g8f6": 0.22580471634864807,
        "g7g6": 0.00213467120192945,
        "d7d6": 0.005158261861652136
      },
      "other_mass": 0.006170875101815909
    }
  },
  "meta": {
    "elo_self": 2800,
    "elo_oppo": 2800,
    "temperature": 1.0,
    "maia_type": "blitz",
    "white_moves_probed": [
      "e2e4",
      "d2d4",
      "c2c4",
      "g1f3",
      "g2g3",
      "b2b3",
      "f2f4",
      "b2b4",
      "a2a4"
    ],
    "black_replies_probed": [
      "c7c5",
      "e7e5",
      "e7e6",
      "c7c6",
      "d7d5",
      "g8f6",
      "g7g6",
      "d7d6"
    ]
  }
}