{
  "white_first_move_probs": {
    "e2e4": 0.8530023694038391,
    "d2d4": 0.009026107378304005,
    "c2c4": 0.003409200580790639,
    "g1f3": 0.13168683648109436,
    "g2g3": 0.00018798837845679373,
    "b2b3": 7.96570093370974e-05,
    "f2f4": 4.0062197513179854e-05,
    "b2b4": 2.4962789666460594e-06,
    "a2a4": 3.262220161559526e-06
  },
  "white_other_mass": 0.002562020071536608,
  "black_reply_probs_cond_on_white": {
    "e2e4": {
      "fen_after_white": "rnbqkbnr/pppppppp/8/8/4P3/8/PPPP1PPP/RNBQKBNR b KQkq - 0 1",
      "black_reply_probs": {
        "c7c5": 0.17737378180027008,
        "e7e5": 0.5292585492134094,
        "e7e6": 0.11192832142114639,
        "c7c6": 0.008261727169156075,
        "d7d5": 0.04097141698002815,
        "g8f6": 0.09353967756032944,
        "g7g6": 0.00716830138117075,
        "d7d6": 0.011395801790058613
      },
      "other_mass": 0.020102422684431076
    },
    "d2d4": {
      "fen_after_white": "rnbqkbnr/pppppppp/8/8/3P4/8/PPP1PPPP/RNBQKBNR b KQkq - 0 1",
      "black_reply_probs": {
        "c7c5": 0.006714912131428719,
        "e7e5": 0.026622885838150978,
        "e7e6": 0.0273993369191885,
        "c7c6": 0.0005483868881128728,
        "d7d5": 0.07448145747184753,
        "g8f6": 0.8404823541641235,
        "g7g6": 0.008032552897930145,
        "d7d6": 0.0131229218095541
      },
      "other_mass": 0.0025951918796636164
    },
    "c2c4": {
      "fen_after_white": "rnbqkbnr/pppppppp/8/8/2P5/8/PP1PPPPP/RNBQKBNR b KQkq - 0 1",
      "black_reply_probs": {
        "c7c5": 0.013270244933664799,
        "e7e5": 0.6975111365318298,
        "e7e6": 0.0038000713102519512,
        "c7c6": 0.00040138911572284997,
        "d7d5": 0.005458644591271877,
        "g8f6": 0.27013543248176575,
        "g7g6": 0.0017797128530219197,
        "d7d6": 0.0030029688496142626
      },
      "other_mass": 0.004640399332856759
    },
    "g1f3": {
      "fen_after_white": "rnbqkbnr/pppppppp/8/8/8/5N2/PPPPPPPP/RNBQKB1R b KQkq - 1 1",
      "black_reply_probs": {
        "c7c5": 0.022254813462495804,
        "e7e5": 0.08633943647146225,
        "e7e6": 0.004923314321786165,
        "c7c6": 0.00026999603142030537,
        "d7d5": 0.05627437308430672,
        "g8f6": 0.8112777471542358,
        "g7g6": 0.0055541289038956165,
        "d7d6": 0.004412068519741297
      },
      "other_mass": 0.008694122050656006
    },
    "g2g3": {
      "fen_after_white": "rnbqkbnr/pppppppp/8/8/8/6P1/PPPPPP1P/RNBQKBNR b KQkq - 0 1",
      "black_reply_probs": {
        "c7c5": 0.019987013190984726,
        "e7e5": 0.7014135122299194,
        "e7e6": 0.004241923335939646,
        "c7c6": 0.0005850870511494577,
        "d7d5": 0.05838240683078766,
        "g8f6": 0.20248928666114807,
        "g7g6": 0.0026330261025577784,
        "d7d6": 0.0023771580308675766
      },
      "other_mass": 0.007890586566645652
    },
    "b2b3": {
      "fen_after_white": "rnbqkbnr/pppppppp/8/8/8/1P6/P1PPPPPP/RNBQKBNR b KQkq - 0 1",
      "black_reply_probs": {
        "c7c5": 0.0063952794298529625,
        "e7e5": 0.8158582448959351,
        "e7e6": 0.01092270016670227,
        "c7c6": 0.00030764483381062746,
        "d7d5": 0.030702169984579086,
        "g8f6": 0.123607337474823,
        "g7g6": 0.0062406486831605434,
        "d7d6": 0.0023522700648754835
      },
      "other_mass": 0.0036137044662609696
    },
    "f2f4": {
      "fen_after_white": "rnbqkbnr/pppppppp/8/8/5P2/8/PPPPP1PP/RNBQKBNR b KQkq - 0 1",
      "black_reply_probs": {
        "c7c5": 0.06862687319517136,
        "e7e5": 0.41706374287605286,
        "e7e6": 0.045910075306892395,
        "c7c6": 0.0022311636712402105,
        "d7d5": 0.14739936590194702,
        "g8f6": 0.28055426478385925,
        "g7g6": 0.008482513949275017,
        "d7d6": 0.01640218496322632
      },
      "other_mass": 0.013329815352335572
    },
    "b2b4": {
      "fen_after_white": "rnbqkbnr/pppppppp/8/8/1P6/8/P1PPPPPP/RNBQKBNR b KQkq - 0 1",
      "black_reply_probs": {
        "c7c5": 0.0024202601052820683,
        "e7e5": 0.7505940794944763,
        "e7e6": 0.03360481932759285,
        "c7c6": 0.0013685311423614621,
        "d7d5": 0.05368458107113838,
        "g8f6": 0.10820987075567245,
        "g7g6": 0.026572905480861664,
        "d7d6": 0.010841661132872105
      },
      "other_mass": 0.012703291489742696
    },
    "a2a4": {
      "fen_after_white": "rnbqkbnr/pppppppp/8/8/P7/8/1PPPPPPP/RNBQKBNR b KQkq - 0 1",
      "black_reply_probs": {
        "c7c5": 0.0071736969985067844,
        "e7e5": 0.7710800170898438,
        "e7e6": 0.0031996804755181074,
        "c7c6": 0.00047560318489558995,
        "d7d5": 0.03462684899568558,
        "g8f6": 0.17612557113170624,
        "g7g6": 0.0009172090794891119,
        "d7d6": 0.0029254253022372723
      },
      "other_mass": 0.003475947742117569
    }
  },
  "meta": {
    "elo_self": 2800,
    "elo_oppo": 2800,
    "temperature": 1.0,
    "maia_type": "blitz",
    "white_moves_probed": [
      "e2e4",
      "d2d4",
      "c2c4",
      "g1f3",
      "g2g3",
      "b2b3",
      "f2f4",
      "b2b4",
      "a2a4"
    ],
    "black_replies_probed": [
      "c7c5",
      "e7e5",
      "e7e6",
      "c7c6",
      "d7d5",
      "g8f6",
      "g7g6",
      "d7d6"
    ]
  }
}