{
  "white_first_move_probs": {
    "e2e4": 0.01393456757068634,
    "d2d4": 0.0162282045930624,
    "c2c4": 6.195175501488848e-06,
    "g1f3": 0.9561556577682495,
    "g2g3": 0.00868979562073946,
    "b2b3": 0.0005916356458328664,
    "f2f4": 0.0008429899462498724,
    "b2b4": 1.1879262729053153e-06,
    "a2a4": 9.124038342633867e-07
  },
  "white_other_mass": 0.0035488533495708907,
  "black_reply_probs_cond_on_white": {
    "e2e4": {
      "fen_after_white": "rnbqkbnr/pppppppp/8/8/4P3/8/PPPP1PPP/RNBQKBNR b KQkq - 0 1",
      "black_reply_probs": {
        "c7c5": 0.0009668113198131323,
        "e7e5": 0.16664603352546692,
        "e7e6": 0.10162182152271271,
        "c7c6": 0.0010573731269687414,
        "d7d5": 0.05780796706676483,
        "g8f6": 0.5844832062721252,
        "g7g6": 0.04640670120716095,
        "d7d6": 0.013183193281292915
      },
      "other_mass": 0.02782689267769456
    },
    "d2d4": {
      "fen_after_white": "rnbqkbnr/pppppppp/8/8/3P4/8/PPP1PPPP/RNBQKBNR b KQkq - 0 1",
      "black_reply_probs": {
        "c7c5": 8.148847882694099e-06,
        "e7e5": 0.0016504211816936731,
        "e7e6": 0.0031783650629222393,
        "c7c6": 4.793209518538788e-05,
        "d7d5": 0.05976831167936325,
        "g8f6": 0.9163941740989685,
        "g7g6": 0.01644327864050865,
        "d7d6": 0.0008752565481700003
      },
      "other_mass": 0.001634111845305597
    },
    "c2c4": {
      "fen_after_white": "rnbqkbnr/pppppppp/8/8/2P5/8/PP1PPPPP/RNBQKBNR b KQkq - 0 1",
      "black_reply_probs": {
        "c7c5": 0.00025589208235032856,
        "e7e5": 0.015262248925864697,
        "e7e6": 0.001708606956526637,
        "c7c6": 0.00011880843521794304,
        "d7d5": 0.007137911859899759,
        "g8f6": 0.9367480874061584,
        "g7g6": 0.017154177650809288,
        "d7d6": 0.0014699924504384398
      },
      "other_mass": 0.02014427423273446
    },
    "g1f3": {
      "fen_after_white": "rnbqkbnr/pppppppp/8/8/8/5N2/PPPPPPPP/RNBQKB1R b KQkq - 1 1",
      "black_reply_probs": {
        "c7c5": 1.5898704077699222e-06,
        "e7e5": 0.0012455014511942863,
        "e7e6": 0.00021964142797514796,
        "c7c6": 2.2186707155924523e-06,
        "d7d5": 0.006811017170548439,
        "g8f6": 0.9743008017539978,
        "g7g6": 0.015123964287340641,
        "d7d6": 0.000129769992781803
      },
      "other_mass": 0.0021654953750385175
    },
    "g2g3": {
      "fen_after_white": "rnbqkbnr/pppppppp/8/8/8/6P1/PPPPPP1P/RNBQKBNR b KQkq - 0 1",
      "black_reply_probs": {
        "c7c5": 1.8202799765276723e-05,
        "e7e5": 0.021366264671087265,
        "e7e6": 0.0008968310430645943,
        "c7c6": 2.864092675736174e-05,
        "d7d5": 0.02674083597958088,
        "g8f6": 0.9296482801437378,
        "g7g6": 0.013579022139310837,
        "d7d6": 0.0005266805528663099
      },
      "other_mass": 0.007195241743829683
    },
    "b2b3": {
      "fen_after_white": "rnbqkbnr/pppppppp/8/8/8/1P6/P1PPPPPP/RNBQKBNR b KQkq - 0 1",
      "black_reply_probs": {
        "c7c5": 4.745468231703853e-06,
        "e7e5": 0.014643213711678982,
        "e7e6": 0.0013615830102935433,
        "c7c6": 1.4789668966841418e-05,
        "d7d5": 0.018869493156671524,
        "g8f6": 0.9328196048736572,
        "g7g6": 0.02501234970986843,
        "d7d6": 0.00026546959998086095
      },
      "other_mass": 0.007008750800650887
    },
    "f2f4": {
      "fen_after_white": "rnbqkbnr/pppppppp/8/8/5P2/8/PPPPP1PP/RNBQKBNR b KQkq - 0 1",
      "black_reply_probs": {
        "c7c5": 1.58565762831131e-05,
        "e7e5": 0.014216829091310501,
        "e7e6": 0.002779067726805806,
        "c7c6": 3.280477176303975e-05,
        "d7d5": 0.023406237363815308,
        "g8f6": 0.93649822473526,
        "g7g6": 0.015551152639091015,
        "d7d6": 0.0009982865303754807
      },
      "other_mass": 0.006501540565295727
    },
    "b2b4": {
      "fen_after_white": "rnbqkbnr/pppppppp/8/8/1P6/8/P1PPPPPP/RNBQKBNR b KQkq - 0 1",
      "black_reply_probs": {
        "c7c5": 4.39841323895962e-06,
        "e7e5": 0.022299112752079964,
        "e7e6": 0.004633851815015078,
        "c7c6": 9.805065201362595e-05,
        "d7d5": 0.01856999844312668,
        "g8f6": 0.9190782308578491,
        "g7g6": 0.028609370812773705,
        "d7d6": 0.0004773977561853826
      },
      "other_mass": 0.0062295884977174865
    },
    "a2a4": {
      "fen_after_white": "rnbqkbnr/pppppppp/8/8/P7/8/1PPPPPPP/RNBQKBNR b KQkq - 0 1",
      "black_reply_probs": {
        "c7c5": 3.696583917189855e-06,
        "e7e5": 0.009756488725543022,
        "e7e6": 0.0005047463928349316,
        "c7c6": 9.360758667753544e-06,
        "d7d5": 0.01766112446784973,
        "g8f6": 0.9625613689422607,
        "g7g6": 0.006005852948874235,
        "d7d6": 0.00041673696250654757
      },
      "other_mass": 0.0030806242175458465
    }
  },
  "meta": {
    "elo_self": 2800,
    "elo_oppo": 2800,
    "temperature": 1.0,
    "maia_type": "blitz",
    "white_moves_probed": [
      "e2e4",
      "d2d4",
      "c2c4",
      "g1f3",
      "g2g3",
      "b2b3",
      "f2f4",
      "b2b4",
      "a2a4"
    ],
    "black_replies_probed": [
      "c7c5",
      "e7e5",
      "e7e6",
      "c7c6",
      "d7d5",
      "g8f6",
      "g7g6",
      "d7d6"
    ]
  }
}