{
  "white_first_move_probs": {
    "e2e4": 0.9996647834777832,
    "d2d4": 1.0897250919993985e-17,
    "c2c4": 1.2110479218197848e-24,
    "g1f3": 0.00033519029966555536,
    "g2g3": 5.999477773000496e-22,
    "b2b3": 3.7335409844941495e-29,
    "f2f4": 8.659601311294788e-23,
    "b2b4": 2.130711427220257e-28,
    "a2a4": 2.309294130825423e-36
  },
  "white_other_mass": 2.6222551241517067e-08,
  "black_reply_probs_cond_on_white": {
    "e2e4": {
      "fen_after_white": "rnbqkbnr/pppppppp/8/8/4P3/8/PPPP1PPP/RNBQKBNR b KQkq - 0 1",
      "black_reply_probs": {
        "c7c5": 8.51402302657913e-23,
        "e7e5": 0.9991713762283325,
        "e7e6": 2.0517626141781714e-15,
        "c7c6": 7.82127979208033e-32,
        "d7d5": 3.882401983519687e-18,
        "g8f6": 0.0008286189986392856,
        "g7g6": 2.7707945386273025e-21,
        "d7d6": 6.087736241051438e-24
      },
      "other_mass": 4.773026196502883e-09
    },
    "d2d4": {
      "fen_after_white": "rnbqkbnr/pppppppp/8/8/3P4/8/PPP1PPPP/RNBQKBNR b KQkq - 0 1",
      "black_reply_probs": {
        "c7c5": 8.727769306469832e-24,
        "e7e5": 0.9925274848937988,
        "e7e6": 8.775517137504622e-15,
        "c7c6": 1.808650138321727e-32,
        "d7d5": 9.197399684576519e-15,
        "g8f6": 0.007472545374184847,
        "g7g6": 1.2012124277508708e-19,
        "d7d6": 2.7002056997280904e-21
      },
      "other_mass": 0.0
    },
    "c2c4": {
      "fen_after_white": "rnbqkbnr/pppppppp/8/8/2P5/8/PP1PPPPP/RNBQKBNR b KQkq - 0 1",
      "black_reply_probs": {
        "c7c5": 1.0311297922035187e-23,
        "e7e5": 0.9989633560180664,
        "e7e6": 2.062035800339386e-16,
        "c7c6": 1.2689587882769307e-32,
        "d7d5": 7.629565727151242e-18,
        "g8f6": 0.0010366578353568912,
        "g7g6": 1.408174220624053e-21,
        "d7d6": 3.3613590363408017e-23
      },
      "other_mass": 0.0
    },
    "g1f3": {
      "fen_after_white": "rnbqkbnr/pppppppp/8/8/8/5N2/PPPPPPPP/RNBQKB1R b KQkq - 1 1",
      "black_reply_probs": {
        "c7c5": 1.2998431899952065e-23,
        "e7e5": 0.9972102046012878,
        "e7e6": 5.512182841892015e-16,
        "c7c6": 4.197076130988084e-33,
        "d7d5": 6.621066628018224e-17,
        "g8f6": 0.0027897616382688284,
        "g7g6": 6.969553068968171e-20,
        "d7d6": 1.1831963158696567e-22
      },
      "other_mass": 3.376044266367728e-08
    },
    "g2g3": {
      "fen_after_white": "rnbqkbnr/pppppppp/8/8/8/6P1/PPPPPP1P/RNBQKBNR b KQkq - 0 1",
      "black_reply_probs": {
        "c7c5": 2.018537875925204e-24,
        "e7e5": 0.9994667172431946,
        "e7e6": 1.4286794871752937e-16,
        "c7c6": 1.2844015147030723e-33,
        "d7d5": 4.8118734049822475e-17,
        "g8f6": 0.0005333470762707293,
        "g7g6": 3.3299922606749824e-21,
        "d7d6": 1.9512324607069735e-23
      },
      "other_mass": 0.0
    },
    "b2b3": {
      "fen_after_white": "rnbqkbnr/pppppppp/8/8/8/1P6/P1PPPPPP/RNBQKBNR b KQkq - 0 1",
      "black_reply_probs": {
        "c7c5": 1.5240817340773236e-25,
        "e7e5": 0.9998884201049805,
        "e7e6": 1.6872182948745397e-16,
        "c7c6": 2.3944156414790255e-34,
        "d7d5": 7.745978990658893e-18,
        "g8f6": 0.00011156836990267038,
        "g7g6": 2.3352647610209185e-21,
        "d7d6": 3.1820031870562546e-24
      },
      "other_mass": 1.1525116638821942e-08
    },
    "f2f4": {
      "fen_after_white": "rnbqkbnr/pppppppp/8/8/5P2/8/PPPPP1PP/RNBQKBNR b KQkq - 0 1",
      "black_reply_probs": {
        "c7c5": 3.964916278267126e-24,
        "e7e5": 0.9996054768562317,
        "e7e6": 8.30236654487162e-16,
        "c7c6": 1.0956034384720854e-33,
        "d7d5": 4.3991529618378944e-17,
        "g8f6": 0.0003945267526432872,
        "g7g6": 3.029176196744318e-21,
        "d7d6": 3.9557632040699374e-23
      },
      "other_mass": 0.0
    },
    "b2b4": {
      "fen_after_white": "rnbqkbnr/pppppppp/8/8/1P6/8/P1PPPPPP/RNBQKBNR b KQkq - 0 1",
      "black_reply_probs": {
        "c7c5": 1.0797041834742e-25,
        "e7e5": 0.9998794794082642,
        "e7e6": 1.5147557958384433e-15,
        "c7c6": 1.6015533803037795e-33,
        "d7d5": 2.0328656730843975e-17,
        "g8f6": 0.00012051671365043148,
        "g7g6": 2.124812322508312e-21,
        "d7d6": 1.541158738573754e-23
      },
      "other_mass": 3.8780838540475315e-09
    },
    "a2a4": {
      "fen_after_white": "rnbqkbnr/pppppppp/8/8/P7/8/1PPPPPPP/RNBQKBNR b KQkq - 0 1",
      "black_reply_probs": {
        "c7c5": 3.736038837631857e-25,
        "e7e5": 0.9994695782661438,
        "e7e6": 5.722284599898116e-17,
        "c7c6": 1.0665248306396114e-33,
        "d7d5": 2.0838421672580804e-17,
        "g8f6": 0.0005303823272697628,
        "g7g6": 1.3419868216791907e-22,
        "d7d6": 1.5555912643791344e-23
      },
      "other_mass": 3.940658632739513e-08
    }
  },
  "meta": {
    "elo_self": 2800,
    "elo_oppo": 2800,
    "temperature": 1.0,
    "maia_type": "blitz",
    "white_moves_probed": [
      "e2e4",
      "d2d4",
      "c2c4",
      "g1f3",
      "g2g3",
      "b2b3",
      "f2f4",
      "b2b4",
      "a2a4"
    ],
    "black_replies_probed": [
      "c7c5",
      "e7e5",
      "e7e6",
      "c7c6",
      "d7d5",
      "g8f6",
      "g7g6",
      "d7d6"
    ]
  }
}