{
  "white_first_move_probs": {
    "e2e4": 0.8389453887939453,
    "d2d4": 0.01838883012533188,
    "c2c4": 0.006908680312335491,
    "g1f3": 0.1316097527742386,
    "g2g3": 0.0004484698292799294,
    "b2b3": 0.0002606237248983234,
    "f2f4": 5.7333007134729996e-05,
    "b2b4": 9.909386790241115e-06,
    "a2a4": 1.9546070689102635e-05
  },
  "white_other_mass": 0.0033514659753564047,
  "black_reply_probs_cond_on_white": {
    "e2e4": {
      "fen_after_white": "rnbqkbnr/pppppppp/8/8/4P3/8/PPPP1PPP/RNBQKBNR b KQkq - 0 1",
      "black_reply_probs": {
        "c7c5": 0.22549721598625183,
        "e7e5": 0.4442279636859894,
        "e7e6": 0.08081501722335815,
        "c7c6": 0.011331550776958466,
        "d7d5": 0.053989578038454056,
        "g8f6": 0.11837874352931976,
        "g7g6": 0.013435699045658112,
        "d7d6": 0.015485690906643867
      },
      "other_mass": 0.03683854080736637
    },
    "d2d4": {
      "fen_after_white": "rnbqkbnr/pppppppp/8/8/3P4/8/PPP1PPPP/RNBQKBNR b KQkq - 0 1",
      "black_reply_probs": {
        "c7c5": 0.011011635884642601,
        "e7e5": 0.03718022629618645,
        "e7e6": 0.019392412155866623,
        "c7c6": 0.0008688192465342581,
        "d7d5": 0.11208680272102356,
        "g8f6": 0.7896432876586914,
        "g7g6": 0.012402672320604324,
        "d7d6": 0.01344447210431099
      },
      "other_mass": 0.003969671612139791
    },
    "c2c4": {
      "fen_after_white": "rnbqkbnr/pppppppp/8/8/2P5/8/PP1PPPPP/RNBQKBNR b KQkq - 0 1",
      "black_reply_probs": {
        "c7c5": 0.024832477793097496,
        "e7e5": 0.6589987874031067,
        "e7e6": 0.004176042973995209,
        "c7c6": 0.0008297718595713377,
        "d7d5": 0.010242138989269733,
        "g8f6": 0.28685271739959717,
        "g7g6": 0.0053232591599226,
        "d7d6": 0.0025059161707758904
      },
      "other_mass": 0.0062388882506638765
    },
    "g1f3": {
      "fen_after_white": "rnbqkbnr/pppppppp/8/8/8/5N2/PPPPPPPP/RNBQKB1R b KQkq - 1 1",
      "black_reply_probs": {
        "c7c5": 0.037253499031066895,
        "e7e5": 0.08373336493968964,
        "e7e6": 0.004585674963891506,
        "c7c6": 0.000566436443477869,
        "d7d5": 0.08318124711513519,
        "g8f6": 0.7659753561019897,
        "g7g6": 0.0077015855349600315,
        "d7d6": 0.004498429596424103
      },
      "other_mass": 0.01250440627336502
    },
    "g2g3": {
      "fen_after_white": "rnbqkbnr/pppppppp/8/8/8/6P1/PPPPPP1P/RNBQKBNR b KQkq - 0 1",
      "black_reply_probs": {
        "c7c5": 0.03244623914361,
        "e7e5": 0.6125321388244629,
        "e7e6": 0.004971570800989866,
        "c7c6": 0.0011689956299960613,
        "d7d5": 0.09528079628944397,
        "g8f6": 0.23048731684684753,
        "g7g6": 0.005861926358193159,
        "d7d6": 0.002908319002017379
      },
      "other_mass": 0.01434269710443914
    },
    "b2b3": {
      "fen_after_white": "rnbqkbnr/pppppppp/8/8/8/1P6/P1PPPPPP/RNBQKBNR b KQkq - 0 1",
      "black_reply_probs": {
        "c7c5": 0.011719408445060253,
        "e7e5": 0.7587198615074158,
        "e7e6": 0.012479064054787159,
        "c7c6": 0.0007934586028568447,
        "d7d5": 0.05577883869409561,
        "g8f6": 0.13780520856380463,
        "g7g6": 0.013585977256298065,
        "d7d6": 0.0028675526846200228
      },
      "other_mass": 0.006250630191061646
    },
    "f2f4": {
      "fen_after_white": "rnbqkbnr/pppppppp/8/8/5P2/8/PPPPP1PP/RNBQKBNR b KQkq - 0 1",
      "black_reply_probs": {
        "c7c5": 0.08274619281291962,
        "e7e5": 0.38620057702064514,
        "e7e6": 0.04811661317944527,
        "c7c6": 0.0030929443892091513,
        "d7d5": 0.20981886982917786,
        "g8f6": 0.22680599987506866,
        "g7g6": 0.012135784141719341,
        "d7d6": 0.013861271552741528
      },
      "other_mass": 0.017221747199073434
    },
    "b2b4": {
      "fen_after_white": "rnbqkbnr/pppppppp/8/8/1P6/8/P1PPPPPP/RNBQKBNR b KQkq - 0 1",
      "black_reply_probs": {
        "c7c5": 0.002824609400704503,
        "e7e5": 0.7446072101593018,
        "e7e6": 0.02573869191110134,
        "c7c6": 0.0015728067373856902,
        "d7d5": 0.07185804098844528,
        "g8f6": 0.09217749536037445,
        "g7g6": 0.03507127985358238,
        "d7d6": 0.006935155484825373
      },
      "other_mass": 0.01921471010427922
    },
    "a2a4": {
      "fen_after_white": "rnbqkbnr/pppppppp/8/8/P7/8/1PPPPPPP/RNBQKBNR b KQkq - 0 1",
      "black_reply_probs": {
        "c7c5": 0.013113471679389477,
        "e7e5": 0.7046748995780945,
        "e7e6": 0.0036416356451809406,
        "c7c6": 0.0010059524793177843,
        "d7d5": 0.0627482533454895,
        "g8f6": 0.2026071697473526,
        "g7g6": 0.0024208673276007175,
        "d7d6": 0.0028367661871016026
      },
      "other_mass": 0.006950984010472894
    }
  },
  "meta": {
    "elo_self": 2800,
    "elo_oppo": 2800,
    "temperature": 1.0,
    "maia_type": "blitz",
    "white_moves_probed": [
      "e2e4",
      "d2d4",
      "c2c4",
      "g1f3",
      "g2g3",
      "b2b3",
      "f2f4",
      "b2b4",
      "a2a4"
    ],
    "black_replies_probed": [
      "c7c5",
      "e7e5",
      "e7e6",
      "c7c6",
      "d7d5",
      "g8f6",
      "g7g6",
      "d7d6"
    ]
  }
}