{
  "white_first_move_probs": {
    "e2e4": 0.9065408706665039,
    "d2d4": 0.010764935053884983,
    "c2c4": 0.0012777515221387148,
    "g1f3": 0.07929686456918716,
    "g2g3": 0.0001235965610248968,
    "b2b3": 3.379038389539346e-05,
    "f2f4": 1.7177144400193356e-05,
    "b2b4": 1.071373503691575e-06,
    "a2a4": 1.5467171579075512e-06
  },
  "white_other_mass": 0.0019423960083031488,
  "black_reply_probs_cond_on_white": {
    "e2e4": {
      "fen_after_white": "rnbqkbnr/pppppppp/8/8/4P3/8/PPPP1PPP/RNBQKBNR b KQkq - 0 1",
      "black_reply_probs": {
        "c7c5": 0.13063669204711914,
        "e7e5": 0.5906426310539246,
        "e7e6": 0.08997222781181335,
        "c7c6": 0.004998440388590097,
        "d7d5": 0.06663329154253006,
        "g8f6": 0.08365470170974731,
        "g7g6": 0.005058277398347855,
        "d7d6": 0.011934051290154457
      },
      "other_mass": 0.01646968675777316
    },
    "d2d4": {
      "fen_after_white": "rnbqkbnr/pppppppp/8/8/3P4/8/PPP1PPPP/RNBQKBNR b KQkq - 0 1",
      "black_reply_probs": {
        "c7c5": 0.003950654994696379,
        "e7e5": 0.051369957625865936,
        "e7e6": 0.02688123844563961,
        "c7c6": 0.0002754283486865461,
        "d7d5": 0.12744049727916718,
        "g8f6": 0.764937698841095,
        "g7g6": 0.00583256222307682,
        "d7d6": 0.017444893717765808
      },
      "other_mass": 0.0018670685240067542
    },
    "c2c4": {
      "fen_after_white": "rnbqkbnr/pppppppp/8/8/2P5/8/PP1PPPPP/RNBQKBNR b KQkq - 0 1",
      "black_reply_probs": {
        "c7c5": 0.005904221907258034,
        "e7e5": 0.7770218253135681,
        "e7e6": 0.0024453874211758375,
        "c7c6": 0.00018302298849448562,
        "d7d5": 0.006725633516907692,
        "g8f6": 0.2015790194272995,
        "g7g6": 0.0013625632273033261,
        "d7d6": 0.002517587738111615
      },
      "other_mass": 0.002260738459881395
    },
    "g1f3": {
      "fen_after_white": "rnbqkbnr/pppppppp/8/8/8/5N2/PPPPPPPP/RNBQKB1R b KQkq - 1 1",
      "black_reply_probs": {
        "c7c5": 0.011950970627367496,
        "e7e5": 0.13564980030059814,
        "e7e6": 0.004998428747057915,
        "c7c6": 0.0001531603338662535,
        "d7d5": 0.08577890694141388,
        "g8f6": 0.7441510558128357,
        "g7g6": 0.005512873642146587,
        "d7d6": 0.005028195679187775
      },
      "other_mass": 0.006776607915526256
    },
    "g2g3": {
      "fen_after_white": "rnbqkbnr/pppppppp/8/8/8/6P1/PPPPPP1P/RNBQKBNR b KQkq - 0 1",
      "black_reply_probs": {
        "c7c5": 0.010715482756495476,
        "e7e5": 0.738674521446228,
        "e7e6": 0.0036296211183071136,
        "c7c6": 0.00035412609577178955,
        "d7d5": 0.0727534219622612,
        "g8f6": 0.16361810266971588,
        "g7g6": 0.0026684701442718506,
        "d7d6": 0.002254220424219966
      },
      "other_mass": 0.005332033382728696
    },
    "b2b3": {
      "fen_after_white": "rnbqkbnr/pppppppp/8/8/8/1P6/P1PPPPPP/RNBQKBNR b KQkq - 0 1",
      "black_reply_probs": {
        "c7c5": 0.002674875548109412,
        "e7e5": 0.8618389964103699,
        "e7e6": 0.00865541398525238,
        "c7c6": 0.00015316832286771387,
        "d7d5": 0.034250784665346146,
        "g8f6": 0.08394721150398254,
        "g7g6": 0.004593862220644951,
        "d7d6": 0.001841324265114963
      },
      "other_mass": 0.002044363078312017
    },
    "f2f4": {
      "fen_after_white": "rnbqkbnr/pppppppp/8/8/5P2/8/PPPPP1PP/RNBQKBNR b KQkq - 0 1",
      "black_reply_probs": {
        "c7c5": 0.030947964638471603,
        "e7e5": 0.5749139785766602,
        "e7e6": 0.037520647048950195,
        "c7c6": 0.0009532452677376568,
        "d7d5": 0.13128842413425446,
        "g8f6": 0.1992006152868271,
        "g7g6": 0.006341211032122374,
        "d7d6": 0.01154511421918869
      },
      "other_mass": 0.0072887997957877815
    },
    "b2b4": {
      "fen_after_white": "rnbqkbnr/pppppppp/8/8/1P6/8/P1PPPPPP/RNBQKBNR b KQkq - 0 1",
      "black_reply_probs": {
        "c7c5": 0.0008590032812207937,
        "e7e5": 0.8482215404510498,
        "e7e6": 0.02109513431787491,
        "c7c6": 0.0004691899521276355,
        "d7d5": 0.044825319200754166,
        "g8f6": 0.0571557991206646,
        "g7g6": 0.014240792021155357,
        "d7d6": 0.0066614761017262936
      },
      "other_mass": 0.0064717455534264445
    },
    "a2a4": {
      "fen_after_white": "rnbqkbnr/pppppppp/8/8/P7/8/1PPPPPPP/RNBQKBNR b KQkq - 0 1",
      "black_reply_probs": {
        "c7c5": 0.0029630549252033234,
        "e7e5": 0.8246469497680664,
        "e7e6": 0.002298343228176236,
        "c7c6": 0.0002309151750523597,
        "d7d5": 0.038531385362148285,
        "g8f6": 0.12649506330490112,
        "g7g6": 0.000774622370954603,
        "d7d6": 0.0022717120591551065
      },
      "other_mass": 0.001787953806342557
    }
  },
  "meta": {
    "elo_self": 2800,
    "elo_oppo": 2800,
    "temperature": 1.0,
    "maia_type": "blitz",
    "white_moves_probed": [
      "e2e4",
      "d2d4",
      "c2c4",
      "g1f3",
      "g2g3",
      "b2b3",
      "f2f4",
      "b2b4",
      "a2a4"
    ],
    "black_replies_probed": [
      "c7c5",
      "e7e5",
      "e7e6",
      "c7c6",
      "d7d5",
      "g8f6",
      "g7g6",
      "d7d6"
    ]
  }
}