{
  "white_first_move_probs": {
    "e2e4": 0.008386786095798016,
    "d2d4": 0.002476232126355171,
    "c2c4": 1.4305740592135407e-07,
    "g1f3": 0.9880908727645874,
    "g2g3": 0.00025353688397444785,
    "b2b3": 3.2935383842414012e-06,
    "f2f4": 1.1270985851297155e-05,
    "b2b4": 9.930331223984012e-09,
    "a2a4": 1.659426707156797e-09
  },
  "white_other_mass": 0.000777852957885572,
  "black_reply_probs_cond_on_white": {
    "e2e4": {
      "fen_after_white": "rnbqkbnr/pppppppp/8/8/4P3/8/PPPP1PPP/RNBQKBNR b KQkq - 0 1",
      "black_reply_probs": {
        "c7c5": 0.0003976103325840086,
        "e7e5": 0.13997045159339905,
        "e7e6": 0.004628128372132778,
        "c7c6": 5.3075818868819624e-05,
        "d7d5": 0.016401099041104317,
        "g8f6": 0.8320357203483582,
        "g7g6": 0.0027028038166463375,
        "d7d6": 0.00033854731009341776
      },
      "other_mass": 0.0034725633668131195
    },
    "d2d4": {
      "fen_after_white": "rnbqkbnr/pppppppp/8/8/3P4/8/PPP1PPPP/RNBQKBNR b KQkq - 0 1",
      "black_reply_probs": {
        "c7c5": 2.2335802896122914e-07,
        "e7e5": 0.0010024069342762232,
        "e7e6": 7.48211023164913e-05,
        "c7c6": 4.892420975011191e-07,
        "d7d5": 0.009966576471924782,
        "g8f6": 0.9878261685371399,
        "g7g6": 0.0009083168697543442,
        "d7d6": 6.968615343794227e-05
      },
      "other_mass": 0.0001513113310238623
    },
    "c2c4": {
      "fen_after_white": "rnbqkbnr/pppppppp/8/8/2P5/8/PP1PPPPP/RNBQKBNR b KQkq - 0 1",
      "black_reply_probs": {
        "c7c5": 1.7711561667965725e-05,
        "e7e5": 0.013754155486822128,
        "e7e6": 3.5254732210887596e-05,
        "c7c6": 1.3610271025754628e-06,
        "d7d5": 0.0011128914775326848,
        "g8f6": 0.983843982219696,
        "g7g6": 0.0006681039230898023,
        "d7d6": 8.898695523384959e-05
      },
      "other_mass": 0.00047755261664406135
    },
    "g1f3": {
      "fen_after_white": "rnbqkbnr/pppppppp/8/8/8/5N2/PPPPPPPP/RNBQKB1R b KQkq - 1 1",
      "black_reply_probs": {
        "c7c5": 9.2313648281106e-08,
        "e7e5": 0.0007669012993574142,
        "e7e6": 4.677193373936461e-06,
        "c7c6": 3.563470940548541e-08,
        "d7d5": 0.0011838441714644432,
        "g8f6": 0.9964401125907898,
        "g7g6": 0.0011324278311803937,
        "d7d6": 8.00491397967562e-06
      },
      "other_mass": 0.00046390405149665526
    },
    "g2g3": {
      "fen_after_white": "rnbqkbnr/pppppppp/8/8/8/6P1/PPPPPP1P/RNBQKBNR b KQkq - 0 1",
      "black_reply_probs": {
        "c7c5": 2.9625214210682316e-06,
        "e7e5": 0.025380956009030342,
        "e7e6": 3.20711187669076e-05,
        "c7c6": 8.599396892350342e-07,
        "d7d5": 0.008687772788107395,
        "g8f6": 0.9642964601516724,
        "g7g6": 0.0009472323581576347,
        "d7d6": 4.82252798974514e-05
      },
      "other_mass": 0.0006034598332576024
    },
    "b2b3": {
      "fen_after_white": "rnbqkbnr/pppppppp/8/8/8/1P6/P1PPPPPP/RNBQKBNR b KQkq - 0 1",
      "black_reply_probs": {
        "c7c5": 4.219352263135079e-07,
        "e7e5": 0.016477691009640694,
        "e7e6": 6.440901779569685e-05,
        "c7c6": 2.6336229552725854e-07,
        "d7d5": 0.006358655635267496,
        "g8f6": 0.9727829694747925,
        "g7g6": 0.001985503826290369,
        "d7d6": 2.6937133952742442e-05
      },
      "other_mass": 0.0023031486047386807
    },
    "f2f4": {
      "fen_after_white": "rnbqkbnr/pppppppp/8/8/5P2/8/PPPPP1PP/RNBQKBNR b KQkq - 0 1",
      "black_reply_probs": {
        "c7c5": 1.6811867453725426e-06,
        "e7e5": 0.01691526174545288,
        "e7e6": 0.0001230142079293728,
        "c7c6": 6.814656217102311e-07,
        "d7d5": 0.005631200969219208,
        "g8f6": 0.9749879240989685,
        "g7g6": 0.0009270315058529377,
        "d7d6": 9.417526598554105e-05
      },
      "other_mass": 0.0013190295542244712
    },
    "b2b4": {
      "fen_after_white": "rnbqkbnr/pppppppp/8/8/1P6/8/P1PPPPPP/RNBQKBNR b KQkq - 0 1",
      "black_reply_probs": {
        "c7c5": 7.784154263390519e-07,
        "e7e5": 0.04205523058772087,
        "e7e6": 0.000523594964761287,
        "c7c6": 3.1412384942086646e-06,
        "d7d5": 0.009197518229484558,
        "g8f6": 0.9431853890419006,
        "g7g6": 0.003764709923416376,
        "d7d6": 9.378395043313503e-05
      },
      "other_mass": 0.0011758536483625903
    },
    "a2a4": {
      "fen_after_white": "rnbqkbnr/pppppppp/8/8/P7/8/1PPPPPPP/RNBQKBNR b KQkq - 0 1",
      "black_reply_probs": {
        "c7c5": 7.203601057881315e-07,
        "e7e5": 0.012442553415894508,
        "e7e6": 2.5887178708217107e-05,
        "c7c6": 3.708223346166051e-07,
        "d7d5": 0.007536980323493481,
        "g8f6": 0.9790958166122437,
        "g7g6": 0.00027569258236326277,
        "d7d6": 6.637730984948575e-05
      },
      "other_mass": 0.0005556013950069882
    }
  },
  "meta": {
    "elo_self": 2800,
    "elo_oppo": 2800,
    "temperature": 1.0,
    "maia_type": "blitz",
    "white_moves_probed": [
      "e2e4",
      "d2d4",
      "c2c4",
      "g1f3",
      "g2g3",
      "b2b3",
      "f2f4",
      "b2b4",
      "a2a4"
    ],
    "black_replies_probed": [
      "c7c5",
      "e7e5",
      "e7e6",
      "c7c6",
      "d7d5",
      "g8f6",
      "g7g6",
      "d7d6"
    ]
  }
}