{
  "white_first_move_probs": {
    "e2e4": 0.0005482217529788613,
    "d2d4": 0.00011485325376270339,
    "c2c4": 2.3385247516216623e-07,
    "g1f3": 0.9977036118507385,
    "g2g3": 0.0001997300423681736,
    "b2b3": 2.851808130799327e-05,
    "f2f4": 2.615012817841489e-05,
    "b2b4": 1.485619236518687e-07,
    "a2a4": 1.4781609252167982e-06
  },
  "white_other_mass": 0.0013770543153412973,
  "black_reply_probs_cond_on_white": {
    "e2e4": {
      "fen_after_white": "rnbqkbnr/pppppppp/8/8/4P3/8/PPPP1PPP/RNBQKBNR b KQkq - 0 1",
      "black_reply_probs": {
        "c7c5": 4.7972203901736066e-05,
        "e7e5": 0.052325859665870667,
        "e7e6": 0.004730622284114361,
        "c7c6": 1.4208116226654965e-05,
        "d7d5": 0.00281016668304801,
        "g8f6": 0.9243605732917786,
        "g7g6": 0.005098211113363504,
        "d7d6": 0.0020836598705500364
      },
      "other_mass": 0.008528726771146466
    },
    "d2d4": {
      "fen_after_white": "rnbqkbnr/pppppppp/8/8/3P4/8/PPP1PPPP/RNBQKBNR b KQkq - 0 1",
      "black_reply_probs": {
        "c7c5": 7.081806074893393e-08,
        "e7e5": 3.656276749097742e-05,
        "e7e6": 3.5664991173689486e-06,
        "c7c6": 1.5491588101212983e-07,
        "d7d5": 0.00025084364460781217,
        "g8f6": 0.9994357228279114,
        "g7g6": 0.00010739254503278062,
        "d7d6": 2.2720359993400052e-05
      },
      "other_mass": 0.00014296562190452278
    },
    "c2c4": {
      "fen_after_white": "rnbqkbnr/pppppppp/8/8/2P5/8/PP1PPPPP/RNBQKBNR b KQkq - 0 1",
      "black_reply_probs": {
        "c7c5": 2.987577545354725e-06,
        "e7e5": 0.0010814415290951729,
        "e7e6": 1.981161767616868e-05,
        "c7c6": 1.5068785614857916e-06,
        "d7d5": 8.390787115786225e-05,
        "g8f6": 0.997136116027832,
        "g7g6": 0.0003761547850444913,
        "d7d6": 0.00013908109394833446
      },
      "other_mass": 0.0011589926191390987
    },
    "g1f3": {
      "fen_after_white": "rnbqkbnr/pppppppp/8/8/8/5N2/PPPPPPPP/RNBQKB1R b KQkq - 1 1",
      "black_reply_probs": {
        "c7c5": 2.996105052943676e-08,
        "e7e5": 3.164779263897799e-05,
        "e7e6": 5.901544000153081e-07,
        "c7c6": 2.9235035725605485e-08,
        "d7d5": 5.2540555770974606e-05,
        "g8f6": 0.998995840549469,
        "g7g6": 0.00020344479708001018,
        "d7d6": 7.424546311085578e-06
      },
      "other_mass": 0.0007084524082436872
    },
    "g2g3": {
      "fen_after_white": "rnbqkbnr/pppppppp/8/8/8/6P1/PPPPPP1P/RNBQKBNR b KQkq - 0 1",
      "black_reply_probs": {
        "c7c5": 4.877951482740173e-07,
        "e7e5": 0.001046833349391818,
        "e7e6": 1.4050094250706024e-05,
        "c7c6": 1.039439325722924e-06,
        "d7d5": 0.0003208380367141217,
        "g8f6": 0.9963984489440918,
        "g7g6": 0.0006719915545545518,
        "d7d6": 6.606392707908526e-05
      },
      "other_mass": 0.0014802468594439233
    },
    "b2b3": {
      "fen_after_white": "rnbqkbnr/pppppppp/8/8/8/1P6/P1PPPPPP/RNBQKBNR b KQkq - 0 1",
      "black_reply_probs": {
        "c7c5": 7.865461526535e-08,
        "e7e5": 0.0004680455313064158,
        "e7e6": 1.2803129720850848e-05,
        "c7c6": 2.1589245591258077e-07,
        "d7d5": 0.00017602700972929597,
        "g8f6": 0.9941791296005249,
        "g7g6": 0.0007863467326387763,
        "d7d6": 1.8679267668630928e-05
      },
      "other_mass": 0.00435867418133995
    },
    "f2f4": {
      "fen_after_white": "rnbqkbnr/pppppppp/8/8/5P2/8/PPPPP1PP/RNBQKBNR b KQkq - 0 1",
      "black_reply_probs": {
        "c7c5": 6.38934352537035e-07,
        "e7e5": 0.001544488244690001,
        "e7e6": 5.233513729763217e-05,
        "c7c6": 1.1117324447695864e-06,
        "d7d5": 0.0005328103434294462,
        "g8f6": 0.9939481019973755,
        "g7g6": 0.0009587156819179654,
        "d7d6": 0.00011431163875386119
      },
      "other_mass": 0.002847486289738299
    },
    "b2b4": {
      "fen_after_white": "rnbqkbnr/pppppppp/8/8/1P6/8/P1PPPPPP/RNBQKBNR b KQkq - 0 1",
      "black_reply_probs": {
        "c7c5": 7.131635726409513e-08,
        "e7e5": 0.0015172831481322646,
        "e7e6": 5.888786836294457e-05,
        "c7c6": 8.789232310846273e-07,
        "d7d5": 0.0003121684130746871,
        "g8f6": 0.9948807954788208,
        "g7g6": 0.0013943238882347941,
        "d7d6": 4.09974018111825e-05
      },
      "other_mass": 0.0017945935619749775
    },
    "a2a4": {
      "fen_after_white": "rnbqkbnr/pppppppp/8/8/P7/8/1PPPPPPP/RNBQKBNR b KQkq - 0 1",
      "black_reply_probs": {
        "c7c5": 1.429074956149634e-07,
        "e7e5": 0.0005657669389620423,
        "e7e6": 5.859159045940032e-06,
        "c7c6": 3.2038389008448576e-07,
        "d7d5": 0.00023040293308440596,
        "g8f6": 0.9975786805152893,
        "g7g6": 0.00014569114136975259,
        "d7d6": 6.035652768332511e-05
      },
      "other_mass": 0.0014127794931795279
    }
  },
  "meta": {
    "elo_self": 2800,
    "elo_oppo": 2800,
    "temperature": 1.0,
    "maia_type": "blitz",
    "white_moves_probed": [
      "e2e4",
      "d2d4",
      "c2c4",
      "g1f3",
      "g2g3",
      "b2b3",
      "f2f4",
      "b2b4",
      "a2a4"
    ],
    "black_replies_probed": [
      "c7c5",
      "e7e5",
      "e7e6",
      "c7c6",
      "d7d5",
      "g8f6",
      "g7g6",
      "d7d6"
    ]
  }
}