{
  "white_first_move_probs": {
    "e2e4": 0.7391157150268555,
    "d2d4": 0.013417011126875877,
    "c2c4": 0.0035390248522162437,
    "g1f3": 0.23307354748249054,
    "g2g3": 0.0005949576152488589,
    "b2b3": 0.00023617011902388185,
    "f2f4": 0.001335073378868401,
    "b2b4": 1.5164603610173799e-05,
    "a2a4": 1.911133404064458e-05
  },
  "white_other_mass": 0.00865422446076991,
  "black_reply_probs_cond_on_white": {
    "e2e4": {
      "fen_after_white": "rnbqkbnr/pppppppp/8/8/4P3/8/PPPP1PPP/RNBQKBNR b KQkq - 0 1",
      "black_reply_probs": {
        "c7c5": 0.08705637603998184,
        "e7e5": 0.5621910691261292,
        "e7e6": 0.02458673156797886,
        "c7c6": 0.0017287504160776734,
        "d7d5": 0.08653027564287186,
        "g8f6": 0.21216028928756714,
        "g7g6": 0.004483571741729975,
        "d7d6": 0.004520926158875227
      },
      "other_mass": 0.016742010018788278
    },
    "d2d4": {
      "fen_after_white": "rnbqkbnr/pppppppp/8/8/3P4/8/PPP1PPPP/RNBQKBNR b KQkq - 0 1",
      "black_reply_probs": {
        "c7c5": 0.005907729733735323,
        "e7e5": 0.25310325622558594,
        "e7e6": 0.009997748769819736,
        "c7c6": 0.0002489780599717051,
        "d7d5": 0.10582728683948517,
        "g8f6": 0.6073936820030212,
        "g7g6": 0.005045170430094004,
        "d7d6": 0.003045055316761136
      },
      "other_mass": 0.00943109262152575
    },
    "c2c4": {
      "fen_after_white": "rnbqkbnr/pppppppp/8/8/2P5/8/PP1PPPPP/RNBQKBNR b KQkq - 0 1",
      "black_reply_probs": {
        "c7c5": 0.0060746935196220875,
        "e7e5": 0.7475664615631104,
        "e7e6": 0.0009875044925138354,
        "c7c6": 7.766242924844846e-05,
        "d7d5": 0.005716385319828987,
        "g8f6": 0.2320105880498886,
        "g7g6": 0.0017085280269384384,
        "d7d6": 0.0010232223430648446
      },
      "other_mass": 0.004834954255784396
    },
    "g1f3": {
      "fen_after_white": "rnbqkbnr/pppppppp/8/8/8/5N2/PPPPPPPP/RNBQKB1R b KQkq - 1 1",
      "black_reply_probs": {
        "c7c5": 0.005658984649926424,
        "e7e5": 0.5228856205940247,
        "e7e6": 0.00169377529527992,
        "c7c6": 3.068391015403904e-05,
        "d7d5": 0.020659590139985085,
        "g8f6": 0.43421313166618347,
        "g7g6": 0.0026139479596167803,
        "d7d6": 0.000754031992983073
      },
      "other_mass": 0.01149023379184655
    },
    "g2g3": {
      "fen_after_white": "rnbqkbnr/pppppppp/8/8/8/6P1/PPPPPP1P/RNBQKBNR b KQkq - 0 1",
      "black_reply_probs": {
        "c7c5": 0.00602433318272233,
        "e7e5": 0.7667452096939087,
        "e7e6": 0.0013916152529418468,
        "c7c6": 9.81160847004503e-05,
        "d7d5": 0.02672339603304863,
        "g8f6": 0.1892925351858139,
        "g7g6": 0.0016129325376823545,
        "d7d6": 0.0006119001191109419
      },
      "other_mass": 0.0074999619100708514
    },
    "b2b3": {
      "fen_after_white": "rnbqkbnr/pppppppp/8/8/8/1P6/P1PPPPPP/RNBQKBNR b KQkq - 0 1",
      "black_reply_probs": {
        "c7c5": 0.0026761668268591166,
        "e7e5": 0.835974931716919,
        "e7e6": 0.002341435756534338,
        "c7c6": 6.0151312936795875e-05,
        "d7d5": 0.019862784072756767,
        "g8f6": 0.12676328420639038,
        "g7g6": 0.004005879163742065,
        "d7d6": 0.00039280892815440893
      },
      "other_mass": 0.007922558015707182
    },
    "f2f4": {
      "fen_after_white": "rnbqkbnr/pppppppp/8/8/5P2/8/PPPPP1PP/RNBQKBNR b KQkq - 0 1",
      "black_reply_probs": {
        "c7c5": 0.006716039031744003,
        "e7e5": 0.761742889881134,
        "e7e6": 0.008339589461684227,
        "c7c6": 0.00013849636889062822,
        "d7d5": 0.031835444271564484,
        "g8f6": 0.17807582020759583,
        "g7g6": 0.002611949108541012,
        "d7d6": 0.0014243768528103828
      },
      "other_mass": 0.009115394816035405
    },
    "b2b4": {
      "fen_after_white": "rnbqkbnr/pppppppp/8/8/1P6/8/P1PPPPPP/RNBQKBNR b KQkq - 0 1",
      "black_reply_probs": {
        "c7c5": 0.0006443499005399644,
        "e7e5": 0.8592570424079895,
        "e7e6": 0.005628490354865789,
        "c7c6": 0.00015398129471577704,
        "d7d5": 0.025657104328274727,
        "g8f6": 0.09460543841123581,
        "g7g6": 0.005005934741348028,
        "d7d6": 0.0010762413730844855
      },
      "other_mass": 0.007971417187945917
    },
    "a2a4": {
      "fen_after_white": "rnbqkbnr/pppppppp/8/8/P7/8/1PPPPPPP/RNBQKBNR b KQkq - 0 1",
      "black_reply_probs": {
        "c7c5": 0.0033922940492630005,
        "e7e5": 0.7377947568893433,
        "e7e6": 0.0012033364037051797,
        "c7c6": 0.00011392638407414779,
        "d7d5": 0.02576831914484501,
        "g8f6": 0.2240365594625473,
        "g7g6": 0.0009041723096743226,
        "d7d6": 0.0007490942371077836
      },
      "other_mass": 0.006037541119439993
    }
  },
  "meta": {
    "elo_self": 2800,
    "elo_oppo": 2800,
    "temperature": 1.0,
    "maia_type": "blitz",
    "white_moves_probed": [
      "e2e4",
      "d2d4",
      "c2c4",
      "g1f3",
      "g2g3",
      "b2b3",
      "f2f4",
      "b2b4",
      "a2a4"
    ],
    "black_replies_probed": [
      "c7c5",
      "e7e5",
      "e7e6",
      "c7c6",
      "d7d5",
      "g8f6",
      "g7g6",
      "d7d6"
    ]
  }
}