{
  "white_first_move_probs": {
    "e2e4": 0.7266445159912109,
    "d2d4": 0.021751290187239647,
    "c2c4": 0.0054938578978180885,
    "g1f3": 0.23982906341552734,
    "g2g3": 0.0009946455247700214,
    "b2b3": 0.00024031865177676082,
    "f2f4": 8.373266609851271e-05,
    "b2b4": 9.034611139213666e-06,
    "a2a4": 2.3710885216132738e-05
  },
  "white_other_mass": 0.004929830169203342,
  "black_reply_probs_cond_on_white": {
    "e2e4": {
      "fen_after_white": "rnbqkbnr/pppppppp/8/8/4P3/8/PPPP1PPP/RNBQKBNR b KQkq - 0 1",
      "black_reply_probs": {
        "c7c5": 0.21394963562488556,
        "e7e5": 0.4113692045211792,
        "e7e6": 0.09079869836568832,
        "c7c6": 0.0112774558365345,
        "d7d5": 0.040177103132009506,
        "g8f6": 0.14965121448040009,
        "g7g6": 0.02847348339855671,
        "d7d6": 0.014809283427894115
      },
      "other_mass": 0.039493921212852
    },
    "d2d4": {
      "fen_after_white": "rnbqkbnr/pppppppp/8/8/3P4/8/PPP1PPPP/RNBQKBNR b KQkq - 0 1",
      "black_reply_probs": {
        "c7c5": 0.006179627496749163,
        "e7e5": 0.0300902146846056,
        "e7e6": 0.02292708493769169,
        "c7c6": 0.000703404366504401,
        "d7d5": 0.08387522399425507,
        "g8f6": 0.8192980289459229,
        "g7g6": 0.01802862249314785,
        "d7d6": 0.01575838029384613
      },
      "other_mass": 0.0031394127872772515
    },
    "c2c4": {
      "fen_after_white": "rnbqkbnr/pppppppp/8/8/2P5/8/PP1PPPPP/RNBQKBNR b KQkq - 0 1",
      "black_reply_probs": {
        "c7c5": 0.014744515530765057,
        "e7e5": 0.5764803290367126,
        "e7e6": 0.004519532434642315,
        "c7c6": 0.0007053265580907464,
        "d7d5": 0.008409252390265465,
        "g8f6": 0.37845462560653687,
        "g7g6": 0.009163149632513523,
        "d7d6": 0.002597932005301118
      },
      "other_mass": 0.004925336805172265
    },
    "g1f3": {
      "fen_after_white": "rnbqkbnr/pppppppp/8/8/8/5N2/PPPPPPPP/RNBQKB1R b KQkq - 1 1",
      "black_reply_probs": {
        "c7c5": 0.018191058188676834,
        "e7e5": 0.06976185739040375,
        "e7e6": 0.005177133716642857,
        "c7c6": 0.00041317433351650834,
        "d7d5": 0.06344811618328094,
        "g8f6": 0.8158612847328186,
        "g7g6": 0.012329949997365475,
        "d7d6": 0.005178847350180149
      },
      "other_mass": 0.009638578107114881
    },
    "g2g3": {
      "fen_after_white": "rnbqkbnr/pppppppp/8/8/8/6P1/PPPPPP1P/RNBQKBNR b KQkq - 0 1",
      "black_reply_probs": {
        "c7c5": 0.02339986339211464,
        "e7e5": 0.5309895277023315,
        "e7e6": 0.005676668602973223,
        "c7c6": 0.0011315223528072238,
        "d7d5": 0.08050353825092316,
        "g8f6": 0.3317040801048279,
        "g7g6": 0.010527358390390873,
        "d7d6": 0.003409015014767647
      },
      "other_mass": 0.012658426188863814
    },
    "b2b3": {
      "fen_after_white": "rnbqkbnr/pppppppp/8/8/8/1P6/P1PPPPPP/RNBQKBNR b KQkq - 0 1",
      "black_reply_probs": {
        "c7c5": 0.006836309563368559,
        "e7e5": 0.7283198833465576,
        "e7e6": 0.012199435383081436,
        "c7c6": 0.0005536394310183823,
        "d7d5": 0.044138554483652115,
        "g8f6": 0.18178969621658325,
        "g7g6": 0.018303517252206802,
        "d7d6": 0.0030085197649896145
      },
      "other_mass": 0.004850444558542222
    },
    "f2f4": {
      "fen_after_white": "rnbqkbnr/pppppppp/8/8/5P2/8/PPPPP1PP/RNBQKBNR b KQkq - 0 1",
      "black_reply_probs": {
        "c7c5": 0.06948518007993698,
        "e7e5": 0.3508624732494354,
        "e7e6": 0.048907771706581116,
        "c7c6": 0.0029930854216217995,
        "d7d5": 0.19668690860271454,
        "g8f6": 0.2790546417236328,
        "g7g6": 0.018400084227323532,
        "d7d6": 0.018639933317899704
      },
      "other_mass": 0.014969921670854092
    },
    "b2b4": {
      "fen_after_white": "rnbqkbnr/pppppppp/8/8/1P6/8/P1PPPPPP/RNBQKBNR b KQkq - 0 1",
      "black_reply_probs": {
        "c7c5": 0.0014701844193041325,
        "e7e5": 0.763934850692749,
        "e7e6": 0.024517495185136795,
        "c7c6": 0.001078479690477252,
        "d7d5": 0.056567367166280746,
        "g8f6": 0.09408758580684662,
        "g7g6": 0.036743469536304474,
        "d7d6": 0.007010453846305609
      },
      "other_mass": 0.01459011365659535
    },
    "a2a4": {
      "fen_after_white": "rnbqkbnr/pppppppp/8/8/P7/8/1PPPPPPP/RNBQKBNR b KQkq - 0 1",
      "black_reply_probs": {
        "c7c5": 0.007967015728354454,
        "e7e5": 0.6518334150314331,
        "e7e6": 0.0039108567871153355,
        "c7c6": 0.0007747355848550797,
        "d7d5": 0.05268163979053497,
        "g8f6": 0.2706373631954193,
        "g7g6": 0.0036800955422222614,
        "d7d6": 0.0034157095942646265
      },
      "other_mass": 0.005099168745800853
    }
  },
  "meta": {
    "elo_self": 2800,
    "elo_oppo": 2800,
    "temperature": 1.0,
    "maia_type": "blitz",
    "white_moves_probed": [
      "e2e4",
      "d2d4",
      "c2c4",
      "g1f3",
      "g2g3",
      "b2b3",
      "f2f4",
      "b2b4",
      "a2a4"
    ],
    "black_replies_probed": [
      "c7c5",
      "e7e5",
      "e7e6",
      "c7c6",
      "d7d5",
      "g8f6",
      "g7g6",
      "d7d6"
    ]
  }
}