{
  "white_first_move_probs": {
    "e2e4": 0.6722965836524963,
    "d2d4": 0.023338623344898224,
    "c2c4": 0.0032393119763582945,
    "g1f3": 0.29783913493156433,
    "g2g3": 0.00029141188133507967,
    "b2b3": 7.374978304142132e-05,
    "f2f4": 9.931597742252052e-05,
    "b2b4": 2.4055366338870954e-06,
    "a2a4": 2.619388624225394e-06
  },
  "white_other_mass": 0.0028168435276256787,
  "black_reply_probs_cond_on_white": {
    "e2e4": {
      "fen_after_white": "rnbqkbnr/pppppppp/8/8/4P3/8/PPPP1PPP/RNBQKBNR b KQkq - 0 1",
      "black_reply_probs": {
        "c7c5": 0.1465558409690857,
        "e7e5": 0.5231306552886963,
        "e7e6": 0.05437340587377548,
        "c7c6": 0.0038491764571517706,
        "d7d5": 0.089910127222538,
        "g8f6": 0.15451271831989288,
        "g7g6": 0.0021036723628640175,
        "d7d6": 0.006529747974127531
      },
      "other_mass": 0.01903465553186834
    },
    "d2d4": {
      "fen_after_white": "rnbqkbnr/pppppppp/8/8/3P4/8/PPP1PPPP/RNBQKBNR b KQkq - 0 1",
      "black_reply_probs": {
        "c7c5": 0.00368688371963799,
        "e7e5": 0.00901252031326294,
        "e7e6": 0.006927855778485537,
        "c7c6": 0.0002465045836288482,
        "d7d5": 0.09831301122903824,
        "g8f6": 0.8702100515365601,
        "g7g6": 0.0035370667465031147,
        "d7d6": 0.006437807343900204
      },
      "other_mass": 0.0016282987489830703
    },
    "c2c4": {
      "fen_after_white": "rnbqkbnr/pppppppp/8/8/2P5/8/PP1PPPPP/RNBQKBNR b KQkq - 0 1",
      "black_reply_probs": {
        "c7c5": 0.010385873727500439,
        "e7e5": 0.46420741081237793,
        "e7e6": 0.0018060702132061124,
        "c7c6": 0.00022936305322218686,
        "d7d5": 0.00994547177106142,
        "g8f6": 0.5041903853416443,
        "g7g6": 0.0016038905596360564,
        "d7d6": 0.0034156115725636482
      },
      "other_mass": 0.00421592294878792
    },
    "g1f3": {
      "fen_after_white": "rnbqkbnr/pppppppp/8/8/8/5N2/PPPPPPPP/RNBQKB1R b KQkq - 1 1",
      "black_reply_probs": {
        "c7c5": 0.010820135474205017,
        "e7e5": 0.03280946612358093,
        "e7e6": 0.0015659178607165813,
        "c7c6": 8.922045526560396e-05,
        "d7d5": 0.06519193947315216,
        "g8f6": 0.8784812092781067,
        "g7g6": 0.003303087782114744,
        "d7d6": 0.0027060245629400015
      },
      "other_mass": 0.005032998989918269
    },
    "g2g3": {
      "fen_after_white": "rnbqkbnr/pppppppp/8/8/8/6P1/PPPPPP1P/RNBQKBNR b KQkq - 0 1",
      "black_reply_probs": {
        "c7c5": 0.01390551682561636,
        "e7e5": 0.5395826101303101,
        "e7e6": 0.002111927606165409,
        "c7c6": 0.0002834823972079903,
        "d7d5": 0.08719298988580704,
        "g8f6": 0.3471052646636963,
        "g7g6": 0.0019050257978960872,
        "d7d6": 0.0019992145244032145
      },
      "other_mass": 0.005913968168897554
    },
    "b2b3": {
      "fen_after_white": "rnbqkbnr/pppppppp/8/8/8/1P6/P1PPPPPP/RNBQKBNR b KQkq - 0 1",
      "black_reply_probs": {
        "c7c5": 0.0054972609505057335,
        "e7e5": 0.66656893491745,
        "e7e6": 0.0060034263879060745,
        "c7c6": 0.00022042961791157722,
        "d7d5": 0.061410751193761826,
        "g8f6": 0.24870595335960388,
        "g7g6": 0.004929386544972658,
        "d7d6": 0.0020134502556174994
      },
      "other_mass": 0.004650406772270799
    },
    "f2f4": {
      "fen_after_white": "rnbqkbnr/pppppppp/8/8/5P2/8/PPPPP1PP/RNBQKBNR b KQkq - 0 1",
      "black_reply_probs": {
        "c7c5": 0.043331000953912735,
        "e7e5": 0.2866538465023041,
        "e7e6": 0.022431405261158943,
        "c7c6": 0.0011645713821053505,
        "d7d5": 0.17639108002185822,
        "g8f6": 0.4432712495326996,
        "g7g6": 0.005141477100551128,
        "d7d6": 0.012027719058096409
      },
      "other_mass": 0.009587650187313557
    },
    "b2b4": {
      "fen_after_white": "rnbqkbnr/pppppppp/8/8/1P6/8/P1PPPPPP/RNBQKBNR b KQkq - 0 1",
      "black_reply_probs": {
        "c7c5": 0.001922802533954382,
        "e7e5": 0.6589252948760986,
        "e7e6": 0.022040238603949547,
        "c7c6": 0.0011111900676041842,
        "d7d5": 0.08597788959741592,
        "g8f6": 0.1915527582168579,
        "g7g6": 0.01733153499662876,
        "d7d6": 0.008845946751534939
      },
      "other_mass": 0.01229234435595572
    },
    "a2a4": {
      "fen_after_white": "rnbqkbnr/pppppppp/8/8/P7/8/1PPPPPPP/RNBQKBNR b KQkq - 0 1",
      "black_reply_probs": {
        "c7c5": 0.005731460638344288,
        "e7e5": 0.543708860874176,
        "e7e6": 0.0017642300808802247,
        "c7c6": 0.00029323771013878286,
        "d7d5": 0.0661047101020813,
        "g8f6": 0.3751256465911865,
        "g7g6": 0.000882550491951406,
        "d7d6": 0.0030172362457960844
      },
      "other_mass": 0.0033720672654453665
    }
  },
  "meta": {
    "elo_self": 2800,
    "elo_oppo": 2800,
    "temperature": 1.0,
    "maia_type": "blitz",
    "white_moves_probed": [
      "e2e4",
      "d2d4",
      "c2c4",
      "g1f3",
      "g2g3",
      "b2b3",
      "f2f4",
      "b2b4",
      "a2a4"
    ],
    "black_replies_probed": [
      "c7c5",
      "e7e5",
      "e7e6",
      "c7c6",
      "d7d5",
      "g8f6",
      "g7g6",
      "d7d6"
    ]
  }
}