{
  "white_first_move_probs": {
    "e2e4": 0.7608736753463745,
    "d2d4": 0.013032682240009308,
    "c2c4": 0.001869119587354362,
    "g1f3": 0.22215701639652252,
    "g2g3": 9.980075992643833e-05,
    "b2b3": 3.201825893484056e-05,
    "f2f4": 3.4245320421177894e-05,
    "b2b4": 7.794335488142679e-07,
    "a2a4": 8.543112812731124e-07
  },
  "white_other_mass": 0.0018998083456267523,
  "black_reply_probs_cond_on_white": {
    "e2e4": {
      "fen_after_white": "rnbqkbnr/pppppppp/8/8/4P3/8/PPPP1PPP/RNBQKBNR b KQkq - 0 1",
      "black_reply_probs": {
        "c7c5": 0.18097971379756927,
        "e7e5": 0.49389341473579407,
        "e7e6": 0.060428742319345474,
        "c7c6": 0.004629215225577354,
        "d7d5": 0.0648970752954483,
        "g8f6": 0.1648961305618286,
        "g7g6": 0.0038243054877966642,
        "d7d6": 0.00965773407369852
      },
      "other_mass": 0.016793668502941728
    },
    "d2d4": {
      "fen_after_white": "rnbqkbnr/pppppppp/8/8/3P4/8/PPP1PPPP/RNBQKBNR b KQkq - 0 1",
      "black_reply_probs": {
        "c7c5": 0.0024696053005754948,
        "e7e5": 0.019561514258384705,
        "e7e6": 0.006681525148451328,
        "c7c6": 0.00010286911856383085,
        "d7d5": 0.06273645162582397,
        "g8f6": 0.8986672163009644,
        "g7g6": 0.0017277757870033383,
        "d7d6": 0.0072029391303658485
      },
      "other_mass": 0.0008501033298671246
    },
    "c2c4": {
      "fen_after_white": "rnbqkbnr/pppppppp/8/8/2P5/8/PP1PPPPP/RNBQKBNR b KQkq - 0 1",
      "black_reply_probs": {
        "c7c5": 0.005609410349279642,
        "e7e5": 0.5891031622886658,
        "e7e6": 0.0014083702117204666,
        "c7c6": 8.454614726360887e-05,
        "d7d5": 0.004807940684258938,
        "g8f6": 0.39325976371765137,
        "g7g6": 0.0009666257537901402,
        "d7d6": 0.00276778033003211
      },
      "other_mass": 0.0019924005173379555
    },
    "g1f3": {
      "fen_after_white": "rnbqkbnr/pppppppp/8/8/8/5N2/PPPPPPPP/RNBQKB1R b KQkq - 1 1",
      "black_reply_probs": {
        "c7c5": 0.008197322487831116,
        "e7e5": 0.05850844457745552,
        "e7e6": 0.0012951161479577422,
        "c7c6": 4.427554813446477e-05,
        "d7d5": 0.04002666473388672,
        "g8f6": 0.8846530318260193,
        "g7g6": 0.0017625106265768409,
        "d7d6": 0.002491276478394866
      },
      "other_mass": 0.003021357573743444
    },
    "g2g3": {
      "fen_after_white": "rnbqkbnr/pppppppp/8/8/8/6P1/PPPPPP1P/RNBQKBNR b KQkq - 0 1",
      "black_reply_probs": {
        "c7c5": 0.011579697020351887,
        "e7e5": 0.6401011943817139,
        "e7e6": 0.0017169450875371695,
        "c7c6": 0.00017030452727340162,
        "d7d5": 0.059352848678827286,
        "g8f6": 0.2805899679660797,
        "g7g6": 0.001295782160013914,
        "d7d6": 0.0016140594379976392
      },
      "other_mass": 0.003579200740205124
    },
    "b2b3": {
      "fen_after_white": "rnbqkbnr/pppppppp/8/8/8/1P6/P1PPPPPP/RNBQKBNR b KQkq - 0 1",
      "black_reply_probs": {
        "c7c5": 0.0037480255123227835,
        "e7e5": 0.7892917990684509,
        "e7e6": 0.005406094249337912,
        "c7c6": 0.00010438949539093301,
        "d7d5": 0.036431483924388885,
        "g8f6": 0.15723752975463867,
        "g7g6": 0.003957986366003752,
        "d7d6": 0.001779358834028244
      },
      "other_mass": 0.002043332795437891
    },
    "f2f4": {
      "fen_after_white": "rnbqkbnr/pppppppp/8/8/5P2/8/PPPPP1PP/RNBQKBNR b KQkq - 0 1",
      "black_reply_probs": {
        "c7c5": 0.035436391830444336,
        "e7e5": 0.4319927394390106,
        "e7e6": 0.019495677202939987,
        "c7c6": 0.0005441666580736637,
        "d7d5": 0.1148793026804924,
        "g8f6": 0.3799263834953308,
        "g7g6": 0.003797745332121849,
        "d7d6": 0.00830072071403265
      },
      "other_mass": 0.005626872647553682
    },
    "b2b4": {
      "fen_after_white": "rnbqkbnr/pppppppp/8/8/1P6/8/P1PPPPPP/RNBQKBNR b KQkq - 0 1",
      "black_reply_probs": {
        "c7c5": 0.0011543537257239223,
        "e7e5": 0.8107371926307678,
        "e7e6": 0.01541434321552515,
        "c7c6": 0.000388888904126361,
        "d7d5": 0.045462340116500854,
        "g8f6": 0.10305459797382355,
        "g7g6": 0.012415467761456966,
        "d7d6": 0.006062593311071396
      },
      "other_mass": 0.00531022236100398
    },
    "a2a4": {
      "fen_after_white": "rnbqkbnr/pppppppp/8/8/P7/8/1PPPPPPP/RNBQKBNR b KQkq - 0 1",
      "black_reply_probs": {
        "c7c5": 0.0033125714398920536,
        "e7e5": 0.6618547439575195,
        "e7e6": 0.0013183123664930463,
        "c7c6": 0.00011832290329039097,
        "d7d5": 0.04181794077157974,
        "g8f6": 0.2871999442577362,
        "g7g6": 0.00048185751074925065,
        "d7d6": 0.0023369593545794487
      },
      "other_mass": 0.00155934743816033
    }
  },
  "meta": {
    "elo_self": 2800,
    "elo_oppo": 2800,
    "temperature": 1.0,
    "maia_type": "blitz",
    "white_moves_probed": [
      "e2e4",
      "d2d4",
      "c2c4",
      "g1f3",
      "g2g3",
      "b2b3",
      "f2f4",
      "b2b4",
      "a2a4"
    ],
    "black_replies_probed": [
      "c7c5",
      "e7e5",
      "e7e6",
      "c7c6",
      "d7d5",
      "g8f6",
      "g7g6",
      "d7d6"
    ]
  }
}