{
  "white_first_move_probs": {
    "e2e4": 0.7149124145507812,
    "d2d4": 0.02233252301812172,
    "c2c4": 0.001949199358932674,
    "g1f3": 0.25801554322242737,
    "g2g3": 0.00024860803387127817,
    "b2b3": 7.813977572368458e-05,
    "f2f4": 3.8852725992910564e-05,
    "b2b4": 2.078380475722952e-06,
    "a2a4": 1.0661532314770739e-06
  },
  "white_other_mass": 0.002421574780441915,
  "black_reply_probs_cond_on_white": {
    "e2e4": {
      "fen_after_white": "rnbqkbnr/pppppppp/8/8/4P3/8/PPPP1PPP/RNBQKBNR b KQkq - 0 1",
      "black_reply_probs": {
        "c7c5": 0.11667441576719284,
        "e7e5": 0.5358441472053528,
        "e7e6": 0.08251408487558365,
        "c7c6": 0.004454882815480232,
        "d7d5": 0.06748116761445999,
        "g8f6": 0.156208336353302,
        "g7g6": 0.00751293171197176,
        "d7d6": 0.011104652658104897
      },
      "other_mass": 0.018205380998551846
    },
    "d2d4": {
      "fen_after_white": "rnbqkbnr/pppppppp/8/8/3P4/8/PPP1PPPP/RNBQKBNR b KQkq - 0 1",
      "black_reply_probs": {
        "c7c5": 0.0018659387715160847,
        "e7e5": 0.022076236084103584,
        "e7e6": 0.01330390851944685,
        "c7c6": 0.00013172306353226304,
        "d7d5": 0.11589669436216354,
        "g8f6": 0.8307654857635498,
        "g7g6": 0.005450766533613205,
        "d7d6": 0.009311356581747532
      },
      "other_mass": 0.001197890320327133
    },
    "c2c4": {
      "fen_after_white": "rnbqkbnr/pppppppp/8/8/2P5/8/PP1PPPPP/RNBQKBNR b KQkq - 0 1",
      "black_reply_probs": {
        "c7c5": 0.009029450826346874,
        "e7e5": 0.4841572940349579,
        "e7e6": 0.002620367333292961,
        "c7c6": 0.00019316302496008575,
        "d7d5": 0.010121593251824379,
        "g8f6": 0.4855564832687378,
        "g7g6": 0.0023664492182433605,
        "d7d6": 0.002253770362585783
      },
      "other_mass": 0.0037014286790508777
    },
    "g1f3": {
      "fen_after_white": "rnbqkbnr/pppppppp/8/8/8/5N2/PPPPPPPP/RNBQKB1R b KQkq - 1 1",
      "black_reply_probs": {
        "c7c5": 0.0053622121922671795,
        "e7e5": 0.06423167884349823,
        "e7e6": 0.0022575140465050936,
        "c7c6": 5.560678255278617e-05,
        "d7d5": 0.061224985867738724,
        "g8f6": 0.8569126129150391,
        "g7g6": 0.0034671793691813946,
        "d7d6": 0.0023628398776054382
      },
      "other_mass": 0.004125370105612092
    },
    "g2g3": {
      "fen_after_white": "rnbqkbnr/pppppppp/8/8/8/6P1/PPPPPP1P/RNBQKBNR b KQkq - 0 1",
      "black_reply_probs": {
        "c7c5": 0.010643291287124157,
        "e7e5": 0.5627399682998657,
        "e7e6": 0.002790069207549095,
        "c7c6": 0.00026381894713267684,
        "d7d5": 0.09930601716041565,
        "g8f6": 0.3126974403858185,
        "g7g6": 0.002916609635576606,
        "d7d6": 0.0019142391392961144
      },
      "other_mass": 0.006728545937221497
    },
    "b2b3": {
      "fen_after_white": "rnbqkbnr/pppppppp/8/8/8/1P6/P1PPPPPP/RNBQKBNR b KQkq - 0 1",
      "black_reply_probs": {
        "c7c5": 0.004005375783890486,
        "e7e5": 0.6935436129570007,
        "e7e6": 0.0077216243371367455,
        "c7c6": 0.00017543196736369282,
        "d7d5": 0.06273414194583893,
        "g8f6": 0.21862687170505524,
        "g7g6": 0.008108732290565968,
        "d7d6": 0.002185197314247489
      },
      "other_mass": 0.002899011698900722
    },
    "f2f4": {
      "fen_after_white": "rnbqkbnr/pppppppp/8/8/5P2/8/PPPPP1PP/RNBQKBNR b KQkq - 0 1",
      "black_reply_probs": {
        "c7c5": 0.03720149025321007,
        "e7e5": 0.358026921749115,
        "e7e6": 0.030558591708540916,
        "c7c6": 0.0009274142212234437,
        "d7d5": 0.19716162979602814,
        "g8f6": 0.34344667196273804,
        "g7g6": 0.010049561969935894,
        "d7d6": 0.01190902478992939
      },
      "other_mass": 0.010718693549279124
    },
    "b2b4": {
      "fen_after_white": "rnbqkbnr/pppppppp/8/8/1P6/8/P1PPPPPP/RNBQKBNR b KQkq - 0 1",
      "black_reply_probs": {
        "c7c5": 0.0012198332697153091,
        "e7e5": 0.6900486946105957,
        "e7e6": 0.02379940263926983,
        "c7c6": 0.0006253246101550758,
        "d7d5": 0.0898178443312645,
        "g8f6": 0.14267417788505554,
        "g7g6": 0.03482956066727638,
        "d7d6": 0.0073924739845097065
      },
      "other_mass": 0.009592688002157956
    },
    "a2a4": {
      "fen_after_white": "rnbqkbnr/pppppppp/8/8/P7/8/1PPPPPPP/RNBQKBNR b KQkq - 0 1",
      "black_reply_probs": {
        "c7c5": 0.0050264024175703526,
        "e7e5": 0.6127737760543823,
        "e7e6": 0.002135648624971509,
        "c7c6": 0.0002345469401916489,
        "d7d5": 0.06805072724819183,
        "g8f6": 0.3053651750087738,
        "g7g6": 0.0010353029938414693,
        "d7d6": 0.002267944160848856
      },
      "other_mass": 0.003110476551228203
    }
  },
  "meta": {
    "elo_self": 2800,
    "elo_oppo": 2800,
    "temperature": 1.0,
    "maia_type": "blitz",
    "white_moves_probed": [
      "e2e4",
      "d2d4",
      "c2c4",
      "g1f3",
      "g2g3",
      "b2b3",
      "f2f4",
      "b2b4",
      "a2a4"
    ],
    "black_replies_probed": [
      "c7c5",
      "e7e5",
      "e7e6",
      "c7c6",
      "d7d5",
      "g8f6",
      "g7g6",
      "d7d6"
    ]
  }
}