{
  "white_first_move_probs": {
    "e2e4": 0.9937704205513,
    "d2d4": 1.1594050164376313e-07,
    "c2c4": 1.4786682989154087e-10,
    "g1f3": 0.0062285009771585464,
    "g2g3": 4.53796999977385e-10,
    "b2b3": 4.1258124439677926e-14,
    "f2f4": 2.252733373106497e-12,
    "b2b4": 1.1154230445916454e-14,
    "a2a4": 6.129773539258377e-18
  },
  "white_other_mass": 9.61927070775026e-07,
  "black_reply_probs_cond_on_white": {
    "e2e4": {
      "fen_after_white": "rnbqkbnr/pppppppp/8/8/4P3/8/PPPP1PPP/RNBQKBNR b KQkq - 0 1",
      "black_reply_probs": {
        "c7c5": 2.5203574338661383e-08,
        "e7e5": 0.992597222328186,
        "e7e6": 3.433165929322968e-08,
        "c7c6": 2.357538806101872e-13,
        "d7d5": 2.8441664312595094e-07,
        "g8f6": 0.007402111776173115,
        "g7g6": 1.6127572610713514e-09,
        "d7d6": 9.067058215350698e-11
      },
      "other_mass": 3.2024010054865215e-07
    },
    "d2d4": {
      "fen_after_white": "rnbqkbnr/pppppppp/8/8/3P4/8/PPP1PPPP/RNBQKBNR b KQkq - 0 1",
      "black_reply_probs": {
        "c7c5": 2.3120390324482543e-10,
        "e7e5": 0.9799703359603882,
        "e7e6": 3.0054894128994647e-09,
        "c7c6": 1.6394520688058404e-15,
        "d7d5": 1.8554351299826521e-06,
        "g8f6": 0.020027248188853264,
        "g7g6": 7.887388520089189e-09,
        "d7d6": 2.920584885046651e-10
      },
      "other_mass": 5.489994865381931e-07
    },
    "c2c4": {
      "fen_after_white": "rnbqkbnr/pppppppp/8/8/2P5/8/PP1PPPPP/RNBQKBNR b KQkq - 0 1",
      "black_reply_probs": {
        "c7c5": 1.5854896284750453e-09,
        "e7e5": 0.9897290468215942,
        "e7e6": 1.1094414276158204e-09,
        "c7c6": 2.174397103072833e-14,
        "d7d5": 1.0727172394808804e-07,
        "g8f6": 0.01027042418718338,
        "g7g6": 8.207718393826724e-10,
        "d7d6": 1.2620238187821542e-10
      },
      "other_mass": 4.180775714512919e-07
    },
    "g1f3": {
      "fen_after_white": "rnbqkbnr/pppppppp/8/8/8/5N2/PPPPPPPP/RNBQKB1R b KQkq - 1 1",
      "black_reply_probs": {
        "c7c5": 6.069326152768895e-10,
        "e7e5": 0.9779269099235535,
        "e7e6": 6.438964361699107e-10,
        "c7c6": 1.9952257060477886e-15,
        "d7d5": 2.1018172446929384e-07,
        "g8f6": 0.02207109145820141,
        "g7g6": 1.0603233846495641e-08,
        "d7d6": 5.260652330418836e-11
      },
      "other_mass": 1.7765298493399584e-06
    },
    "g2g3": {
      "fen_after_white": "rnbqkbnr/pppppppp/8/8/8/6P1/PPPPPP1P/RNBQKBNR b KQkq - 0 1",
      "black_reply_probs": {
        "c7c5": 3.1449814974493506e-10,
        "e7e5": 0.9933618307113647,
        "e7e6": 2.1235815883535736e-10,
        "c7c6": 3.015666838154015e-15,
        "d7d5": 2.4581447632954223e-07,
        "g8f6": 0.00663756113499403,
        "g7g6": 6.437507193979286e-10,
        "d7d6": 1.9871378847957644e-11
      },
      "other_mass": 3.61148683514223e-07
    },
    "b2b3": {
      "fen_after_white": "rnbqkbnr/pppppppp/8/8/8/1P6/P1PPPPPP/RNBQKBNR b KQkq - 0 1",
      "black_reply_probs": {
        "c7c5": 2.138564499098994e-12,
        "e7e5": 0.998619556427002,
        "e7e6": 8.849782712205823e-11,
        "c7c6": 1.3328882333852843e-17,
        "d7d5": 1.3745572680079476e-08,
        "g8f6": 0.001380043220706284,
        "g7g6": 6.926617057700923e-10,
        "d7d6": 1.0079902407547636e-12
      },
      "other_mass": 3.8582241301821085e-07
    },
    "f2f4": {
      "fen_after_white": "rnbqkbnr/pppppppp/8/8/5P2/8/PPPPP1PP/RNBQKBNR b KQkq - 0 1",
      "black_reply_probs": {
        "c7c5": 1.4365640621516462e-10,
        "e7e5": 0.9943477511405945,
        "e7e6": 2.4042978719052144e-09,
        "c7c6": 1.215909231278207e-15,
        "d7d5": 4.2763869601003535e-07,
        "g8f6": 0.005651575513184071,
        "g7g6": 2.3192477105471454e-10,
        "d7d6": 3.651597080267521e-11
      },
      "other_mass": 2.42891129098588e-07
    },
    "b2b4": {
      "fen_after_white": "rnbqkbnr/pppppppp/8/8/1P6/8/P1PPPPPP/RNBQKBNR b KQkq - 0 1",
      "black_reply_probs": {
        "c7c5": 7.284038281395178e-13,
        "e7e5": 0.9984038472175598,
        "e7e6": 4.785221663361483e-10,
        "c7c6": 2.736092278229619e-17,
        "d7d5": 1.821884332287027e-08,
        "g8f6": 0.001596072455868125,
        "g7g6": 2.8280855435269814e-10,
        "d7d6": 1.2879236522753135e-12
      },
      "other_mass": 6.134438157445743e-08
    },
    "a2a4": {
      "fen_after_white": "rnbqkbnr/pppppppp/8/8/P7/8/1PPPPPPP/RNBQKBNR b KQkq - 0 1",
      "black_reply_probs": {
        "c7c5": 1.1041842440384642e-10,
        "e7e5": 0.9934700727462769,
        "e7e6": 4.0111469701287206e-10,
        "c7c6": 3.931919317857937e-15,
        "d7d5": 3.6399225677996583e-07,
        "g8f6": 0.006529162637889385,
        "g7g6": 1.7342256797281408e-10,
        "d7d6": 3.66726683742602e-11
      },
      "other_mass": 3.9990194466987816e-07
    }
  },
  "meta": {
    "elo_self": 2800,
    "elo_oppo": 2800,
    "temperature": 1.0,
    "maia_type": "blitz",
    "white_moves_probed": [
      "e2e4",
      "d2d4",
      "c2c4",
      "g1f3",
      "g2g3",
      "b2b3",
      "f2f4",
      "b2b4",
      "a2a4"
    ],
    "black_replies_probed": [
      "c7c5",
      "e7e5",
      "e7e6",
      "c7c6",
      "d7d5",
      "g8f6",
      "g7g6",
      "d7d6"
    ]
  }
}