{
  "white_first_move_probs": {
    "e2e4": 0.9988559484481812,
    "d2d4": 1.7687914934810811e-12,
    "c2c4": 1.150399385500204e-16,
    "g1f3": 0.0011440875241532922,
    "g2g3": 3.38131677368183e-15,
    "b2b3": 4.717310967961811e-22,
    "f2f4": 8.964169533126962e-18,
    "b2b4": 1.6685003388309043e-21,
    "a2a4": 4.285754957061405e-27
  },
  "white_other_mass": 0.0,
  "black_reply_probs_cond_on_white": {
    "e2e4": {
      "fen_after_white": "rnbqkbnr/pppppppp/8/8/4P3/8/PPPP1PPP/RNBQKBNR b KQkq - 0 1",
      "black_reply_probs": {
        "c7c5": 5.369297468118574e-14,
        "e7e5": 0.9989116191864014,
        "e7e6": 3.814594907308733e-12,
        "c7c6": 1.2630133127470166e-21,
        "d7d5": 4.062451330194561e-12,
        "g8f6": 0.001088347053155303,
        "g7g6": 1.059514126688357e-14,
        "d7d6": 1.1310944458410945e-16
      },
      "other_mass": 3.375250190451595e-08
    },
    "d2d4": {
      "fen_after_white": "rnbqkbnr/pppppppp/8/8/3P4/8/PPP1PPPP/RNBQKBNR b KQkq - 0 1",
      "black_reply_probs": {
        "c7c5": 2.7917689780799506e-16,
        "e7e5": 0.9915744662284851,
        "e7e6": 9.780741754700228e-13,
        "c7c6": 5.85852323870861e-24,
        "d7d5": 3.7162672938961805e-10,
        "g8f6": 0.00842549279332161,
        "g7g6": 2.433119623748009e-13,
        "d7d6": 9.947342115526506e-16
      },
      "other_mass": 4.0605343754052114e-08
    },
    "c2c4": {
      "fen_after_white": "rnbqkbnr/pppppppp/8/8/2P5/8/PP1PPPPP/RNBQKBNR b KQkq - 0 1",
      "black_reply_probs": {
        "c7c5": 5.352088850300624e-16,
        "e7e5": 0.9974750876426697,
        "e7e6": 5.3961294390085165e-14,
        "c7c6": 2.692144664614661e-23,
        "d7d5": 1.352165016239859e-12,
        "g8f6": 0.0025249163154512644,
        "g7g6": 8.862936866891897e-15,
        "d7d6": 1.0499683433054868e-16
      },
      "other_mass": 0.0
    },
    "g1f3": {
      "fen_after_white": "rnbqkbnr/pppppppp/8/8/8/5N2/PPPPPPPP/RNBQKB1R b KQkq - 1 1",
      "black_reply_probs": {
        "c7c5": 5.639863529569944e-16,
        "e7e5": 0.9870253205299377,
        "e7e6": 1.068464164800248e-13,
        "c7c6": 4.431390636338299e-24,
        "d7d5": 9.805761237713373e-12,
        "g8f6": 0.012974685057997704,
        "g7g6": 1.838140100199337e-13,
        "d7d6": 1.28570350205232e-16
      },
      "other_mass": 0.0
    },
    "g2g3": {
      "fen_after_white": "rnbqkbnr/pppppppp/8/8/8/6P1/PPPPPP1P/RNBQKBNR b KQkq - 0 1",
      "black_reply_probs": {
        "c7c5": 2.4820037353131326e-16,
        "e7e5": 0.9986404776573181,
        "e7e6": 1.902138182748904e-14,
        "c7c6": 6.370983848819189e-24,
        "d7d5": 5.632078137196572e-12,
        "g8f6": 0.0013595782220363617,
        "g7g6": 8.447500240548605e-15,
        "d7d6": 2.8974958952540284e-17
      },
      "other_mass": 0.0
    },
    "b2b3": {
      "fen_after_white": "rnbqkbnr/pppppppp/8/8/8/1P6/P1PPPPPP/RNBQKBNR b KQkq - 0 1",
      "black_reply_probs": {
        "c7c5": 1.5751937332325599e-18,
        "e7e5": 0.9995344877243042,
        "e7e6": 1.1465847090947733e-14,
        "c7c6": 4.277672522419592e-26,
        "d7d5": 3.7644594472890924e-13,
        "g8f6": 0.00046550383558496833,
        "g7g6": 9.279802437817206e-15,
        "d7d6": 1.0983335192752072e-18
      },
      "other_mass": 8.439713594654563e-09
    },
    "f2f4": {
      "fen_after_white": "rnbqkbnr/pppppppp/8/8/5P2/8/PPPPP1PP/RNBQKBNR b KQkq - 0 1",
      "black_reply_probs": {
        "c7c5": 2.762138442096015e-16,
        "e7e5": 0.9983945488929749,
        "e7e6": 2.296667901430932e-13,
        "c7c6": 2.5177195904181975e-24,
        "d7d5": 7.809512585221778e-12,
        "g8f6": 0.001605446101166308,
        "g7g6": 1.4205326978188222e-14,
        "d7d6": 1.1016867854014053e-16
      },
      "other_mass": 4.997805058692961e-09
    },
    "b2b4": {
      "fen_after_white": "rnbqkbnr/pppppppp/8/8/1P6/8/P1PPPPPP/RNBQKBNR b KQkq - 0 1",
      "black_reply_probs": {
        "c7c5": 6.517023106108752e-19,
        "e7e5": 0.9996143579483032,
        "e7e6": 9.326542901692825e-14,
        "c7c6": 1.4258022377574625e-25,
        "d7d5": 7.860574712838242e-13,
        "g8f6": 0.0003856468538288027,
        "g7g6": 3.686774430395386e-15,
        "d7d6": 3.482170644135905e-18
      },
      "other_mass": 0.0
    },
    "a2a4": {
      "fen_after_white": "rnbqkbnr/pppppppp/8/8/P7/8/1PPPPPPP/RNBQKBNR b KQkq - 0 1",
      "black_reply_probs": {
        "c7c5": 9.599580728368758e-18,
        "e7e5": 0.9992243051528931,
        "e7e6": 8.7758788205731e-15,
        "c7c6": 5.666039797328099e-25,
        "d7d5": 2.022406981466718e-12,
        "g8f6": 0.0007757265702821314,
        "g7g6": 6.261268604894972e-16,
        "d7d6": 1.6290177346264107e-17
      },
      "other_mass": 0.0
    }
  },
  "meta": {
    "elo_self": 2800,
    "elo_oppo": 2800,
    "temperature": 1.0,
    "maia_type": "blitz",
    "white_moves_probed": [
      "e2e4",
      "d2d4",
      "c2c4",
      "g1f3",
      "g2g3",
      "b2b3",
      "f2f4",
      "b2b4",
      "a2a4"
    ],
    "black_replies_probed": [
      "c7c5",
      "e7e5",
      "e7e6",
      "c7c6",
      "d7d5",
      "g8f6",
      "g7g6",
      "d7d6"
    ]
  }
}