{
  "white_first_move_probs": {
    "e2e4": 0.9993185997009277,
    "d2d4": 1.8846684497475508e-06,
    "c2c4": 1.0152339058322468e-07,
    "g1f3": 0.0006699813529849052,
    "g2g3": 1.7361134752036378e-10,
    "b2b3": 7.032251950894741e-12,
    "f2f4": 3.868515507932102e-10,
    "b2b4": 6.307121491744283e-12,
    "a2a4": 1.1170543792260804e-13
  },
  "white_other_mass": 9.432180333002194e-06,
  "black_reply_probs_cond_on_white": {
    "e2e4": {
      "fen_after_white": "rnbqkbnr/pppppppp/8/8/4P3/8/PPPP1PPP/RNBQKBNR b KQkq - 0 1",
      "black_reply_probs": {
        "c7c5": 2.109660044880002e-06,
        "e7e5": 0.9981204867362976,
        "e7e6": 3.087497475462442e-07,
        "c7c6": 4.4765864626317153e-11,
        "d7d5": 1.2063564099662472e-05,
        "g8f6": 0.0018415311351418495,
        "g7g6": 2.2815094258277213e-09,
        "d7d6": 3.0361984926230434e-08
      },
      "other_mass": 2.3467466408244597e-05
    },
    "d2d4": {
      "fen_after_white": "rnbqkbnr/pppppppp/8/8/3P4/8/PPP1PPPP/RNBQKBNR b KQkq - 0 1",
      "black_reply_probs": {
        "c7c5": 1.855304248010725e-07,
        "e7e5": 0.9905877113342285,
        "e7e6": 8.630195935666052e-08,
        "c7c6": 5.024921451157738e-12,
        "d7d5": 1.889392478915397e-05,
        "g8f6": 0.009368603117763996,
        "g7g6": 2.2558805934380644e-09,
        "d7d6": 3.306845997030905e-08
      },
      "other_mass": 2.448446146874339e-05
    },
    "c2c4": {
      "fen_after_white": "rnbqkbnr/pppppppp/8/8/2P5/8/PP1PPPPP/RNBQKBNR b KQkq - 0 1",
      "black_reply_probs": {
        "c7c5": 1.3298661372118659e-07,
        "e7e5": 0.9985343217849731,
        "e7e6": 1.483187350714843e-08,
        "c7c6": 5.152893736704023e-12,
        "d7d5": 1.4205721754478873e-06,
        "g8f6": 0.0014561440329998732,
        "g7g6": 7.876123087058318e-10,
        "d7d6": 3.000776160888563e-08
      },
      "other_mass": 7.93499083751037e-06
    },
    "g1f3": {
      "fen_after_white": "rnbqkbnr/pppppppp/8/8/8/5N2/PPPPPPPP/RNBQKB1R b KQkq - 1 1",
      "black_reply_probs": {
        "c7c5": 2.3820247463390842e-07,
        "e7e5": 0.9951064586639404,
        "e7e6": 2.7529793555913784e-08,
        "c7c6": 2.363287733911368e-12,
        "d7d5": 3.868076873914106e-06,
        "g8f6": 0.004845475312322378,
        "g7g6": 4.2006895739632455e-09,
        "d7d6": 1.1970691105034348e-08
      },
      "other_mass": 4.3916040851077476e-05
    },
    "g2g3": {
      "fen_after_white": "rnbqkbnr/pppppppp/8/8/8/6P1/PPPPPP1P/RNBQKBNR b KQkq - 0 1",
      "black_reply_probs": {
        "c7c5": 4.270032860631545e-08,
        "e7e5": 0.9990122318267822,
        "e7e6": 5.318012696875485e-09,
        "c7c6": 1.3899779764681153e-12,
        "d7d5": 1.895106606752961e-06,
        "g8f6": 0.0009804602013900876,
        "g7g6": 6.926459961142939e-10,
        "d7d6": 2.7870543650720947e-09
      },
      "other_mass": 5.361365789324779e-06
    },
    "b2b3": {
      "fen_after_white": "rnbqkbnr/pppppppp/8/8/8/1P6/P1PPPPPP/RNBQKBNR b KQkq - 0 1",
      "black_reply_probs": {
        "c7c5": 4.621925064896004e-09,
        "e7e5": 0.9997413754463196,
        "e7e6": 3.4727720699123665e-09,
        "c7c6": 7.688205676476337e-14,
        "d7d5": 3.7144693010304763e-07,
        "g8f6": 0.00025394035037606955,
        "g7g6": 3.039206664112726e-10,
        "d7d6": 3.77452735733641e-10
      },
      "other_mass": 4.303980226882942e-06
    },
    "f2f4": {
      "fen_after_white": "rnbqkbnr/pppppppp/8/8/5P2/8/PPPPP1PP/RNBQKBNR b KQkq - 0 1",
      "black_reply_probs": {
        "c7c5": 1.3756612737836349e-08,
        "e7e5": 0.9995150566101074,
        "e7e6": 1.481916811485462e-08,
        "c7c6": 8.685023186738583e-14,
        "d7d5": 3.5806823461825843e-07,
        "g8f6": 0.00047695013927295804,
        "g7g6": 1.157489729064487e-10,
        "d7d6": 1.2248454472896242e-09
      },
      "other_mass": 7.605265922916438e-06
    },
    "b2b4": {
      "fen_after_white": "rnbqkbnr/pppppppp/8/8/1P6/8/P1PPPPPP/RNBQKBNR b KQkq - 0 1",
      "black_reply_probs": {
        "c7c5": 1.305822228125919e-09,
        "e7e5": 0.9997629523277283,
        "e7e6": 1.2918311753651324e-08,
        "c7c6": 2.6319482075536083e-13,
        "d7d5": 6.501195457531139e-07,
        "g8f6": 0.00023290005628950894,
        "g7g6": 1.7859634604544539e-10,
        "d7d6": 1.863012633052108e-09
      },
      "other_mass": 3.481230430257831e-06
    },
    "a2a4": {
      "fen_after_white": "rnbqkbnr/pppppppp/8/8/P7/8/1PPPPPPP/RNBQKBNR b KQkq - 0 1",
      "black_reply_probs": {
        "c7c5": 5.356743670859032e-08,
        "e7e5": 0.9989404082298279,
        "e7e6": 1.5118267526759155e-08,
        "c7c6": 4.040421209411393e-12,
        "d7d5": 2.8114734504924854e-06,
        "g8f6": 0.0010483876103535295,
        "g7g6": 1.6725063001210572e-10,
        "d7d6": 1.3335667681246832e-08
      },
      "other_mass": 8.310493705088184e-06
    }
  },
  "meta": {
    "elo_self": 2800,
    "elo_oppo": 2800,
    "temperature": 1.0,
    "maia_type": "blitz",
    "white_moves_probed": [
      "e2e4",
      "d2d4",
      "c2c4",
      "g1f3",
      "g2g3",
      "b2b3",
      "f2f4",
      "b2b4",
      "a2a4"
    ],
    "black_replies_probed": [
      "c7c5",
      "e7e5",
      "e7e6",
      "c7c6",
      "d7d5",
      "g8f6",
      "g7g6",
      "d7d6"
    ]
  }
}