{
  "white_first_move_probs": {
    "e2e4": 0.7324427962303162,
    "d2d4": 0.03734013810753822,
    "c2c4": 0.004593631252646446,
    "g1f3": 0.21958598494529724,
    "g2g3": 0.0006252705352380872,
    "b2b3": 0.00021254127204883844,
    "f2f4": 0.00011681028263410553,
    "b2b4": 7.771915988996625e-06,
    "a2a4": 1.1632188034127466e-05
  },
  "white_other_mass": 0.005063423270257772,
  "black_reply_probs_cond_on_white": {
    "e2e4": {
      "fen_after_white": "rnbqkbnr/pppppppp/8/8/4P3/8/PPPP1PPP/RNBQKBNR b KQkq - 0 1",
      "black_reply_probs": {
        "c7c5": 0.17082202434539795,
        "e7e5": 0.48736372590065,
        "e7e6": 0.08711989223957062,
        "c7c6": 0.008005194365978241,
        "d7d5": 0.07345584034919739,
        "g8f6": 0.12158393859863281,
        "g7g6": 0.009654100053012371,
        "d7d6": 0.015425898134708405
      },
      "other_mass": 0.026569386012852192
    },
    "d2d4": {
      "fen_after_white": "rnbqkbnr/pppppppp/8/8/3P4/8/PPP1PPPP/RNBQKBNR b KQkq - 0 1",
      "black_reply_probs": {
        "c7c5": 0.0043464223854243755,
        "e7e5": 0.02049269527196884,
        "e7e6": 0.019907979294657707,
        "c7c6": 0.0005976390675641596,
        "d7d5": 0.16937071084976196,
        "g8f6": 0.7565634250640869,
        "g7g6": 0.007719371933490038,
        "d7d6": 0.01771944761276245
      },
      "other_mass": 0.00328230852028355
    },
    "c2c4": {
      "fen_after_white": "rnbqkbnr/pppppppp/8/8/2P5/8/PP1PPPPP/RNBQKBNR b KQkq - 0 1",
      "black_reply_probs": {
        "c7c5": 0.020294466987252235,
        "e7e5": 0.5916337966918945,
        "e7e6": 0.004998450633138418,
        "c7c6": 0.0006430872017517686,
        "d7d5": 0.018728867173194885,
        "g8f6": 0.3471454381942749,
        "g7g6": 0.0037633113097399473,
        "d7d6": 0.005378078203648329
      },
      "other_mass": 0.007414503605104983
    },
    "g1f3": {
      "fen_after_white": "rnbqkbnr/pppppppp/8/8/8/5N2/PPPPPPPP/RNBQKB1R b KQkq - 1 1",
      "black_reply_probs": {
        "c7c5": 0.01528275664895773,
        "e7e5": 0.05406299978494644,
        "e7e6": 0.004307757131755352,
        "c7c6": 0.00031822788878344,
        "d7d5": 0.12009314447641373,
        "g8f6": 0.7841863632202148,
        "g7g6": 0.007483392953872681,
        "d7d6": 0.005631098058074713
      },
      "other_mass": 0.008634259836981073
    },
    "g2g3": {
      "fen_after_white": "rnbqkbnr/pppppppp/8/8/8/6P1/PPPPPP1P/RNBQKBNR b KQkq - 0 1",
      "black_reply_probs": {
        "c7c5": 0.023528045043349266,
        "e7e5": 0.5391700267791748,
        "e7e6": 0.0054430593736469746,
        "c7c6": 0.0008832702878862619,
        "d7d5": 0.14612261950969696,
        "g8f6": 0.2651655077934265,
        "g7g6": 0.004902536049485207,
        "d7d6": 0.004464912693947554
      },
      "other_mass": 0.010320022469386458
    },
    "b2b3": {
      "fen_after_white": "rnbqkbnr/pppppppp/8/8/8/1P6/P1PPPPPP/RNBQKBNR b KQkq - 0 1",
      "black_reply_probs": {
        "c7c5": 0.008734747767448425,
        "e7e5": 0.7037696838378906,
        "e7e6": 0.01496807485818863,
        "c7c6": 0.0005508524482138455,
        "d7d5": 0.08668671548366547,
        "g8f6": 0.16448019444942474,
        "g7g6": 0.010279374197125435,
        "d7d6": 0.004966521169990301
      },
      "other_mass": 0.005563835788052529
    },
    "f2f4": {
      "fen_after_white": "rnbqkbnr/pppppppp/8/8/5P2/8/PPPPP1PP/RNBQKBNR b KQkq - 0 1",
      "black_reply_probs": {
        "c7c5": 0.05951954796910286,
        "e7e5": 0.4136655926704407,
        "e7e6": 0.040764376521110535,
        "c7c6": 0.0018719076178967953,
        "d7d5": 0.1994924694299698,
        "g8f6": 0.2465238720178604,
        "g7g6": 0.00915867742151022,
        "d7d6": 0.016757819801568985
      },
      "other_mass": 0.012245736550539732
    },
    "b2b4": {
      "fen_after_white": "rnbqkbnr/pppppppp/8/8/1P6/8/P1PPPPPP/RNBQKBNR b KQkq - 0 1",
      "black_reply_probs": {
        "c7c5": 0.003002550220116973,
        "e7e5": 0.7174122333526611,
        "e7e6": 0.031011706218123436,
        "c7c6": 0.0013547125272452831,
        "d7d5": 0.08712482452392578,
        "g8f6": 0.10432727634906769,
        "g7g6": 0.029866188764572144,
        "d7d6": 0.010445146821439266
      },
      "other_mass": 0.015455361222848296
    },
    "a2a4": {
      "fen_after_white": "rnbqkbnr/pppppppp/8/8/P7/8/1PPPPPPP/RNBQKBNR b KQkq - 0 1",
      "black_reply_probs": {
        "c7c5": 0.009501306340098381,
        "e7e5": 0.6259256601333618,
        "e7e6": 0.004402353428304195,
        "c7c6": 0.000684112950693816,
        "d7d5": 0.09486652910709381,
        "g8f6": 0.2512400448322296,
        "g7g6": 0.0021424891892820597,
        "d7d6": 0.005452765617519617
      },
      "other_mass": 0.005784738401416689
    }
  },
  "meta": {
    "elo_self": 2800,
    "elo_oppo": 2800,
    "temperature": 1.0,
    "maia_type": "blitz",
    "white_moves_probed": [
      "e2e4",
      "d2d4",
      "c2c4",
      "g1f3",
      "g2g3",
      "b2b3",
      "f2f4",
      "b2b4",
      "a2a4"
    ],
    "black_replies_probed": [
      "c7c5",
      "e7e5",
      "e7e6",
      "c7c6",
      "d7d5",
      "g8f6",
      "g7g6",
      "d7d6"
    ]
  }
}