{
  "white_first_move_probs": {
    "e2e4": 0.797095537185669,
    "d2d4": 0.017547402530908585,
    "c2c4": 0.0034111759159713984,
    "g1f3": 0.17833739519119263,
    "g2g3": 0.00030989060178399086,
    "b2b3": 0.00010768072388600558,
    "f2f4": 5.5785443692002445e-05,
    "b2b4": 3.129439392068889e-06,
    "a2a4": 5.178725132282125e-06
  },
  "white_other_mass": 0.003126824242372095,
  "black_reply_probs_cond_on_white": {
    "e2e4": {
      "fen_after_white": "rnbqkbnr/pppppppp/8/8/4P3/8/PPPP1PPP/RNBQKBNR b KQkq - 0 1",
      "black_reply_probs": {
        "c7c5": 0.16274870932102203,
        "e7e5": 0.5499426126480103,
        "e7e6": 0.06679875403642654,
        "c7c6": 0.005719785112887621,
        "d7d5": 0.06506600230932236,
        "g8f6": 0.1051122397184372,
        "g7g6": 0.007119867485016584,
        "d7d6": 0.014458290301263332
      },
      "other_mass": 0.02303373906761408
    },
    "d2d4": {
      "fen_after_white": "rnbqkbnr/pppppppp/8/8/3P4/8/PPP1PPPP/RNBQKBNR b KQkq - 0 1",
      "black_reply_probs": {
        "c7c5": 0.0037034775596112013,
        "e7e5": 0.02699492871761322,
        "e7e6": 0.01258743368089199,
        "c7c6": 0.0004361235478427261,
        "d7d5": 0.10644686222076416,
        "g8f6": 0.8273318409919739,
        "g7g6": 0.005750084761530161,
        "d7d6": 0.01374788861721754
      },
      "other_mass": 0.003001359902555123
    },
    "c2c4": {
      "fen_after_white": "rnbqkbnr/pppppppp/8/8/2P5/8/PP1PPPPP/RNBQKBNR b KQkq - 0 1",
      "black_reply_probs": {
        "c7c5": 0.014008108526468277,
        "e7e5": 0.6271215677261353,
        "e7e6": 0.0026074761990457773,
        "c7c6": 0.00038493116153404117,
        "d7d5": 0.0094545166939497,
        "g8f6": 0.3352434039115906,
        "g7g6": 0.002088771900162101,
        "d7d6": 0.0039061002898961306
      },
      "other_mass": 0.005185123591218144
    },
    "g1f3": {
      "fen_after_white": "rnbqkbnr/pppppppp/8/8/8/5N2/PPPPPPPP/RNBQKB1R b KQkq - 1 1",
      "black_reply_probs": {
        "c7c5": 0.010793978348374367,
        "e7e5": 0.07847976684570312,
        "e7e6": 0.0024879833217710257,
        "c7c6": 0.00018162686319556087,
        "d7d5": 0.059656959027051926,
        "g8f6": 0.8307241797447205,
        "g7g6": 0.004906524438410997,
        "d7d6": 0.003926496021449566
      },
      "other_mass": 0.008842485389322974
    },
    "g2g3": {
      "fen_after_white": "rnbqkbnr/pppppppp/8/8/8/6P1/PPPPPP1P/RNBQKBNR b KQkq - 0 1",
      "black_reply_probs": {
        "c7c5": 0.01841534487903118,
        "e7e5": 0.6572101712226868,
        "e7e6": 0.0038284272886812687,
        "c7c6": 0.0006626853719353676,
        "d7d5": 0.09173183888196945,
        "g8f6": 0.21236693859100342,
        "g7g6": 0.0033844185527414083,
        "d7d6": 0.003356169443577528
      },
      "other_mass": 0.009044005768373609
    },
    "b2b3": {
      "fen_after_white": "rnbqkbnr/pppppppp/8/8/8/1P6/P1PPPPPP/RNBQKBNR b KQkq - 0 1",
      "black_reply_probs": {
        "c7c5": 0.006357275880873203,
        "e7e5": 0.7808635830879211,
        "e7e6": 0.011021186597645283,
        "c7c6": 0.0004088955174665898,
        "d7d5": 0.049647893756628036,
        "g8f6": 0.13655495643615723,
        "g7g6": 0.007298244163393974,
        "d7d6": 0.0032640015706419945
      },
      "other_mass": 0.00458396298927255
    },
    "f2f4": {
      "fen_after_white": "rnbqkbnr/pppppppp/8/8/5P2/8/PPPPP1PP/RNBQKBNR b KQkq - 0 1",
      "black_reply_probs": {
        "c7c5": 0.04648256674408913,
        "e7e5": 0.5488836169242859,
        "e7e6": 0.036065440624952316,
        "c7c6": 0.001410135067999363,
        "d7d5": 0.14607061445713043,
        "g8f6": 0.18942120671272278,
        "g7g6": 0.007201018277555704,
        "d7d6": 0.014011849649250507
      },
      "other_mass": 0.010453551542013884
    },
    "b2b4": {
      "fen_after_white": "rnbqkbnr/pppppppp/8/8/1P6/8/P1PPPPPP/RNBQKBNR b KQkq - 0 1",
      "black_reply_probs": {
        "c7c5": 0.0021761329844594,
        "e7e5": 0.7790995836257935,
        "e7e6": 0.024951284751296043,
        "c7c6": 0.001288861152715981,
        "d7d5": 0.06045122072100639,
        "g8f6": 0.09030643850564957,
        "g7g6": 0.019439660012722015,
        "d7d6": 0.009716997854411602
      },
      "other_mass": 0.012569820391945541
    },
    "a2a4": {
      "fen_after_white": "rnbqkbnr/pppppppp/8/8/P7/8/1PPPPPPP/RNBQKBNR b KQkq - 0 1",
      "black_reply_probs": {
        "c7c5": 0.007964426651597023,
        "e7e5": 0.6876833438873291,
        "e7e6": 0.0029472624883055687,
        "c7c6": 0.000647706794552505,
        "d7d5": 0.05912468209862709,
        "g8f6": 0.2307654768228531,
        "g7g6": 0.001417985069565475,
        "d7d6": 0.004183638375252485
      },
      "other_mass": 0.005265477811917663
    }
  },
  "meta": {
    "elo_self": 2800,
    "elo_oppo": 2800,
    "temperature": 1.0,
    "maia_type": "blitz",
    "white_moves_probed": [
      "e2e4",
      "d2d4",
      "c2c4",
      "g1f3",
      "g2g3",
      "b2b3",
      "f2f4",
      "b2b4",
      "a2a4"
    ],
    "black_replies_probed": [
      "c7c5",
      "e7e5",
      "e7e6",
      "c7c6",
      "d7d5",
      "g8f6",
      "g7g6",
      "d7d6"
    ]
  }
}