{
  "white_first_move_probs": {
    "e2e4": 0.7735418677330017,
    "d2d4": 0.016590939834713936,
    "c2c4": 0.0017239932203665376,
    "g1f3": 0.20592236518859863,
    "g2g3": 0.0002092344657285139,
    "b2b3": 7.080710929585621e-05,
    "f2f4": 3.292434485047124e-05,
    "b2b4": 1.5071771031216485e-06,
    "a2a4": 7.193216902123822e-07
  },
  "white_other_mass": 0.0019056416046510094,
  "black_reply_probs_cond_on_white": {
    "e2e4": {
      "fen_after_white": "rnbqkbnr/pppppppp/8/8/4P3/8/PPPP1PPP/RNBQKBNR b KQkq - 0 1",
      "black_reply_probs": {
        "c7c5": 0.1446121782064438,
        "e7e5": 0.5199268460273743,
        "e7e6": 0.06681708991527557,
        "c7c6": 0.00392901012673974,
        "d7d5": 0.09096141159534454,
        "g8f6": 0.1401698738336563,
        "g7g6": 0.00475104758515954,
        "d7d6": 0.008352115750312805
      },
      "other_mass": 0.020480426959693432
    },
    "d2d4": {
      "fen_after_white": "rnbqkbnr/pppppppp/8/8/3P4/8/PPP1PPPP/RNBQKBNR b KQkq - 0 1",
      "black_reply_probs": {
        "c7c5": 0.002480405615642667,
        "e7e5": 0.02549429051578045,
        "e7e6": 0.009518736973404884,
        "c7c6": 0.00012705933477263898,
        "d7d5": 0.08876505494117737,
        "g8f6": 0.8599815964698792,
        "g7g6": 0.004752177745103836,
        "d7d6": 0.007723203860223293
      },
      "other_mass": 0.001157474544015713
    },
    "c2c4": {
      "fen_after_white": "rnbqkbnr/pppppppp/8/8/2P5/8/PP1PPPPP/RNBQKBNR b KQkq - 0 1",
      "black_reply_probs": {
        "c7c5": 0.010728690773248672,
        "e7e5": 0.6051175594329834,
        "e7e6": 0.0016574828187003732,
        "c7c6": 0.00016542589582968503,
        "d7d5": 0.009240862913429737,
        "g8f6": 0.3659681975841522,
        "g7g6": 0.0018111279932782054,
        "d7d6": 0.0018600902985781431
      },
      "other_mass": 0.0034505622897995636
    },
    "g1f3": {
      "fen_after_white": "rnbqkbnr/pppppppp/8/8/8/5N2/PPPPPPPP/RNBQKB1R b KQkq - 1 1",
      "black_reply_probs": {
        "c7c5": 0.008181375451385975,
        "e7e5": 0.08720236271619797,
        "e7e6": 0.0018056172411888838,
        "c7c6": 6.300186214502901e-05,
        "d7d5": 0.0673762783408165,
        "g8f6": 0.82529616355896,
        "g7g6": 0.0035000434145331383,
        "d7d6": 0.0023245136253535748
      },
      "other_mass": 0.004250643789418973
    },
    "g2g3": {
      "fen_after_white": "rnbqkbnr/pppppppp/8/8/8/6P1/PPPPPP1P/RNBQKBNR b KQkq - 0 1",
      "black_reply_probs": {
        "c7c5": 0.012733053416013718,
        "e7e5": 0.6564292311668396,
        "e7e6": 0.0019430305110290647,
        "c7c6": 0.00020656474225688726,
        "d7d5": 0.08378720283508301,
        "g8f6": 0.23544283211231232,
        "g7g6": 0.0022097101900726557,
        "d7d6": 0.0015625737141817808
      },
      "other_mass": 0.00568580131221097
    },
    "b2b3": {
      "fen_after_white": "rnbqkbnr/pppppppp/8/8/8/1P6/P1PPPPPP/RNBQKBNR b KQkq - 0 1",
      "black_reply_probs": {
        "c7c5": 0.0032324865460395813,
        "e7e5": 0.7919725179672241,
        "e7e6": 0.004752861335873604,
        "c7c6": 0.00010816641588462517,
        "d7d5": 0.043683577328920364,
        "g8f6": 0.1478126347064972,
        "g7g6": 0.005046359729021788,
        "d7d6": 0.0012742936378344893
      },
      "other_mass": 0.002117102332704235
    },
    "f2f4": {
      "fen_after_white": "rnbqkbnr/pppppppp/8/8/5P2/8/PPPPP1PP/RNBQKBNR b KQkq - 0 1",
      "black_reply_probs": {
        "c7c5": 0.04206974059343338,
        "e7e5": 0.48939967155456543,
        "e7e6": 0.02545711025595665,
        "c7c6": 0.0006958023877814412,
        "d7d5": 0.1618349254131317,
        "g8f6": 0.2599087655544281,
        "g7g6": 0.005138861946761608,
        "d7d6": 0.007911533117294312
      },
      "other_mass": 0.007583589176647365
    },
    "b2b4": {
      "fen_after_white": "rnbqkbnr/pppppppp/8/8/1P6/8/P1PPPPPP/RNBQKBNR b KQkq - 0 1",
      "black_reply_probs": {
        "c7c5": 0.0007956565823405981,
        "e7e5": 0.8085761666297913,
        "e7e6": 0.01246186438947916,
        "c7c6": 0.0003002503071911633,
        "d7d5": 0.06147472560405731,
        "g8f6": 0.08858272433280945,
        "g7g6": 0.018716594204306602,
        "d7d6": 0.0033743937965482473
      },
      "other_mass": 0.0057176241534762084
    },
    "a2a4": {
      "fen_after_white": "rnbqkbnr/pppppppp/8/8/P7/8/1PPPPPPP/RNBQKBNR b KQkq - 0 1",
      "black_reply_probs": {
        "c7c5": 0.004037778824567795,
        "e7e5": 0.7169024348258972,
        "e7e6": 0.0014239702140912414,
        "c7c6": 0.00016380053421016783,
        "d7d5": 0.049312714487314224,
        "g8f6": 0.2236260324716568,
        "g7g6": 0.0008419118239544332,
        "d7d6": 0.0013814391568303108
      },
      "other_mass": 0.0023099176614778116
    }
  },
  "meta": {
    "elo_self": 2800,
    "elo_oppo": 2800,
    "temperature": 1.0,
    "maia_type": "blitz",
    "white_moves_probed": [
      "e2e4",
      "d2d4",
      "c2c4",
      "g1f3",
      "g2g3",
      "b2b3",
      "f2f4",
      "b2b4",
      "a2a4"
    ],
    "black_replies_probed": [
      "c7c5",
      "e7e5",
      "e7e6",
      "c7c6",
      "d7d5",
      "g8f6",
      "g7g6",
      "d7d6"
    ]
  }
}