{
  "white_first_move_probs": {
    "e2e4": 0.7570318579673767,
    "d2d4": 0.019296985119581223,
    "c2c4": 0.0030623830389231443,
    "g1f3": 0.2166125625371933,
    "g2g3": 0.00028175790794193745,
    "b2b3": 8.81347805261612e-05,
    "f2f4": 3.868040948873386e-05,
    "b2b4": 4.818974048248492e-06,
    "a2a4": 4.572958914650371e-06
  },
  "white_other_mass": 0.0035782463060058944,
  "black_reply_probs_cond_on_white": {
    "e2e4": {
      "fen_after_white": "rnbqkbnr/pppppppp/8/8/4P3/8/PPPP1PPP/RNBQKBNR b KQkq - 0 1",
      "black_reply_probs": {
        "c7c5": 0.20809628069400787,
        "e7e5": 0.441091388463974,
        "e7e6": 0.08567680418491364,
        "c7c6": 0.006992693524807692,
        "d7d5": 0.07575588673353195,
        "g8f6": 0.14155694842338562,
        "g7g6": 0.005378681235015392,
        "d7d6": 0.0112282270565629
      },
      "other_mass": 0.024223089683800936
    },
    "d2d4": {
      "fen_after_white": "rnbqkbnr/pppppppp/8/8/3P4/8/PPP1PPPP/RNBQKBNR b KQkq - 0 1",
      "black_reply_probs": {
        "c7c5": 0.004017810337245464,
        "e7e5": 0.03966199979186058,
        "e7e6": 0.015426344238221645,
        "c7c6": 0.00023557746317237616,
        "d7d5": 0.10273706912994385,
        "g8f6": 0.8235061168670654,
        "g7g6": 0.003521730424836278,
        "d7d6": 0.008725898340344429
      },
      "other_mass": 0.0021674534073099494
    },
    "c2c4": {
      "fen_after_white": "rnbqkbnr/pppppppp/8/8/2P5/8/PP1PPPPP/RNBQKBNR b KQkq - 0 1",
      "black_reply_probs": {
        "c7c5": 0.012578598223626614,
        "e7e5": 0.5632771253585815,
        "e7e6": 0.003370455466210842,
        "c7c6": 0.0002794883621390909,
        "d7d5": 0.01111179031431675,
        "g8f6": 0.3982844352722168,
        "g7g6": 0.002141243778169155,
        "d7d6": 0.003328124061226845
      },
      "other_mass": 0.005628739163512364
    },
    "g1f3": {
      "fen_after_white": "rnbqkbnr/pppppppp/8/8/8/5N2/PPPPPPPP/RNBQKB1R b KQkq - 1 1",
      "black_reply_probs": {
        "c7c5": 0.011532323434948921,
        "e7e5": 0.07669062912464142,
        "e7e6": 0.003118174383416772,
        "c7c6": 0.00011129135236842558,
        "d7d5": 0.06452691555023193,
        "g8f6": 0.8308259844779968,
        "g7g6": 0.0035501110833138227,
        "d7d6": 0.0029282174073159695
      },
      "other_mass": 0.006716353185765911
    },
    "g2g3": {
      "fen_after_white": "rnbqkbnr/pppppppp/8/8/8/6P1/PPPPPP1P/RNBQKBNR b KQkq - 0 1",
      "black_reply_probs": {
        "c7c5": 0.02059102989733219,
        "e7e5": 0.5975673794746399,
        "e7e6": 0.004080554004758596,
        "c7c6": 0.00045848346780985594,
        "d7d5": 0.09779936820268631,
        "g8f6": 0.26586729288101196,
        "g7g6": 0.0029680803418159485,
        "d7d6": 0.0028128568083047867
      },
      "other_mass": 0.007854954921640456
    },
    "b2b3": {
      "fen_after_white": "rnbqkbnr/pppppppp/8/8/8/1P6/P1PPPPPP/RNBQKBNR b KQkq - 0 1",
      "black_reply_probs": {
        "c7c5": 0.0050514391623437405,
        "e7e5": 0.760029673576355,
        "e7e6": 0.010692194104194641,
        "c7c6": 0.00022797701240051538,
        "d7d5": 0.049608200788497925,
        "g8f6": 0.1620466709136963,
        "g7g6": 0.006273184437304735,
        "d7d6": 0.0025433585979044437
      },
      "other_mass": 0.00352730140730273
    },
    "f2f4": {
      "fen_after_white": "rnbqkbnr/pppppppp/8/8/5P2/8/PPPPP1PP/RNBQKBNR b KQkq - 0 1",
      "black_reply_probs": {
        "c7c5": 0.04145580530166626,
        "e7e5": 0.5827460885047913,
        "e7e6": 0.033532705157995224,
        "c7c6": 0.0008532559149898589,
        "d7d5": 0.12428957223892212,
        "g8f6": 0.19701725244522095,
        "g7g6": 0.004591070115566254,
        "d7d6": 0.008404132910072803
      },
      "other_mass": 0.007110117410775274
    },
    "b2b4": {
      "fen_after_white": "rnbqkbnr/pppppppp/8/8/1P6/8/P1PPPPPP/RNBQKBNR b KQkq - 0 1",
      "black_reply_probs": {
        "c7c5": 0.0016992570599541068,
        "e7e5": 0.7808901071548462,
        "e7e6": 0.021518955007195473,
        "c7c6": 0.0006194400484673679,
        "d7d5": 0.06179726496338844,
        "g8f6": 0.09750784933567047,
        "g7g6": 0.019941315054893494,
        "d7d6": 0.006593090482056141
      },
      "other_mass": 0.009432720893528312
    },
    "a2a4": {
      "fen_after_white": "rnbqkbnr/pppppppp/8/8/P7/8/1PPPPPPP/RNBQKBNR b KQkq - 0 1",
      "black_reply_probs": {
        "c7c5": 0.005109214223921299,
        "e7e5": 0.6881726980209351,
        "e7e6": 0.0030227850656956434,
        "c7c6": 0.0002529595512896776,
        "d7d5": 0.05035429447889328,
        "g8f6": 0.24614615738391876,
        "g7g6": 0.0011019943049177527,
        "d7d6": 0.0027208321262151003
      },
      "other_mass": 0.003119064844213426
    }
  },
  "meta": {
    "elo_self": 2800,
    "elo_oppo": 2800,
    "temperature": 1.0,
    "maia_type": "blitz",
    "white_moves_probed": [
      "e2e4",
      "d2d4",
      "c2c4",
      "g1f3",
      "g2g3",
      "b2b3",
      "f2f4",
      "b2b4",
      "a2a4"
    ],
    "black_replies_probed": [
      "c7c5",
      "e7e5",
      "e7e6",
      "c7c6",
      "d7d5",
      "g8f6",
      "g7g6",
      "d7d6"
    ]
  }
}