{
  "white_first_move_probs": {
    "e2e4": 0.9211142659187317,
    "d2d4": 0.012534227222204208,
    "c2c4": 0.0022515319287776947,
    "g1f3": 0.06324344128370285,
    "g2g3": 3.1550476705888286e-05,
    "b2b3": 3.671231752377935e-05,
    "f2f4": 2.5869105684250826e-06,
    "b2b4": 1.1306118494758266e-06,
    "a2a4": 3.0335879728227155e-06
  },
  "white_other_mass": 0.0007815197419631659,
  "black_reply_probs_cond_on_white": {
    "e2e4": {
      "fen_after_white": "rnbqkbnr/pppppppp/8/8/4P3/8/PPPP1PPP/RNBQKBNR b KQkq - 0 1",
      "black_reply_probs": {
        "c7c5": 0.4921131432056427,
        "e7e5": 0.24849672615528107,
        "e7e6": 0.14473342895507812,
        "c7c6": 0.007167356554418802,
        "d7d5": 0.019286494702100754,
        "g8f6": 0.028342092409729958,
        "g7g6": 0.0067740194499492645,
        "d7d6": 0.03360443562269211
      },
      "other_mass": 0.01948230294510722
    },
    "d2d4": {
      "fen_after_white": "rnbqkbnr/pppppppp/8/8/3P4/8/PPP1PPPP/RNBQKBNR b KQkq - 0 1",
      "black_reply_probs": {
        "c7c5": 0.004026718903332949,
        "e7e5": 0.006062822882086039,
        "e7e6": 0.004740564152598381,
        "c7c6": 0.00021449971245601773,
        "d7d5": 0.05975756794214249,
        "g8f6": 0.882836639881134,
        "g7g6": 0.0030101037118583918,
        "d7d6": 0.038367584347724915
      },
      "other_mass": 0.0009834984666667879
    },
    "c2c4": {
      "fen_after_white": "rnbqkbnr/pppppppp/8/8/2P5/8/PP1PPPPP/RNBQKBNR b KQkq - 0 1",
      "black_reply_probs": {
        "c7c5": 0.009459367021918297,
        "e7e5": 0.7568186521530151,
        "e7e6": 0.0022645415738224983,
        "c7c6": 0.00014580562128685415,
        "d7d5": 0.0039010141044855118,
        "g8f6": 0.22304880619049072,
        "g7g6": 0.0010367579525336623,
        "d7d6": 0.0025192101020365953
      },
      "other_mass": 0.0008058452804107219
    },
    "g1f3": {
      "fen_after_white": "rnbqkbnr/pppppppp/8/8/8/5N2/PPPPPPPP/RNBQKB1R b KQkq - 1 1",
      "black_reply_probs": {
        "c7c5": 0.034528862684965134,
        "e7e5": 0.033464640378952026,
        "e7e6": 0.002126873005181551,
        "c7c6": 0.00020570123160723597,
        "d7d5": 0.17300939559936523,
        "g8f6": 0.7372514009475708,
        "g7g6": 0.0019846181385219097,
        "d7d6": 0.013237609528005123
      },
      "other_mass": 0.004190898485830985
    },
    "g2g3": {
      "fen_after_white": "rnbqkbnr/pppppppp/8/8/8/6P1/PPPPPP1P/RNBQKBNR b KQkq - 0 1",
      "black_reply_probs": {
        "c7c5": 0.021823227405548096,
        "e7e5": 0.7149036526679993,
        "e7e6": 0.0022198318038135767,
        "c7c6": 0.0002643301268108189,
        "d7d5": 0.09657671302556992,
        "g8f6": 0.15531012415885925,
        "g7g6": 0.0010857220040634274,
        "d7d6": 0.0028841060120612383
      },
      "other_mass": 0.004932292795274407
    },
    "b2b3": {
      "fen_after_white": "rnbqkbnr/pppppppp/8/8/8/1P6/P1PPPPPP/RNBQKBNR b KQkq - 0 1",
      "black_reply_probs": {
        "c7c5": 0.004908205475658178,
        "e7e5": 0.8499857783317566,
        "e7e6": 0.0038543909322470427,
        "c7c6": 0.00012418038386385888,
        "d7d5": 0.046818774193525314,
        "g8f6": 0.0897989496588707,
        "g7g6": 0.0018630531849339604,
        "d7d6": 0.0014944605063647032
      },
      "other_mass": 0.0011522073327796534
    },
    "f2f4": {
      "fen_after_white": "rnbqkbnr/pppppppp/8/8/5P2/8/PPPPP1PP/RNBQKBNR b KQkq - 0 1",
      "black_reply_probs": {
        "c7c5": 0.11898575723171234,
        "e7e5": 0.2906106412410736,
        "e7e6": 0.0485251247882843,
        "c7c6": 0.0010417448356747627,
        "d7d5": 0.32239776849746704,
        "g8f6": 0.18852269649505615,
        "g7g6": 0.003287198022007942,
        "d7d6": 0.021033603698015213
      },
      "other_mass": 0.005595465190708637
    },
    "b2b4": {
      "fen_after_white": "rnbqkbnr/pppppppp/8/8/1P6/8/P1PPPPPP/RNBQKBNR b KQkq - 0 1",
      "black_reply_probs": {
        "c7c5": 0.00041016077739186585,
        "e7e5": 0.8376896977424622,
        "e7e6": 0.010537749156355858,
        "c7c6": 0.0003536026051733643,
        "d7d5": 0.06809846311807632,
        "g8f6": 0.06469766795635223,
        "g7g6": 0.006989607121795416,
        "d7d6": 0.0034495629370212555
      },
      "other_mass": 0.007773488585371524
    },
    "a2a4": {
      "fen_after_white": "rnbqkbnr/pppppppp/8/8/P7/8/1PPPPPPP/RNBQKBNR b KQkq - 0 1",
      "black_reply_probs": {
        "c7c5": 0.005928538739681244,
        "e7e5": 0.805584192276001,
        "e7e6": 0.0012336749350652099,
        "c7c6": 0.00020777365716639906,
        "d7d5": 0.047377705574035645,
        "g8f6": 0.1357669085264206,
        "g7g6": 0.0002752259897533804,
        "d7d6": 0.0018213868606835604
      },
      "other_mass": 0.001804593441192992
    }
  },
  "meta": {
    "elo_self": 2800,
    "elo_oppo": 2800,
    "temperature": 1.0,
    "maia_type": "blitz",
    "white_moves_probed": [
      "e2e4",
      "d2d4",
      "c2c4",
      "g1f3",
      "g2g3",
      "b2b3",
      "f2f4",
      "b2b4",
      "a2a4"
    ],
    "black_replies_probed": [
      "c7c5",
      "e7e5",
      "e7e6",
      "c7c6",
      "d7d5",
      "g8f6",
      "g7g6",
      "d7d6"
    ]
  }
}