{
  "white_first_move_probs": {
    "e2e4": 0.999980092048645,
    "d2d4": 7.811120673884009e-12,
    "c2c4": 1.5483371846559485e-17,
    "g1f3": 1.990453529288061e-05,
    "g2g3": 1.229258115666452e-18,
    "b2b3": 6.244396783920463e-20,
    "f2f4": 1.931792174183571e-19,
    "b2b4": 5.44726996946696e-20,
    "a2a4": 1.258400579554647e-24
  },
  "white_other_mass": 3.4082510147470657e-09,
  "black_reply_probs_cond_on_white": {
    "e2e4": {
      "fen_after_white": "rnbqkbnr/pppppppp/8/8/4P3/8/PPPP1PPP/RNBQKBNR b KQkq - 0 1",
      "black_reply_probs": {
        "c7c5": 1.9792213007407966e-11,
        "e7e5": 0.9999984502792358,
        "e7e6": 1.106172987409837e-12,
        "c7c6": 2.2081520213030584e-20,
        "d7d5": 2.8003571683754558e-12,
        "g8f6": 1.5474530528081232e-06,
        "g7g6": 4.236406499807066e-17,
        "d7d6": 4.393870586446131e-17
      },
      "other_mass": 2.244012642371729e-09
    },
    "d2d4": {
      "fen_after_white": "rnbqkbnr/pppppppp/8/8/3P4/8/PPP1PPPP/RNBQKBNR b KQkq - 0 1",
      "black_reply_probs": {
        "c7c5": 1.423377775609531e-15,
        "e7e5": 0.9969924688339233,
        "e7e6": 5.931127984581952e-14,
        "c7c6": 5.112948314648433e-23,
        "d7d5": 5.6870351983207e-08,
        "g8f6": 0.0030074752867221832,
        "g7g6": 1.3950965101710124e-15,
        "d7d6": 1.2048071280868974e-14
      },
      "other_mass": 0.0
    },
    "c2c4": {
      "fen_after_white": "rnbqkbnr/pppppppp/8/8/2P5/8/PP1PPPPP/RNBQKBNR b KQkq - 0 1",
      "black_reply_probs": {
        "c7c5": 1.5402354955687536e-13,
        "e7e5": 0.9999275207519531,
        "e7e6": 4.072428954796743e-15,
        "c7c6": 6.012855844211086e-22,
        "d7d5": 2.057587824080831e-12,
        "g8f6": 7.24631390767172e-05,
        "g7g6": 1.4169929471322465e-16,
        "d7d6": 2.5226250531832847e-16
      },
      "other_mass": 1.6106754152644953e-08
    },
    "g1f3": {
      "fen_after_white": "rnbqkbnr/pppppppp/8/8/8/5N2/PPPPPPPP/RNBQKB1R b KQkq - 1 1",
      "black_reply_probs": {
        "c7c5": 2.847108763958067e-15,
        "e7e5": 0.9993834495544434,
        "e7e6": 2.20685858198517e-15,
        "c7c6": 4.796776019279472e-24,
        "d7d5": 1.2636995894155234e-09,
        "g8f6": 0.0006164921796880662,
        "g7g6": 1.9224052247811523e-15,
        "d7d6": 7.09740288509607e-16
      },
      "other_mass": 5.700216132442648e-08
    },
    "g2g3": {
      "fen_after_white": "rnbqkbnr/pppppppp/8/8/8/6P1/PPPPPP1P/RNBQKBNR b KQkq - 0 1",
      "black_reply_probs": {
        "c7c5": 3.0187184861047356e-16,
        "e7e5": 0.9999821186065674,
        "e7e6": 4.2489634323778663e-16,
        "c7c6": 1.6247343705191224e-24,
        "d7d5": 5.6312527557667025e-11,
        "g8f6": 1.793354567780625e-05,
        "g7g6": 6.369713819541634e-18,
        "d7d6": 2.119869191657215e-17
      },
      "other_mass": 0.0
    },
    "b2b3": {
      "fen_after_white": "rnbqkbnr/pppppppp/8/8/8/1P6/P1PPPPPP/RNBQKBNR b KQkq - 0 1",
      "black_reply_probs": {
        "c7c5": 8.26608927352177e-19,
        "e7e5": 0.9999961853027344,
        "e7e6": 2.1001636649710582e-16,
        "c7c6": 9.019320211443931e-27,
        "d7d5": 1.8823558163572063e-12,
        "g8f6": 3.855186605505878e-06,
        "g7g6": 1.0347102193571704e-17,
        "d7d6": 2.884981862337747e-19
      },
      "other_mass": 0.0
    },
    "f2f4": {
      "fen_after_white": "rnbqkbnr/pppppppp/8/8/5P2/8/PPPPP1PP/RNBQKBNR b KQkq - 0 1",
      "black_reply_probs": {
        "c7c5": 1.2486223848549968e-15,
        "e7e5": 0.9999910593032837,
        "e7e6": 2.84279435928958e-14,
        "c7c6": 1.5098927887979527e-24,
        "d7d5": 5.4070047050824854e-11,
        "g8f6": 8.960386367107276e-06,
        "g7g6": 1.3860679231205022e-17,
        "d7d6": 3.31268530709073e-17
      },
      "other_mass": 0.0
    },
    "b2b4": {
      "fen_after_white": "rnbqkbnr/pppppppp/8/8/1P6/8/P1PPPPPP/RNBQKBNR b KQkq - 0 1",
      "black_reply_probs": {
        "c7c5": 1.0740376737208763e-19,
        "e7e5": 0.9999892711639404,
        "e7e6": 4.462449087008248e-15,
        "c7c6": 9.889789547682034e-26,
        "d7d5": 5.137019715856228e-12,
        "g8f6": 1.0765886145236436e-05,
        "g7g6": 3.336026027871261e-17,
        "d7d6": 1.6774776145044623e-18
      },
      "other_mass": 0.0
    },
    "a2a4": {
      "fen_after_white": "rnbqkbnr/pppppppp/8/8/P7/8/1PPPPPPP/RNBQKBNR b KQkq - 0 1",
      "black_reply_probs": {
        "c7c5": 2.4555238641079626e-17,
        "e7e5": 0.9999837875366211,
        "e7e6": 3.2750685077287173e-16,
        "c7c6": 7.95624450710957e-25,
        "d7d5": 1.2559700675318641e-11,
        "g8f6": 1.620723014639225e-05,
        "g7g6": 1.1178526035871976e-18,
        "d7d6": 9.10668365368311e-18
      },
      "other_mass": 5.220672449901542e-09
    }
  },
  "meta": {
    "elo_self": 2800,
    "elo_oppo": 2800,
    "temperature": 1.0,
    "maia_type": "blitz",
    "white_moves_probed": [
      "e2e4",
      "d2d4",
      "c2c4",
      "g1f3",
      "g2g3",
      "b2b3",
      "f2f4",
      "b2b4",
      "a2a4"
    ],
    "black_replies_probed": [
      "c7c5",
      "e7e5",
      "e7e6",
      "c7c6",
      "d7d5",
      "g8f6",
      "g7g6",
      "d7d6"
    ]
  }
}