{
  "white_first_move_probs": {
    "e2e4": 0.13568370044231415,
    "d2d4": 0.0026661690790206194,
    "c2c4": 6.567744549101917e-06,
    "g1f3": 0.8607214093208313,
    "g2g3": 0.00012737898214254528,
    "b2b3": 1.5943614926072769e-06,
    "f2f4": 2.779983390155394e-07,
    "b2b4": 1.7845556143925023e-09,
    "a2a4": 2.5027388494969216e-10
  },
  "white_other_mass": 0.0007929000364811367,
  "black_reply_probs_cond_on_white": {
    "e2e4": {
      "fen_after_white": "rnbqkbnr/pppppppp/8/8/4P3/8/PPPP1PPP/RNBQKBNR b KQkq - 0 1",
      "black_reply_probs": {
        "c7c5": 0.004626960027962923,
        "e7e5": 0.8729205131530762,
        "e7e6": 0.06845945864915848,
        "c7c6": 0.00024024906451813877,
        "d7d5": 0.006584079936146736,
        "g8f6": 0.04668956622481346,
        "g7g6": 0.0003050524683203548,
        "d7d6": 5.7228848163504153e-05
      },
      "other_mass": 0.0001168916278402321
    },
    "d2d4": {
      "fen_after_white": "rnbqkbnr/pppppppp/8/8/3P4/8/PPP1PPPP/RNBQKBNR b KQkq - 0 1",
      "black_reply_probs": {
        "c7c5": 2.6677694222598802e-06,
        "e7e5": 0.0062504662200808525,
        "e7e6": 9.329585009254515e-05,
        "c7c6": 2.2293490928859683e-06,
        "d7d5": 0.022454848513007164,
        "g8f6": 0.9704473614692688,
        "g7g6": 0.0006117583834566176,
        "d7d6": 4.017266292066779e-06
      },
      "other_mass": 0.0001333551792868093
    },
    "c2c4": {
      "fen_after_white": "rnbqkbnr/pppppppp/8/8/2P5/8/PP1PPPPP/RNBQKBNR b KQkq - 0 1",
      "black_reply_probs": {
        "c7c5": 2.801484333758708e-05,
        "e7e5": 0.08372414857149124,
        "e7e6": 9.478180800215341e-06,
        "c7c6": 1.2232073913764907e-06,
        "d7d5": 0.0004136601637583226,
        "g8f6": 0.9157323241233826,
        "g7g6": 6.580102490261197e-05,
        "d7d6": 2.7004659841622924e-07
      },
      "other_mass": 2.5079838337660476e-05
    },
    "g1f3": {
      "fen_after_white": "rnbqkbnr/pppppppp/8/8/8/5N2/PPPPPPPP/RNBQKB1R b KQkq - 1 1",
      "black_reply_probs": {
        "c7c5": 6.427431344491197e-06,
        "e7e5": 0.01478468719869852,
        "e7e6": 9.467871677770745e-06,
        "c7c6": 7.545447715529008e-07,
        "d7d5": 0.003540901467204094,
        "g8f6": 0.9798986911773682,
        "g7g6": 0.0012029630597680807,
        "d7d6": 3.993412747149705e-07
      },
      "other_mass": 0.0005557079078926108
    },
    "g2g3": {
      "fen_after_white": "rnbqkbnr/pppppppp/8/8/8/6P1/PPPPPP1P/RNBQKBNR b KQkq - 0 1",
      "black_reply_probs": {
        "c7c5": 3.472149546723813e-05,
        "e7e5": 0.41547319293022156,
        "e7e6": 2.5449540771660395e-05,
        "c7c6": 3.1174336072581355e-06,
        "d7d5": 0.013518696650862694,
        "g8f6": 0.5701343417167664,
        "g7g6": 0.0007125003612600267,
        "d7d6": 2.786427160117455e-07
      },
      "other_mass": 9.770122832719608e-05
    },
    "b2b3": {
      "fen_after_white": "rnbqkbnr/pppppppp/8/8/8/1P6/P1PPPPPP/RNBQKBNR b KQkq - 0 1",
      "black_reply_probs": {
        "c7c5": 1.5228638403641526e-06,
        "e7e5": 0.24877433478832245,
        "e7e6": 4.212538624415174e-05,
        "c7c6": 4.4952793132324587e-07,
        "d7d5": 0.0034498434979468584,
        "g8f6": 0.7447243928909302,
        "g7g6": 0.0021732302848249674,
        "d7d6": 1.1134631705544962e-07
      },
      "other_mass": 0.0008339894136426551
    },
    "f2f4": {
      "fen_after_white": "rnbqkbnr/pppppppp/8/8/5P2/8/PPPPP1PP/RNBQKBNR b KQkq - 0 1",
      "black_reply_probs": {
        "c7c5": 3.345551522215828e-05,
        "e7e5": 0.17534379661083221,
        "e7e6": 0.0002405509731033817,
        "c7c6": 2.1569699129031505e-06,
        "d7d5": 0.021572252735495567,
        "g8f6": 0.802441418170929,
        "g7g6": 0.00030858503305353224,
        "d7d6": 5.467098844746943e-07
      },
      "other_mass": 5.723728156681318e-05
    },
    "b2b4": {
      "fen_after_white": "rnbqkbnr/pppppppp/8/8/1P6/8/P1PPPPPP/RNBQKBNR b KQkq - 0 1",
      "black_reply_probs": {
        "c7c5": 2.3375424973437475e-07,
        "e7e5": 0.5213463306427002,
        "e7e6": 0.00028818738064728677,
        "c7c6": 1.8566591961644008e-06,
        "d7d5": 0.006622320506721735,
        "g8f6": 0.46561285853385925,
        "g7g6": 0.006121608894318342,
        "d7d6": 3.659425260593707e-07
      },
      "other_mass": 6.237685781229629e-06
    },
    "a2a4": {
      "fen_after_white": "rnbqkbnr/pppppppp/8/8/P7/8/1PPPPPPP/RNBQKBNR b KQkq - 0 1",
      "black_reply_probs": {
        "c7c5": 1.3276442587084603e-05,
        "e7e5": 0.2754116952419281,
        "e7e6": 2.734740701271221e-05,
        "c7c6": 5.212584255787078e-06,
        "d7d5": 0.012030164711177349,
        "g8f6": 0.7121039628982544,
        "g7g6": 0.00016140889783855528,
        "d7d6": 9.517413559478882e-07
      },
      "other_mass": 0.00024598007559006874
    }
  },
  "meta": {
    "elo_self": 2800,
    "elo_oppo": 2800,
    "temperature": 1.0,
    "maia_type": "blitz",
    "white_moves_probed": [
      "e2e4",
      "d2d4",
      "c2c4",
      "g1f3",
      "g2g3",
      "b2b3",
      "f2f4",
      "b2b4",
      "a2a4"
    ],
    "black_replies_probed": [
      "c7c5",
      "e7e5",
      "e7e6",
      "c7c6",
      "d7d5",
      "g8f6",
      "g7g6",
      "d7d6"
    ]
  }
}