{
  "white_first_move_probs": {
    "e2e4": 0.7120452523231506,
    "d2d4": 0.018629832193255424,
    "c2c4": 0.002415789756923914,
    "g1f3": 0.26260364055633545,
    "g2g3": 0.0003368941543158144,
    "b2b3": 7.821241160854697e-05,
    "f2f4": 8.491431071888655e-05,
    "b2b4": 2.6960990453517297e-06,
    "a2a4": 1.1224412901356118e-06
  },
  "white_other_mass": 0.0038016457533558423,
  "black_reply_probs_cond_on_white": {
    "e2e4": {
      "fen_after_white": "rnbqkbnr/pppppppp/8/8/4P3/8/PPPP1PPP/RNBQKBNR b KQkq - 0 1",
      "black_reply_probs": {
        "c7c5": 0.14599326252937317,
        "e7e5": 0.5051817297935486,
        "e7e6": 0.0868152379989624,
        "c7c6": 0.004139065742492676,
        "d7d5": 0.07876541465520859,
        "g8f6": 0.14163032174110413,
        "g7g6": 0.004647893365472555,
        "d7d6": 0.011410694569349289
      },
      "other_mass": 0.02141637960448861
    },
    "d2d4": {
      "fen_after_white": "rnbqkbnr/pppppppp/8/8/3P4/8/PPP1PPPP/RNBQKBNR b KQkq - 0 1",
      "black_reply_probs": {
        "c7c5": 0.002770188031718135,
        "e7e5": 0.02858506143093109,
        "e7e6": 0.012686878442764282,
        "c7c6": 0.00016264086298178881,
        "d7d5": 0.0844721868634224,
        "g8f6": 0.8556647896766663,
        "g7g6": 0.0037856288254261017,
        "d7d6": 0.009879326447844505
      },
      "other_mass": 0.001993299418245442
    },
    "c2c4": {
      "fen_after_white": "rnbqkbnr/pppppppp/8/8/2P5/8/PP1PPPPP/RNBQKBNR b KQkq - 0 1",
      "black_reply_probs": {
        "c7c5": 0.010494964197278023,
        "e7e5": 0.5641575455665588,
        "e7e6": 0.003289048094302416,
        "c7c6": 0.00021359496167860925,
        "d7d5": 0.0109065230935812,
        "g8f6": 0.3988567590713501,
        "g7g6": 0.0027448178734630346,
        "d7d6": 0.0038192945066839457
      },
      "other_mass": 0.005517452635103837
    },
    "g1f3": {
      "fen_after_white": "rnbqkbnr/pppppppp/8/8/8/5N2/PPPPPPPP/RNBQKB1R b KQkq - 1 1",
      "black_reply_probs": {
        "c7c5": 0.00596017949283123,
        "e7e5": 0.07628528028726578,
        "e7e6": 0.0022552215959876776,
        "c7c6": 5.3783627663506195e-05,
        "d7d5": 0.04651011526584625,
        "g8f6": 0.8556596040725708,
        "g7g6": 0.0036207311786711216,
        "d7d6": 0.0034919995814561844
      },
      "other_mass": 0.006163084897707449
    },
    "g2g3": {
      "fen_after_white": "rnbqkbnr/pppppppp/8/8/8/6P1/PPPPPP1P/RNBQKBNR b KQkq - 0 1",
      "black_reply_probs": {
        "c7c5": 0.012884501367807388,
        "e7e5": 0.6685941219329834,
        "e7e6": 0.002966152271255851,
        "c7c6": 0.0002365096879657358,
        "d7d5": 0.07788941264152527,
        "g8f6": 0.22604823112487793,
        "g7g6": 0.002395655494183302,
        "d7d6": 0.0028178123757243156
      },
      "other_mass": 0.006167603103676811
    },
    "b2b3": {
      "fen_after_white": "rnbqkbnr/pppppppp/8/8/8/1P6/P1PPPPPP/RNBQKBNR b KQkq - 0 1",
      "black_reply_probs": {
        "c7c5": 0.0035344851203262806,
        "e7e5": 0.7980680465698242,
        "e7e6": 0.008834035135805607,
        "c7c6": 0.00013460508489515632,
        "d7d5": 0.043552909046411514,
        "g8f6": 0.13398988544940948,
        "g7g6": 0.006502667907625437,
        "d7d6": 0.0024731976445764303
      },
      "other_mass": 0.0029101680411258712
    },
    "f2f4": {
      "fen_after_white": "rnbqkbnr/pppppppp/8/8/5P2/8/PPPPP1PP/RNBQKBNR b KQkq - 0 1",
      "black_reply_probs": {
        "c7c5": 0.028870807960629463,
        "e7e5": 0.6344283223152161,
        "e7e6": 0.03315725550055504,
        "c7c6": 0.0004992049653083086,
        "d7d5": 0.11369162797927856,
        "g8f6": 0.17057470977306366,
        "g7g6": 0.004041461274027824,
        "d7d6": 0.009020579047501087
      },
      "other_mass": 0.00571603118441999
    },
    "b2b4": {
      "fen_after_white": "rnbqkbnr/pppppppp/8/8/1P6/8/P1PPPPPP/RNBQKBNR b KQkq - 0 1",
      "black_reply_probs": {
        "c7c5": 0.0007885564118623734,
        "e7e5": 0.8432512879371643,
        "e7e6": 0.01569989323616028,
        "c7c6": 0.0002865565475076437,
        "d7d5": 0.05286186933517456,
        "g8f6": 0.061145417392253876,
        "g7g6": 0.016123296692967415,
        "d7d6": 0.0045371754094958305
      },
      "other_mass": 0.005305947037413716
    },
    "a2a4": {
      "fen_after_white": "rnbqkbnr/pppppppp/8/8/P7/8/1PPPPPPP/RNBQKBNR b KQkq - 0 1",
      "black_reply_probs": {
        "c7c5": 0.004451391287147999,
        "e7e5": 0.6998782753944397,
        "e7e6": 0.002749837003648281,
        "c7c6": 0.0001769315276760608,
        "d7d5": 0.051916155964136124,
        "g8f6": 0.2333618402481079,
        "g7g6": 0.0011933331843465567,
        "d7d6": 0.003332129679620266
      },
      "other_mass": 0.0029401057108771056
    }
  },
  "meta": {
    "elo_self": 2800,
    "elo_oppo": 2800,
    "temperature": 1.0,
    "maia_type": "blitz",
    "white_moves_probed": [
      "e2e4",
      "d2d4",
      "c2c4",
      "g1f3",
      "g2g3",
      "b2b3",
      "f2f4",
      "b2b4",
      "a2a4"
    ],
    "black_replies_probed": [
      "c7c5",
      "e7e5",
      "e7e6",
      "c7c6",
      "d7d5",
      "g8f6",
      "g7g6",
      "d7d6"
    ]
  }
}