{
  "white_first_move_probs": {
    "e2e4": 0.9908863306045532,
    "d2d4": 2.7237081212660996e-07,
    "c2c4": 4.230936434534982e-10,
    "g1f3": 0.009111450985074043,
    "g2g3": 6.954604669928699e-10,
    "b2b3": 1.189237239501012e-13,
    "f2f4": 7.752601512145407e-12,
    "b2b4": 2.9861157220967965e-14,
    "a2a4": 1.4721799891471713e-17
  },
  "white_other_mass": 1.944913105123014e-06,
  "black_reply_probs_cond_on_white": {
    "e2e4": {
      "fen_after_white": "rnbqkbnr/pppppppp/8/8/4P3/8/PPPP1PPP/RNBQKBNR b KQkq - 0 1",
      "black_reply_probs": {
        "c7c5": 2.7926207124551183e-08,
        "e7e5": 0.9909047484397888,
        "e7e6": 4.405425002573793e-08,
        "c7c6": 2.2839691834856957e-13,
        "d7d5": 4.4459028458732064e-07,
        "g8f6": 0.009094675071537495,
        "g7g6": 1.4263248360180114e-09,
        "d7d6": 7.816118585690646e-11
      },
      "other_mass": 5.841321759625373e-08
    },
    "d2d4": {
      "fen_after_white": "rnbqkbnr/pppppppp/8/8/3P4/8/PPP1PPPP/RNBQKBNR b KQkq - 0 1",
      "black_reply_probs": {
        "c7c5": 6.061069424134757e-10,
        "e7e5": 0.9586688280105591,
        "e7e6": 4.751106175149289e-09,
        "c7c6": 5.044110423536039e-15,
        "d7d5": 6.676543762296205e-06,
        "g8f6": 0.04132329672574997,
        "g7g6": 8.34368574231803e-09,
        "d7d6": 4.289596733375589e-10
      },
      "other_mass": 1.1845900651508146e-06
    },
    "c2c4": {
      "fen_after_white": "rnbqkbnr/pppppppp/8/8/2P5/8/PP1PPPPP/RNBQKBNR b KQkq - 0 1",
      "black_reply_probs": {
        "c7c5": 5.013503390216556e-09,
        "e7e5": 0.9632095098495483,
        "e7e6": 2.7785276301983686e-09,
        "c7c6": 1.0847755799094777e-13,
        "d7d5": 5.198835992814566e-07,
        "g8f6": 0.036789074540138245,
        "g7g6": 2.0006649670278875e-09,
        "d7d6": 2.1994588095264334e-10
      },
      "other_mass": 8.857139638385192e-07
    },
    "g1f3": {
      "fen_after_white": "rnbqkbnr/pppppppp/8/8/8/5N2/PPPPPPPP/RNBQKB1R b KQkq - 1 1",
      "black_reply_probs": {
        "c7c5": 1.4356389410608017e-09,
        "e7e5": 0.9512922167778015,
        "e7e6": 1.4166471329346564e-09,
        "c7c6": 6.856401365174132e-15,
        "d7d5": 6.542581445501128e-07,
        "g8f6": 0.04870227724313736,
        "g7g6": 2.1650798487371503e-08,
        "d7d6": 1.0085575430363036e-10
      },
      "other_mass": 4.827116969363665e-06
    },
    "g2g3": {
      "fen_after_white": "rnbqkbnr/pppppppp/8/8/8/6P1/PPPPPP1P/RNBQKBNR b KQkq - 0 1",
      "black_reply_probs": {
        "c7c5": 9.529259603624496e-10,
        "e7e5": 0.9906355738639832,
        "e7e6": 4.3718006992321534e-10,
        "c7c6": 1.3658071696461428e-14,
        "d7d5": 6.840558626208804e-07,
        "g8f6": 0.009362731128931046,
        "g7g6": 1.6493214571866588e-09,
        "d7d6": 3.684598459674504e-11
      },
      "other_mass": 1.007874936065356e-06
    },
    "b2b3": {
      "fen_after_white": "rnbqkbnr/pppppppp/8/8/8/1P6/P1PPPPPP/RNBQKBNR b KQkq - 0 1",
      "black_reply_probs": {
        "c7c5": 8.885821765891588e-12,
        "e7e5": 0.9948686361312866,
        "e7e6": 1.8233470289175102e-10,
        "c7c6": 7.208178912729171e-17,
        "d7d5": 6.192629342649525e-08,
        "g8f6": 0.0051298500038683414,
        "g7g6": 1.6857327755914753e-09,
        "d7d6": 2.004891912210649e-12
      },
      "other_mass": 1.4500595933997218e-06
    },
    "f2f4": {
      "fen_after_white": "rnbqkbnr/pppppppp/8/8/5P2/8/PPPPP1PP/RNBQKBNR b KQkq - 0 1",
      "black_reply_probs": {
        "c7c5": 1.0526403082522506e-09,
        "e7e5": 0.9803575873374939,
        "e7e6": 5.1114379395755805e-09,
        "c7c6": 1.1499648787740863e-14,
        "d7d5": 1.9133296973450342e-06,
        "g8f6": 0.019639216363430023,
        "g7g6": 1.2892988898727253e-09,
        "d7d6": 1.1501733593322072e-10
      },
      "other_mass": 1.2754009727222737e-06
    },
    "b2b4": {
      "fen_after_white": "rnbqkbnr/pppppppp/8/8/1P6/8/P1PPPPPP/RNBQKBNR b KQkq - 0 1",
      "black_reply_probs": {
        "c7c5": 3.191406557426224e-12,
        "e7e5": 0.9937944412231445,
        "e7e6": 9.226709951626333e-10,
        "c7c6": 1.4133444850608466e-16,
        "d7d5": 1.0297410568682608e-07,
        "g8f6": 0.006205042824149132,
        "g7g6": 7.936176160683317e-10,
        "d7d6": 1.961318043738891e-12
      },
      "other_mass": 4.112571591052827e-07
    },
    "a2a4": {
      "fen_after_white": "rnbqkbnr/pppppppp/8/8/P7/8/1PPPPPPP/RNBQKBNR b KQkq - 0 1",
      "black_reply_probs": {
        "c7c5": 1.880447603186397e-10,
        "e7e5": 0.9857171773910522,
        "e7e6": 6.391976392627896e-10,
        "c7c6": 8.11107654159109e-15,
        "d7d5": 7.823622354408144e-07,
        "g8f6": 0.014281022362411022,
        "g7g6": 3.588316865865693e-10,
        "d7d6": 3.9490521963614356e-11
      },
      "other_mass": 1.0166587284254902e-06
    }
  },
  "meta": {
    "elo_self": 2800,
    "elo_oppo": 2800,
    "temperature": 1.0,
    "maia_type": "blitz",
    "white_moves_probed": [
      "e2e4",
      "d2d4",
      "c2c4",
      "g1f3",
      "g2g3",
      "b2b3",
      "f2f4",
      "b2b4",
      "a2a4"
    ],
    "black_replies_probed": [
      "c7c5",
      "e7e5",
      "e7e6",
      "c7c6",
      "d7d5",
      "g8f6",
      "g7g6",
      "d7d6"
    ]
  }
}