{
  "white_first_move_probs": {
    "e2e4": 0.7893280386924744,
    "d2d4": 0.019786842167377472,
    "c2c4": 0.0036548192147165537,
    "g1f3": 0.18358613550662994,
    "g2g3": 0.0002020087995333597,
    "b2b3": 8.165699546225369e-05,
    "f2f4": 5.388665886130184e-05,
    "b2b4": 5.553437858907273e-06,
    "a2a4": 9.095385394175537e-06
  },
  "white_other_mass": 0.0032919631416916673,
  "black_reply_probs_cond_on_white": {
    "e2e4": {
      "fen_after_white": "rnbqkbnr/pppppppp/8/8/4P3/8/PPPP1PPP/RNBQKBNR b KQkq - 0 1",
      "black_reply_probs": {
        "c7c5": 0.20615309476852417,
        "e7e5": 0.47064822912216187,
        "e7e6": 0.0714612677693367,
        "c7c6": 0.005693203769624233,
        "d7d5": 0.0752020925283432,
        "g8f6": 0.12518863379955292,
        "g7g6": 0.005045250523835421,
        "d7d6": 0.010912290774285793
      },
      "other_mass": 0.0296959369443357
    },
    "d2d4": {
      "fen_after_white": "rnbqkbnr/pppppppp/8/8/3P4/8/PPP1PPPP/RNBQKBNR b KQkq - 0 1",
      "black_reply_probs": {
        "c7c5": 0.007510937750339508,
        "e7e5": 0.04082502797245979,
        "e7e6": 0.01596747152507305,
        "c7c6": 0.00032150206970982254,
        "d7d5": 0.10887245088815689,
        "g8f6": 0.8072936534881592,
        "g7g6": 0.004026857670396566,
        "d7d6": 0.011280566453933716
      },
      "other_mass": 0.003901532181771472
    },
    "c2c4": {
      "fen_after_white": "rnbqkbnr/pppppppp/8/8/2P5/8/PP1PPPPP/RNBQKBNR b KQkq - 0 1",
      "black_reply_probs": {
        "c7c5": 0.010040761902928352,
        "e7e5": 0.6385840177536011,
        "e7e6": 0.00283047161065042,
        "c7c6": 0.0002771684667095542,
        "d7d5": 0.012160727754235268,
        "g8f6": 0.324934184551239,
        "g7g6": 0.0016596789937466383,
        "d7d6": 0.002995184389874339
      },
      "other_mass": 0.00651780457701534
    },
    "g1f3": {
      "fen_after_white": "rnbqkbnr/pppppppp/8/8/8/5N2/PPPPPPPP/RNBQKB1R b KQkq - 1 1",
      "black_reply_probs": {
        "c7c5": 0.015777023509144783,
        "e7e5": 0.08419489115476608,
        "e7e6": 0.0034619434736669064,
        "c7c6": 0.00013984201359562576,
        "d7d5": 0.07715414464473724,
        "g8f6": 0.7995094060897827,
        "g7g6": 0.003275470808148384,
        "d7d6": 0.00399819714948535
      },
      "other_mass": 0.01248908115667291
    },
    "g2g3": {
      "fen_after_white": "rnbqkbnr/pppppppp/8/8/8/6P1/PPPPPP1P/RNBQKBNR b KQkq - 0 1",
      "black_reply_probs": {
        "c7c5": 0.019740937277674675,
        "e7e5": 0.6448014974594116,
        "e7e6": 0.0032664048485457897,
        "c7c6": 0.00040153044392354786,
        "d7d5": 0.08354698121547699,
        "g8f6": 0.23436874151229858,
        "g7g6": 0.0022290395572781563,
        "d7d6": 0.0026863154489547014
      },
      "other_mass": 0.008958552236435935
    },
    "b2b3": {
      "fen_after_white": "rnbqkbnr/pppppppp/8/8/8/1P6/P1PPPPPP/RNBQKBNR b KQkq - 0 1",
      "black_reply_probs": {
        "c7c5": 0.006322783417999744,
        "e7e5": 0.79107266664505,
        "e7e6": 0.008535802364349365,
        "c7c6": 0.00022789572540204972,
        "d7d5": 0.04682556539773941,
        "g8f6": 0.1360919028520584,
        "g7g6": 0.004460235591977835,
        "d7d6": 0.002216899301856756
      },
      "other_mass": 0.00424624870356638
    },
    "f2f4": {
      "fen_after_white": "rnbqkbnr/pppppppp/8/8/5P2/8/PPPPP1PP/RNBQKBNR b KQkq - 0 1",
      "black_reply_probs": {
        "c7c5": 0.05093752220273018,
        "e7e5": 0.5736157894134521,
        "e7e6": 0.029063623398542404,
        "c7c6": 0.000886574387550354,
        "d7d5": 0.11131390929222107,
        "g8f6": 0.21163837611675262,
        "g7g6": 0.003779004793614149,
        "d7d6": 0.00984519999474287
      },
      "other_mass": 0.008920000400394201
    },
    "b2b4": {
      "fen_after_white": "rnbqkbnr/pppppppp/8/8/1P6/8/P1PPPPPP/RNBQKBNR b KQkq - 0 1",
      "black_reply_probs": {
        "c7c5": 0.0018831937341019511,
        "e7e5": 0.8117421269416809,
        "e7e6": 0.017132706940174103,
        "c7c6": 0.0005729646654799581,
        "d7d5": 0.05221930146217346,
        "g8f6": 0.08710494637489319,
        "g7g6": 0.012792374938726425,
        "d7d6": 0.005436468869447708
      },
      "other_mass": 0.011115916073322296
    },
    "a2a4": {
      "fen_after_white": "rnbqkbnr/pppppppp/8/8/P7/8/1PPPPPPP/RNBQKBNR b KQkq - 0 1",
      "black_reply_probs": {
        "c7c5": 0.00616238871589303,
        "e7e5": 0.72010737657547,
        "e7e6": 0.0024354306515306234,
        "c7c6": 0.0003078178269788623,
        "d7d5": 0.04847940802574158,
        "g8f6": 0.21538153290748596,
        "g7g6": 0.0008064315770752728,
        "d7d6": 0.002599327825009823
      },
      "other_mass": 0.0037202858948148787
    }
  },
  "meta": {
    "elo_self": 2800,
    "elo_oppo": 2800,
    "temperature": 1.0,
    "maia_type": "blitz",
    "white_moves_probed": [
      "e2e4",
      "d2d4",
      "c2c4",
      "g1f3",
      "g2g3",
      "b2b3",
      "f2f4",
      "b2b4",
      "a2a4"
    ],
    "black_replies_probed": [
      "c7c5",
      "e7e5",
      "e7e6",
      "c7c6",
      "d7d5",
      "g8f6",
      "g7g6",
      "d7d6"
    ]
  }
}