{"loss": 1.8134236016538063, "mean_logp_gap_policy_chosen_rejected": 1.6194408209133222, "mean_logp_gap_base_chosen_rejected": 1.7405006820629525, "mean_gap_improvement": -0.12105987008489275, "top1_accuracy_on_chosen_policy": 0.3920291743339987, "top1_accuracy_on_chosen_base": 0.37613961982460004, "mean_p_chosen_policy": 0.2847005286450248, "mean_p_chosen_base": 0.29145635624483374, "mean_kl": 0.12180669253483885, "mean_ent_pi": 1.6648169066266922, "mean_ent_ref": 1.4950766142037548, "top1_precision": 0.3920291742641313, "top1_recall": 0.3920291742641313, "top1_f1": 0.39202917426413136, "top3_precision": 0.7212815837457671, "top3_recall": 0.7212815837457671, "top3_f1": 0.7212815837457671, "top5_precision": 0.849700442823652, "top5_recall": 0.849700442823652, "top5_f1": 0.849700442823652, "top10_precision": 0.9684813753581661, "top10_recall": 0.9684813753581661, "top10_f1": 0.9684813753581661, "mean_logp_gap_policy_chosen_rejected_cond_on_not_in_top_ten": 0.5462980273265193, "mean_logp_gap_base_chosen_rejected_cond_on_not_in_top_ten": 0.42713115756638387, "mean_gap_improvement_cond_on_not_in_top_ten": 0.11916686860835494, "top1_accuracy_on_chosen_policy_cond_on_not_in_top_ten": 0.1642512077294686, "top1_accuracy_on_chosen_base_cond_on_not_in_top_ten": 0.15942028985507245, "mean_p_chosen_policy_cond_on_not_in_top_ten": 0.1266096704875348, "mean_p_chosen_base_cond_on_not_in_top_ten": 0.13137424049491178, "mean_kl_cond_on_not_in_top_ten": 0.18752147917802206, "mean_ent_pi_cond_on_not_in_top_ten": 2.0074351756757007, "mean_ent_ref_cond_on_not_in_top_ten": 1.785375822281492, "top1_precision_cond_on_not_in_top_ten": 0.1642512077294686, "top1_recall_cond_on_not_in_top_ten": 0.1642512077294686, "top1_f1_cond_on_not_in_top_ten": 0.1642512077294686, "top3_precision_cond_on_not_in_top_ten": 0.38164251207729466, "top3_recall_cond_on_not_in_top_ten": 0.38164251207729466, "top3_f1_cond_on_not_in_top_ten": 0.38164251207729466, "top5_precision_cond_on_not_in_top_ten": 0.6135265700483091, "top5_recall_cond_on_not_in_top_ten": 0.6135265700483091, "top5_f1_cond_on_not_in_top_ten": 0.6135265700483091, "top10_precision_cond_on_not_in_top_ten": 0.8792270531400966, "top10_recall_cond_on_not_in_top_ten": 0.8792270531400966, "top10_f1_cond_on_not_in_top_ten": 0.8792270531400966, "mean_logp_gap_policy_chosen_rejected_cond_on_in_top_ten": 1.680602875591506, "mean_logp_gap_base_chosen_rejected_cond_on_in_top_ten": 1.815354083734462, "mean_gap_improvement_cond_on_in_top_ten": -0.13475120802807913, "top1_accuracy_on_chosen_policy_cond_on_in_top_ten": 0.40501101321585903, "top1_accuracy_on_chosen_base_cond_on_in_top_ten": 0.38849118942731276, "mean_p_chosen_policy_cond_on_in_top_ten": 0.2937106634449525, "mean_p_chosen_base_cond_on_in_top_ten": 0.30057997608914555, "mean_kl_cond_on_in_top_ten": 0.11806138263512363, "mean_ent_pi_cond_on_in_top_ten": 1.645289940679536, "mean_ent_ref_cond_on_in_top_ten": 1.4785314769861555, "top1_precision_cond_on_in_top_ten": 0.40501101321585903, "top1_recall_cond_on_in_top_ten": 0.40501101321585903, "top1_f1_cond_on_in_top_ten": 0.405011013215859, "top3_precision_cond_on_in_top_ten": 0.7406387665198237, "top3_recall_cond_on_in_top_ten": 0.7406387665198237, "top3_f1_cond_on_in_top_ten": 0.7406387665198237, "top5_precision_cond_on_in_top_ten": 0.8631607929515418, "top5_recall_cond_on_in_top_ten": 0.8631607929515418, "top5_f1_cond_on_in_top_ten": 0.8631607929515418, "top10_precision_cond_on_in_top_ten": 0.973568281938326, "top10_recall_cond_on_in_top_ten": 0.973568281938326, "top10_f1_cond_on_in_top_ten": 0.9735682819383261}