{"loss": 1.893864133017049, "mean_logp_gap_policy_chosen_rejected": 1.6888249868152974, "mean_logp_gap_base_chosen_rejected": 1.7405006820629525, "mean_gap_improvement": -0.0516756990825984, "top1_accuracy_on_chosen_policy": 0.39020578282579343, "top1_accuracy_on_chosen_base": 0.37613961982460004, "mean_p_chosen_policy": 0.2892219001394785, "mean_p_chosen_base": 0.29145635624483374, "mean_kl": 0.1212763946700388, "mean_ent_pi": 1.621837226603608, "mean_ent_ref": 1.4950766142037548, "top1_precision": 0.39020578275592605, "top1_recall": 0.39020578275592605, "top1_f1": 0.39020578275592605, "top3_precision": 0.7220630372492837, "top3_recall": 0.7220630372492837, "top3_f1": 0.7220630372492837, "top5_precision": 0.8528262568377182, "top5_recall": 0.8528262568377182, "top5_f1": 0.8528262568377182, "top10_precision": 0.9684813753581661, "top10_recall": 0.9684813753581661, "top10_f1": 0.9684813753581661, "mean_logp_gap_policy_chosen_rejected_cond_on_not_in_top_ten": 0.618493768615999, "mean_logp_gap_base_chosen_rejected_cond_on_not_in_top_ten": 0.42713115756638387, "mean_gap_improvement_cond_on_not_in_top_ten": 0.19136260989783466, "top1_accuracy_on_chosen_policy_cond_on_not_in_top_ten": 0.15458937198067632, "top1_accuracy_on_chosen_base_cond_on_not_in_top_ten": 0.15942028985507245, "mean_p_chosen_policy_cond_on_not_in_top_ten": 0.13243120837387104, "mean_p_chosen_base_cond_on_not_in_top_ten": 0.13137424049491178, "mean_kl_cond_on_not_in_top_ten": 0.20260569314890797, "mean_ent_pi_cond_on_not_in_top_ten": 1.9645584712281896, "mean_ent_ref_cond_on_not_in_top_ten": 1.785375822281492, "top1_precision_cond_on_not_in_top_ten": 0.15458937198067632, "top1_recall_cond_on_not_in_top_ten": 0.15458937198067632, "top1_f1_cond_on_not_in_top_ten": 0.15458937198067632, "top3_precision_cond_on_not_in_top_ten": 0.4106280193236715, "top3_recall_cond_on_not_in_top_ten": 0.4106280193236715, "top3_f1_cond_on_not_in_top_ten": 0.41062801932367143, "top5_precision_cond_on_not_in_top_ten": 0.6038647342995169, "top5_recall_cond_on_not_in_top_ten": 0.6038647342995169, "top5_f1_cond_on_not_in_top_ten": 0.6038647342995169, "top10_precision_cond_on_not_in_top_ten": 0.8743961352657005, "top10_recall_cond_on_not_in_top_ten": 0.8743961352657005, "top10_f1_cond_on_not_in_top_ten": 0.8743961352657004, "mean_logp_gap_policy_chosen_rejected_cond_on_in_top_ten": 1.749826806814857, "mean_logp_gap_base_chosen_rejected_cond_on_in_top_ten": 1.815354083734462, "mean_gap_improvement_cond_on_in_top_ten": -0.06552727631239902, "top1_accuracy_on_chosen_policy_cond_on_in_top_ten": 0.4036343612334802, "top1_accuracy_on_chosen_base_cond_on_in_top_ten": 0.38849118942731276, "mean_p_chosen_policy_cond_on_in_top_ten": 0.29815793296975923, "mean_p_chosen_base_cond_on_in_top_ten": 0.30057997608914555, "mean_kl_cond_on_in_top_ten": 0.11664116082852061, "mean_ent_pi_cond_on_in_top_ten": 1.6023043801880847, "mean_ent_ref_cond_on_in_top_ten": 1.4785314769861555, "top1_precision_cond_on_in_top_ten": 0.4036343612334802, "top1_recall_cond_on_in_top_ten": 0.4036343612334802, "top1_f1_cond_on_in_top_ten": 0.4036343612334802, "top3_precision_cond_on_in_top_ten": 0.7398127753303965, "top3_recall_cond_on_in_top_ten": 0.7398127753303965, "top3_f1_cond_on_in_top_ten": 0.7398127753303965, "top5_precision_cond_on_in_top_ten": 0.8670154185022027, "top5_recall_cond_on_in_top_ten": 0.8670154185022027, "top5_f1_cond_on_in_top_ten": 0.8670154185022027, "top10_precision_cond_on_in_top_ten": 0.9738436123348018, "top10_recall_cond_on_in_top_ten": 0.9738436123348018, "top10_f1_cond_on_in_top_ten": 0.9738436123348017}