{"loss": 1.8891750698320628, "mean_logp_gap_policy_chosen_rejected": 1.6936183855787608, "mean_logp_gap_base_chosen_rejected": 1.7405006820629525, "mean_gap_improvement": -0.04688231329894308, "top1_accuracy_on_chosen_policy": 0.3904662673269656, "top1_accuracy_on_chosen_base": 0.37613961982460004, "mean_p_chosen_policy": 0.2895293550725466, "mean_p_chosen_base": 0.29145635624483374, "mean_kl": 0.12241739889363754, "mean_ent_pi": 1.622686537580895, "mean_ent_ref": 1.4950766142037548, "top1_precision": 0.3904662672570982, "top1_recall": 0.3904662672570982, "top1_f1": 0.39046626725709815, "top3_precision": 0.7277936962750716, "top3_recall": 0.7277936962750716, "top3_f1": 0.7277936962750716, "top5_precision": 0.8528262568377182, "top5_recall": 0.8528262568377182, "top5_f1": 0.8528262568377182, "top10_precision": 0.9679604063558218, "top10_recall": 0.9679604063558218, "top10_f1": 0.9679604063558218, "mean_logp_gap_policy_chosen_rejected_cond_on_not_in_top_ten": 0.6042645190648986, "mean_logp_gap_base_chosen_rejected_cond_on_not_in_top_ten": 0.42713115756638387, "mean_gap_improvement_cond_on_not_in_top_ten": 0.17713336092262452, "top1_accuracy_on_chosen_policy_cond_on_not_in_top_ten": 0.1642512077294686, "top1_accuracy_on_chosen_base_cond_on_not_in_top_ten": 0.15942028985507245, "mean_p_chosen_policy_cond_on_not_in_top_ten": 0.12883828831895633, "mean_p_chosen_base_cond_on_not_in_top_ten": 0.13137424049491178, "mean_kl_cond_on_not_in_top_ten": 0.20161296051121563, "mean_ent_pi_cond_on_not_in_top_ten": 1.9674395594907843, "mean_ent_ref_cond_on_not_in_top_ten": 1.785375822281492, "top1_precision_cond_on_not_in_top_ten": 0.1642512077294686, "top1_recall_cond_on_not_in_top_ten": 0.1642512077294686, "top1_f1_cond_on_not_in_top_ten": 0.1642512077294686, "top3_precision_cond_on_not_in_top_ten": 0.42028985507246375, "top3_recall_cond_on_not_in_top_ten": 0.42028985507246375, "top3_f1_cond_on_not_in_top_ten": 0.42028985507246375, "top5_precision_cond_on_not_in_top_ten": 0.5942028985507246, "top5_recall_cond_on_not_in_top_ten": 0.5942028985507246, "top5_f1_cond_on_not_in_top_ten": 0.5942028985507246, "top10_precision_cond_on_not_in_top_ten": 0.8792270531400966, "top10_recall_cond_on_not_in_top_ten": 0.8792270531400966, "top10_f1_cond_on_not_in_top_ten": 0.8792270531400966, "mean_logp_gap_policy_chosen_rejected_cond_on_in_top_ten": 1.7557043593524573, "mean_logp_gap_base_chosen_rejected_cond_on_in_top_ten": 1.815354083734462, "mean_gap_improvement_cond_on_in_top_ten": -0.05964972357786699, "top1_accuracy_on_chosen_policy_cond_on_in_top_ten": 0.4033590308370044, "top1_accuracy_on_chosen_base_cond_on_in_top_ten": 0.38849118942731276, "mean_p_chosen_policy_cond_on_in_top_ten": 0.29868768541833796, "mean_p_chosen_base_cond_on_in_top_ten": 0.30057997608914555, "mean_kl_cond_on_in_top_ten": 0.1179037751602752, "mean_ent_pi_cond_on_in_top_ten": 1.603037874932331, "mean_ent_ref_cond_on_in_top_ten": 1.4785314769861555, "top1_precision_cond_on_in_top_ten": 0.4033590308370044, "top1_recall_cond_on_in_top_ten": 0.4033590308370044, "top1_f1_cond_on_in_top_ten": 0.4033590308370044, "top3_precision_cond_on_in_top_ten": 0.7453193832599119, "top3_recall_cond_on_in_top_ten": 0.7453193832599119, "top3_f1_cond_on_in_top_ten": 0.745319383259912, "top5_precision_cond_on_in_top_ten": 0.8675660792951542, "top5_recall_cond_on_in_top_ten": 0.8675660792951542, "top5_f1_cond_on_in_top_ten": 0.8675660792951542, "top10_precision_cond_on_in_top_ten": 0.9730176211453745, "top10_recall_cond_on_in_top_ten": 0.9730176211453745, "top10_f1_cond_on_in_top_ten": 0.9730176211453745}