{"loss": 2.122504308590761, "mean_logp_gap_policy_chosen_rejected": 1.8645572119561544, "mean_logp_gap_base_chosen_rejected": 1.7405006820629525, "mean_gap_improvement": 0.12405649118084683, "top1_accuracy_on_chosen_policy": 0.3920291743495248, "top1_accuracy_on_chosen_base": 0.37613961982460004, "mean_p_chosen_policy": 0.2998264775700978, "mean_p_chosen_base": 0.29145635624483374, "mean_kl": 0.11036636681140913, "mean_ent_pi": 1.5155718541760157, "mean_ent_ref": 1.4950766142037548, "top1_precision": 0.3920291742641313, "top1_recall": 0.3920291742641313, "top1_f1": 0.39202917426413136, "top3_precision": 0.7181557697317009, "top3_recall": 0.7181557697317009, "top3_f1": 0.7181557697317009, "top5_precision": 0.8504818963271685, "top5_recall": 0.8504818963271685, "top5_f1": 0.8504818963271685, "top10_precision": 0.9690023443605106, "top10_recall": 0.9690023443605106, "top10_f1": 0.9690023443605106, "mean_logp_gap_policy_chosen_rejected_cond_on_not_in_top_ten": 0.6864951402668792, "mean_logp_gap_base_chosen_rejected_cond_on_not_in_top_ten": 0.42713115756638387, "mean_gap_improvement_cond_on_not_in_top_ten": 0.2593639803969342, "top1_accuracy_on_chosen_policy_cond_on_not_in_top_ten": 0.15942028985507245, "top1_accuracy_on_chosen_base_cond_on_not_in_top_ten": 0.15942028985507245, "mean_p_chosen_policy_cond_on_not_in_top_ten": 0.13629028365531065, "mean_p_chosen_base_cond_on_not_in_top_ten": 0.13137424049491178, "mean_kl_cond_on_not_in_top_ten": 0.18673219651789158, "mean_ent_pi_cond_on_not_in_top_ten": 1.8460940767601492, "mean_ent_ref_cond_on_not_in_top_ten": 1.785375822281492, "top1_precision_cond_on_not_in_top_ten": 0.15942028985507245, "top1_recall_cond_on_not_in_top_ten": 0.15942028985507245, "top1_f1_cond_on_not_in_top_ten": 0.15942028985507245, "top3_precision_cond_on_not_in_top_ten": 0.4106280193236715, "top3_recall_cond_on_not_in_top_ten": 0.4106280193236715, "top3_f1_cond_on_not_in_top_ten": 0.41062801932367143, "top5_precision_cond_on_not_in_top_ten": 0.6086956521739131, "top5_recall_cond_on_not_in_top_ten": 0.6086956521739131, "top5_f1_cond_on_not_in_top_ten": 0.6086956521739131, "top10_precision_cond_on_not_in_top_ten": 0.8888888888888888, "top10_recall_cond_on_not_in_top_ten": 0.8888888888888888, "top10_f1_cond_on_not_in_top_ten": 0.8888888888888888, "mean_logp_gap_policy_chosen_rejected_cond_on_in_top_ten": 1.9316989400625098, "mean_logp_gap_base_chosen_rejected_cond_on_in_top_ten": 1.815354083734462, "mean_gap_improvement_cond_on_in_top_ten": 0.11634485654139046, "top1_accuracy_on_chosen_policy_cond_on_in_top_ten": 0.4052863436123348, "top1_accuracy_on_chosen_base_cond_on_in_top_ten": 0.38849118942731276, "mean_p_chosen_policy_cond_on_in_top_ten": 0.30914695969144634, "mean_p_chosen_base_cond_on_in_top_ten": 0.30057997608914555, "mean_kl_cond_on_in_top_ten": 0.10601401935716764, "mean_ent_pi_cond_on_in_top_ten": 1.496734269952098, "mean_ent_ref_cond_on_in_top_ten": 1.4785314769861555, "top1_precision_cond_on_in_top_ten": 0.4052863436123348, "top1_recall_cond_on_in_top_ten": 0.4052863436123348, "top1_f1_cond_on_in_top_ten": 0.4052863436123348, "top3_precision_cond_on_in_top_ten": 0.73568281938326, "top3_recall_cond_on_in_top_ten": 0.73568281938326, "top3_f1_cond_on_in_top_ten": 0.73568281938326, "top5_precision_cond_on_in_top_ten": 0.864262114537445, "top5_recall_cond_on_in_top_ten": 0.864262114537445, "top5_f1_cond_on_in_top_ten": 0.8642621145374448, "top10_precision_cond_on_in_top_ten": 0.973568281938326, "top10_recall_cond_on_in_top_ten": 0.973568281938326, "top10_f1_cond_on_in_top_ten": 0.9735682819383261}