{"loss": 1.9449420329586047, "mean_logp_gap_policy_chosen_rejected": 1.7405006820629525, "mean_logp_gap_base_chosen_rejected": 1.7405006820629525, "mean_gap_improvement": 0.0, "top1_accuracy_on_chosen_policy": 0.37613961982460004, "top1_accuracy_on_chosen_base": 0.37613961982460004, "mean_p_chosen_policy": 0.29145635624483374, "mean_p_chosen_base": 0.29145635624483374, "mean_kl": 0.0, "mean_ent_pi": 1.4950766142037548, "mean_ent_ref": 1.4950766142037548, "top1_precision": 0.37613961969262827, "top1_recall": 0.37613961969262827, "top1_f1": 0.37613961969262827, "top3_precision": 0.7004428236519927, "top3_recall": 0.7004428236519927, "top3_f1": 0.7004428236519927, "top5_precision": 0.8348528262568378, "top5_recall": 0.8348528262568378, "top5_f1": 0.8348528262568378, "top10_precision": 0.9601458713206564, "top10_recall": 0.9601458713206564, "top10_f1": 0.9601458713206563, "mean_logp_gap_policy_chosen_rejected_cond_on_not_in_top_ten": 0.42713115756638387, "mean_logp_gap_base_chosen_rejected_cond_on_not_in_top_ten": 0.42713115756638387, "mean_gap_improvement_cond_on_not_in_top_ten": 0.0, "top1_accuracy_on_chosen_policy_cond_on_not_in_top_ten": 0.15942028985507245, "top1_accuracy_on_chosen_base_cond_on_not_in_top_ten": 0.15942028985507245, "mean_p_chosen_policy_cond_on_not_in_top_ten": 0.13137424049491178, "mean_p_chosen_base_cond_on_not_in_top_ten": 0.13137424049491178, "mean_kl_cond_on_not_in_top_ten": 0.0, "mean_ent_pi_cond_on_not_in_top_ten": 1.785375822281492, "mean_ent_ref_cond_on_not_in_top_ten": 1.785375822281492, "top1_precision_cond_on_not_in_top_ten": 0.15942028985507245, "top1_recall_cond_on_not_in_top_ten": 0.15942028985507245, "top1_f1_cond_on_not_in_top_ten": 0.15942028985507245, "top3_precision_cond_on_not_in_top_ten": 0.40096618357487923, "top3_recall_cond_on_not_in_top_ten": 0.40096618357487923, "top3_f1_cond_on_not_in_top_ten": 0.40096618357487923, "top5_precision_cond_on_not_in_top_ten": 0.5410628019323671, "top5_recall_cond_on_not_in_top_ten": 0.5410628019323671, "top5_f1_cond_on_not_in_top_ten": 0.5410628019323671, "top10_precision_cond_on_not_in_top_ten": 0.8647342995169082, "top10_recall_cond_on_not_in_top_ten": 0.8647342995169082, "top10_f1_cond_on_not_in_top_ten": 0.8647342995169082, "mean_logp_gap_policy_chosen_rejected_cond_on_in_top_ten": 1.815354083734462, "mean_logp_gap_base_chosen_rejected_cond_on_in_top_ten": 1.815354083734462, "mean_gap_improvement_cond_on_in_top_ten": 0.0, "top1_accuracy_on_chosen_policy_cond_on_in_top_ten": 0.38849118942731276, "top1_accuracy_on_chosen_base_cond_on_in_top_ten": 0.38849118942731276, "mean_p_chosen_policy_cond_on_in_top_ten": 0.30057997608914555, "mean_p_chosen_base_cond_on_in_top_ten": 0.30057997608914555, "mean_kl_cond_on_in_top_ten": 0.0, "mean_ent_pi_cond_on_in_top_ten": 1.4785314769861555, "mean_ent_ref_cond_on_in_top_ten": 1.4785314769861555, "top1_precision_cond_on_in_top_ten": 0.38849118942731276, "top1_recall_cond_on_in_top_ten": 0.38849118942731276, "top1_f1_cond_on_in_top_ten": 0.3884911894273127, "top3_precision_cond_on_in_top_ten": 0.7175110132158591, "top3_recall_cond_on_in_top_ten": 0.7175110132158591, "top3_f1_cond_on_in_top_ten": 0.7175110132158591, "top5_precision_cond_on_in_top_ten": 0.8515969162995595, "top5_recall_cond_on_in_top_ten": 0.8515969162995595, "top5_f1_cond_on_in_top_ten": 0.8515969162995595, "top10_precision_cond_on_in_top_ten": 0.9655837004405287, "top10_recall_cond_on_in_top_ten": 0.9655837004405287, "top10_f1_cond_on_in_top_ten": 0.9655837004405287}