{"loss": 0.6033868166611014, "mean_logp_gap_policy_chosen_rejected": 6.690808964570571, "mean_logp_gap_base_chosen_rejected": 1.7405006820629525, "mean_gap_improvement": 4.950308287507018, "top1_accuracy_on_chosen_policy": 0.3412346967141061, "top1_accuracy_on_chosen_base": 0.37613961982460004, "mean_p_chosen_policy": 0.3328643055377015, "mean_p_chosen_base": 0.29145635624483374, "mean_kl": 0.8105702697842592, "mean_ent_pi": 0.4119332803975607, "mean_ent_ref": 1.4950766142037548, "top1_precision": 0.34123469653555616, "top1_recall": 0.34123469653555616, "top1_f1": 0.34123469653555616, "top3_precision": 0.6428757488929409, "top3_recall": 0.6428757488929409, "top3_f1": 0.6428757488929409, "top5_precision": 0.781713988017713, "top5_recall": 0.781713988017713, "top5_f1": 0.7817139880177131, "top10_precision": 0.9153425371190415, "top10_recall": 0.9153425371190415, "top10_f1": 0.9153425371190413, "mean_logp_gap_policy_chosen_rejected_cond_on_not_in_top_ten": 3.334087802016217, "mean_logp_gap_base_chosen_rejected_cond_on_not_in_top_ten": 0.42713115756638387, "mean_gap_improvement_cond_on_not_in_top_ten": 2.906956660574761, "top1_accuracy_on_chosen_policy_cond_on_not_in_top_ten": 0.16908212560386474, "top1_accuracy_on_chosen_base_cond_on_not_in_top_ten": 0.15942028985507245, "mean_p_chosen_policy_cond_on_not_in_top_ten": 0.1582052723199554, "mean_p_chosen_base_cond_on_not_in_top_ten": 0.13137424049491178, "mean_kl_cond_on_not_in_top_ten": 1.0312740456690823, "mean_ent_pi_cond_on_not_in_top_ten": 0.49622219015967295, "mean_ent_ref_cond_on_not_in_top_ten": 1.785375822281492, "top1_precision_cond_on_not_in_top_ten": 0.16908212560386474, "top1_recall_cond_on_not_in_top_ten": 0.16908212560386474, "top1_f1_cond_on_not_in_top_ten": 0.16908212560386474, "top3_precision_cond_on_not_in_top_ten": 0.463768115942029, "top3_recall_cond_on_not_in_top_ten": 0.463768115942029, "top3_f1_cond_on_not_in_top_ten": 0.463768115942029, "top5_precision_cond_on_not_in_top_ten": 0.6038647342995169, "top5_recall_cond_on_not_in_top_ten": 0.6038647342995169, "top5_f1_cond_on_not_in_top_ten": 0.6038647342995169, "top10_precision_cond_on_not_in_top_ten": 0.7681159420289855, "top10_recall_cond_on_not_in_top_ten": 0.7681159420289855, "top10_f1_cond_on_not_in_top_ten": 0.7681159420289854, "mean_logp_gap_policy_chosen_rejected_cond_on_in_top_ten": 6.882119895184683, "mean_logp_gap_base_chosen_rejected_cond_on_in_top_ten": 1.815354083734462, "mean_gap_improvement_cond_on_in_top_ten": 5.066765813042085, "top1_accuracy_on_chosen_policy_cond_on_in_top_ten": 0.35104625550660795, "top1_accuracy_on_chosen_base_cond_on_in_top_ten": 0.38849118942731276, "mean_p_chosen_policy_cond_on_in_top_ten": 0.3428187136550655, "mean_p_chosen_base_cond_on_in_top_ten": 0.30057997608914555, "mean_kl_cond_on_in_top_ten": 0.7979916106155602, "mean_ent_pi_cond_on_in_top_ten": 0.40712936715023185, "mean_ent_ref_cond_on_in_top_ten": 1.4785314769861555, "top1_precision_cond_on_in_top_ten": 0.35104625550660795, "top1_recall_cond_on_in_top_ten": 0.35104625550660795, "top1_f1_cond_on_in_top_ten": 0.35104625550660795, "top3_precision_cond_on_in_top_ten": 0.6530837004405287, "top3_recall_cond_on_in_top_ten": 0.6530837004405287, "top3_f1_cond_on_in_top_ten": 0.6530837004405287, "top5_precision_cond_on_in_top_ten": 0.7918502202643172, "top5_recall_cond_on_in_top_ten": 0.7918502202643172, "top5_f1_cond_on_in_top_ten": 0.7918502202643172, "top10_precision_cond_on_in_top_ten": 0.9237334801762115, "top10_recall_cond_on_in_top_ten": 0.9237334801762115, "top10_f1_cond_on_in_top_ten": 0.9237334801762115}