{"loss": 0.5263442532660347, "mean_logp_gap_policy_chosen_rejected": 2.79406231857582, "mean_logp_gap_base_chosen_rejected": 1.7405006820629525, "mean_gap_improvement": 1.0535616316066243, "top1_accuracy_on_chosen_policy": 0.37327429031170606, "top1_accuracy_on_chosen_base": 0.37613961982460004, "mean_p_chosen_policy": 0.3306486332096697, "mean_p_chosen_base": 0.29145635624483374, "mean_kl": 0.13914685772247196, "mean_ent_pi": 1.042043345177599, "mean_ent_ref": 1.4950766142037548}