{"loss": 0.643919736713629, "mean_logp_gap_policy_chosen_rejected": 7.496617698023549, "mean_logp_gap_base_chosen_rejected": 1.7405006820629525, "mean_gap_improvement": 5.756116897744976, "top1_accuracy_on_chosen_policy": 0.330815316682745, "top1_accuracy_on_chosen_base": 0.37613961982460004, "mean_p_chosen_policy": 0.3215195712912173, "mean_p_chosen_base": 0.29145635624483374, "mean_kl": 0.9524257851628222, "mean_ent_pi": 0.35540698644518076, "mean_ent_ref": 1.4950766142037548, "top1_precision": 0.3308153164886689, "top1_recall": 0.3308153164886689, "top1_f1": 0.3308153164886689, "top3_precision": 0.6108361552487627, "top3_recall": 0.6108361552487627, "top3_f1": 0.6108361552487627, "top5_precision": 0.7577494139098724, "top5_recall": 0.7577494139098724, "top5_f1": 0.7577494139098724, "top10_precision": 0.892940870018234, "top10_recall": 0.892940870018234, "top10_f1": 0.892940870018234, "mean_logp_gap_policy_chosen_rejected_cond_on_not_in_top_ten": 3.9596856423622167, "mean_logp_gap_base_chosen_rejected_cond_on_not_in_top_ten": 0.42713115756638387, "mean_gap_improvement_cond_on_not_in_top_ten": 3.532554496313639, "top1_accuracy_on_chosen_policy_cond_on_not_in_top_ten": 0.1497584541062802, "top1_accuracy_on_chosen_base_cond_on_not_in_top_ten": 0.15942028985507245, "mean_p_chosen_policy_cond_on_not_in_top_ten": 0.1523409604808508, "mean_p_chosen_base_cond_on_not_in_top_ten": 0.13137424049491178, "mean_kl_cond_on_not_in_top_ten": 1.2090799045807497, "mean_ent_pi_cond_on_not_in_top_ten": 0.40946833707526376, "mean_ent_ref_cond_on_not_in_top_ten": 1.785375822281492, "top1_precision_cond_on_not_in_top_ten": 0.1497584541062802, "top1_recall_cond_on_not_in_top_ten": 0.1497584541062802, "top1_f1_cond_on_not_in_top_ten": 0.1497584541062802, "top3_precision_cond_on_not_in_top_ten": 0.3719806763285024, "top3_recall_cond_on_not_in_top_ten": 0.3719806763285024, "top3_f1_cond_on_not_in_top_ten": 0.37198067632850246, "top5_precision_cond_on_not_in_top_ten": 0.5652173913043478, "top5_recall_cond_on_not_in_top_ten": 0.5652173913043478, "top5_f1_cond_on_not_in_top_ten": 0.5652173913043478, "top10_precision_cond_on_not_in_top_ten": 0.7439613526570048, "top10_recall_cond_on_not_in_top_ten": 0.7439613526570048, "top10_f1_cond_on_not_in_top_ten": 0.7439613526570049, "mean_logp_gap_policy_chosen_rejected_cond_on_in_top_ten": 7.698199455408863, "mean_logp_gap_base_chosen_rejected_cond_on_in_top_ten": 1.815354083734462, "mean_gap_improvement_cond_on_in_top_ten": 5.882845369081468, "top1_accuracy_on_chosen_policy_cond_on_in_top_ten": 0.3411343612334802, "top1_accuracy_on_chosen_base_cond_on_in_top_ten": 0.38849118942731276, "mean_p_chosen_policy_cond_on_in_top_ten": 0.3311616338183981, "mean_p_chosen_base_cond_on_in_top_ten": 0.30057997608914555, "mean_kl_cond_on_in_top_ten": 0.9377982053995602, "mean_ent_pi_cond_on_in_top_ten": 0.35232584879663154, "mean_ent_ref_cond_on_in_top_ten": 1.4785314769861555, "top1_precision_cond_on_in_top_ten": 0.3411343612334802, "top1_recall_cond_on_in_top_ten": 0.3411343612334802, "top1_f1_cond_on_in_top_ten": 0.3411343612334802, "top3_precision_cond_on_in_top_ten": 0.6244493392070485, "top3_recall_cond_on_in_top_ten": 0.6244493392070485, "top3_f1_cond_on_in_top_ten": 0.6244493392070485, "top5_precision_cond_on_in_top_ten": 0.7687224669603524, "top5_recall_cond_on_in_top_ten": 0.7687224669603524, "top5_f1_cond_on_in_top_ten": 0.7687224669603524, "top10_precision_cond_on_in_top_ten": 0.901431718061674, "top10_recall_cond_on_in_top_ten": 0.901431718061674, "top10_f1_cond_on_in_top_ten": 0.9014317180616739}