{"loss": 2.1246386694703197, "mean_logp_gap_policy_chosen_rejected": 1.8510584224478346, "mean_logp_gap_base_chosen_rejected": 1.7405006820629525, "mean_gap_improvement": 0.11055770500384292, "top1_accuracy_on_chosen_policy": 0.3917686898794048, "top1_accuracy_on_chosen_base": 0.37613961982460004, "mean_p_chosen_policy": 0.29966877513051066, "mean_p_chosen_base": 0.29145635624483374, "mean_kl": 0.11038730678559282, "mean_ent_pi": 1.5178360018639492, "mean_ent_ref": 1.4950766142037548, "top1_precision": 0.3917686897629591, "top1_recall": 0.3917686897629591, "top1_f1": 0.3917686897629591, "top3_precision": 0.7199791612399062, "top3_recall": 0.7199791612399062, "top3_f1": 0.7199791612399062, "top5_precision": 0.8543891638447513, "top5_recall": 0.8543891638447513, "top5_f1": 0.8543891638447513, "top10_precision": 0.9669184683511332, "top10_recall": 0.9669184683511332, "top10_f1": 0.9669184683511332, "mean_logp_gap_policy_chosen_rejected_cond_on_not_in_top_ten": 0.673260297752233, "mean_logp_gap_base_chosen_rejected_cond_on_not_in_top_ten": 0.42713115756638387, "mean_gap_improvement_cond_on_not_in_top_ten": 0.2461291396099588, "top1_accuracy_on_chosen_policy_cond_on_not_in_top_ten": 0.15942028985507245, "top1_accuracy_on_chosen_base_cond_on_not_in_top_ten": 0.15942028985507245, "mean_p_chosen_policy_cond_on_not_in_top_ten": 0.13666090547505721, "mean_p_chosen_base_cond_on_not_in_top_ten": 0.13137424049491178, "mean_kl_cond_on_not_in_top_ten": 0.18180255870703735, "mean_ent_pi_cond_on_not_in_top_ten": 1.8541071447341337, "mean_ent_ref_cond_on_not_in_top_ten": 1.785375822281492, "top1_precision_cond_on_not_in_top_ten": 0.15942028985507245, "top1_recall_cond_on_not_in_top_ten": 0.15942028985507245, "top1_f1_cond_on_not_in_top_ten": 0.15942028985507245, "top3_precision_cond_on_not_in_top_ten": 0.41545893719806765, "top3_recall_cond_on_not_in_top_ten": 0.41545893719806765, "top3_f1_cond_on_not_in_top_ten": 0.41545893719806765, "top5_precision_cond_on_not_in_top_ten": 0.5942028985507246, "top5_recall_cond_on_not_in_top_ten": 0.5942028985507246, "top5_f1_cond_on_not_in_top_ten": 0.5942028985507246, "top10_precision_cond_on_not_in_top_ten": 0.8888888888888888, "top10_recall_cond_on_not_in_top_ten": 0.8888888888888888, "top10_f1_cond_on_not_in_top_ten": 0.8888888888888888, "mean_logp_gap_policy_chosen_rejected_cond_on_in_top_ten": 1.918185114138452, "mean_logp_gap_base_chosen_rejected_cond_on_in_top_ten": 1.815354083734462, "mean_gap_improvement_cond_on_in_top_ten": 0.10283103089631916, "top1_accuracy_on_chosen_policy_cond_on_in_top_ten": 0.40501101321585903, "top1_accuracy_on_chosen_base_cond_on_in_top_ten": 0.38849118942731276, "mean_p_chosen_policy_cond_on_in_top_ten": 0.308959147021355, "mean_p_chosen_base_cond_on_in_top_ten": 0.30057997608914555, "mean_kl_cond_on_in_top_ten": 0.10631710929124434, "mean_ent_pi_cond_on_in_top_ten": 1.4986707657690483, "mean_ent_ref_cond_on_in_top_ten": 1.4785314769861555, "top1_precision_cond_on_in_top_ten": 0.40501101321585903, "top1_recall_cond_on_in_top_ten": 0.40501101321585903, "top1_f1_cond_on_in_top_ten": 0.405011013215859, "top3_precision_cond_on_in_top_ten": 0.7373348017621145, "top3_recall_cond_on_in_top_ten": 0.7373348017621145, "top3_f1_cond_on_in_top_ten": 0.7373348017621145, "top5_precision_cond_on_in_top_ten": 0.8692180616740088, "top5_recall_cond_on_in_top_ten": 0.8692180616740088, "top5_f1_cond_on_in_top_ten": 0.869218061674009, "top10_precision_cond_on_in_top_ten": 0.9713656387665198, "top10_recall_cond_on_in_top_ten": 0.9713656387665198, "top10_f1_cond_on_in_top_ten": 0.9713656387665198}