{"loss": 0.552946478089618, "mean_logp_gap_policy_chosen_rejected": 4.284742001600333, "mean_logp_gap_base_chosen_rejected": 1.7405006820629525, "mean_gap_improvement": 2.5442413165253193, "top1_accuracy_on_chosen_policy": 0.36545975526101454, "top1_accuracy_on_chosen_base": 0.37613961982460004, "mean_p_chosen_policy": 0.3461541306012992, "mean_p_chosen_base": 0.29145635624483374, "mean_kl": 0.4392455869989179, "mean_ent_pi": 0.7005765066230071, "mean_ent_ref": 1.4950766142037548, "top1_precision": 0.3654597551445689, "top1_recall": 0.3654597551445689, "top1_f1": 0.36545975514456885, "top3_precision": 0.6811669705652513, "top3_recall": 0.6811669705652513, "top3_f1": 0.6811669705652513, "top5_precision": 0.8241729617087783, "top5_recall": 0.8241729617087783, "top5_f1": 0.8241729617087783, "top10_precision": 0.9468611617608752, "top10_recall": 0.9468611617608752, "top10_f1": 0.9468611617608752, "mean_logp_gap_policy_chosen_rejected_cond_on_not_in_top_ten": 2.0347174809174837, "mean_logp_gap_base_chosen_rejected_cond_on_not_in_top_ten": 0.42713115756638387, "mean_gap_improvement_cond_on_not_in_top_ten": 1.6075863178801422, "top1_accuracy_on_chosen_policy_cond_on_not_in_top_ten": 0.24154589371980675, "top1_accuracy_on_chosen_base_cond_on_not_in_top_ten": 0.15942028985507245, "mean_p_chosen_policy_cond_on_not_in_top_ten": 0.21014035236321324, "mean_p_chosen_base_cond_on_not_in_top_ten": 0.13137424049491178, "mean_kl_cond_on_not_in_top_ten": 0.6087263435989186, "mean_ent_pi_cond_on_not_in_top_ten": 0.8879030979565201, "mean_ent_ref_cond_on_not_in_top_ten": 1.785375822281492, "top1_precision_cond_on_not_in_top_ten": 0.24154589371980675, "top1_recall_cond_on_not_in_top_ten": 0.24154589371980675, "top1_f1_cond_on_not_in_top_ten": 0.24154589371980673, "top3_precision_cond_on_not_in_top_ten": 0.4396135265700483, "top3_recall_cond_on_not_in_top_ten": 0.4396135265700483, "top3_f1_cond_on_not_in_top_ten": 0.4396135265700483, "top5_precision_cond_on_not_in_top_ten": 0.5797101449275363, "top5_recall_cond_on_not_in_top_ten": 0.5797101449275363, "top5_f1_cond_on_not_in_top_ten": 0.5797101449275363, "top10_precision_cond_on_not_in_top_ten": 0.855072463768116, "top10_recall_cond_on_not_in_top_ten": 0.855072463768116, "top10_f1_cond_on_not_in_top_ten": 0.855072463768116, "mean_logp_gap_policy_chosen_rejected_cond_on_in_top_ten": 4.412978541901918, "mean_logp_gap_base_chosen_rejected_cond_on_in_top_ten": 1.815354083734462, "mean_gap_improvement_cond_on_in_top_ten": 2.5976244586679904, "top1_accuracy_on_chosen_policy_cond_on_in_top_ten": 0.37252202643171806, "top1_accuracy_on_chosen_base_cond_on_in_top_ten": 0.38849118942731276, "mean_p_chosen_policy_cond_on_in_top_ten": 0.3539060123831073, "mean_p_chosen_base_cond_on_in_top_ten": 0.30057997608914555, "mean_kl_cond_on_in_top_ten": 0.4295863034712485, "mean_ent_pi_cond_on_in_top_ten": 0.6899001348105188, "mean_ent_ref_cond_on_in_top_ten": 1.4785314769861555, "top1_precision_cond_on_in_top_ten": 0.37252202643171806, "top1_recall_cond_on_in_top_ten": 0.37252202643171806, "top1_f1_cond_on_in_top_ten": 0.37252202643171806, "top3_precision_cond_on_in_top_ten": 0.6949339207048458, "top3_recall_cond_on_in_top_ten": 0.6949339207048458, "top3_f1_cond_on_in_top_ten": 0.6949339207048458, "top5_precision_cond_on_in_top_ten": 0.8381057268722467, "top5_recall_cond_on_in_top_ten": 0.8381057268722467, "top5_f1_cond_on_in_top_ten": 0.8381057268722468, "top10_precision_cond_on_in_top_ten": 0.9520925110132159, "top10_recall_cond_on_in_top_ten": 0.9520925110132159, "top10_f1_cond_on_in_top_ten": 0.952092511013216}