{"loss": 1.8945731178302572, "mean_logp_gap_policy_chosen_rejected": 1.6879334928903085, "mean_logp_gap_base_chosen_rejected": 1.7405006820629525, "mean_gap_improvement": -0.052567205172275686, "top1_accuracy_on_chosen_policy": 0.38786142233076987, "top1_accuracy_on_chosen_base": 0.37613961982460004, "mean_p_chosen_policy": 0.2888344680930712, "mean_p_chosen_base": 0.29145635624483374, "mean_kl": 0.12036492302334535, "mean_ent_pi": 1.622965227349657, "mean_ent_ref": 1.4950766142037548, "top1_precision": 0.3878614222453764, "top1_recall": 0.3878614222453764, "top1_f1": 0.38786142224537645, "top3_precision": 0.7210210992445949, "top3_recall": 0.7210210992445949, "top3_f1": 0.7210210992445949, "top5_precision": 0.8517843188330294, "top5_recall": 0.8517843188330294, "top5_f1": 0.8517843188330294, "top10_precision": 0.9671789528523053, "top10_recall": 0.9671789528523053, "top10_f1": 0.9671789528523053, "mean_logp_gap_policy_chosen_rejected_cond_on_not_in_top_ten": 0.5963674115673931, "mean_logp_gap_base_chosen_rejected_cond_on_not_in_top_ten": 0.42713115756638387, "mean_gap_improvement_cond_on_not_in_top_ten": 0.16923625400100928, "top1_accuracy_on_chosen_policy_cond_on_not_in_top_ten": 0.15942028985507245, "top1_accuracy_on_chosen_base_cond_on_not_in_top_ten": 0.15942028985507245, "mean_p_chosen_policy_cond_on_not_in_top_ten": 0.12972480518584378, "mean_p_chosen_base_cond_on_not_in_top_ten": 0.13137424049491178, "mean_kl_cond_on_not_in_top_ten": 0.1929137822766991, "mean_ent_pi_cond_on_not_in_top_ten": 1.9650849145679659, "mean_ent_ref_cond_on_not_in_top_ten": 1.785375822281492, "top1_precision_cond_on_not_in_top_ten": 0.15942028985507245, "top1_recall_cond_on_not_in_top_ten": 0.15942028985507245, "top1_f1_cond_on_not_in_top_ten": 0.15942028985507245, "top3_precision_cond_on_not_in_top_ten": 0.391304347826087, "top3_recall_cond_on_not_in_top_ten": 0.391304347826087, "top3_f1_cond_on_not_in_top_ten": 0.391304347826087, "top5_precision_cond_on_not_in_top_ten": 0.5893719806763285, "top5_recall_cond_on_not_in_top_ten": 0.5893719806763285, "top5_f1_cond_on_not_in_top_ten": 0.5893719806763285, "top10_precision_cond_on_not_in_top_ten": 0.8743961352657005, "top10_recall_cond_on_not_in_top_ten": 0.8743961352657005, "top10_f1_cond_on_not_in_top_ten": 0.8743961352657004, "mean_logp_gap_policy_chosen_rejected_cond_on_in_top_ten": 1.7501455455083021, "mean_logp_gap_base_chosen_rejected_cond_on_in_top_ten": 1.815354083734462, "mean_gap_improvement_cond_on_in_top_ten": -0.06520853745484405, "top1_accuracy_on_chosen_policy_cond_on_in_top_ten": 0.4008810572687225, "top1_accuracy_on_chosen_base_cond_on_in_top_ten": 0.38849118942731276, "mean_p_chosen_policy_cond_on_in_top_ten": 0.2979026656316819, "mean_p_chosen_base_cond_on_in_top_ten": 0.30057997608914555, "mean_kl_cond_on_in_top_ten": 0.11623011741932207, "mean_ent_pi_cond_on_in_top_ten": 1.6034666682175045, "mean_ent_ref_cond_on_in_top_ten": 1.4785314769861555, "top1_precision_cond_on_in_top_ten": 0.4008810572687225, "top1_recall_cond_on_in_top_ten": 0.4008810572687225, "top1_f1_cond_on_in_top_ten": 0.4008810572687225, "top3_precision_cond_on_in_top_ten": 0.7398127753303965, "top3_recall_cond_on_in_top_ten": 0.7398127753303965, "top3_f1_cond_on_in_top_ten": 0.7398127753303965, "top5_precision_cond_on_in_top_ten": 0.8667400881057269, "top5_recall_cond_on_in_top_ten": 0.8667400881057269, "top5_f1_cond_on_in_top_ten": 0.8667400881057269, "top10_precision_cond_on_in_top_ten": 0.9724669603524229, "top10_recall_cond_on_in_top_ten": 0.9724669603524229, "top10_f1_cond_on_in_top_ten": 0.972466960352423}