{"loss": 1.8951253577053748, "mean_logp_gap_policy_chosen_rejected": 1.6794043401778753, "mean_logp_gap_base_chosen_rejected": 1.7405006820629525, "mean_gap_improvement": -0.06109635965856421, "top1_accuracy_on_chosen_policy": 0.3920291743339987, "top1_accuracy_on_chosen_base": 0.37613961982460004, "mean_p_chosen_policy": 0.28871230758177363, "mean_p_chosen_base": 0.29145635624483374, "mean_kl": 0.11635527903794869, "mean_ent_pi": 1.6264528168399808, "mean_ent_ref": 1.4950766142037548, "top1_precision": 0.3920291742641313, "top1_recall": 0.3920291742641313, "top1_f1": 0.39202917426413136, "top3_precision": 0.7241469132586611, "top3_recall": 0.7241469132586611, "top3_f1": 0.7241469132586611, "top5_precision": 0.8520448033342016, "top5_recall": 0.8520448033342016, "top5_f1": 0.8520448033342015, "top10_precision": 0.9674394373534775, "top10_recall": 0.9674394373534775, "top10_f1": 0.9674394373534774, "mean_logp_gap_policy_chosen_rejected_cond_on_not_in_top_ten": 0.5839300397513569, "mean_logp_gap_base_chosen_rejected_cond_on_not_in_top_ten": 0.42713115756638387, "mean_gap_improvement_cond_on_not_in_top_ten": 0.15679888333675365, "top1_accuracy_on_chosen_policy_cond_on_not_in_top_ten": 0.15942028985507245, "top1_accuracy_on_chosen_base_cond_on_not_in_top_ten": 0.15942028985507245, "mean_p_chosen_policy_cond_on_not_in_top_ten": 0.12796277514445722, "mean_p_chosen_base_cond_on_not_in_top_ten": 0.13137424049491178, "mean_kl_cond_on_not_in_top_ten": 0.18389968418376745, "mean_ent_pi_cond_on_not_in_top_ten": 1.9644935555792085, "mean_ent_ref_cond_on_not_in_top_ten": 1.785375822281492, "top1_precision_cond_on_not_in_top_ten": 0.15942028985507245, "top1_recall_cond_on_not_in_top_ten": 0.15942028985507245, "top1_f1_cond_on_not_in_top_ten": 0.15942028985507245, "top3_precision_cond_on_not_in_top_ten": 0.3961352657004831, "top3_recall_cond_on_not_in_top_ten": 0.3961352657004831, "top3_f1_cond_on_not_in_top_ten": 0.3961352657004831, "top5_precision_cond_on_not_in_top_ten": 0.5942028985507246, "top5_recall_cond_on_not_in_top_ten": 0.5942028985507246, "top5_f1_cond_on_not_in_top_ten": 0.5942028985507246, "top10_precision_cond_on_not_in_top_ten": 0.8743961352657005, "top10_recall_cond_on_not_in_top_ten": 0.8743961352657005, "top10_f1_cond_on_not_in_top_ten": 0.8743961352657004, "mean_logp_gap_policy_chosen_rejected_cond_on_in_top_ten": 1.741839135443127, "mean_logp_gap_base_chosen_rejected_cond_on_in_top_ten": 1.815354083734462, "mean_gap_improvement_cond_on_in_top_ten": -0.07351494859493776, "top1_accuracy_on_chosen_policy_cond_on_in_top_ten": 0.4052863436123348, "top1_accuracy_on_chosen_base_cond_on_in_top_ten": 0.38849118942731276, "mean_p_chosen_policy_cond_on_in_top_ten": 0.2978739720966919, "mean_p_chosen_base_cond_on_in_top_ten": 0.30057997608914555, "mean_kl_cond_on_in_top_ten": 0.11250569410695725, "mean_ent_pi_cond_on_in_top_ten": 1.6071867350661215, "mean_ent_ref_cond_on_in_top_ten": 1.4785314769861555, "top1_precision_cond_on_in_top_ten": 0.4052863436123348, "top1_recall_cond_on_in_top_ten": 0.4052863436123348, "top1_f1_cond_on_in_top_ten": 0.4052863436123348, "top3_precision_cond_on_in_top_ten": 0.7428414096916299, "top3_recall_cond_on_in_top_ten": 0.7428414096916299, "top3_f1_cond_on_in_top_ten": 0.7428414096916299, "top5_precision_cond_on_in_top_ten": 0.8667400881057269, "top5_recall_cond_on_in_top_ten": 0.8667400881057269, "top5_f1_cond_on_in_top_ten": 0.8667400881057269, "top10_precision_cond_on_in_top_ten": 0.9727422907488987, "top10_recall_cond_on_in_top_ten": 0.9727422907488987, "top10_f1_cond_on_in_top_ten": 0.9727422907488987}