{"loss": 1.974333638665452, "mean_logp_gap_policy_chosen_rejected": 1.74934376096564, "mean_logp_gap_base_chosen_rejected": 1.7405006820629525, "mean_gap_improvement": 0.008843054771268078, "top1_accuracy_on_chosen_policy": 0.39228965885069694, "top1_accuracy_on_chosen_base": 0.37613961982460004, "mean_p_chosen_policy": 0.29320886530861257, "mean_p_chosen_base": 0.29145635624483374, "mean_kl": 0.12058495219159356, "mean_ent_pi": 1.5814567443510306, "mean_ent_ref": 1.4950766142037548, "top1_precision": 0.3922896587653035, "top1_recall": 0.3922896587653035, "top1_f1": 0.3922896587653035, "top3_precision": 0.7210210992445949, "top3_recall": 0.7210210992445949, "top3_f1": 0.7210210992445949, "top5_precision": 0.8543891638447513, "top5_recall": 0.8543891638447513, "top5_f1": 0.8543891638447513, "top10_precision": 0.9669184683511332, "top10_recall": 0.9669184683511332, "top10_f1": 0.9669184683511332, "mean_logp_gap_policy_chosen_rejected_cond_on_not_in_top_ten": 0.6564121378792657, "mean_logp_gap_base_chosen_rejected_cond_on_not_in_top_ten": 0.42713115756638387, "mean_gap_improvement_cond_on_not_in_top_ten": 0.22928098088877213, "top1_accuracy_on_chosen_policy_cond_on_not_in_top_ten": 0.15942028985507245, "top1_accuracy_on_chosen_base_cond_on_not_in_top_ten": 0.15942028985507245, "mean_p_chosen_policy_cond_on_not_in_top_ten": 0.136295185847219, "mean_p_chosen_base_cond_on_not_in_top_ten": 0.13137424049491178, "mean_kl_cond_on_not_in_top_ten": 0.20135387187994622, "mean_ent_pi_cond_on_not_in_top_ten": 1.9237432975124047, "mean_ent_ref_cond_on_not_in_top_ten": 1.785375822281492, "top1_precision_cond_on_not_in_top_ten": 0.15942028985507245, "top1_recall_cond_on_not_in_top_ten": 0.15942028985507245, "top1_f1_cond_on_not_in_top_ten": 0.15942028985507245, "top3_precision_cond_on_not_in_top_ten": 0.4251207729468599, "top3_recall_cond_on_not_in_top_ten": 0.4251207729468599, "top3_f1_cond_on_not_in_top_ten": 0.42512077294685996, "top5_precision_cond_on_not_in_top_ten": 0.5942028985507246, "top5_recall_cond_on_not_in_top_ten": 0.5942028985507246, "top5_f1_cond_on_not_in_top_ten": 0.5942028985507246, "top10_precision_cond_on_not_in_top_ten": 0.8743961352657005, "top10_recall_cond_on_not_in_top_ten": 0.8743961352657005, "top10_f1_cond_on_not_in_top_ten": 0.8743961352657004, "mean_logp_gap_policy_chosen_rejected_cond_on_in_top_ten": 1.8116336343112496, "mean_logp_gap_base_chosen_rejected_cond_on_in_top_ten": 1.815354083734462, "mean_gap_improvement_cond_on_in_top_ten": -0.003720449554500076, "top1_accuracy_on_chosen_policy_cond_on_in_top_ten": 0.40556167400881055, "top1_accuracy_on_chosen_base_cond_on_in_top_ten": 0.38849118942731276, "mean_p_chosen_policy_cond_on_in_top_ten": 0.3021519084859342, "mean_p_chosen_base_cond_on_in_top_ten": 0.30057997608914555, "mean_kl_cond_on_in_top_ten": 0.11598165746597505, "mean_ent_pi_cond_on_in_top_ten": 1.561948665377729, "mean_ent_ref_cond_on_in_top_ten": 1.4785314769861555, "top1_precision_cond_on_in_top_ten": 0.40556167400881055, "top1_recall_cond_on_in_top_ten": 0.40556167400881055, "top1_f1_cond_on_in_top_ten": 0.4055616740088105, "top3_precision_cond_on_in_top_ten": 0.737885462555066, "top3_recall_cond_on_in_top_ten": 0.737885462555066, "top3_f1_cond_on_in_top_ten": 0.737885462555066, "top5_precision_cond_on_in_top_ten": 0.8692180616740088, "top5_recall_cond_on_in_top_ten": 0.8692180616740088, "top5_f1_cond_on_in_top_ten": 0.869218061674009, "top10_precision_cond_on_in_top_ten": 0.9721916299559471, "top10_recall_cond_on_in_top_ten": 0.9721916299559471, "top10_f1_cond_on_in_top_ten": 0.972191629955947}