loss,mean_logp_gap_policy_chosen_rejected,mean_logp_gap_base_chosen_rejected,mean_gap_improvement,top1_accuracy_on_chosen_policy,top1_accuracy_on_chosen_base,mean_p_chosen_policy,mean_p_chosen_base,mean_kl,mean_ent_pi,mean_ent_ref
2.1230366181569598,1.862843304880276,1.7405006820629525,0.12234259512654876,0.3886428758342864,0.37613961982460004,0.30022139280964605,0.29145635624483374,0.09712087471881364,1.5131701016432297,1.4950766142037548
