loss,mean_logp_gap_policy_chosen_rejected,mean_logp_gap_base_chosen_rejected,mean_gap_improvement,top1_accuracy_on_chosen_policy,top1_accuracy_on_chosen_base,mean_p_chosen_policy,mean_p_chosen_base,mean_kl,mean_ent_pi,mean_ent_ref
0.5273403389343964,2.954657550651787,1.7405006820629525,1.2141568705761734,0.3685855692906068,0.37613961982460004,0.3332160950312549,0.29145635624483374,0.17034485627583892,0.9936485514102984,1.4950766142037548
