{"loss": 0.5314234878502031, "mean_logp_gap_policy_chosen_rejected": 3.5427609158232984, "mean_logp_gap_base_chosen_rejected": 1.7405006820629525, "mean_gap_improvement": 1.802260197025626, "top1_accuracy_on_chosen_policy": 0.37066944528445817, "top1_accuracy_on_chosen_base": 0.37613961982460004, "mean_p_chosen_policy": 0.3424282046571067, "mean_p_chosen_base": 0.29145635624483374, "mean_kl": 0.3007741919964917, "mean_ent_pi": 0.8469422042105899, "mean_ent_ref": 1.4950766142037548, "top1_precision": 0.3706694451680125, "top1_recall": 0.3706694451680125, "top1_f1": 0.3706694451680125, "top3_precision": 0.6921073196144829, "top3_recall": 0.6921073196144829, "top3_f1": 0.6921073196144829, "top5_precision": 0.833810888252149, "top5_recall": 0.833810888252149, "top5_f1": 0.833810888252149, "top10_precision": 0.9531127897890076, "top10_recall": 0.9531127897890076, "top10_f1": 0.9531127897890075, "mean_logp_gap_policy_chosen_rejected_cond_on_not_in_top_ten": 1.7608300392754412, "mean_logp_gap_base_chosen_rejected_cond_on_not_in_top_ten": 0.42713115756638387, "mean_gap_improvement_cond_on_not_in_top_ten": 1.3336988745104288, "top1_accuracy_on_chosen_policy_cond_on_not_in_top_ten": 0.21256038647342995, "top1_accuracy_on_chosen_base_cond_on_not_in_top_ten": 0.15942028985507245, "mean_p_chosen_policy_cond_on_not_in_top_ten": 0.1979098678603981, "mean_p_chosen_base_cond_on_not_in_top_ten": 0.13137424049491178, "mean_kl_cond_on_not_in_top_ten": 0.4576532858005468, "mean_ent_pi_cond_on_not_in_top_ten": 1.0445141659842596, "mean_ent_ref_cond_on_not_in_top_ten": 1.785375822281492, "top1_precision_cond_on_not_in_top_ten": 0.21256038647342995, "top1_recall_cond_on_not_in_top_ten": 0.21256038647342995, "top1_f1_cond_on_not_in_top_ten": 0.21256038647342998, "top3_precision_cond_on_not_in_top_ten": 0.463768115942029, "top3_recall_cond_on_not_in_top_ten": 0.463768115942029, "top3_f1_cond_on_not_in_top_ten": 0.463768115942029, "top5_precision_cond_on_not_in_top_ten": 0.5893719806763285, "top5_recall_cond_on_not_in_top_ten": 0.5893719806763285, "top5_f1_cond_on_not_in_top_ten": 0.5893719806763285, "top10_precision_cond_on_not_in_top_ten": 0.8695652173913043, "top10_recall_cond_on_not_in_top_ten": 0.8695652173913043, "top10_f1_cond_on_not_in_top_ten": 0.8695652173913042, "mean_logp_gap_policy_chosen_rejected_cond_on_in_top_ten": 3.6443191788893703, "mean_logp_gap_base_chosen_rejected_cond_on_in_top_ten": 1.815354083734462, "mean_gap_improvement_cond_on_in_top_ten": 1.8289650954503058, "top1_accuracy_on_chosen_policy_cond_on_in_top_ten": 0.37968061674008813, "top1_accuracy_on_chosen_base_cond_on_in_top_ten": 0.38849118942731276, "mean_p_chosen_policy_cond_on_in_top_ten": 0.35066479427144814, "mean_p_chosen_base_cond_on_in_top_ten": 0.30057997608914555, "mean_kl_cond_on_in_top_ten": 0.2918331219300208, "mean_ent_pi_cond_on_in_top_ten": 0.8356819056728488, "mean_ent_ref_cond_on_in_top_ten": 1.4785314769861555, "top1_precision_cond_on_in_top_ten": 0.37968061674008813, "top1_recall_cond_on_in_top_ten": 0.37968061674008813, "top1_f1_cond_on_in_top_ten": 0.37968061674008813, "top3_precision_cond_on_in_top_ten": 0.7051211453744494, "top3_recall_cond_on_in_top_ten": 0.7051211453744494, "top3_f1_cond_on_in_top_ten": 0.7051211453744494, "top5_precision_cond_on_in_top_ten": 0.8477422907488987, "top5_recall_cond_on_in_top_ten": 0.8477422907488987, "top5_f1_cond_on_in_top_ten": 0.8477422907488988, "top10_precision_cond_on_in_top_ten": 0.9578744493392071, "top10_recall_cond_on_in_top_ten": 0.9578744493392071, "top10_f1_cond_on_in_top_ten": 0.9578744493392071}