{"loss": 0.5273403389343964, "mean_logp_gap_policy_chosen_rejected": 2.954657550651787, "mean_logp_gap_base_chosen_rejected": 1.7405006820629525, "mean_gap_improvement": 1.2141568705761734, "top1_accuracy_on_chosen_policy": 0.3685855692906068, "top1_accuracy_on_chosen_base": 0.37613961982460004, "mean_p_chosen_policy": 0.3332160950312549, "mean_p_chosen_base": 0.29145635624483374, "mean_kl": 0.17034485627583892, "mean_ent_pi": 0.9936485514102984, "mean_ent_ref": 1.4950766142037548}