{
  "loss": 0.5273403389343964,
  "mean_logp_gap_policy_chosen_rejected": 2.954657550651787,
  "mean_logp_gap_base_chosen_rejected": 1.7405006820629525,
  "mean_gap_improvement": 1.2141568705761734,
  "top1_accuracy_on_chosen_policy": 0.3685855692906068,
  "top1_accuracy_on_chosen_base": 0.37613961982460004,
  "mean_p_chosen_policy": 0.3332160950312549,
  "mean_p_chosen_base": 0.29145635624483374,
  "mean_kl": 0.17034485627583892,
  "mean_ent_pi": 0.9936485514102984,
  "mean_ent_ref": 1.4950766142037548,
  "n_rows": 3839,
  "phase_summary": {
    "kl_pi_ref": {
      "opening": {
        "n": 925,
        "mean": 0.32429914834103674,
        "median": 0.18431107699871063,
        "p90": 0.6304877996444702,
        "p95": 1.457133412361145,
        "p99": 2.1657087802886963
      },
      "middlegame": {
        "n": 1430,
        "mean": 0.12863806894869653,
        "median": 0.11413274705410004,
        "p90": 0.2353149801492691,
        "p95": 0.2799142301082611,
        "p99": 0.3798910081386566
      },
      "endgame": {
        "n": 1484,
        "mean": 0.11457193764304348,
        "median": 0.101417675614357,
        "p90": 0.2073993980884552,
        "p95": 0.24816159904003143,
        "p99": 0.333857923746109
      }
    },
    "logp_gap_pi": {
      "opening": {
        "n": 925,
        "mean": 4.310406681524741,
        "median": 4.052896499633789,
        "p90": 11.091572761535645,
        "p95": 13.577987670898438,
        "p99": 16.839920043945312
      },
      "middlegame": {
        "n": 1430,
        "mean": 2.5121777530525113,
        "median": 2.222365379333496,
        "p90": 7.978527069091797,
        "p95": 10.067235946655273,
        "p99": 12.946443557739258
      },
      "endgame": {
        "n": 1484,
        "mean": 2.5359771135602034,
        "median": 2.3527870178222656,
        "p90": 8.229140281677246,
        "p95": 9.645380020141602,
        "p99": 13.03483772277832
      }
    },
    "p_chosen_pi": {
      "opening": {
        "n": 925,
        "mean": 0.38913259572647374,
        "median": 0.22891108691692352,
        "p90": 0.97746741771698,
        "p95": 0.9941878318786621,
        "p99": 0.9997413754463196
      },
      "middlegame": {
        "n": 1430,
        "mean": 0.30304532602353046,
        "median": 0.16015628725290298,
        "p90": 0.8503041863441467,
        "p95": 0.9349413514137268,
        "p99": 0.9915880560874939
      },
      "endgame": {
        "n": 1484,
        "mean": 0.32743539264328986,
        "median": 0.19018635153770447,
        "p90": 0.8991137146949768,
        "p95": 0.9607235789299011,
        "p99": 0.9978493452072144
      }
    },
    "correct_top1": {
      "opening": {
        "n": 925,
        "mean": 0.41621621621621624,
        "median": 0.0,
        "p90": 1.0,
        "p95": 1.0,
        "p99": 1.0
      },
      "middlegame": {
        "n": 1430,
        "mean": 0.34685314685314683,
        "median": 0.0,
        "p90": 1.0,
        "p95": 1.0,
        "p99": 1.0
      },
      "endgame": {
        "n": 1484,
        "mean": 0.35983827493261455,
        "median": 0.0,
        "p90": 1.0,
        "p95": 1.0,
        "p99": 1.0
      }
    }
  },
  "bootstrap_ci_row": {
    "accuracy_top1": {
      "mean": 0.36858556915863505,
      "lo": 0.34904923157072154,
      "hi": 0.382912216723105
    },
    "mean_logp_gap_pi": {
      "mean": 2.9546575680642926,
      "lo": 2.835106392163229,
      "hi": 3.090017017480699
    },
    "mean_p_chosen_pi": {
      "mean": 0.3332160953225525,
      "lo": 0.324452933039121,
      "hi": 0.3425796890587381
    },
    "mrr": {
      "mean": 0.5648298454392102,
      "lo": 0.5530804690346441,
      "hi": 0.5760326808245476
    }
  },
  "bootstrap_ci_cluster_by_game_player_chosen": {
    "accuracy_top1": {
      "mean": 0.36858556915863505,
      "lo": 0.35139400315623354,
      "hi": 0.38155366456217404,
      "n_clusters": 99
    },
    "mean_logp_gap_pi": {
      "mean": 2.9546575680642926,
      "lo": 2.7785547786522633,
      "hi": 3.0931613133275713,
      "n_clusters": 99
    },
    "mean_p_chosen_pi": {
      "mean": 0.3332160953225525,
      "lo": 0.31998636033024386,
      "hi": 0.3469353926819071,
      "n_clusters": 99
    },
    "mrr": {
      "mean": 0.5648298454392102,
      "lo": 0.5519184312968324,
      "hi": 0.5756921242191587,
      "n_clusters": 99
    }
  },
  "opening_family_counts_by_game_player_chosen": {
    "Indian Defense (1...Nf6)": 27,
    "Other": 23,
    "Queen's Pawn (1...d5)": 21,
    "Sicilian": 9,
    "Open Game (1...e5)": 9,
    "French / e6": 6,
    "Caro-Kann": 4
  },
  "notes": {
    "opening_family_is_coarse_heuristic_player_chosen": true,
    "precision_recall_f1_equals_accuracy_for_top1_hit": true
  }
}