loss,mean_logp_gap_policy_chosen_rejected,mean_logp_gap_base_chosen_rejected,mean_gap_improvement,top1_accuracy_on_chosen_policy,top1_accuracy_on_chosen_base,mean_p_chosen_policy,mean_p_chosen_base,mean_kl,mean_ent_pi,mean_ent_ref
1.974333638665452,1.74934376096564,1.7405006820629525,0.008843054771268078,0.39228965885069694,0.37613961982460004,0.29320886530861257,0.29145635624483374,0.12058495219159356,1.5814567443510306,1.4950766142037548
