{"loss": 1.9744104247876957, "mean_logp_gap_policy_chosen_rejected": 1.7409876621337756, "mean_logp_gap_base_chosen_rejected": 1.7405006820629525, "mean_gap_improvement": 0.0004869422259880994, "top1_accuracy_on_chosen_policy": 0.3876009378451238, "top1_accuracy_on_chosen_base": 0.37613961982460004, "mean_p_chosen_policy": 0.2922628728338566, "mean_p_chosen_base": 0.29145635624483374, "mean_kl": 0.11249282746715265, "mean_ent_pi": 1.5859064501876414, "mean_ent_ref": 1.4950766142037548, "top1_precision": 0.38760093774420423, "top1_recall": 0.38760093774420423, "top1_f1": 0.38760093774420423, "top3_precision": 0.7145089867152904, "top3_recall": 0.7145089867152904, "top3_f1": 0.7145089867152904, "top5_precision": 0.8528262568377182, "top5_recall": 0.8528262568377182, "top5_f1": 0.8528262568377182, "top10_precision": 0.9679604063558218, "top10_recall": 0.9679604063558218, "top10_f1": 0.9679604063558218, "mean_logp_gap_policy_chosen_rejected_cond_on_not_in_top_ten": 0.6536416926821649, "mean_logp_gap_base_chosen_rejected_cond_on_not_in_top_ten": 0.42713115756638387, "mean_gap_improvement_cond_on_not_in_top_ten": 0.2265105328122199, "top1_accuracy_on_chosen_policy_cond_on_not_in_top_ten": 0.18840579710144928, "top1_accuracy_on_chosen_base_cond_on_not_in_top_ten": 0.15942028985507245, "mean_p_chosen_policy_cond_on_not_in_top_ten": 0.13557701180531917, "mean_p_chosen_base_cond_on_not_in_top_ten": 0.13137424049491178, "mean_kl_cond_on_not_in_top_ten": 0.18015398512985828, "mean_ent_pi_cond_on_not_in_top_ten": 1.9287072751257155, "mean_ent_ref_cond_on_not_in_top_ten": 1.785375822281492, "top1_precision_cond_on_not_in_top_ten": 0.18840579710144928, "top1_recall_cond_on_not_in_top_ten": 0.18840579710144928, "top1_f1_cond_on_not_in_top_ten": 0.18840579710144928, "top3_precision_cond_on_not_in_top_ten": 0.42028985507246375, "top3_recall_cond_on_not_in_top_ten": 0.42028985507246375, "top3_f1_cond_on_not_in_top_ten": 0.42028985507246375, "top5_precision_cond_on_not_in_top_ten": 0.6183574879227053, "top5_recall_cond_on_not_in_top_ten": 0.6183574879227053, "top5_f1_cond_on_not_in_top_ten": 0.6183574879227053, "top10_precision_cond_on_not_in_top_ten": 0.8792270531400966, "top10_recall_cond_on_not_in_top_ten": 0.8792270531400966, "top10_f1_cond_on_not_in_top_ten": 0.8792270531400966, "mean_logp_gap_policy_chosen_rejected_cond_on_in_top_ten": 1.8029591753947578, "mean_logp_gap_base_chosen_rejected_cond_on_in_top_ten": 1.815354083734462, "mean_gap_improvement_cond_on_in_top_ten": -0.01239490779814216, "top1_accuracy_on_chosen_policy_cond_on_in_top_ten": 0.39895374449339205, "top1_accuracy_on_chosen_base_cond_on_in_top_ten": 0.38849118942731276, "mean_p_chosen_policy_cond_on_in_top_ten": 0.30119293166697464, "mean_p_chosen_base_cond_on_in_top_ten": 0.30057997608914555, "mean_kl_cond_on_in_top_ten": 0.1086365880544546, "mean_ent_pi_cond_on_in_top_ten": 1.5663690529066232, "mean_ent_ref_cond_on_in_top_ten": 1.4785314769861555, "top1_precision_cond_on_in_top_ten": 0.39895374449339205, "top1_recall_cond_on_in_top_ten": 0.39895374449339205, "top1_f1_cond_on_in_top_ten": 0.39895374449339205, "top3_precision_cond_on_in_top_ten": 0.7312775330396476, "top3_recall_cond_on_in_top_ten": 0.7312775330396476, "top3_f1_cond_on_in_top_ten": 0.7312775330396476, "top5_precision_cond_on_in_top_ten": 0.8661894273127754, "top5_recall_cond_on_in_top_ten": 0.8661894273127754, "top5_f1_cond_on_in_top_ten": 0.8661894273127754, "top10_precision_cond_on_in_top_ten": 0.9730176211453745, "top10_recall_cond_on_in_top_ten": 0.9730176211453745, "top10_f1_cond_on_in_top_ten": 0.9730176211453745}