loss,mean_logp_gap_policy_chosen_rejected,mean_logp_gap_base_chosen_rejected,mean_gap_improvement,top1_accuracy_on_chosen_policy,top1_accuracy_on_chosen_base,mean_p_chosen_policy,mean_p_chosen_base,mean_kl,mean_ent_pi,mean_ent_ref
1.893864133017049,1.6888249868152974,1.7405006820629525,-0.0516756990825984,0.39020578282579343,0.37613961982460004,0.2892219001394785,0.29145635624483374,0.1212763946700388,1.621837226603608,1.4950766142037548
