{"loss": 1.8913489323973998, "mean_logp_gap_policy_chosen_rejected": 1.6843024202857548, "mean_logp_gap_base_chosen_rejected": 1.7405006820629525, "mean_gap_improvement": -0.056198255683208825, "top1_accuracy_on_chosen_policy": 0.3920291743495248, "top1_accuracy_on_chosen_base": 0.37613961982460004, "mean_p_chosen_policy": 0.28941069046138757, "mean_p_chosen_base": 0.29145635624483374, "mean_kl": 0.11276364650972251, "mean_ent_pi": 1.6209274949615093, "mean_ent_ref": 1.4950766142037548, "top1_precision": 0.3920291742641313, "top1_recall": 0.3920291742641313, "top1_f1": 0.39202917426413136, "top3_precision": 0.7231049752539724, "top3_recall": 0.7231049752539724, "top3_f1": 0.7231049752539724, "top5_precision": 0.8520448033342016, "top5_recall": 0.8520448033342016, "top5_f1": 0.8520448033342015, "top10_precision": 0.9676999218546497, "top10_recall": 0.9676999218546497, "top10_f1": 0.9676999218546496, "mean_logp_gap_policy_chosen_rejected_cond_on_not_in_top_ten": 0.5831822571547135, "mean_logp_gap_base_chosen_rejected_cond_on_not_in_top_ten": 0.42713115756638387, "mean_gap_improvement_cond_on_not_in_top_ten": 0.15605110074011025, "top1_accuracy_on_chosen_policy_cond_on_not_in_top_ten": 0.15942028985507245, "top1_accuracy_on_chosen_base_cond_on_not_in_top_ten": 0.15942028985507245, "mean_p_chosen_policy_cond_on_not_in_top_ten": 0.13035380547453007, "mean_p_chosen_base_cond_on_not_in_top_ten": 0.13137424049491178, "mean_kl_cond_on_not_in_top_ten": 0.1748197459579774, "mean_ent_pi_cond_on_not_in_top_ten": 1.9679146214671757, "mean_ent_ref_cond_on_not_in_top_ten": 1.785375822281492, "top1_precision_cond_on_not_in_top_ten": 0.15942028985507245, "top1_recall_cond_on_not_in_top_ten": 0.15942028985507245, "top1_f1_cond_on_not_in_top_ten": 0.15942028985507245, "top3_precision_cond_on_not_in_top_ten": 0.4057971014492754, "top3_recall_cond_on_not_in_top_ten": 0.4057971014492754, "top3_f1_cond_on_not_in_top_ten": 0.4057971014492754, "top5_precision_cond_on_not_in_top_ten": 0.6231884057971014, "top5_recall_cond_on_not_in_top_ten": 0.6231884057971014, "top5_f1_cond_on_not_in_top_ten": 0.6231884057971014, "top10_precision_cond_on_not_in_top_ten": 0.8792270531400966, "top10_recall_cond_on_not_in_top_ten": 0.8792270531400966, "top10_f1_cond_on_not_in_top_ten": 0.8792270531400966, "mean_logp_gap_policy_chosen_rejected_cond_on_in_top_ten": 1.7470590169849243, "mean_logp_gap_base_chosen_rejected_cond_on_in_top_ten": 1.815354083734462, "mean_gap_improvement_cond_on_in_top_ten": -0.06829506605207132, "top1_accuracy_on_chosen_policy_cond_on_in_top_ten": 0.4052863436123348, "top1_accuracy_on_chosen_base_cond_on_in_top_ten": 0.38849118942731276, "mean_p_chosen_policy_cond_on_in_top_ten": 0.2984758816243695, "mean_p_chosen_base_cond_on_in_top_ten": 0.30057997608914555, "mean_kl_cond_on_in_top_ten": 0.10922685978645022, "mean_ent_pi_cond_on_in_top_ten": 1.6011515381307, "mean_ent_ref_cond_on_in_top_ten": 1.4785314769861555, "top1_precision_cond_on_in_top_ten": 0.4052863436123348, "top1_recall_cond_on_in_top_ten": 0.4052863436123348, "top1_f1_cond_on_in_top_ten": 0.4052863436123348, "top3_precision_cond_on_in_top_ten": 0.7411894273127754, "top3_recall_cond_on_in_top_ten": 0.7411894273127754, "top3_f1_cond_on_in_top_ten": 0.7411894273127754, "top5_precision_cond_on_in_top_ten": 0.8650881057268722, "top5_recall_cond_on_in_top_ten": 0.8650881057268722, "top5_f1_cond_on_in_top_ten": 0.8650881057268723, "top10_precision_cond_on_in_top_ten": 0.9727422907488987, "top10_recall_cond_on_in_top_ten": 0.9727422907488987, "top10_f1_cond_on_in_top_ten": 0.9727422907488987}