loss,mean_logp_gap_policy_chosen_rejected,mean_logp_gap_base_chosen_rejected,mean_gap_improvement,top1_accuracy_on_chosen_policy,top1_accuracy_on_chosen_base,mean_p_chosen_policy,mean_p_chosen_base,mean_kl,mean_ent_pi,mean_ent_ref
0.5314234878502031,3.5427609158232984,1.7405006820629525,1.802260197025626,0.37066944528445817,0.37613961982460004,0.3424282046571067,0.29145635624483374,0.3007741919964917,0.8469422042105899,1.4950766142037548
