{"loss": 0.9527088547783862, "mean_logp_gap_policy_chosen_rejected": 3.5447179368772552, "mean_logp_gap_base_chosen_rejected": 1.7405006820629525, "mean_gap_improvement": 1.8042171981440884, "top1_accuracy_on_chosen_policy": 0.37040896078328595, "top1_accuracy_on_chosen_base": 0.37613961982460004, "mean_p_chosen_policy": 0.3431830967845132, "mean_p_chosen_base": 0.29145635624483374, "mean_kl": 0.31754489836903343, "mean_ent_pi": 0.8364088555958532, "mean_ent_ref": 1.4950766142037548}