loss,mean_logp_gap_policy_chosen_rejected,mean_logp_gap_base_chosen_rejected,mean_gap_improvement,top1_accuracy_on_chosen_policy,top1_accuracy_on_chosen_base,mean_p_chosen_policy,mean_p_chosen_base,mean_kl,mean_ent_pi,mean_ent_ref
1.9701402030844464,1.7372492411758291,1.7405006820629525,-0.0032514528926693856,0.38838239134864033,0.37613961982460004,0.2922333746131555,0.29145635624483374,0.12600571168652114,1.5918196292245224,1.4950766142037548
