loss,mean_logp_gap_policy_chosen_rejected,mean_logp_gap_base_chosen_rejected,mean_gap_improvement,top1_accuracy_on_chosen_policy,top1_accuracy_on_chosen_base,mean_p_chosen_policy,mean_p_chosen_base,mean_kl,mean_ent_pi,mean_ent_ref
1.8134236016538063,1.6194408209133222,1.7405006820629525,-0.12105987008489275,0.3920291743339987,0.37613961982460004,0.2847005286450248,0.29145635624483374,0.12180669253483885,1.6648169066266922,1.4950766142037548
