{"loss": 1.97107975344448, "mean_logp_gap_policy_chosen_rejected": 1.7533371432369715, "mean_logp_gap_base_chosen_rejected": 1.7405006820629525, "mean_gap_improvement": 0.012836441180301725, "top1_accuracy_on_chosen_policy": 0.38786142234629595, "top1_accuracy_on_chosen_base": 0.37613961982460004, "mean_p_chosen_policy": 0.2938734042315348, "mean_p_chosen_base": 0.29145635624483374, "mean_kl": 0.11710795637498643, "mean_ent_pi": 1.576798054475777, "mean_ent_ref": 1.4950766142037548, "top1_precision": 0.3878614222453764, "top1_recall": 0.3878614222453764, "top1_f1": 0.38786142224537645, "top3_precision": 0.7246678822610054, "top3_recall": 0.7246678822610054, "top3_f1": 0.7246678822610054, "top5_precision": 0.8538681948424068, "top5_recall": 0.8538681948424068, "top5_f1": 0.8538681948424067, "top10_precision": 0.9679604063558218, "top10_recall": 0.9679604063558218, "top10_f1": 0.9679604063558218, "mean_logp_gap_policy_chosen_rejected_cond_on_not_in_top_ten": 0.6269046304306546, "mean_logp_gap_base_chosen_rejected_cond_on_not_in_top_ten": 0.42713115756638387, "mean_gap_improvement_cond_on_not_in_top_ten": 0.19977347286427077, "top1_accuracy_on_chosen_policy_cond_on_not_in_top_ten": 0.18357487922705315, "top1_accuracy_on_chosen_base_cond_on_not_in_top_ten": 0.15942028985507245, "mean_p_chosen_policy_cond_on_not_in_top_ten": 0.13311759393438943, "mean_p_chosen_base_cond_on_not_in_top_ten": 0.13137424049491178, "mean_kl_cond_on_not_in_top_ten": 0.1926351587112615, "mean_ent_pi_cond_on_not_in_top_ten": 1.9217784836672354, "mean_ent_ref_cond_on_not_in_top_ten": 1.785375822281492, "top1_precision_cond_on_not_in_top_ten": 0.18357487922705315, "top1_recall_cond_on_not_in_top_ten": 0.18357487922705315, "top1_f1_cond_on_not_in_top_ten": 0.18357487922705315, "top3_precision_cond_on_not_in_top_ten": 0.4057971014492754, "top3_recall_cond_on_not_in_top_ten": 0.4057971014492754, "top3_f1_cond_on_not_in_top_ten": 0.4057971014492754, "top5_precision_cond_on_not_in_top_ten": 0.5990338164251208, "top5_recall_cond_on_not_in_top_ten": 0.5990338164251208, "top5_f1_cond_on_not_in_top_ten": 0.5990338164251208, "top10_precision_cond_on_not_in_top_ten": 0.8743961352657005, "top10_recall_cond_on_not_in_top_ten": 0.8743961352657005, "top10_f1_cond_on_not_in_top_ten": 0.8743961352657004, "mean_logp_gap_policy_chosen_rejected_cond_on_in_top_ten": 1.8175363482472524, "mean_logp_gap_base_chosen_rejected_cond_on_in_top_ten": 1.815354083734462, "mean_gap_improvement_cond_on_in_top_ten": 0.002182265054352483, "top1_accuracy_on_chosen_policy_cond_on_in_top_ten": 0.3995044052863436, "top1_accuracy_on_chosen_base_cond_on_in_top_ten": 0.38849118942731276, "mean_p_chosen_policy_cond_on_in_top_ten": 0.30303542143266016, "mean_p_chosen_base_cond_on_in_top_ten": 0.30057997608914555, "mean_kl_cond_on_in_top_ten": 0.11280340419980378, "mean_ent_pi_cond_on_in_top_ten": 1.5571364687934173, "mean_ent_ref_cond_on_in_top_ten": 1.4785314769861555, "top1_precision_cond_on_in_top_ten": 0.3995044052863436, "top1_recall_cond_on_in_top_ten": 0.3995044052863436, "top1_f1_cond_on_in_top_ten": 0.3995044052863436, "top3_precision_cond_on_in_top_ten": 0.7428414096916299, "top3_recall_cond_on_in_top_ten": 0.7428414096916299, "top3_f1_cond_on_in_top_ten": 0.7428414096916299, "top5_precision_cond_on_in_top_ten": 0.8683920704845814, "top5_recall_cond_on_in_top_ten": 0.8683920704845814, "top5_f1_cond_on_in_top_ten": 0.8683920704845814, "top10_precision_cond_on_in_top_ten": 0.9732929515418502, "top10_recall_cond_on_in_top_ten": 0.9732929515418502, "top10_f1_cond_on_in_top_ten": 0.9732929515418502}