{"loss": 1.9653166777828641, "mean_logp_gap_policy_chosen_rejected": 1.753904443912501, "mean_logp_gap_base_chosen_rejected": 1.7405006820629525, "mean_gap_improvement": 0.013403750426230812, "top1_accuracy_on_chosen_policy": 0.3925501433518691, "top1_accuracy_on_chosen_base": 0.37613961982460004, "mean_p_chosen_policy": 0.2940669032194615, "mean_p_chosen_base": 0.29145635624483374, "mean_kl": 0.11628344192165482, "mean_ent_pi": 1.5799250838097634, "mean_ent_ref": 1.4950766142037548, "top1_precision": 0.39255014326647564, "top1_recall": 0.39255014326647564, "top1_f1": 0.39255014326647564, "top3_precision": 0.7233654597551445, "top3_recall": 0.7233654597551445, "top3_f1": 0.7233654597551445, "top5_precision": 0.8523052878353738, "top5_recall": 0.8523052878353738, "top5_f1": 0.8523052878353738, "top10_precision": 0.9690023443605106, "top10_recall": 0.9690023443605106, "top10_f1": 0.9690023443605106, "mean_logp_gap_policy_chosen_rejected_cond_on_not_in_top_ten": 0.6332497032368241, "mean_logp_gap_base_chosen_rejected_cond_on_not_in_top_ten": 0.42713115756638387, "mean_gap_improvement_cond_on_not_in_top_ten": 0.20611854451865966, "top1_accuracy_on_chosen_policy_cond_on_not_in_top_ten": 0.1642512077294686, "top1_accuracy_on_chosen_base_cond_on_not_in_top_ten": 0.15942028985507245, "mean_p_chosen_policy_cond_on_not_in_top_ten": 0.1327471161821977, "mean_p_chosen_base_cond_on_not_in_top_ten": 0.13137424049491178, "mean_kl_cond_on_not_in_top_ten": 0.1956667623984299, "mean_ent_pi_cond_on_not_in_top_ten": 1.9254925549030304, "mean_ent_ref_cond_on_not_in_top_ten": 1.785375822281492, "top1_precision_cond_on_not_in_top_ten": 0.1642512077294686, "top1_recall_cond_on_not_in_top_ten": 0.1642512077294686, "top1_f1_cond_on_not_in_top_ten": 0.1642512077294686, "top3_precision_cond_on_not_in_top_ten": 0.4106280193236715, "top3_recall_cond_on_not_in_top_ten": 0.4106280193236715, "top3_f1_cond_on_not_in_top_ten": 0.41062801932367143, "top5_precision_cond_on_not_in_top_ten": 0.6183574879227053, "top5_recall_cond_on_not_in_top_ten": 0.6183574879227053, "top5_f1_cond_on_not_in_top_ten": 0.6183574879227053, "top10_precision_cond_on_not_in_top_ten": 0.8888888888888888, "top10_recall_cond_on_not_in_top_ten": 0.8888888888888888, "top10_f1_cond_on_not_in_top_ten": 0.8888888888888888, "mean_logp_gap_policy_chosen_rejected_cond_on_in_top_ten": 1.8177743627308223, "mean_logp_gap_base_chosen_rejected_cond_on_in_top_ten": 1.815354083734462, "mean_gap_improvement_cond_on_in_top_ten": 0.002420279587155397, "top1_accuracy_on_chosen_policy_cond_on_in_top_ten": 0.40556167400881055, "top1_accuracy_on_chosen_base_cond_on_in_top_ten": 0.38849118942731276, "mean_p_chosen_policy_cond_on_in_top_ten": 0.30326106858376084, "mean_p_chosen_base_cond_on_in_top_ten": 0.30057997608914555, "mean_kl_cond_on_in_top_ten": 0.11175911591765682, "mean_ent_pi_cond_on_in_top_ten": 1.5602300242840883, "mean_ent_ref_cond_on_in_top_ten": 1.4785314769861555, "top1_precision_cond_on_in_top_ten": 0.40556167400881055, "top1_recall_cond_on_in_top_ten": 0.40556167400881055, "top1_f1_cond_on_in_top_ten": 0.4055616740088105, "top3_precision_cond_on_in_top_ten": 0.7411894273127754, "top3_recall_cond_on_in_top_ten": 0.7411894273127754, "top3_f1_cond_on_in_top_ten": 0.7411894273127754, "top5_precision_cond_on_in_top_ten": 0.8656387665198237, "top5_recall_cond_on_in_top_ten": 0.8656387665198237, "top5_f1_cond_on_in_top_ten": 0.8656387665198237, "top10_precision_cond_on_in_top_ten": 0.973568281938326, "top10_recall_cond_on_in_top_ten": 0.973568281938326, "top10_f1_cond_on_in_top_ten": 0.9735682819383261}