{"loss": 0.7350488877228133, "mean_logp_gap_policy_chosen_rejected": 3.7642701050986163, "mean_logp_gap_base_chosen_rejected": 1.7405006820629525, "mean_gap_improvement": 2.0237694359533673, "top1_accuracy_on_chosen_policy": 0.3688460537607268, "top1_accuracy_on_chosen_base": 0.37613961982460004, "mean_p_chosen_policy": 0.34373726055130854, "mean_p_chosen_base": 0.29145635624483374, "mean_kl": 0.34407990846387976, "mean_ent_pi": 0.7928410653615874, "mean_ent_ref": 1.4950766142037548}