{"loss": 0.5727677729391251, "mean_logp_gap_policy_chosen_rejected": 5.5426306214050625, "mean_logp_gap_base_chosen_rejected": 1.7405006820629525, "mean_gap_improvement": 3.802129920493442, "top1_accuracy_on_chosen_policy": 0.3563427977510404, "top1_accuracy_on_chosen_base": 0.37613961982460004, "mean_p_chosen_policy": 0.34411883841706115, "mean_p_chosen_base": 0.29145635624483374, "mean_kl": 0.6047575377834188, "mean_ent_pi": 0.5398198610701018, "mean_ent_ref": 1.4950766142037548, "top1_precision": 0.3563427976035426, "top1_recall": 0.3563427976035426, "top1_f1": 0.3563427976035426, "top3_precision": 0.6723104975253973, "top3_recall": 0.6723104975253973, "top3_f1": 0.6723104975253973, "top5_precision": 0.8035946861161761, "top5_recall": 0.8035946861161761, "top5_f1": 0.8035946861161761, "top10_precision": 0.9359208127116436, "top10_recall": 0.9359208127116436, "top10_f1": 0.9359208127116435, "mean_logp_gap_policy_chosen_rejected_cond_on_not_in_top_ten": 2.6302724051590705, "mean_logp_gap_base_chosen_rejected_cond_on_not_in_top_ten": 0.42713115756638387, "mean_gap_improvement_cond_on_not_in_top_ten": 2.2031412395302223, "top1_accuracy_on_chosen_policy_cond_on_not_in_top_ten": 0.25120772946859904, "top1_accuracy_on_chosen_base_cond_on_not_in_top_ten": 0.15942028985507245, "mean_p_chosen_policy_cond_on_not_in_top_ten": 0.20116488162653082, "mean_p_chosen_base_cond_on_not_in_top_ten": 0.13137424049491178, "mean_kl_cond_on_not_in_top_ten": 0.7517820298131825, "mean_ent_pi_cond_on_not_in_top_ten": 0.7036866875209523, "mean_ent_ref_cond_on_not_in_top_ten": 1.785375822281492, "top1_precision_cond_on_not_in_top_ten": 0.25120772946859904, "top1_recall_cond_on_not_in_top_ten": 0.25120772946859904, "top1_f1_cond_on_not_in_top_ten": 0.25120772946859904, "top3_precision_cond_on_not_in_top_ten": 0.463768115942029, "top3_recall_cond_on_not_in_top_ten": 0.463768115942029, "top3_f1_cond_on_not_in_top_ten": 0.463768115942029, "top5_precision_cond_on_not_in_top_ten": 0.5893719806763285, "top5_recall_cond_on_not_in_top_ten": 0.5893719806763285, "top5_f1_cond_on_not_in_top_ten": 0.5893719806763285, "top10_precision_cond_on_not_in_top_ten": 0.821256038647343, "top10_recall_cond_on_not_in_top_ten": 0.821256038647343, "top10_f1_cond_on_not_in_top_ten": 0.8212560386473429, "mean_logp_gap_policy_chosen_rejected_cond_on_in_top_ten": 5.708615794260925, "mean_logp_gap_base_chosen_rejected_cond_on_in_top_ten": 1.815354083734462, "mean_gap_improvement_cond_on_in_top_ten": 3.8932617134312046, "top1_accuracy_on_chosen_policy_cond_on_in_top_ten": 0.3623348017621145, "top1_accuracy_on_chosen_base_cond_on_in_top_ten": 0.38849118942731276, "mean_p_chosen_policy_cond_on_in_top_ten": 0.35226626458699734, "mean_p_chosen_base_cond_on_in_top_ten": 0.30057997608914555, "mean_kl_cond_on_in_top_ten": 0.5963781149712464, "mean_ent_pi_cond_on_in_top_ten": 0.530480528998872, "mean_ent_ref_cond_on_in_top_ten": 1.4785314769861555, "top1_precision_cond_on_in_top_ten": 0.3623348017621145, "top1_recall_cond_on_in_top_ten": 0.3623348017621145, "top1_f1_cond_on_in_top_ten": 0.3623348017621145, "top3_precision_cond_on_in_top_ten": 0.6841960352422908, "top3_recall_cond_on_in_top_ten": 0.6841960352422908, "top3_f1_cond_on_in_top_ten": 0.6841960352422908, "top5_precision_cond_on_in_top_ten": 0.8158039647577092, "top5_recall_cond_on_in_top_ten": 0.8158039647577092, "top5_f1_cond_on_in_top_ten": 0.8158039647577092, "top10_precision_cond_on_in_top_ten": 0.9424559471365639, "top10_recall_cond_on_in_top_ten": 0.9424559471365639, "top10_f1_cond_on_in_top_ten": 0.942455947136564}