{"loss": 2.1230366181569598, "mean_logp_gap_policy_chosen_rejected": 1.862843304880276, "mean_logp_gap_base_chosen_rejected": 1.7405006820629525, "mean_gap_improvement": 0.12234259512654876, "top1_accuracy_on_chosen_policy": 0.3886428758342864, "top1_accuracy_on_chosen_base": 0.37613961982460004, "mean_p_chosen_policy": 0.30022139280964605, "mean_p_chosen_base": 0.29145635624483374, "mean_kl": 0.09712087471881364, "mean_ent_pi": 1.5131701016432297, "mean_ent_ref": 1.4950766142037548, "top1_precision": 0.38864287574889295, "top1_recall": 0.38864287574889295, "top1_f1": 0.38864287574889295, "top3_precision": 0.7184162542328731, "top3_recall": 0.7184162542328731, "top3_f1": 0.7184162542328731, "top5_precision": 0.8549101328470956, "top5_recall": 0.8549101328470956, "top5_f1": 0.8549101328470955, "top10_precision": 0.9679604063558218, "top10_recall": 0.9679604063558218, "top10_f1": 0.9679604063558218, "mean_logp_gap_policy_chosen_rejected_cond_on_not_in_top_ten": 0.6673742051861712, "mean_logp_gap_base_chosen_rejected_cond_on_not_in_top_ten": 0.42713115756638387, "mean_gap_improvement_cond_on_not_in_top_ten": 0.24024304646800682, "top1_accuracy_on_chosen_policy_cond_on_not_in_top_ten": 0.1642512077294686, "top1_accuracy_on_chosen_base_cond_on_not_in_top_ten": 0.15942028985507245, "mean_p_chosen_policy_cond_on_not_in_top_ten": 0.1342471076027872, "mean_p_chosen_base_cond_on_not_in_top_ten": 0.13137424049491178, "mean_kl_cond_on_not_in_top_ten": 0.14469405249602516, "mean_ent_pi_cond_on_not_in_top_ten": 1.8459353128781066, "mean_ent_ref_cond_on_not_in_top_ten": 1.785375822281492, "top1_precision_cond_on_not_in_top_ten": 0.1642512077294686, "top1_recall_cond_on_not_in_top_ten": 0.1642512077294686, "top1_f1_cond_on_not_in_top_ten": 0.1642512077294686, "top3_precision_cond_on_not_in_top_ten": 0.4106280193236715, "top3_recall_cond_on_not_in_top_ten": 0.4106280193236715, "top3_f1_cond_on_not_in_top_ten": 0.41062801932367143, "top5_precision_cond_on_not_in_top_ten": 0.5990338164251208, "top5_recall_cond_on_not_in_top_ten": 0.5990338164251208, "top5_f1_cond_on_not_in_top_ten": 0.5990338164251208, "top10_precision_cond_on_not_in_top_ten": 0.8792270531400966, "top10_recall_cond_on_not_in_top_ten": 0.8792270531400966, "top10_f1_cond_on_not_in_top_ten": 0.8792270531400966, "mean_logp_gap_policy_chosen_rejected_cond_on_in_top_ten": 1.9309771338863388, "mean_logp_gap_base_chosen_rejected_cond_on_in_top_ten": 1.815354083734462, "mean_gap_improvement_cond_on_in_top_ten": 0.1156230510052474, "top1_accuracy_on_chosen_policy_cond_on_in_top_ten": 0.401431718061674, "top1_accuracy_on_chosen_base_cond_on_in_top_ten": 0.38849118942731276, "mean_p_chosen_policy_cond_on_in_top_ten": 0.3096808298908015, "mean_p_chosen_base_cond_on_in_top_ten": 0.30057997608914555, "mean_kl_cond_on_in_top_ten": 0.0944095168437311, "mean_ent_pi_cond_on_in_top_ten": 1.4942046866253724, "mean_ent_ref_cond_on_in_top_ten": 1.4785314769861555, "top1_precision_cond_on_in_top_ten": 0.401431718061674, "top1_recall_cond_on_in_top_ten": 0.401431718061674, "top1_f1_cond_on_in_top_ten": 0.401431718061674, "top3_precision_cond_on_in_top_ten": 0.7359581497797357, "top3_recall_cond_on_in_top_ten": 0.7359581497797357, "top3_f1_cond_on_in_top_ten": 0.7359581497797358, "top5_precision_cond_on_in_top_ten": 0.8694933920704846, "top5_recall_cond_on_in_top_ten": 0.8694933920704846, "top5_f1_cond_on_in_top_ten": 0.8694933920704846, "top10_precision_cond_on_in_top_ten": 0.9730176211453745, "top10_recall_cond_on_in_top_ten": 0.9730176211453745, "top10_f1_cond_on_in_top_ten": 0.9730176211453745}