{"loss": 2.1234068133986908, "mean_logp_gap_policy_chosen_rejected": 1.873264401273884, "mean_logp_gap_base_chosen_rejected": 1.7405006820629525, "mean_gap_improvement": 0.1327636932027964, "top1_accuracy_on_chosen_policy": 0.3899452983401473, "top1_accuracy_on_chosen_base": 0.37613961982460004, "mean_p_chosen_policy": 0.299945782438235, "mean_p_chosen_base": 0.29145635624483374, "mean_kl": 0.11697190992221698, "mean_ent_pi": 1.5141812601447198, "mean_ent_ref": 1.4950766142037548, "top1_precision": 0.3899452982547538, "top1_recall": 0.3899452982547538, "top1_f1": 0.38994529825475377, "top3_precision": 0.7199791612399062, "top3_recall": 0.7199791612399062, "top3_f1": 0.7199791612399062, "top5_precision": 0.8541286793435791, "top5_recall": 0.8541286793435791, "top5_f1": 0.8541286793435791, "top10_precision": 0.9679604063558218, "top10_recall": 0.9679604063558218, "top10_f1": 0.9679604063558218, "mean_logp_gap_policy_chosen_rejected_cond_on_not_in_top_ten": 0.7081767804380776, "mean_logp_gap_base_chosen_rejected_cond_on_not_in_top_ten": 0.42713115756638387, "mean_gap_improvement_cond_on_not_in_top_ten": 0.2810456286305967, "top1_accuracy_on_chosen_policy_cond_on_not_in_top_ten": 0.15942028985507245, "top1_accuracy_on_chosen_base_cond_on_not_in_top_ten": 0.15942028985507245, "mean_p_chosen_policy_cond_on_not_in_top_ten": 0.13570136126667343, "mean_p_chosen_base_cond_on_not_in_top_ten": 0.13137424049491178, "mean_kl_cond_on_not_in_top_ten": 0.19767256751026652, "mean_ent_pi_cond_on_not_in_top_ten": 1.8508342368447261, "mean_ent_ref_cond_on_not_in_top_ten": 1.785375822281492, "top1_precision_cond_on_not_in_top_ten": 0.15942028985507245, "top1_recall_cond_on_not_in_top_ten": 0.15942028985507245, "top1_f1_cond_on_not_in_top_ten": 0.15942028985507245, "top3_precision_cond_on_not_in_top_ten": 0.3961352657004831, "top3_recall_cond_on_not_in_top_ten": 0.3961352657004831, "top3_f1_cond_on_not_in_top_ten": 0.3961352657004831, "top5_precision_cond_on_not_in_top_ten": 0.5942028985507246, "top5_recall_cond_on_not_in_top_ten": 0.5942028985507246, "top5_f1_cond_on_not_in_top_ten": 0.5942028985507246, "top10_precision_cond_on_not_in_top_ten": 0.8792270531400966, "top10_recall_cond_on_not_in_top_ten": 0.8792270531400966, "top10_f1_cond_on_not_in_top_ten": 0.8792270531400966, "mean_logp_gap_policy_chosen_rejected_cond_on_in_top_ten": 1.939666684905666, "mean_logp_gap_base_chosen_rejected_cond_on_in_top_ten": 1.815354083734462, "mean_gap_improvement_cond_on_in_top_ten": 0.12431260184405396, "top1_accuracy_on_chosen_policy_cond_on_in_top_ten": 0.40308370044052866, "top1_accuracy_on_chosen_base_cond_on_in_top_ten": 0.38849118942731276, "mean_p_chosen_policy_cond_on_in_top_ten": 0.30930663257116986, "mean_p_chosen_base_cond_on_in_top_ten": 0.30057997608914555, "mean_kl_cond_on_in_top_ten": 0.1123725055230861, "mean_ent_pi_cond_on_in_top_ten": 1.4949942825501579, "mean_ent_ref_cond_on_in_top_ten": 1.4785314769861555, "top1_precision_cond_on_in_top_ten": 0.40308370044052866, "top1_recall_cond_on_in_top_ten": 0.40308370044052866, "top1_f1_cond_on_in_top_ten": 0.4030837004405287, "top3_precision_cond_on_in_top_ten": 0.7384361233480177, "top3_recall_cond_on_in_top_ten": 0.7384361233480177, "top3_f1_cond_on_in_top_ten": 0.7384361233480177, "top5_precision_cond_on_in_top_ten": 0.8689427312775331, "top5_recall_cond_on_in_top_ten": 0.8689427312775331, "top5_f1_cond_on_in_top_ten": 0.8689427312775331, "top10_precision_cond_on_in_top_ten": 0.9730176211453745, "top10_recall_cond_on_in_top_ten": 0.9730176211453745, "top10_f1_cond_on_in_top_ten": 0.9730176211453745}