loss,mean_logp_gap_policy_chosen_rejected,mean_logp_gap_base_chosen_rejected,mean_gap_improvement,top1_accuracy_on_chosen_policy,top1_accuracy_on_chosen_base,mean_p_chosen_policy,mean_p_chosen_base,mean_kl,mean_ent_pi,mean_ent_ref
0.5263442532660347,2.79406231857582,1.7405006820629525,1.0535616316066243,0.37327429031170606,0.37613961982460004,0.3306486332096697,0.29145635624483374,0.13914685772247196,1.042043345177599,1.4950766142037548
