{"loss": 1.9773067953562358, "mean_logp_gap_policy_chosen_rejected": 1.7461272589580936, "mean_logp_gap_base_chosen_rejected": 1.7405006820629525, "mean_gap_improvement": 0.005626579697599756, "top1_accuracy_on_chosen_policy": 0.3925501433518691, "top1_accuracy_on_chosen_base": 0.37613961982460004, "mean_p_chosen_policy": 0.2926968434152581, "mean_p_chosen_base": 0.29145635624483374, "mean_kl": 0.11259692126177163, "mean_ent_pi": 1.5823241429081742, "mean_ent_ref": 1.4950766142037548, "top1_precision": 0.39255014326647564, "top1_recall": 0.39255014326647564, "top1_f1": 0.39255014326647564, "top3_precision": 0.7186767387340454, "top3_recall": 0.7186767387340454, "top3_f1": 0.7186767387340454, "top5_precision": 0.8528262568377182, "top5_recall": 0.8528262568377182, "top5_f1": 0.8528262568377182, "top10_precision": 0.9679604063558218, "top10_recall": 0.9679604063558218, "top10_f1": 0.9679604063558218, "mean_logp_gap_policy_chosen_rejected_cond_on_not_in_top_ten": 0.6305078400505914, "mean_logp_gap_base_chosen_rejected_cond_on_not_in_top_ten": 0.42713115756638387, "mean_gap_improvement_cond_on_not_in_top_ten": 0.2033766824842075, "top1_accuracy_on_chosen_policy_cond_on_not_in_top_ten": 0.15942028985507245, "top1_accuracy_on_chosen_base_cond_on_not_in_top_ten": 0.15942028985507245, "mean_p_chosen_policy_cond_on_not_in_top_ten": 0.13326151980206177, "mean_p_chosen_base_cond_on_not_in_top_ten": 0.13137424049491178, "mean_kl_cond_on_not_in_top_ten": 0.18187186187178184, "mean_ent_pi_cond_on_not_in_top_ten": 1.9209067474528787, "mean_ent_ref_cond_on_not_in_top_ten": 1.785375822281492, "top1_precision_cond_on_not_in_top_ten": 0.15942028985507245, "top1_recall_cond_on_not_in_top_ten": 0.15942028985507245, "top1_f1_cond_on_not_in_top_ten": 0.15942028985507245, "top3_precision_cond_on_not_in_top_ten": 0.41545893719806765, "top3_recall_cond_on_not_in_top_ten": 0.41545893719806765, "top3_f1_cond_on_not_in_top_ten": 0.41545893719806765, "top5_precision_cond_on_not_in_top_ten": 0.5990338164251208, "top5_recall_cond_on_not_in_top_ten": 0.5990338164251208, "top5_f1_cond_on_not_in_top_ten": 0.5990338164251208, "top10_precision_cond_on_not_in_top_ten": 0.8743961352657005, "top10_recall_cond_on_not_in_top_ten": 0.8743961352657005, "top10_f1_cond_on_not_in_top_ten": 0.8743961352657004, "mean_logp_gap_policy_chosen_rejected_cond_on_in_top_ten": 1.809710213413979, "mean_logp_gap_base_chosen_rejected_cond_on_in_top_ten": 1.815354083734462, "mean_gap_improvement_cond_on_in_top_ten": -0.00564386974609896, "top1_accuracy_on_chosen_policy_cond_on_in_top_ten": 0.40583700440528636, "top1_accuracy_on_chosen_base_cond_on_in_top_ten": 0.38849118942731276, "mean_p_chosen_policy_cond_on_in_top_ten": 0.3017836036525428, "mean_p_chosen_base_cond_on_in_top_ten": 0.30057997608914555, "mean_kl_cond_on_in_top_ten": 0.10864870878806103, "mean_ent_pi_cond_on_in_top_ten": 1.5630271469370056, "mean_ent_ref_cond_on_in_top_ten": 1.4785314769861555, "top1_precision_cond_on_in_top_ten": 0.40583700440528636, "top1_recall_cond_on_in_top_ten": 0.40583700440528636, "top1_f1_cond_on_in_top_ten": 0.40583700440528636, "top3_precision_cond_on_in_top_ten": 0.7359581497797357, "top3_recall_cond_on_in_top_ten": 0.7359581497797357, "top3_f1_cond_on_in_top_ten": 0.7359581497797358, "top5_precision_cond_on_in_top_ten": 0.8672907488986784, "top5_recall_cond_on_in_top_ten": 0.8672907488986784, "top5_f1_cond_on_in_top_ten": 0.8672907488986784, "top10_precision_cond_on_in_top_ten": 0.9732929515418502, "top10_recall_cond_on_in_top_ten": 0.9732929515418502, "top10_f1_cond_on_in_top_ten": 0.9732929515418502}