loss,mean_logp_gap_policy_chosen_rejected,mean_logp_gap_base_chosen_rejected,mean_gap_improvement,top1_accuracy_on_chosen_policy,top1_accuracy_on_chosen_base,mean_p_chosen_policy,mean_p_chosen_base,mean_kl,mean_ent_pi,mean_ent_ref
0.6033868166611014,6.690808964570571,1.7405006820629525,4.950308287507018,0.3412346967141061,0.37613961982460004,0.3328643055377015,0.29145635624483374,0.8105702697842592,0.4119332803975607,1.4950766142037548
