loss,mean_logp_gap_policy_chosen_rejected,mean_logp_gap_base_chosen_rejected,mean_gap_improvement,top1_accuracy_on_chosen_policy,top1_accuracy_on_chosen_base,mean_p_chosen_policy,mean_p_chosen_base,mean_kl,mean_ent_pi,mean_ent_ref
0.552946478089618,4.284742001600333,1.7405006820629525,2.5442413165253193,0.36545975526101454,0.37613961982460004,0.3461541306012992,0.29145635624483374,0.4392455869989179,0.7005765066230071,1.4950766142037548
