{"loss": 1.9701402030844464, "mean_logp_gap_policy_chosen_rejected": 1.7372492411758291, "mean_logp_gap_base_chosen_rejected": 1.7405006820629525, "mean_gap_improvement": -0.0032514528926693856, "top1_accuracy_on_chosen_policy": 0.38838239134864033, "top1_accuracy_on_chosen_base": 0.37613961982460004, "mean_p_chosen_policy": 0.2922333746131555, "mean_p_chosen_base": 0.29145635624483374, "mean_kl": 0.12600571168652114, "mean_ent_pi": 1.5918196292245224, "mean_ent_ref": 1.4950766142037548, "top1_precision": 0.3883823912477208, "top1_recall": 0.3883823912477208, "top1_f1": 0.3883823912477208, "top3_precision": 0.7241469132586611, "top3_recall": 0.7241469132586611, "top3_f1": 0.7241469132586611, "top5_precision": 0.8528262568377182, "top5_recall": 0.8528262568377182, "top5_f1": 0.8528262568377182, "top10_precision": 0.9671789528523053, "top10_recall": 0.9671789528523053, "top10_f1": 0.9671789528523053, "mean_logp_gap_policy_chosen_rejected_cond_on_not_in_top_ten": 0.6128629895224087, "mean_logp_gap_base_chosen_rejected_cond_on_not_in_top_ten": 0.42713115756638387, "mean_gap_improvement_cond_on_not_in_top_ten": 0.18573183080424432, "top1_accuracy_on_chosen_policy_cond_on_not_in_top_ten": 0.1642512077294686, "top1_accuracy_on_chosen_base_cond_on_not_in_top_ten": 0.15942028985507245, "mean_p_chosen_policy_cond_on_not_in_top_ten": 0.13211786108710316, "mean_p_chosen_base_cond_on_not_in_top_ten": 0.13137424049491178, "mean_kl_cond_on_not_in_top_ten": 0.21748435754859866, "mean_ent_pi_cond_on_not_in_top_ten": 1.933509040425941, "mean_ent_ref_cond_on_not_in_top_ten": 1.785375822281492, "top1_precision_cond_on_not_in_top_ten": 0.1642512077294686, "top1_recall_cond_on_not_in_top_ten": 0.1642512077294686, "top1_f1_cond_on_not_in_top_ten": 0.1642512077294686, "top3_precision_cond_on_not_in_top_ten": 0.4106280193236715, "top3_recall_cond_on_not_in_top_ten": 0.4106280193236715, "top3_f1_cond_on_not_in_top_ten": 0.41062801932367143, "top5_precision_cond_on_not_in_top_ten": 0.6135265700483091, "top5_recall_cond_on_not_in_top_ten": 0.6135265700483091, "top5_f1_cond_on_not_in_top_ten": 0.6135265700483091, "top10_precision_cond_on_not_in_top_ten": 0.8792270531400966, "top10_recall_cond_on_not_in_top_ten": 0.8792270531400966, "top10_f1_cond_on_not_in_top_ten": 0.8792270531400966, "mean_logp_gap_policy_chosen_rejected_cond_on_in_top_ten": 1.8013318328490473, "mean_logp_gap_base_chosen_rejected_cond_on_in_top_ten": 1.815354083734462, "mean_gap_improvement_cond_on_in_top_ten": -0.014022250442318454, "top1_accuracy_on_chosen_policy_cond_on_in_top_ten": 0.40115638766519823, "top1_accuracy_on_chosen_base_cond_on_in_top_ten": 0.38849118942731276, "mean_p_chosen_policy_cond_on_in_top_ten": 0.3013589009626224, "mean_p_chosen_base_cond_on_in_top_ten": 0.30057997608914555, "mean_kl_cond_on_in_top_ten": 0.12079203382703349, "mean_ent_pi_cond_on_in_top_ten": 1.5723455982818166, "mean_ent_ref_cond_on_in_top_ten": 1.4785314769861555, "top1_precision_cond_on_in_top_ten": 0.40115638766519823, "top1_recall_cond_on_in_top_ten": 0.40115638766519823, "top1_f1_cond_on_in_top_ten": 0.40115638766519823, "top3_precision_cond_on_in_top_ten": 0.7420154185022027, "top3_recall_cond_on_in_top_ten": 0.7420154185022027, "top3_f1_cond_on_in_top_ten": 0.7420154185022027, "top5_precision_cond_on_in_top_ten": 0.8664647577092511, "top5_recall_cond_on_in_top_ten": 0.8664647577092511, "top5_f1_cond_on_in_top_ten": 0.8664647577092511, "top10_precision_cond_on_in_top_ten": 0.9721916299559471, "top10_recall_cond_on_in_top_ten": 0.9721916299559471, "top10_f1_cond_on_in_top_ten": 0.972191629955947}