{"loss": 1.9718247911649993, "mean_logp_gap_policy_chosen_rejected": 1.744589993654983, "mean_logp_gap_base_chosen_rejected": 1.7405006820629525, "mean_gap_improvement": 0.004089300603443025, "top1_accuracy_on_chosen_policy": 0.3899452983401473, "top1_accuracy_on_chosen_base": 0.37613961982460004, "mean_p_chosen_policy": 0.29295075715255786, "mean_p_chosen_base": 0.29145635624483374, "mean_kl": 0.12386084764838746, "mean_ent_pi": 1.584395150214193, "mean_ent_ref": 1.4950766142037548, "top1_precision": 0.3899452982547538, "top1_recall": 0.3899452982547538, "top1_f1": 0.38994529825475377, "top3_precision": 0.7228444907528002, "top3_recall": 0.7228444907528002, "top3_f1": 0.7228444907528002, "top5_precision": 0.8523052878353738, "top5_recall": 0.8523052878353738, "top5_f1": 0.8523052878353738, "top10_precision": 0.9666579838499609, "top10_recall": 0.9666579838499609, "top10_f1": 0.966657983849961, "mean_logp_gap_policy_chosen_rejected_cond_on_not_in_top_ten": 0.6254162065648802, "mean_logp_gap_base_chosen_rejected_cond_on_not_in_top_ten": 0.42713115756638387, "mean_gap_improvement_cond_on_not_in_top_ten": 0.19828504727082552, "top1_accuracy_on_chosen_policy_cond_on_not_in_top_ten": 0.15942028985507245, "top1_accuracy_on_chosen_base_cond_on_not_in_top_ten": 0.15942028985507245, "mean_p_chosen_policy_cond_on_not_in_top_ten": 0.1323130580452407, "mean_p_chosen_base_cond_on_not_in_top_ten": 0.13137424049491178, "mean_kl_cond_on_not_in_top_ten": 0.20781696522001014, "mean_ent_pi_cond_on_not_in_top_ten": 1.9257224346128639, "mean_ent_ref_cond_on_not_in_top_ten": 1.785375822281492, "top1_precision_cond_on_not_in_top_ten": 0.15942028985507245, "top1_recall_cond_on_not_in_top_ten": 0.15942028985507245, "top1_f1_cond_on_not_in_top_ten": 0.15942028985507245, "top3_precision_cond_on_not_in_top_ten": 0.4106280193236715, "top3_recall_cond_on_not_in_top_ten": 0.4106280193236715, "top3_f1_cond_on_not_in_top_ten": 0.41062801932367143, "top5_precision_cond_on_not_in_top_ten": 0.5990338164251208, "top5_recall_cond_on_not_in_top_ten": 0.5990338164251208, "top5_f1_cond_on_not_in_top_ten": 0.5990338164251208, "top10_precision_cond_on_not_in_top_ten": 0.8743961352657005, "top10_recall_cond_on_not_in_top_ten": 0.8743961352657005, "top10_f1_cond_on_not_in_top_ten": 0.8743961352657004, "mean_logp_gap_policy_chosen_rejected_cond_on_in_top_ten": 1.8083755106948283, "mean_logp_gap_base_chosen_rejected_cond_on_in_top_ten": 1.815354083734462, "mean_gap_improvement_cond_on_in_top_ten": -0.006978573220154262, "top1_accuracy_on_chosen_policy_cond_on_in_top_ten": 0.40308370044052866, "top1_accuracy_on_chosen_base_cond_on_in_top_ten": 0.38849118942731276, "mean_p_chosen_policy_cond_on_in_top_ten": 0.30210604603347757, "mean_p_chosen_base_cond_on_in_top_ten": 0.30057997608914555, "mean_kl_cond_on_in_top_ten": 0.11907590449093347, "mean_ent_pi_cond_on_in_top_ten": 1.5649417435662156, "mean_ent_ref_cond_on_in_top_ten": 1.4785314769861555, "top1_precision_cond_on_in_top_ten": 0.40308370044052866, "top1_recall_cond_on_in_top_ten": 0.40308370044052866, "top1_f1_cond_on_in_top_ten": 0.4030837004405287, "top3_precision_cond_on_in_top_ten": 0.7406387665198237, "top3_recall_cond_on_in_top_ten": 0.7406387665198237, "top3_f1_cond_on_in_top_ten": 0.7406387665198237, "top5_precision_cond_on_in_top_ten": 0.8667400881057269, "top5_recall_cond_on_in_top_ten": 0.8667400881057269, "top5_f1_cond_on_in_top_ten": 0.8667400881057269, "top10_precision_cond_on_in_top_ten": 0.9719162995594713, "top10_recall_cond_on_in_top_ten": 0.9719162995594713, "top10_f1_cond_on_in_top_ten": 0.9719162995594712}