{
  "white_first_move_probs": {
    "e2e4": 0.11709479987621307,
    "d2d4": 0.24346071481704712,
    "c2c4": 0.10587172210216522,
    "g1f3": 0.2668268382549286,
    "g2g3": 0.01098408829420805,
    "b2b3": 0.17283454537391663,
    "f2f4": 0.0699203684926033,
    "b2b4": 0.00027197247254662216,
    "a2a4": 0.00010168056178372353
  },
  "white_other_mass": 0.012633269754587673,
  "black_reply_probs_cond_on_white": {
    "e2e4": {
      "fen_after_white": "rnbqkbnr/pppppppp/8/8/4P3/8/PPPP1PPP/RNBQKBNR b KQkq - 0 1",
      "black_reply_probs": {
        "c7c5": 0.2196599394083023,
        "e7e5": 0.23479188978672028,
        "e7e6": 0.036158427596092224,
        "c7c6": 0.004163383040577173,
        "d7d5": 0.22152931988239288,
        "g8f6": 0.07413781434297562,
        "g7g6": 0.021731778979301453,
        "d7d6": 0.03046363778412342
      },
      "other_mass": 0.15736380917951465
    },
    "d2d4": {
      "fen_after_white": "rnbqkbnr/pppppppp/8/8/3P4/8/PPP1PPPP/RNBQKBNR b KQkq - 0 1",
      "black_reply_probs": {
        "c7c5": 0.018245147541165352,
        "e7e5": 0.007786125410348177,
        "e7e6": 0.015171672217547894,
        "c7c6": 0.0006854361854493618,
        "d7d5": 0.19431225955486298,
        "g8f6": 0.57525235414505,
        "g7g6": 0.05531474947929382,
        "d7d6": 0.005549018736928701
      },
      "other_mass": 0.12768323672935367
    },
    "c2c4": {
      "fen_after_white": "rnbqkbnr/pppppppp/8/8/2P5/8/PP1PPPPP/RNBQKBNR b KQkq - 0 1",
      "black_reply_probs": {
        "c7c5": 0.062145207077264786,
        "e7e5": 0.11169092357158661,
        "e7e6": 0.007698453962802887,
        "c7c6": 0.0008428678847849369,
        "d7d5": 0.04026072472333908,
        "g8f6": 0.4255964756011963,
        "g7g6": 0.03997271880507469,
        "d7d6": 0.00996930617839098
      },
      "other_mass": 0.30182332219555974
    },
    "g1f3": {
      "fen_after_white": "rnbqkbnr/pppppppp/8/8/8/5N2/PPPPPPPP/RNBQKB1R b KQkq - 1 1",
      "black_reply_probs": {
        "c7c5": 0.10907503217458725,
        "e7e5": 0.02152007445693016,
        "e7e6": 0.003289200598374009,
        "c7c6": 0.0002518637920729816,
        "d7d5": 0.22096173465251923,
        "g8f6": 0.4872165024280548,
        "g7g6": 0.02125384658575058,
        "d7d6": 0.006129063665866852
      },
      "other_mass": 0.13030268164584413
    },
    "g2g3": {
      "fen_after_white": "rnbqkbnr/pppppppp/8/8/8/6P1/PPPPPP1P/RNBQKBNR b KQkq - 0 1",
      "black_reply_probs": {
        "c7c5": 0.06173262372612953,
        "e7e5": 0.15599291026592255,
        "e7e6": 0.003795538330450654,
        "c7c6": 0.000382101017748937,
        "d7d5": 0.2723381221294403,
        "g8f6": 0.29321762919425964,
        "g7g6": 0.012931237928569317,
        "d7d6": 0.005224388092756271
      },
      "other_mass": 0.1943854493147228
    },
    "b2b3": {
      "fen_after_white": "rnbqkbnr/pppppppp/8/8/8/1P6/P1PPPPPP/RNBQKBNR b KQkq - 0 1",
      "black_reply_probs": {
        "c7c5": 0.04898699373006821,
        "e7e5": 0.19715681672096252,
        "e7e6": 0.007317869458347559,
        "c7c6": 0.0005704549257643521,
        "d7d5": 0.25643765926361084,
        "g8f6": 0.28077542781829834,
        "g7g6": 0.04622694477438927,
        "d7d6": 0.0035075880587100983
      },
      "other_mass": 0.1590202452498488
    },
    "f2f4": {
      "fen_after_white": "rnbqkbnr/pppppppp/8/8/5P2/8/PPPPP1PP/RNBQKBNR b KQkq - 0 1",
      "black_reply_probs": {
        "c7c5": 0.0888943001627922,
        "e7e5": 0.073614202439785,
        "e7e6": 0.015124190598726273,
        "c7c6": 0.0008555976091884077,
        "d7d5": 0.29506877064704895,
        "g8f6": 0.3367539048194885,
        "g7g6": 0.022367777302861214,
        "d7d6": 0.010406973771750927
      },
      "other_mass": 0.1569142826483585
    },
    "b2b4": {
      "fen_after_white": "rnbqkbnr/pppppppp/8/8/1P6/8/P1PPPPPP/RNBQKBNR b KQkq - 0 1",
      "black_reply_probs": {
        "c7c5": 0.007846432738006115,
        "e7e5": 0.2576703131198883,
        "e7e6": 0.026193814352154732,
        "c7c6": 0.0023374317679554224,
        "d7d5": 0.2462645024061203,
        "g8f6": 0.21177177131175995,
        "g7g6": 0.09270753711462021,
        "d7d6": 0.008746860548853874
      },
      "other_mass": 0.1464613366406411
    },
    "a2a4": {
      "fen_after_white": "rnbqkbnr/pppppppp/8/8/P7/8/1PPPPPPP/RNBQKBNR b KQkq - 0 1",
      "black_reply_probs": {
        "c7c5": 0.04773052781820297,
        "e7e5": 0.1323479413986206,
        "e7e6": 0.004415579605847597,
        "c7c6": 0.00042760567157529294,
        "d7d5": 0.198725163936615,
        "g8f6": 0.35141614079475403,
        "g7g6": 0.014087699353694916,
        "d7d6": 0.004989155568182468
      },
      "other_mass": 0.24586018585250713
    }
  },
  "meta": {
    "elo_self": 2800,
    "elo_oppo": 2800,
    "temperature": 1.0,
    "maia_type": "blitz",
    "white_moves_probed": [
      "e2e4",
      "d2d4",
      "c2c4",
      "g1f3",
      "g2g3",
      "b2b3",
      "f2f4",
      "b2b4",
      "a2a4"
    ],
    "black_replies_probed": [
      "c7c5",
      "e7e5",
      "e7e6",
      "c7c6",
      "d7d5",
      "g8f6",
      "g7g6",
      "d7d6"
    ]
  }
}