{
  "white_first_move_probs": {
    "e2e4": 0.005067852325737476,
    "d2d4": 0.9203084707260132,
    "c2c4": 0.000736093265004456,
    "g1f3": 0.03564191982150078,
    "g2g3": 8.386765330214985e-06,
    "b2b3": 0.031822651624679565,
    "f2f4": 0.006403433624655008,
    "b2b4": 2.2751361683504e-08,
    "a2a4": 7.98773414491076e-15
  },
  "white_other_mass": 1.1169095709639976e-05,
  "black_reply_probs_cond_on_white": {
    "e2e4": {
      "fen_after_white": "rnbqkbnr/pppppppp/8/8/4P3/8/PPPP1PPP/RNBQKBNR b KQkq - 0 1",
      "black_reply_probs": {
        "c7c5": 0.0055980258621275425,
        "e7e5": 0.2547166049480438,
        "e7e6": 7.500832907680888e-06,
        "c7c6": 1.829574252515398e-12,
        "d7d5": 0.651840090751648,
        "g8f6": 0.019780363887548447,
        "g7g6": 3.712900070240721e-05,
        "d7d6": 6.966244109207764e-05
      },
      "other_mass": 0.06795062227410043
    },
    "d2d4": {
      "fen_after_white": "rnbqkbnr/pppppppp/8/8/3P4/8/PPP1PPPP/RNBQKBNR b KQkq - 0 1",
      "black_reply_probs": {
        "c7c5": 0.0007116228225640953,
        "e7e5": 0.001109205768443644,
        "e7e6": 6.730851964675821e-07,
        "c7c6": 1.059504860147914e-13,
        "d7d5": 0.9299665689468384,
        "g8f6": 0.05093646049499512,
        "g7g6": 4.3424879550002515e-05,
        "d7d6": 5.36041352461325e-06
      },
      "other_mass": 0.017226683588781766
    },
    "c2c4": {
      "fen_after_white": "rnbqkbnr/pppppppp/8/8/2P5/8/PP1PPPPP/RNBQKBNR b KQkq - 0 1",
      "black_reply_probs": {
        "c7c5": 0.007343733217567205,
        "e7e5": 0.05858958885073662,
        "e7e6": 5.4340976021194365e-06,
        "c7c6": 4.414183428502749e-12,
        "d7d5": 0.2695619761943817,
        "g8f6": 0.4382179379463196,
        "g7g6": 7.983505201991647e-05,
        "d7d6": 5.575947943725623e-05
      },
      "other_mass": 0.22614573515752134
    },
    "g1f3": {
      "fen_after_white": "rnbqkbnr/pppppppp/8/8/8/5N2/PPPPPPPP/RNBQKB1R b KQkq - 1 1",
      "black_reply_probs": {
        "c7c5": 0.004868505988270044,
        "e7e5": 0.005771798547357321,
        "e7e6": 8.654444059175148e-07,
        "c7c6": 7.255925461163715e-13,
        "d7d5": 0.8940721750259399,
        "g8f6": 0.05614916980266571,
        "g7g6": 2.4165594368241727e-05,
        "d7d6": 1.5951491150190122e-05
      },
      "other_mass": 0.03909736810511699
    },
    "g2g3": {
      "fen_after_white": "rnbqkbnr/pppppppp/8/8/8/6P1/PPPPPP1P/RNBQKBNR b KQkq - 0 1",
      "black_reply_probs": {
        "c7c5": 0.0015021662693470716,
        "e7e5": 0.015073131769895554,
        "e7e6": 4.544713760878949e-07,
        "c7c6": 8.558654544625621e-13,
        "d7d5": 0.7874190211296082,
        "g8f6": 0.07484151422977448,
        "g7g6": 2.0985715309507214e-05,
        "d7d6": 1.0158602890442125e-05
      },
      "other_mass": 0.12113256781094284
    },
    "b2b3": {
      "fen_after_white": "rnbqkbnr/pppppppp/8/8/8/1P6/P1PPPPPP/RNBQKBNR b KQkq - 0 1",
      "black_reply_probs": {
        "c7c5": 0.000221085108933039,
        "e7e5": 0.02784290723502636,
        "e7e6": 3.5972220757685136e-07,
        "c7c6": 5.310032605678264e-14,
        "d7d5": 0.8341807723045349,
        "g8f6": 0.09494458884000778,
        "g7g6": 0.00010683444997994229,
        "d7d6": 1.4897250366630033e-06
      },
      "other_mass": 0.04270196261422066
    },
    "f2f4": {
      "fen_after_white": "rnbqkbnr/pppppppp/8/8/5P2/8/PPPPP1PP/RNBQKBNR b KQkq - 0 1",
      "black_reply_probs": {
        "c7c5": 0.0008065039874054492,
        "e7e5": 0.0029056870844215155,
        "e7e6": 5.350648848434503e-07,
        "c7c6": 1.6158749956574764e-13,
        "d7d5": 0.9542213082313538,
        "g8f6": 0.02876342460513115,
        "g7g6": 1.1041762263630517e-05,
        "d7d6": 5.604135822068201e-06
      },
      "other_mass": 0.013285895128556047
    },
    "b2b4": {
      "fen_after_white": "rnbqkbnr/pppppppp/8/8/1P6/8/P1PPPPPP/RNBQKBNR b KQkq - 0 1",
      "black_reply_probs": {
        "c7c5": 3.514088530209847e-05,
        "e7e5": 0.05293942242860794,
        "e7e6": 2.4671221581229474e-06,
        "c7c6": 3.8192344252452326e-13,
        "d7d5": 0.8619710206985474,
        "g8f6": 0.06290154159069061,
        "g7g6": 0.00010046744137071073,
        "d7d6": 2.0983370632166043e-06
      },
      "other_mass": 0.022047841495878018
    },
    "a2a4": {
      "fen_after_white": "rnbqkbnr/pppppppp/8/8/P7/8/1PPPPPPP/RNBQKBNR b KQkq - 0 1",
      "black_reply_probs": {
        "c7c5": 0.00026844226522371173,
        "e7e5": 0.008134618401527405,
        "e7e6": 4.0588747651781887e-07,
        "c7c6": 4.514983493412311e-13,
        "d7d5": 0.8329900503158569,
        "g8f6": 0.07591766119003296,
        "g7g6": 8.532842912245542e-06,
        "d7d6": 7.83565246820217e-06
      },
      "other_mass": 0.0826724534440505
    }
  },
  "meta": {
    "elo_self": 2800,
    "elo_oppo": 2800,
    "temperature": 1.0,
    "maia_type": "blitz",
    "white_moves_probed": [
      "e2e4",
      "d2d4",
      "c2c4",
      "g1f3",
      "g2g3",
      "b2b3",
      "f2f4",
      "b2b4",
      "a2a4"
    ],
    "black_replies_probed": [
      "c7c5",
      "e7e5",
      "e7e6",
      "c7c6",
      "d7d5",
      "g8f6",
      "g7g6",
      "d7d6"
    ]
  }
}