{
  "white_first_move_probs": {
    "e2e4": 0.10464908182621002,
    "d2d4": 0.12660065293312073,
    "c2c4": 0.1317387968301773,
    "g1f3": 0.18725678324699402,
    "g2g3": 0.01384856179356575,
    "b2b3": 0.2945443093776703,
    "f2f4": 0.12679965794086456,
    "b2b4": 0.0005284575745463371,
    "a2a4": 0.0002152960078092292
  },
  "white_other_mass": 0.013818402469041757,
  "black_reply_probs_cond_on_white": {
    "e2e4": {
      "fen_after_white": "rnbqkbnr/pppppppp/8/8/4P3/8/PPPP1PPP/RNBQKBNR b KQkq - 0 1",
      "black_reply_probs": {
        "c7c5": 0.31148743629455566,
        "e7e5": 0.22333429753780365,
        "e7e6": 0.0255958940833807,
        "c7c6": 0.004988332279026508,
        "d7d5": 0.1256798356771469,
        "g8f6": 0.041826266795396805,
        "g7g6": 0.017029674723744392,
        "d7d6": 0.024147098883986473
      },
      "other_mass": 0.2259111637249589
    },
    "d2d4": {
      "fen_after_white": "rnbqkbnr/pppppppp/8/8/3P4/8/PPP1PPPP/RNBQKBNR b KQkq - 0 1",
      "black_reply_probs": {
        "c7c5": 0.020534269511699677,
        "e7e5": 0.006626485846936703,
        "e7e6": 0.013842335902154446,
        "c7c6": 0.0010204454883933067,
        "d7d5": 0.12796679139137268,
        "g8f6": 0.5623257160186768,
        "g7g6": 0.0716567412018776,
        "d7d6": 0.005329717881977558
      },
      "other_mass": 0.19069749675691128
    },
    "c2c4": {
      "fen_after_white": "rnbqkbnr/pppppppp/8/8/2P5/8/PP1PPPPP/RNBQKBNR b KQkq - 0 1",
      "black_reply_probs": {
        "c7c5": 0.07728717476129532,
        "e7e5": 0.10106021910905838,
        "e7e6": 0.006438273936510086,
        "c7c6": 0.0009254466858692467,
        "d7d5": 0.01724567636847496,
        "g8f6": 0.2668652832508087,
        "g7g6": 0.04309797286987305,
        "d7d6": 0.008652769960463047
      },
      "other_mass": 0.4784271830576472
    },
    "g1f3": {
      "fen_after_white": "rnbqkbnr/pppppppp/8/8/8/5N2/PPPPPPPP/RNBQKB1R b KQkq - 1 1",
      "black_reply_probs": {
        "c7c5": 0.14099791646003723,
        "e7e5": 0.01788475550711155,
        "e7e6": 0.0026408785488456488,
        "c7c6": 0.0003371091152075678,
        "d7d5": 0.1032438725233078,
        "g8f6": 0.4737325608730316,
        "g7g6": 0.03236522525548935,
        "d7d6": 0.005385964177548885
      },
      "other_mass": 0.22341171753942035
    },
    "g2g3": {
      "fen_after_white": "rnbqkbnr/pppppppp/8/8/8/6P1/PPPPPP1P/RNBQKBNR b KQkq - 0 1",
      "black_reply_probs": {
        "c7c5": 0.09069261699914932,
        "e7e5": 0.1584956794977188,
        "e7e6": 0.003502344014123082,
        "c7c6": 0.0006612024735659361,
        "d7d5": 0.16003794968128204,
        "g8f6": 0.21005117893218994,
        "g7g6": 0.016615567728877068,
        "d7d6": 0.004760457668453455
      },
      "other_mass": 0.35518300300464034
    },
    "b2b3": {
      "fen_after_white": "rnbqkbnr/pppppppp/8/8/8/1P6/P1PPPPPP/RNBQKBNR b KQkq - 0 1",
      "black_reply_probs": {
        "c7c5": 0.0592128187417984,
        "e7e5": 0.20128373801708221,
        "e7e6": 0.008138732053339481,
        "c7c6": 0.0008506940794177353,
        "d7d5": 0.15368205308914185,
        "g8f6": 0.2601870596408844,
        "g7g6": 0.061678025871515274,
        "d7d6": 0.0032871814910322428
      },
      "other_mass": 0.2516796970157884
    },
    "f2f4": {
      "fen_after_white": "rnbqkbnr/pppppppp/8/8/5P2/8/PPPPP1PP/RNBQKBNR b KQkq - 0 1",
      "black_reply_probs": {
        "c7c5": 0.12370287626981735,
        "e7e5": 0.08898045122623444,
        "e7e6": 0.014329797588288784,
        "c7c6": 0.0018056014087051153,
        "d7d5": 0.20925699174404144,
        "g8f6": 0.2914700508117676,
        "g7g6": 0.03251984715461731,
        "d7d6": 0.00924751441925764
      },
      "other_mass": 0.22868686937727034
    },
    "b2b4": {
      "fen_after_white": "rnbqkbnr/pppppppp/8/8/1P6/8/P1PPPPPP/RNBQKBNR b KQkq - 0 1",
      "black_reply_probs": {
        "c7c5": 0.009940252639353275,
        "e7e5": 0.27330172061920166,
        "e7e6": 0.03470071405172348,
        "c7c6": 0.0038034284953027964,
        "d7d5": 0.16312387585639954,
        "g8f6": 0.18850815296173096,
        "g7g6": 0.11799384653568268,
        "d7d6": 0.010596148669719696
      },
      "other_mass": 0.19803186017088592
    },
    "a2a4": {
      "fen_after_white": "rnbqkbnr/pppppppp/8/8/P7/8/1PPPPPPP/RNBQKBNR b KQkq - 0 1",
      "black_reply_probs": {
        "c7c5": 0.05639050528407097,
        "e7e5": 0.13249854743480682,
        "e7e6": 0.004403088707476854,
        "c7c6": 0.0007320063305087388,
        "d7d5": 0.12377094477415085,
        "g8f6": 0.3036082088947296,
        "g7g6": 0.017949333414435387,
        "d7d6": 0.005024142097681761
      },
      "other_mass": 0.355623223062139
    }
  },
  "meta": {
    "elo_self": 2800,
    "elo_oppo": 2800,
    "temperature": 1.0,
    "maia_type": "blitz",
    "white_moves_probed": [
      "e2e4",
      "d2d4",
      "c2c4",
      "g1f3",
      "g2g3",
      "b2b3",
      "f2f4",
      "b2b4",
      "a2a4"
    ],
    "black_replies_probed": [
      "c7c5",
      "e7e5",
      "e7e6",
      "c7c6",
      "d7d5",
      "g8f6",
      "g7g6",
      "d7d6"
    ]
  }
}