{
  "white_first_move_probs": {
    "e2e4": 0.0004623620770871639,
    "d2d4": 0.021023843437433243,
    "c2c4": 0.0002900523832067847,
    "g1f3": 0.11685791611671448,
    "g2g3": 0.0031881174072623253,
    "b2b3": 0.8126816153526306,
    "f2f4": 0.04527844116091728,
    "b2b4": 1.2662969766097376e-06,
    "a2a4": 4.0330622397277693e-08
  },
  "white_other_mass": 0.00021634543714910137,
  "black_reply_probs_cond_on_white": {
    "e2e4": {
      "fen_after_white": "rnbqkbnr/pppppppp/8/8/4P3/8/PPPP1PPP/RNBQKBNR b KQkq - 0 1",
      "black_reply_probs": {
        "c7c5": 0.002303174464032054,
        "e7e5": 0.009707163088023663,
        "e7e6": 0.002493457403033972,
        "c7c6": 2.3677812350797467e-05,
        "d7d5": 0.017273033037781715,
        "g8f6": 0.020153667777776718,
        "g7g6": 0.015621235594153404,
        "d7d6": 0.004257067106664181
      },
      "other_mass": 0.9281675237161835
    },
    "d2d4": {
      "fen_after_white": "rnbqkbnr/pppppppp/8/8/3P4/8/PPP1PPPP/RNBQKBNR b KQkq - 0 1",
      "black_reply_probs": {
        "c7c5": 0.00011214279220439494,
        "e7e5": 6.944601045688614e-05,
        "e7e6": 7.220904808491468e-05,
        "c7c6": 1.1725527429007343e-06,
        "d7d5": 0.05639246106147766,
        "g8f6": 0.7711954116821289,
        "g7g6": 0.02455287054181099,
        "d7d6": 0.00014372843725141138
      },
      "other_mass": 0.14746055787384194
    },
    "c2c4": {
      "fen_after_white": "rnbqkbnr/pppppppp/8/8/2P5/8/PP1PPPPP/RNBQKBNR b KQkq - 0 1",
      "black_reply_probs": {
        "c7c5": 0.00044742951286025345,
        "e7e5": 0.00010944141104118899,
        "e7e6": 7.0029168455221225e-06,
        "c7c6": 3.773248238303495e-07,
        "d7d5": 0.00014494468632619828,
        "g8f6": 0.016862615942955017,
        "g7g6": 0.0013022636994719505,
        "d7d6": 3.7328252801671624e-05
      },
      "other_mass": 0.9810885962528744
    },
    "g1f3": {
      "fen_after_white": "rnbqkbnr/pppppppp/8/8/8/5N2/PPPPPPPP/RNBQKB1R b KQkq - 1 1",
      "black_reply_probs": {
        "c7c5": 0.0005821507074870169,
        "e7e5": 0.00029501455719582736,
        "e7e6": 1.360055830446072e-05,
        "c7c6": 4.670991415878234e-07,
        "d7d5": 0.024197744205594063,
        "g8f6": 0.5026785135269165,
        "g7g6": 0.02137264981865883,
        "d7d6": 0.00015191870625130832
      },
      "other_mass": 0.4507079408204504
    },
    "g2g3": {
      "fen_after_white": "rnbqkbnr/pppppppp/8/8/8/6P1/PPPPPP1P/RNBQKBNR b KQkq - 0 1",
      "black_reply_probs": {
        "c7c5": 0.00026301437173970044,
        "e7e5": 0.0004685157909989357,
        "e7e6": 5.4001843636797275e-06,
        "c7c6": 4.513875637712772e-07,
        "d7d5": 0.01052718423306942,
        "g8f6": 0.06729450821876526,
        "g7g6": 0.003681881120428443,
        "d7d6": 5.472269913298078e-05
      },
      "other_mass": 0.9177043219939378
    },
    "b2b3": {
      "fen_after_white": "rnbqkbnr/pppppppp/8/8/8/1P6/P1PPPPPP/RNBQKBNR b KQkq - 0 1",
      "black_reply_probs": {
        "c7c5": 0.00024100985319819301,
        "e7e5": 0.0014553063083440065,
        "e7e6": 3.6626821383833885e-05,
        "c7c6": 1.150478624367679e-06,
        "d7d5": 0.02831161394715309,
        "g8f6": 0.3061806857585907,
        "g7g6": 0.044890955090522766,
        "d7d6": 5.1534007070586085e-05
      },
      "other_mass": 0.6188311177351125
    },
    "f2f4": {
      "fen_after_white": "rnbqkbnr/pppppppp/8/8/5P2/8/PPPPP1PP/RNBQKBNR b KQkq - 0 1",
      "black_reply_probs": {
        "c7c5": 0.0005823629908263683,
        "e7e5": 0.000956071715336293,
        "e7e6": 8.645105845062062e-05,
        "c7c6": 1.881353114185913e-06,
        "d7d5": 0.050802357494831085,
        "g8f6": 0.4141935408115387,
        "g7g6": 0.04037097468972206,
        "d7d6": 0.0002497270470485091
      },
      "other_mass": 0.4927566328391322
    },
    "b2b4": {
      "fen_after_white": "rnbqkbnr/pppppppp/8/8/1P6/8/P1PPPPPP/RNBQKBNR b KQkq - 0 1",
      "black_reply_probs": {
        "c7c5": 6.824604497523978e-05,
        "e7e5": 0.004130849614739418,
        "e7e6": 0.00041478380444459617,
        "c7c6": 1.3492442121787462e-05,
        "d7d5": 0.03807711601257324,
        "g8f6": 0.5220832824707031,
        "g7g6": 0.07732225209474564,
        "d7d6": 0.00020067775039933622
      },
      "other_mass": 0.3576892997652976
    },
    "a2a4": {
      "fen_after_white": "rnbqkbnr/pppppppp/8/8/P7/8/1PPPPPPP/RNBQKBNR b KQkq - 0 1",
      "black_reply_probs": {
        "c7c5": 0.00010888654651353136,
        "e7e5": 0.0003660338988993317,
        "e7e6": 9.429902092961129e-06,
        "c7c6": 5.402193323789106e-07,
        "d7d5": 0.016075070947408676,
        "g8f6": 0.11728320270776749,
        "g7g6": 0.002526734722778201,
        "d7d6": 8.663021435495466e-05
      },
      "other_mass": 0.8635434708408525
    }
  },
  "meta": {
    "elo_self": 2800,
    "elo_oppo": 2800,
    "temperature": 1.0,
    "maia_type": "blitz",
    "white_moves_probed": [
      "e2e4",
      "d2d4",
      "c2c4",
      "g1f3",
      "g2g3",
      "b2b3",
      "f2f4",
      "b2b4",
      "a2a4"
    ],
    "black_replies_probed": [
      "c7c5",
      "e7e5",
      "e7e6",
      "c7c6",
      "d7d5",
      "g8f6",
      "g7g6",
      "d7d6"
    ]
  }
}