{
  "white_first_move_probs": {
    "e2e4": 0.05986993759870529,
    "d2d4": 0.31409329175949097,
    "c2c4": 0.1667630970478058,
    "g1f3": 0.153060644865036,
    "g2g3": 0.006884894799441099,
    "b2b3": 0.21975646913051605,
    "f2f4": 0.0680893212556839,
    "b2b4": 0.0005794630851596594,
    "a2a4": 0.0001189565664390102
  },
  "white_other_mass": 0.010783923891722225,
  "black_reply_probs_cond_on_white": {
    "e2e4": {
      "fen_after_white": "rnbqkbnr/pppppppp/8/8/4P3/8/PPPP1PPP/RNBQKBNR b KQkq - 0 1",
      "black_reply_probs": {
        "c7c5": 0.2837487459182739,
        "e7e5": 0.1853199452161789,
        "e7e6": 0.03412909060716629,
        "c7c6": 0.004679113160818815,
        "d7d5": 0.24209241569042206,
        "g8f6": 0.04747537150979042,
        "g7g6": 0.015938391909003258,
        "d7d6": 0.03708551824092865
      },
      "other_mass": 0.1495314077474177
    },
    "d2d4": {
      "fen_after_white": "rnbqkbnr/pppppppp/8/8/3P4/8/PPP1PPPP/RNBQKBNR b KQkq - 0 1",
      "black_reply_probs": {
        "c7c5": 0.04251253232359886,
        "e7e5": 0.006241132039576769,
        "e7e6": 0.012851790525019169,
        "c7c6": 0.0009431645157746971,
        "d7d5": 0.29476413130760193,
        "g8f6": 0.428091824054718,
        "g7g6": 0.04080097749829292,
        "d7d6": 0.008614922873675823
      },
      "other_mass": 0.1651795248617418
    },
    "c2c4": {
      "fen_after_white": "rnbqkbnr/pppppppp/8/8/2P5/8/PP1PPPPP/RNBQKBNR b KQkq - 0 1",
      "black_reply_probs": {
        "c7c5": 0.11003322154283524,
        "e7e5": 0.08195047080516815,
        "e7e6": 0.008565918542444706,
        "c7c6": 0.0013265693560242653,
        "d7d5": 0.07171499729156494,
        "g8f6": 0.3167245090007782,
        "g7g6": 0.030455684289336205,
        "d7d6": 0.01419372670352459
      },
      "other_mass": 0.3650349024683237
    },
    "g1f3": {
      "fen_after_white": "rnbqkbnr/pppppppp/8/8/8/5N2/PPPPPPPP/RNBQKB1R b KQkq - 1 1",
      "black_reply_probs": {
        "c7c5": 0.18975915014743805,
        "e7e5": 0.013147096149623394,
        "e7e6": 0.002221384085714817,
        "c7c6": 0.0002666017971932888,
        "d7d5": 0.2908243238925934,
        "g8f6": 0.3228946328163147,
        "g7g6": 0.015841344371438026,
        "d7d6": 0.00770477345213294
      },
      "other_mass": 0.1573406932875514
    },
    "g2g3": {
      "fen_after_white": "rnbqkbnr/pppppppp/8/8/8/6P1/PPPPPP1P/RNBQKBNR b KQkq - 0 1",
      "black_reply_probs": {
        "c7c5": 0.11143384873867035,
        "e7e5": 0.09638094902038574,
        "e7e6": 0.0027704911772161722,
        "c7c6": 0.00046033711987547576,
        "d7d5": 0.3791528344154358,
        "g8f6": 0.1881234496831894,
        "g7g6": 0.009455693885684013,
        "d7d6": 0.005909112747758627
      },
      "other_mass": 0.20631328321178444
    },
    "b2b3": {
      "fen_after_white": "rnbqkbnr/pppppppp/8/8/8/1P6/P1PPPPPP/RNBQKBNR b KQkq - 0 1",
      "black_reply_probs": {
        "c7c5": 0.09061577171087265,
        "e7e5": 0.1207653284072876,
        "e7e6": 0.005469710566103458,
        "c7c6": 0.0007028617546893656,
        "d7d5": 0.394418865442276,
        "g8f6": 0.18260899186134338,
        "g7g6": 0.026339251548051834,
        "d7d6": 0.0042453124187886715
      },
      "other_mass": 0.17483390629058704
    },
    "f2f4": {
      "fen_after_white": "rnbqkbnr/pppppppp/8/8/5P2/8/PPPPP1PP/RNBQKBNR b KQkq - 0 1",
      "black_reply_probs": {
        "c7c5": 0.16098593175411224,
        "e7e5": 0.057765886187553406,
        "e7e6": 0.010241327807307243,
        "c7c6": 0.001080849557183683,
        "d7d5": 0.3827499747276306,
        "g8f6": 0.20623666048049927,
        "g7g6": 0.01332673616707325,
        "d7d6": 0.010654873214662075
      },
      "other_mass": 0.15695776010397822
    },
    "b2b4": {
      "fen_after_white": "rnbqkbnr/pppppppp/8/8/1P6/8/P1PPPPPP/RNBQKBNR b KQkq - 0 1",
      "black_reply_probs": {
        "c7c5": 0.018471600487828255,
        "e7e5": 0.20772072672843933,
        "e7e6": 0.02678045816719532,
        "c7c6": 0.003215839620679617,
        "d7d5": 0.3553362488746643,
        "g8f6": 0.16711455583572388,
        "g7g6": 0.05914741009473801,
        "d7d6": 0.012551616877317429
      },
      "other_mass": 0.14966154331341386
    },
    "a2a4": {
      "fen_after_white": "rnbqkbnr/pppppppp/8/8/P7/8/1PPPPPPP/RNBQKBNR b KQkq - 0 1",
      "black_reply_probs": {
        "c7c5": 0.087697334587574,
        "e7e5": 0.07535746693611145,
        "e7e6": 0.003133791498839855,
        "c7c6": 0.0005183650064282119,
        "d7d5": 0.32097846269607544,
        "g8f6": 0.23162998259067535,
        "g7g6": 0.009348745457828045,
        "d7d6": 0.006052143406122923
      },
      "other_mass": 0.2652837078203447
    }
  },
  "meta": {
    "elo_self": 2800,
    "elo_oppo": 2800,
    "temperature": 1.0,
    "maia_type": "blitz",
    "white_moves_probed": [
      "e2e4",
      "d2d4",
      "c2c4",
      "g1f3",
      "g2g3",
      "b2b3",
      "f2f4",
      "b2b4",
      "a2a4"
    ],
    "black_replies_probed": [
      "c7c5",
      "e7e5",
      "e7e6",
      "c7c6",
      "d7d5",
      "g8f6",
      "g7g6",
      "d7d6"
    ]
  }
}