{
  "white_first_move_probs": {
    "e2e4": 0.10851944237947464,
    "d2d4": 0.2998627722263336,
    "c2c4": 0.16660138964653015,
    "g1f3": 0.11267053335905075,
    "g2g3": 0.009316503070294857,
    "b2b3": 0.1942482739686966,
    "f2f4": 0.09543292969465256,
    "b2b4": 0.000550657685380429,
    "a2a4": 0.0002643037005327642
  },
  "white_other_mass": 0.012533194269053638,
  "black_reply_probs_cond_on_white": {
    "e2e4": {
      "fen_after_white": "rnbqkbnr/pppppppp/8/8/4P3/8/PPPP1PPP/RNBQKBNR b KQkq - 0 1",
      "black_reply_probs": {
        "c7c5": 0.3194255828857422,
        "e7e5": 0.1998523473739624,
        "e7e6": 0.026594072580337524,
        "c7c6": 0.00888353306800127,
        "d7d5": 0.20893235504627228,
        "g8f6": 0.031770769506692886,
        "g7g6": 0.012792299501597881,
        "d7d6": 0.025494541972875595
      },
      "other_mass": 0.16625449806451797
    },
    "d2d4": {
      "fen_after_white": "rnbqkbnr/pppppppp/8/8/3P4/8/PPP1PPPP/RNBQKBNR b KQkq - 0 1",
      "black_reply_probs": {
        "c7c5": 0.030407944694161415,
        "e7e5": 0.007615780923515558,
        "e7e6": 0.013497883453965187,
        "c7c6": 0.0014245210913941264,
        "d7d5": 0.31297725439071655,
        "g8f6": 0.3781658411026001,
        "g7g6": 0.05283072963356972,
        "d7d6": 0.00753732630982995
      },
      "other_mass": 0.1955427184002474
    },
    "c2c4": {
      "fen_after_white": "rnbqkbnr/pppppppp/8/8/2P5/8/PP1PPPPP/RNBQKBNR b KQkq - 0 1",
      "black_reply_probs": {
        "c7c5": 0.09819386899471283,
        "e7e5": 0.13643990457057953,
        "e7e6": 0.008242420852184296,
        "c7c6": 0.001715447404421866,
        "d7d5": 0.060323864221572876,
        "g8f6": 0.24518157541751862,
        "g7g6": 0.03829411417245865,
        "d7d6": 0.012655124999582767
      },
      "other_mass": 0.39895367936696857
    },
    "g1f3": {
      "fen_after_white": "rnbqkbnr/pppppppp/8/8/8/5N2/PPPPPPPP/RNBQKB1R b KQkq - 1 1",
      "black_reply_probs": {
        "c7c5": 0.19701100885868073,
        "e7e5": 0.021658163517713547,
        "e7e6": 0.002351050963625312,
        "c7c6": 0.000510691199451685,
        "d7d5": 0.3181551396846771,
        "g8f6": 0.2573525011539459,
        "g7g6": 0.019372304901480675,
        "d7d6": 0.007027219980955124
      },
      "other_mass": 0.17656191973946989
    },
    "g2g3": {
      "fen_after_white": "rnbqkbnr/pppppppp/8/8/8/6P1/PPPPPP1P/RNBQKBNR b KQkq - 0 1",
      "black_reply_probs": {
        "c7c5": 0.10750845819711685,
        "e7e5": 0.1589144766330719,
        "e7e6": 0.0033765167463570833,
        "c7c6": 0.0009057134739123285,
        "d7d5": 0.35886529088020325,
        "g8f6": 0.12894754111766815,
        "g7g6": 0.010913332924246788,
        "d7d6": 0.005918459966778755
      },
      "other_mass": 0.2246502100606449
    },
    "b2b3": {
      "fen_after_white": "rnbqkbnr/pppppppp/8/8/8/1P6/P1PPPPPP/RNBQKBNR b KQkq - 0 1",
      "black_reply_probs": {
        "c7c5": 0.06648395210504532,
        "e7e5": 0.21249395608901978,
        "e7e6": 0.009827888570725918,
        "c7c6": 0.0013532672310248017,
        "d7d5": 0.31998997926712036,
        "g8f6": 0.14295709133148193,
        "g7g6": 0.05278649181127548,
        "d7d6": 0.006071329116821289
      },
      "other_mass": 0.18803604447748512
    },
    "f2f4": {
      "fen_after_white": "rnbqkbnr/pppppppp/8/8/5P2/8/PPPPP1PP/RNBQKBNR b KQkq - 0 1",
      "black_reply_probs": {
        "c7c5": 0.13997353613376617,
        "e7e5": 0.0753612145781517,
        "e7e6": 0.015788933262228966,
        "c7c6": 0.002336770063266158,
        "d7d5": 0.4154459834098816,
        "g8f6": 0.12858188152313232,
        "g7g6": 0.018754633143544197,
        "d7d6": 0.014116025529801846
      },
      "other_mass": 0.18964102235622704
    },
    "b2b4": {
      "fen_after_white": "rnbqkbnr/pppppppp/8/8/1P6/8/P1PPPPPP/RNBQKBNR b KQkq - 0 1",
      "black_reply_probs": {
        "c7c5": 0.010939334519207478,
        "e7e5": 0.2740122973918915,
        "e7e6": 0.035932205617427826,
        "c7c6": 0.0045132930390536785,
        "d7d5": 0.30481529235839844,
        "g8f6": 0.10737743228673935,
        "g7g6": 0.08622812479734421,
        "d7d6": 0.015545274131000042
      },
      "other_mass": 0.1606367458589375
    },
    "a2a4": {
      "fen_after_white": "rnbqkbnr/pppppppp/8/8/P7/8/1PPPPPPP/RNBQKBNR b KQkq - 0 1",
      "black_reply_probs": {
        "c7c5": 0.07779908180236816,
        "e7e5": 0.14909762144088745,
        "e7e6": 0.004403038416057825,
        "c7c6": 0.0010691764764487743,
        "d7d5": 0.2848183214664459,
        "g8f6": 0.1809367686510086,
        "g7g6": 0.012782735750079155,
        "d7d6": 0.006961515173316002
      },
      "other_mass": 0.2821317408233881
    }
  },
  "meta": {
    "elo_self": 2800,
    "elo_oppo": 2800,
    "temperature": 1.0,
    "maia_type": "blitz",
    "white_moves_probed": [
      "e2e4",
      "d2d4",
      "c2c4",
      "g1f3",
      "g2g3",
      "b2b3",
      "f2f4",
      "b2b4",
      "a2a4"
    ],
    "black_replies_probed": [
      "c7c5",
      "e7e5",
      "e7e6",
      "c7c6",
      "d7d5",
      "g8f6",
      "g7g6",
      "d7d6"
    ]
  }
}