{
  "white_first_move_probs": {
    "e2e4": 0.0016492012655362487,
    "d2d4": 0.11536900699138641,
    "c2c4": 0.0009368036407977343,
    "g1f3": 0.007248925510793924,
    "g2g3": 0.00031493965070694685,
    "b2b3": 0.8196339011192322,
    "f2f4": 0.05450353026390076,
    "b2b4": 2.9074394660710823e-06,
    "a2a4": 6.329387680636955e-09
  },
  "white_other_mass": 0.000340777788792046,
  "black_reply_probs_cond_on_white": {
    "e2e4": {
      "fen_after_white": "rnbqkbnr/pppppppp/8/8/4P3/8/PPPP1PPP/RNBQKBNR b KQkq - 0 1",
      "black_reply_probs": {
        "c7c5": 0.0018729937728494406,
        "e7e5": 0.009832784533500671,
        "e7e6": 0.00012705505650956184,
        "c7c6": 3.3575116731299204e-07,
        "d7d5": 0.022754890844225883,
        "g8f6": 0.0006189131527207792,
        "g7g6": 0.0003632637090049684,
        "d7d6": 0.0003202017105650157
      },
      "other_mass": 0.9641095614694564
    },
    "d2d4": {
      "fen_after_white": "rnbqkbnr/pppppppp/8/8/3P4/8/PPP1PPPP/RNBQKBNR b KQkq - 0 1",
      "black_reply_probs": {
        "c7c5": 0.0009932764805853367,
        "e7e5": 0.0010234634391963482,
        "e7e6": 0.00016236967348959297,
        "c7c6": 4.4115461150795454e-07,
        "d7d5": 0.40370553731918335,
        "g8f6": 0.08281489461660385,
        "g7g6": 0.005065731704235077,
        "d7d6": 0.0004326885682530701
      },
      "other_mass": 0.5058015970438419
    },
    "c2c4": {
      "fen_after_white": "rnbqkbnr/pppppppp/8/8/2P5/8/PP1PPPPP/RNBQKBNR b KQkq - 0 1",
      "black_reply_probs": {
        "c7c5": 0.0010964252287521958,
        "e7e5": 0.0009823578875511885,
        "e7e6": 1.4556029782397673e-05,
        "c7c6": 1.5662442365282914e-07,
        "d7d5": 0.002866204595193267,
        "g8f6": 0.004798374138772488,
        "g7g6": 0.00022269770852290094,
        "d7d6": 9.129433601628989e-05
      },
      "other_mass": 0.9899279334509856
    },
    "g1f3": {
      "fen_after_white": "rnbqkbnr/pppppppp/8/8/8/5N2/PPPPPPPP/RNBQKB1R b KQkq - 1 1",
      "black_reply_probs": {
        "c7c5": 0.0023207382764667273,
        "e7e5": 0.001368952332995832,
        "e7e6": 4.329623334342614e-05,
        "c7c6": 2.7415870818003896e-07,
        "d7d5": 0.08880333602428436,
        "g8f6": 0.02269902266561985,
        "g7g6": 0.001870727282948792,
        "d7d6": 0.00030948370113037527
      },
      "other_mass": 0.8825841693245025
    },
    "g2g3": {
      "fen_after_white": "rnbqkbnr/pppppppp/8/8/8/6P1/PPPPPP1P/RNBQKBNR b KQkq - 0 1",
      "black_reply_probs": {
        "c7c5": 0.0008135889074765146,
        "e7e5": 0.0020638080313801765,
        "e7e6": 1.1544928383955266e-05,
        "c7c6": 2.7336784569342854e-07,
        "d7d5": 0.050672877579927444,
        "g8f6": 0.0070700692012906075,
        "g7g6": 0.0008276787702925503,
        "d7d6": 9.768173913471401e-05
      },
      "other_mass": 0.9384424774742683
    },
    "b2b3": {
      "fen_after_white": "rnbqkbnr/pppppppp/8/8/8/1P6/P1PPPPPP/RNBQKBNR b KQkq - 0 1",
      "black_reply_probs": {
        "c7c5": 0.00025943448417820036,
        "e7e5": 0.003744011977687478,
        "e7e6": 2.427494473522529e-05,
        "c7c6": 9.980894333239121e-08,
        "d7d5": 0.07017657160758972,
        "g8f6": 0.014255902729928493,
        "g7g6": 0.0027746742125600576,
        "d7d6": 5.3059091442264616e-05
      },
      "other_mass": 0.9087119711429352
    },
    "f2f4": {
      "fen_after_white": "rnbqkbnr/pppppppp/8/8/5P2/8/PPPPP1PP/RNBQKBNR b KQkq - 0 1",
      "black_reply_probs": {
        "c7c5": 0.0010670862393453717,
        "e7e5": 0.0022186944261193275,
        "e7e6": 5.282865822664462e-05,
        "c7c6": 1.6607823738468142e-07,
        "d7d5": 0.1488388180732727,
        "g8f6": 0.011715801432728767,
        "g7g6": 0.0025906532537192106,
        "d7d6": 0.00016551100998185575
      },
      "other_mass": 0.8333504408283687
    },
    "b2b4": {
      "fen_after_white": "rnbqkbnr/pppppppp/8/8/1P6/8/P1PPPPPP/RNBQKBNR b KQkq - 0 1",
      "black_reply_probs": {
        "c7c5": 0.00016246872837655246,
        "e7e5": 0.01952633634209633,
        "e7e6": 0.00028596146148629487,
        "c7c6": 9.396989071319695e-07,
        "d7d5": 0.16933976113796234,
        "g8f6": 0.030110372230410576,
        "g7g6": 0.008404366672039032,
        "d7d6": 0.0002213143015978858
      },
      "other_mass": 0.7719484794271239
    },
    "a2a4": {
      "fen_after_white": "rnbqkbnr/pppppppp/8/8/P7/8/1PPPPPPP/RNBQKBNR b KQkq - 0 1",
      "black_reply_probs": {
        "c7c5": 0.00046584848314523697,
        "e7e5": 0.001755101722665131,
        "e7e6": 2.028495873673819e-05,
        "c7c6": 4.2885713469331677e-07,
        "d7d5": 0.0804527997970581,
        "g8f6": 0.007146737072616816,
        "g7g6": 0.0002366767730563879,
        "d7d6": 0.0001820720499381423
      },
      "other_mass": 0.9097400502856487
    }
  },
  "meta": {
    "elo_self": 2800,
    "elo_oppo": 2800,
    "temperature": 1.0,
    "maia_type": "blitz",
    "white_moves_probed": [
      "e2e4",
      "d2d4",
      "c2c4",
      "g1f3",
      "g2g3",
      "b2b3",
      "f2f4",
      "b2b4",
      "a2a4"
    ],
    "black_replies_probed": [
      "c7c5",
      "e7e5",
      "e7e6",
      "c7c6",
      "d7d5",
      "g8f6",
      "g7g6",
      "d7d6"
    ]
  }
}