{
  "white_first_move_probs": {
    "e2e4": 0.08049724251031876,
    "d2d4": 0.24387824535369873,
    "c2c4": 0.15192387998104095,
    "g1f3": 0.20746944844722748,
    "g2g3": 0.015239003114402294,
    "b2b3": 0.1855221539735794,
    "f2f4": 0.09368725121021271,
    "b2b4": 0.0007941743242554367,
    "a2a4": 0.0005103175644762814
  },
  "white_other_mass": 0.020478283520787954,
  "black_reply_probs_cond_on_white": {
    "e2e4": {
      "fen_after_white": "rnbqkbnr/pppppppp/8/8/4P3/8/PPPP1PPP/RNBQKBNR b KQkq - 0 1",
      "black_reply_probs": {
        "c7c5": 0.2544800639152527,
        "e7e5": 0.19834508001804352,
        "e7e6": 0.03486262261867523,
        "c7c6": 0.008988041430711746,
        "d7d5": 0.191519096493721,
        "g8f6": 0.05820411443710327,
        "g7g6": 0.03451342135667801,
        "d7d6": 0.04613545909523964
      },
      "other_mass": 0.1729521006345749
    },
    "d2d4": {
      "fen_after_white": "rnbqkbnr/pppppppp/8/8/3P4/8/PPP1PPPP/RNBQKBNR b KQkq - 0 1",
      "black_reply_probs": {
        "c7c5": 0.030339859426021576,
        "e7e5": 0.005745615344494581,
        "e7e6": 0.012716813012957573,
        "c7c6": 0.0017112350324168801,
        "d7d5": 0.21645453572273254,
        "g8f6": 0.48517534136772156,
        "g7g6": 0.06792103499174118,
        "d7d6": 0.007667453493922949
      },
      "other_mass": 0.17226811160799116
    },
    "c2c4": {
      "fen_after_white": "rnbqkbnr/pppppppp/8/8/2P5/8/PP1PPPPP/RNBQKBNR b KQkq - 0 1",
      "black_reply_probs": {
        "c7c5": 0.06991370022296906,
        "e7e5": 0.0956869125366211,
        "e7e6": 0.008933911100029945,
        "c7c6": 0.0021610911935567856,
        "d7d5": 0.056031323969364166,
        "g8f6": 0.3663163483142853,
        "g7g6": 0.05797232687473297,
        "d7d6": 0.012974327430129051
      },
      "other_mass": 0.33001005835831165
    },
    "g1f3": {
      "fen_after_white": "rnbqkbnr/pppppppp/8/8/8/5N2/PPPPPPPP/RNBQKB1R b KQkq - 1 1",
      "black_reply_probs": {
        "c7c5": 0.16568897664546967,
        "e7e5": 0.016753554344177246,
        "e7e6": 0.002602917142212391,
        "c7c6": 0.0006505500059574842,
        "d7d5": 0.21063774824142456,
        "g8f6": 0.3949216902256012,
        "g7g6": 0.028156690299510956,
        "d7d6": 0.006964618805795908
      },
      "other_mass": 0.1736232542898506
    },
    "g2g3": {
      "fen_after_white": "rnbqkbnr/pppppppp/8/8/8/6P1/PPPPPP1P/RNBQKBNR b KQkq - 0 1",
      "black_reply_probs": {
        "c7c5": 0.10305232554674149,
        "e7e5": 0.14308857917785645,
        "e7e6": 0.004793582018464804,
        "c7c6": 0.0011128605110570788,
        "d7d5": 0.28624171018600464,
        "g8f6": 0.21302028000354767,
        "g7g6": 0.020569678395986557,
        "d7d6": 0.008005629293620586
      },
      "other_mass": 0.22011535486672074
    },
    "b2b3": {
      "fen_after_white": "rnbqkbnr/pppppppp/8/8/8/1P6/P1PPPPPP/RNBQKBNR b KQkq - 0 1",
      "black_reply_probs": {
        "c7c5": 0.07760165631771088,
        "e7e5": 0.15934507548809052,
        "e7e6": 0.010709380730986595,
        "c7c6": 0.002135176444426179,
        "d7d5": 0.27113085985183716,
        "g8f6": 0.20631565153598785,
        "g7g6": 0.07491780072450638,
        "d7d6": 0.006824254523962736
      },
      "other_mass": 0.1910201443824917
    },
    "f2f4": {
      "fen_after_white": "rnbqkbnr/pppppppp/8/8/5P2/8/PPPPP1PP/RNBQKBNR b KQkq - 0 1",
      "black_reply_probs": {
        "c7c5": 0.1427355855703354,
        "e7e5": 0.05519355833530426,
        "e7e6": 0.019224608317017555,
        "c7c6": 0.0032889333087950945,
        "d7d5": 0.3240405321121216,
        "g8f6": 0.2075842022895813,
        "g7g6": 0.030277656391263008,
        "d7d6": 0.017115622758865356
      },
      "other_mass": 0.20053930091671646
    },
    "b2b4": {
      "fen_after_white": "rnbqkbnr/pppppppp/8/8/1P6/8/P1PPPPPP/RNBQKBNR b KQkq - 0 1",
      "black_reply_probs": {
        "c7c5": 0.013455474749207497,
        "e7e5": 0.21751457452774048,
        "e7e6": 0.035507604479789734,
        "c7c6": 0.005311590153723955,
        "d7d5": 0.2461984008550644,
        "g8f6": 0.15075892210006714,
        "g7g6": 0.14525900781154633,
        "d7d6": 0.013128858059644699
      },
      "other_mass": 0.17286556726321578
    },
    "a2a4": {
      "fen_after_white": "rnbqkbnr/pppppppp/8/8/P7/8/1PPPPPPP/RNBQKBNR b KQkq - 0 1",
      "black_reply_probs": {
        "c7c5": 0.07476987689733505,
        "e7e5": 0.10549211502075195,
        "e7e6": 0.005536059383302927,
        "c7c6": 0.0015430777566507459,
        "d7d5": 0.23356132209300995,
        "g8f6": 0.2679852843284607,
        "g7g6": 0.025099193677306175,
        "d7d6": 0.00845330860465765
      },
      "other_mass": 0.27755976223852485
    }
  },
  "meta": {
    "elo_self": 2800,
    "elo_oppo": 2800,
    "temperature": 1.0,
    "maia_type": "blitz",
    "white_moves_probed": [
      "e2e4",
      "d2d4",
      "c2c4",
      "g1f3",
      "g2g3",
      "b2b3",
      "f2f4",
      "b2b4",
      "a2a4"
    ],
    "black_replies_probed": [
      "c7c5",
      "e7e5",
      "e7e6",
      "c7c6",
      "d7d5",
      "g8f6",
      "g7g6",
      "d7d6"
    ]
  }
}