{
  "white_first_move_probs": {
    "e2e4": 0.1666782945394516,
    "d2d4": 0.19398020207881927,
    "c2c4": 0.1411983221769333,
    "g1f3": 0.16354084014892578,
    "g2g3": 0.00964383501559496,
    "b2b3": 0.21407775580883026,
    "f2f4": 0.0928349643945694,
    "b2b4": 0.0005439758533611894,
    "a2a4": 0.00024261459475383162
  },
  "white_other_mass": 0.017259195388760418,
  "black_reply_probs_cond_on_white": {
    "e2e4": {
      "fen_after_white": "rnbqkbnr/pppppppp/8/8/4P3/8/PPPP1PPP/RNBQKBNR b KQkq - 0 1",
      "black_reply_probs": {
        "c7c5": 0.2839427590370178,
        "e7e5": 0.25366246700286865,
        "e7e6": 0.041462842375040054,
        "c7c6": 0.010442178696393967,
        "d7d5": 0.1585618108510971,
        "g8f6": 0.03565189987421036,
        "g7g6": 0.014380346983671188,
        "d7d6": 0.035822439938783646
      },
      "other_mass": 0.1660732552409172
    },
    "d2d4": {
      "fen_after_white": "rnbqkbnr/pppppppp/8/8/3P4/8/PPP1PPPP/RNBQKBNR b KQkq - 0 1",
      "black_reply_probs": {
        "c7c5": 0.03594068065285683,
        "e7e5": 0.015155253931879997,
        "e7e6": 0.027538416907191277,
        "c7c6": 0.0015149523969739676,
        "d7d5": 0.23510567843914032,
        "g8f6": 0.4203256070613861,
        "g7g6": 0.05382969602942467,
        "d7d6": 0.008688964881002903
      },
      "other_mass": 0.20190074970014393
    },
    "c2c4": {
      "fen_after_white": "rnbqkbnr/pppppppp/8/8/2P5/8/PP1PPPPP/RNBQKBNR b KQkq - 0 1",
      "black_reply_probs": {
        "c7c5": 0.0871153399348259,
        "e7e5": 0.17520584166049957,
        "e7e6": 0.01072448305785656,
        "c7c6": 0.0016246024752035737,
        "d7d5": 0.03927071392536163,
        "g8f6": 0.2762759327888489,
        "g7g6": 0.026997601613402367,
        "d7d6": 0.011637354269623756
      },
      "other_mass": 0.37114813027437776
    },
    "g1f3": {
      "fen_after_white": "rnbqkbnr/pppppppp/8/8/8/5N2/PPPPPPPP/RNBQKB1R b KQkq - 1 1",
      "black_reply_probs": {
        "c7c5": 0.19718053936958313,
        "e7e5": 0.04575815796852112,
        "e7e6": 0.005663571413606405,
        "c7c6": 0.000516672560479492,
        "d7d5": 0.18043401837348938,
        "g8f6": 0.34781256318092346,
        "g7g6": 0.01670215278863907,
        "d7d6": 0.008809443563222885
      },
      "other_mass": 0.19712288078153506
    },
    "g2g3": {
      "fen_after_white": "rnbqkbnr/pppppppp/8/8/8/6P1/PPPPPP1P/RNBQKBNR b KQkq - 0 1",
      "black_reply_probs": {
        "c7c5": 0.1060638353228569,
        "e7e5": 0.2150823324918747,
        "e7e6": 0.0047007473185658455,
        "c7c6": 0.0007465319940820336,
        "d7d5": 0.23656755685806274,
        "g8f6": 0.17890362441539764,
        "g7g6": 0.008441452868282795,
        "d7d6": 0.005891701672226191
      },
      "other_mass": 0.24360221705865115
    },
    "b2b3": {
      "fen_after_white": "rnbqkbnr/pppppppp/8/8/8/1P6/P1PPPPPP/RNBQKBNR b KQkq - 0 1",
      "black_reply_probs": {
        "c7c5": 0.06898137927055359,
        "e7e5": 0.2749347388744354,
        "e7e6": 0.011773422360420227,
        "c7c6": 0.0013226645532995462,
        "d7d5": 0.2368951290845871,
        "g8f6": 0.17788811028003693,
        "g7g6": 0.03622736036777496,
        "d7d6": 0.004469850566238165
      },
      "other_mass": 0.18750734464265406
    },
    "f2f4": {
      "fen_after_white": "rnbqkbnr/pppppppp/8/8/5P2/8/PPPPP1PP/RNBQKBNR b KQkq - 0 1",
      "black_reply_probs": {
        "c7c5": 0.14156334102153778,
        "e7e5": 0.11788981407880783,
        "e7e6": 0.02512255683541298,
        "c7c6": 0.002418187679722905,
        "d7d5": 0.3209247589111328,
        "g8f6": 0.17464691400527954,
        "g7g6": 0.014373347163200378,
        "d7d6": 0.013878176920115948
      },
      "other_mass": 0.18918290338478982
    },
    "b2b4": {
      "fen_after_white": "rnbqkbnr/pppppppp/8/8/1P6/8/P1PPPPPP/RNBQKBNR b KQkq - 0 1",
      "black_reply_probs": {
        "c7c5": 0.012554347515106201,
        "e7e5": 0.29398128390312195,
        "e7e6": 0.03991814702749252,
        "c7c6": 0.004990560933947563,
        "d7d5": 0.2565529942512512,
        "g8f6": 0.14802099764347076,
        "g7g6": 0.07018887251615524,
        "d7d6": 0.010136634111404419
      },
      "other_mass": 0.16365616209805012
    },
    "a2a4": {
      "fen_after_white": "rnbqkbnr/pppppppp/8/8/P7/8/1PPPPPPP/RNBQKBNR b KQkq - 0 1",
      "black_reply_probs": {
        "c7c5": 0.07197059690952301,
        "e7e5": 0.20438462495803833,
        "e7e6": 0.006930924952030182,
        "c7c6": 0.001035734312608838,
        "d7d5": 0.19900543987751007,
        "g8f6": 0.22387740015983582,
        "g7g6": 0.010113069787621498,
        "d7d6": 0.006400461308658123
      },
      "other_mass": 0.27628174773417413
    }
  },
  "meta": {
    "elo_self": 2800,
    "elo_oppo": 2800,
    "temperature": 1.0,
    "maia_type": "blitz",
    "white_moves_probed": [
      "e2e4",
      "d2d4",
      "c2c4",
      "g1f3",
      "g2g3",
      "b2b3",
      "f2f4",
      "b2b4",
      "a2a4"
    ],
    "black_replies_probed": [
      "c7c5",
      "e7e5",
      "e7e6",
      "c7c6",
      "d7d5",
      "g8f6",
      "g7g6",
      "d7d6"
    ]
  }
}