{
  "white_first_move_probs": {
    "e2e4": 0.08714265376329422,
    "d2d4": 0.3552510440349579,
    "c2c4": 0.13793553411960602,
    "g1f3": 0.1761871874332428,
    "g2g3": 0.009714704006910324,
    "b2b3": 0.11723452061414719,
    "f2f4": 0.09820977598428726,
    "b2b4": 0.0005365884862840176,
    "a2a4": 0.00045565719483420253
  },
  "white_other_mass": 0.017332334362436086,
  "black_reply_probs_cond_on_white": {
    "e2e4": {
      "fen_after_white": "rnbqkbnr/pppppppp/8/8/4P3/8/PPPP1PPP/RNBQKBNR b KQkq - 0 1",
      "black_reply_probs": {
        "c7c5": 0.2911189794540405,
        "e7e5": 0.16868336498737335,
        "e7e6": 0.029946984723210335,
        "c7c6": 0.010645977221429348,
        "d7d5": 0.2481093406677246,
        "g8f6": 0.05804626643657684,
        "g7g6": 0.01953609101474285,
        "d7d6": 0.04069753363728523
      },
      "other_mass": 0.1332154618576169
    },
    "d2d4": {
      "fen_after_white": "rnbqkbnr/pppppppp/8/8/3P4/8/PPP1PPPP/RNBQKBNR b KQkq - 0 1",
      "black_reply_probs": {
        "c7c5": 0.027925662696361542,
        "e7e5": 0.008359206840395927,
        "e7e6": 0.01395406574010849,
        "c7c6": 0.0018423416186124086,
        "d7d5": 0.2739962637424469,
        "g8f6": 0.45547762513160706,
        "g7g6": 0.04828818514943123,
        "d7d6": 0.011526864022016525
      },
      "other_mass": 0.15862978505901992
    },
    "c2c4": {
      "fen_after_white": "rnbqkbnr/pppppppp/8/8/2P5/8/PP1PPPPP/RNBQKBNR b KQkq - 0 1",
      "black_reply_probs": {
        "c7c5": 0.06872797757387161,
        "e7e5": 0.12036636471748352,
        "e7e6": 0.009322668425738811,
        "c7c6": 0.002164009027183056,
        "d7d5": 0.07532148063182831,
        "g8f6": 0.3711503744125366,
        "g7g6": 0.04234426096081734,
        "d7d6": 0.017250344157218933
      },
      "other_mass": 0.2933525200933218
    },
    "g1f3": {
      "fen_after_white": "rnbqkbnr/pppppppp/8/8/8/5N2/PPPPPPPP/RNBQKB1R b KQkq - 1 1",
      "black_reply_probs": {
        "c7c5": 0.1381557732820511,
        "e7e5": 0.018472418189048767,
        "e7e6": 0.003112737787887454,
        "c7c6": 0.0008126405882649124,
        "d7d5": 0.3035714626312256,
        "g8f6": 0.3718222379684448,
        "g7g6": 0.021587694063782692,
        "d7d6": 0.011132811196148396
      },
      "other_mass": 0.13133222429314628
    },
    "g2g3": {
      "fen_after_white": "rnbqkbnr/pppppppp/8/8/8/6P1/PPPPPP1P/RNBQKBNR b KQkq - 0 1",
      "black_reply_probs": {
        "c7c5": 0.09506826102733612,
        "e7e5": 0.1373480260372162,
        "e7e6": 0.0037627308629453182,
        "c7c6": 0.0011125984601676464,
        "d7d5": 0.39561378955841064,
        "g8f6": 0.19581446051597595,
        "g7g6": 0.011738842353224754,
        "d7d6": 0.008362692780792713
      },
      "other_mass": 0.15117859840393066
    },
    "b2b3": {
      "fen_after_white": "rnbqkbnr/pppppppp/8/8/8/1P6/P1PPPPPP/RNBQKBNR b KQkq - 0 1",
      "black_reply_probs": {
        "c7c5": 0.07147040963172913,
        "e7e5": 0.15740317106246948,
        "e7e6": 0.010413088835775852,
        "c7c6": 0.002129447180777788,
        "d7d5": 0.36752378940582275,
        "g8f6": 0.18128521740436554,
        "g7g6": 0.04419128969311714,
        "d7d6": 0.00872528925538063
      },
      "other_mass": 0.15685829753056169
    },
    "f2f4": {
      "fen_after_white": "rnbqkbnr/pppppppp/8/8/5P2/8/PPPPP1PP/RNBQKBNR b KQkq - 0 1",
      "black_reply_probs": {
        "c7c5": 0.13846765458583832,
        "e7e5": 0.07101880013942719,
        "e7e6": 0.014621647074818611,
        "c7c6": 0.002925668377429247,
        "d7d5": 0.3991054892539978,
        "g8f6": 0.19432325661182404,
        "g7g6": 0.02141721546649933,
        "d7d6": 0.017466289922595024
      },
      "other_mass": 0.14065397856757045
    },
    "b2b4": {
      "fen_after_white": "rnbqkbnr/pppppppp/8/8/1P6/8/P1PPPPPP/RNBQKBNR b KQkq - 0 1",
      "black_reply_probs": {
        "c7c5": 0.016228526830673218,
        "e7e5": 0.2421446293592453,
        "e7e6": 0.03346498683094978,
        "c7c6": 0.0059072705917060375,
        "d7d5": 0.32654890418052673,
        "g8f6": 0.13118739426136017,
        "g7g6": 0.08001906424760818,
        "d7d6": 0.01866677589714527
      },
      "other_mass": 0.1458324478007853
    },
    "a2a4": {
      "fen_after_white": "rnbqkbnr/pppppppp/8/8/P7/8/1PPPPPPP/RNBQKBNR b KQkq - 0 1",
      "black_reply_probs": {
        "c7c5": 0.07748638093471527,
        "e7e5": 0.11657748371362686,
        "e7e6": 0.0054083047434687614,
        "c7c6": 0.0015917104901745915,
        "d7d5": 0.32423797249794006,
        "g8f6": 0.2375233918428421,
        "g7g6": 0.01639813557267189,
        "d7d6": 0.011162802577018738
      },
      "other_mass": 0.20961381762754172
    }
  },
  "meta": {
    "elo_self": 2800,
    "elo_oppo": 2800,
    "temperature": 1.0,
    "maia_type": "blitz",
    "white_moves_probed": [
      "e2e4",
      "d2d4",
      "c2c4",
      "g1f3",
      "g2g3",
      "b2b3",
      "f2f4",
      "b2b4",
      "a2a4"
    ],
    "black_replies_probed": [
      "c7c5",
      "e7e5",
      "e7e6",
      "c7c6",
      "d7d5",
      "g8f6",
      "g7g6",
      "d7d6"
    ]
  }
}