{
  "white_first_move_probs": {
    "e2e4": 0.06556657701730728,
    "d2d4": 0.2523634135723114,
    "c2c4": 0.15010729432106018,
    "g1f3": 0.18906031548976898,
    "g2g3": 0.008412795141339302,
    "b2b3": 0.23339088261127472,
    "f2f4": 0.08781244605779648,
    "b2b4": 0.0004947771085426211,
    "a2a4": 0.00037406032788567245
  },
  "white_other_mass": 0.012417438352713361,
  "black_reply_probs_cond_on_white": {
    "e2e4": {
      "fen_after_white": "rnbqkbnr/pppppppp/8/8/4P3/8/PPPP1PPP/RNBQKBNR b KQkq - 0 1",
      "black_reply_probs": {
        "c7c5": 0.28320246934890747,
        "e7e5": 0.16758449375629425,
        "e7e6": 0.0236220583319664,
        "c7c6": 0.00671435846015811,
        "d7d5": 0.21429948508739471,
        "g8f6": 0.054400648921728134,
        "g7g6": 0.016178017482161522,
        "d7d6": 0.03766336664557457
      },
      "other_mass": 0.19633510196581483
    },
    "d2d4": {
      "fen_after_white": "rnbqkbnr/pppppppp/8/8/3P4/8/PPP1PPPP/RNBQKBNR b KQkq - 0 1",
      "black_reply_probs": {
        "c7c5": 0.02677677758038044,
        "e7e5": 0.004287255462259054,
        "e7e6": 0.008300495333969593,
        "c7c6": 0.0012940915767103434,
        "d7d5": 0.2556304931640625,
        "g8f6": 0.47609540820121765,
        "g7g6": 0.04546750336885452,
        "d7d6": 0.007753043435513973
      },
      "other_mass": 0.17439493187703192
    },
    "c2c4": {
      "fen_after_white": "rnbqkbnr/pppppppp/8/8/2P5/8/PP1PPPPP/RNBQKBNR b KQkq - 0 1",
      "black_reply_probs": {
        "c7c5": 0.09052468091249466,
        "e7e5": 0.074772410094738,
        "e7e6": 0.004709035158157349,
        "c7c6": 0.0013204504502937198,
        "d7d5": 0.0445353165268898,
        "g8f6": 0.313545823097229,
        "g7g6": 0.03135797381401062,
        "d7d6": 0.012688981369137764
      },
      "other_mass": 0.4265453285770491
    },
    "g1f3": {
      "fen_after_white": "rnbqkbnr/pppppppp/8/8/8/5N2/PPPPPPPP/RNBQKB1R b KQkq - 1 1",
      "black_reply_probs": {
        "c7c5": 0.14591777324676514,
        "e7e5": 0.010221915319561958,
        "e7e6": 0.0014677889412268996,
        "c7c6": 0.0004656656237784773,
        "d7d5": 0.23823612928390503,
        "g8f6": 0.4072839319705963,
        "g7g6": 0.017821047455072403,
        "d7d6": 0.007872404530644417
      },
      "other_mass": 0.17071334362844937
    },
    "g2g3": {
      "fen_after_white": "rnbqkbnr/pppppppp/8/8/8/6P1/PPPPPP1P/RNBQKBNR b KQkq - 0 1",
      "black_reply_probs": {
        "c7c5": 0.09399259835481644,
        "e7e5": 0.10193920880556107,
        "e7e6": 0.0021100628655403852,
        "c7c6": 0.0006518572918139398,
        "d7d5": 0.296617716550827,
        "g8f6": 0.23355400562286377,
        "g7g6": 0.01046539656817913,
        "d7d6": 0.006460266187787056
      },
      "other_mass": 0.2542088877526112
    },
    "b2b3": {
      "fen_after_white": "rnbqkbnr/pppppppp/8/8/8/1P6/P1PPPPPP/RNBQKBNR b KQkq - 0 1",
      "black_reply_probs": {
        "c7c5": 0.07590492814779282,
        "e7e5": 0.13099108636379242,
        "e7e6": 0.004778563044965267,
        "c7c6": 0.0010197772644460201,
        "d7d5": 0.3121575117111206,
        "g8f6": 0.22972579300403595,
        "g7g6": 0.033090781420469284,
        "d7d6": 0.0046548605896532536
      },
      "other_mass": 0.20767669845372438
    },
    "f2f4": {
      "fen_after_white": "rnbqkbnr/pppppppp/8/8/5P2/8/PPPPP1PP/RNBQKBNR b KQkq - 0 1",
      "black_reply_probs": {
        "c7c5": 0.13958784937858582,
        "e7e5": 0.045222215354442596,
        "e7e6": 0.009531804360449314,
        "c7c6": 0.0017249691300094128,
        "d7d5": 0.34810593724250793,
        "g8f6": 0.23064616322517395,
        "g7g6": 0.01835646666586399,
        "d7d6": 0.012687934562563896
      },
      "other_mass": 0.1941366600804031
    },
    "b2b4": {
      "fen_after_white": "rnbqkbnr/pppppppp/8/8/1P6/8/P1PPPPPP/RNBQKBNR b KQkq - 0 1",
      "black_reply_probs": {
        "c7c5": 0.012785980477929115,
        "e7e5": 0.19738274812698364,
        "e7e6": 0.01879091002047062,
        "c7c6": 0.0034791729412972927,
        "d7d5": 0.31757572293281555,
        "g8f6": 0.1867600977420807,
        "g7g6": 0.06113045662641525,
        "d7d6": 0.011434552259743214
      },
      "other_mass": 0.19066035887226462
    },
    "a2a4": {
      "fen_after_white": "rnbqkbnr/pppppppp/8/8/P7/8/1PPPPPPP/RNBQKBNR b KQkq - 0 1",
      "black_reply_probs": {
        "c7c5": 0.06482290476560593,
        "e7e5": 0.08082450181245804,
        "e7e6": 0.0025243244599550962,
        "c7c6": 0.0007577351061627269,
        "d7d5": 0.2419315129518509,
        "g8f6": 0.285677045583725,
        "g7g6": 0.011005845852196217,
        "d7d6": 0.006751629523932934
      },
      "other_mass": 0.3057044999441132
    }
  },
  "meta": {
    "elo_self": 2800,
    "elo_oppo": 2800,
    "temperature": 1.0,
    "maia_type": "blitz",
    "white_moves_probed": [
      "e2e4",
      "d2d4",
      "c2c4",
      "g1f3",
      "g2g3",
      "b2b3",
      "f2f4",
      "b2b4",
      "a2a4"
    ],
    "black_replies_probed": [
      "c7c5",
      "e7e5",
      "e7e6",
      "c7c6",
      "d7d5",
      "g8f6",
      "g7g6",
      "d7d6"
    ]
  }
}