{
  "white_first_move_probs": {
    "e2e4": 0.15028086304664612,
    "d2d4": 0.26907604932785034,
    "c2c4": 0.09483285993337631,
    "g1f3": 0.17071396112442017,
    "g2g3": 0.005792979151010513,
    "b2b3": 0.2018539011478424,
    "f2f4": 0.09204822778701782,
    "b2b4": 0.0004666783497668803,
    "a2a4": 0.0002462154079694301
  },
  "white_other_mass": 0.014688264724100009,
  "black_reply_probs_cond_on_white": {
    "e2e4": {
      "fen_after_white": "rnbqkbnr/pppppppp/8/8/4P3/8/PPPP1PPP/RNBQKBNR b KQkq - 0 1",
      "black_reply_probs": {
        "c7c5": 0.2349708080291748,
        "e7e5": 0.21328920125961304,
        "e7e6": 0.026532387360930443,
        "c7c6": 0.006747101433575153,
        "d7d5": 0.23911462724208832,
        "g8f6": 0.04349765554070473,
        "g7g6": 0.012026826851069927,
        "d7d6": 0.040956564247608185
      },
      "other_mass": 0.1828648280352354
    },
    "d2d4": {
      "fen_after_white": "rnbqkbnr/pppppppp/8/8/3P4/8/PPP1PPPP/RNBQKBNR b KQkq - 0 1",
      "black_reply_probs": {
        "c7c5": 0.023098599165678024,
        "e7e5": 0.011730778031051159,
        "e7e6": 0.01902657374739647,
        "c7c6": 0.0011869820300489664,
        "d7d5": 0.215971902012825,
        "g8f6": 0.4859159588813782,
        "g7g6": 0.03726433962583542,
        "d7d6": 0.010067557916045189
      },
      "other_mass": 0.1957373085897416
    },
    "c2c4": {
      "fen_after_white": "rnbqkbnr/pppppppp/8/8/2P5/8/PP1PPPPP/RNBQKBNR b KQkq - 0 1",
      "black_reply_probs": {
        "c7c5": 0.05837932601571083,
        "e7e5": 0.15610800683498383,
        "e7e6": 0.00742753641679883,
        "c7c6": 0.0010332681704312563,
        "d7d5": 0.04986267536878586,
        "g8f6": 0.3334161937236786,
        "g7g6": 0.021448900923132896,
        "d7d6": 0.015454530715942383
      },
      "other_mass": 0.35686956183053553
    },
    "g1f3": {
      "fen_after_white": "rnbqkbnr/pppppppp/8/8/8/5N2/PPPPPPPP/RNBQKB1R b KQkq - 1 1",
      "black_reply_probs": {
        "c7c5": 0.10926125198602676,
        "e7e5": 0.036769989877939224,
        "e7e6": 0.003397648222744465,
        "c7c6": 0.0003558281168807298,
        "d7d5": 0.24974088370800018,
        "g8f6": 0.39846110343933105,
        "g7g6": 0.014075905084609985,
        "d7d6": 0.01045971643179655
      },
      "other_mass": 0.17747767313267104
    },
    "g2g3": {
      "fen_after_white": "rnbqkbnr/pppppppp/8/8/8/6P1/PPPPPP1P/RNBQKBNR b KQkq - 0 1",
      "black_reply_probs": {
        "c7c5": 0.06599100679159164,
        "e7e5": 0.2108086198568344,
        "e7e6": 0.003072689985856414,
        "c7c6": 0.0004669441550504416,
        "d7d5": 0.2806564271450043,
        "g8f6": 0.20588400959968567,
        "g7g6": 0.00753637682646513,
        "d7d6": 0.006680050864815712
      },
      "other_mass": 0.2189038747746963
    },
    "b2b3": {
      "fen_after_white": "rnbqkbnr/pppppppp/8/8/8/1P6/P1PPPPPP/RNBQKBNR b KQkq - 0 1",
      "black_reply_probs": {
        "c7c5": 0.05257482826709747,
        "e7e5": 0.2545296549797058,
        "e7e6": 0.007015909068286419,
        "c7c6": 0.000777941953856498,
        "d7d5": 0.2781004011631012,
        "g8f6": 0.20208188891410828,
        "g7g6": 0.024695198982954025,
        "d7d6": 0.004582324530929327
      },
      "other_mass": 0.17564185213996097
    },
    "f2f4": {
      "fen_after_white": "rnbqkbnr/pppppppp/8/8/5P2/8/PPPPP1PP/RNBQKBNR b KQkq - 0 1",
      "black_reply_probs": {
        "c7c5": 0.0968969538807869,
        "e7e5": 0.11168810725212097,
        "e7e6": 0.014882391318678856,
        "c7c6": 0.0016886350931599736,
        "d7d5": 0.3293900787830353,
        "g8f6": 0.23951712250709534,
        "g7g6": 0.014807019382715225,
        "d7d6": 0.014087515883147717
      },
      "other_mass": 0.17704217589925975
    },
    "b2b4": {
      "fen_after_white": "rnbqkbnr/pppppppp/8/8/1P6/8/P1PPPPPP/RNBQKBNR b KQkq - 0 1",
      "black_reply_probs": {
        "c7c5": 0.009102223441004753,
        "e7e5": 0.3311138451099396,
        "e7e6": 0.02761705406010151,
        "c7c6": 0.0027449880726635456,
        "d7d5": 0.26201003789901733,
        "g8f6": 0.14430667459964752,
        "g7g6": 0.050028007477521896,
        "d7d6": 0.011655150912702084
      },
      "other_mass": 0.16142201842740178
    },
    "a2a4": {
      "fen_after_white": "rnbqkbnr/pppppppp/8/8/P7/8/1PPPPPPP/RNBQKBNR b KQkq - 0 1",
      "black_reply_probs": {
        "c7c5": 0.04900388792157173,
        "e7e5": 0.17030321061611176,
        "e7e6": 0.0042519946582615376,
        "c7c6": 0.0006011386285535991,
        "d7d5": 0.23746854066848755,
        "g8f6": 0.24490498006343842,
        "g7g6": 0.006813271902501583,
        "d7d6": 0.007645281497389078
      },
      "other_mass": 0.27900769404368475
    }
  },
  "meta": {
    "elo_self": 2800,
    "elo_oppo": 2800,
    "temperature": 1.0,
    "maia_type": "blitz",
    "white_moves_probed": [
      "e2e4",
      "d2d4",
      "c2c4",
      "g1f3",
      "g2g3",
      "b2b3",
      "f2f4",
      "b2b4",
      "a2a4"
    ],
    "black_replies_probed": [
      "c7c5",
      "e7e5",
      "e7e6",
      "c7c6",
      "d7d5",
      "g8f6",
      "g7g6",
      "d7d6"
    ]
  }
}