{
  "white_first_move_probs": {
    "e2e4": 0.0006009225035086274,
    "d2d4": 0.008864123374223709,
    "c2c4": 4.5360073272604495e-05,
    "g1f3": 0.045632537454366684,
    "g2g3": 0.0012190686538815498,
    "b2b3": 0.8973993062973022,
    "f2f4": 0.04615943133831024,
    "b2b4": 3.22822842235837e-07,
    "a2a4": 3.3818734479496015e-09
  },
  "white_other_mass": 7.892410041865361e-05,
  "black_reply_probs_cond_on_white": {
    "e2e4": {
      "fen_after_white": "rnbqkbnr/pppppppp/8/8/4P3/8/PPPP1PPP/RNBQKBNR b KQkq - 0 1",
      "black_reply_probs": {
        "c7c5": 0.0006178159965202212,
        "e7e5": 0.026714760810136795,
        "e7e6": 0.001298840157687664,
        "c7c6": 1.3861059642295004e-06,
        "d7d5": 0.006484076380729675,
        "g8f6": 0.011422138661146164,
        "g7g6": 0.0069997478276491165,
        "d7d6": 0.000605580979026854
      },
      "other_mass": 0.9458556530811393
    },
    "d2d4": {
      "fen_after_white": "rnbqkbnr/pppppppp/8/8/3P4/8/PPP1PPPP/RNBQKBNR b KQkq - 0 1",
      "black_reply_probs": {
        "c7c5": 2.7626752853393555e-05,
        "e7e5": 0.00012006444012513384,
        "e7e6": 9.019904246088117e-05,
        "c7c6": 2.428734831028123e-07,
        "d7d5": 0.04186195135116577,
        "g8f6": 0.7130434513092041,
        "g7g6": 0.030278243124485016,
        "d7d6": 4.8020989197539166e-05
      },
      "other_mass": 0.21453020011702506
    },
    "c2c4": {
      "fen_after_white": "rnbqkbnr/pppppppp/8/8/2P5/8/PP1PPPPP/RNBQKBNR b KQkq - 0 1",
      "black_reply_probs": {
        "c7c5": 0.00010294555249856785,
        "e7e5": 0.0001484314416302368,
        "e7e6": 5.251061338640284e-06,
        "c7c6": 3.9445826160999786e-08,
        "d7d5": 6.299420783761889e-05,
        "g8f6": 0.011710816994309425,
        "g7g6": 0.0006150575936771929,
        "d7d6": 7.169585387600819e-06
      },
      "other_mass": 0.9873472941174946
    },
    "g1f3": {
      "fen_after_white": "rnbqkbnr/pppppppp/8/8/8/5N2/PPPPPPPP/RNBQKB1R b KQkq - 1 1",
      "black_reply_probs": {
        "c7c5": 0.00014676537830382586,
        "e7e5": 0.00035631199716590345,
        "e7e6": 1.489785972808022e-05,
        "c7c6": 1.0259498850473392e-07,
        "d7d5": 0.014316445216536522,
        "g8f6": 0.3165877163410187,
        "g7g6": 0.01702667400240898,
        "d7d6": 4.551004167296924e-05
      },
      "other_mass": 0.6515055765681765
    },
    "g2g3": {
      "fen_after_white": "rnbqkbnr/pppppppp/8/8/8/6P1/PPPPPP1P/RNBQKBNR b KQkq - 0 1",
      "black_reply_probs": {
        "c7c5": 3.779232793021947e-05,
        "e7e5": 0.0005009609740227461,
        "e7e6": 3.925279543182114e-06,
        "c7c6": 5.547014936269079e-08,
        "d7d5": 0.0035145992878824472,
        "g8f6": 0.026717230677604675,
        "g7g6": 0.0020183876622468233,
        "d7d6": 7.609484327986138e-06
      },
      "other_mass": 0.9671994388362926
    },
    "b2b3": {
      "fen_after_white": "rnbqkbnr/pppppppp/8/8/8/1P6/P1PPPPPP/RNBQKBNR b KQkq - 0 1",
      "black_reply_probs": {
        "c7c5": 3.375409505679272e-05,
        "e7e5": 0.00204657856374979,
        "e7e6": 2.6533867639955133e-05,
        "c7c6": 8.636486370505736e-08,
        "d7d5": 0.012561803683638573,
        "g8f6": 0.12326834350824356,
        "g7g6": 0.023345274850726128,
        "d7d6": 7.870272384025156e-06
      },
      "other_mass": 0.8387097547936975
    },
    "f2f4": {
      "fen_after_white": "rnbqkbnr/pppppppp/8/8/5P2/8/PPPPP1PP/RNBQKBNR b KQkq - 0 1",
      "black_reply_probs": {
        "c7c5": 9.562626655679196e-05,
        "e7e5": 0.0009400721755810082,
        "e7e6": 6.508240767288953e-05,
        "c7c6": 2.0449441251457756e-07,
        "d7d5": 0.026792364194989204,
        "g8f6": 0.20581921935081482,
        "g7g6": 0.02047087997198105,
        "d7d6": 3.5916084016207606e-05
      },
      "other_mass": 0.7457806350539755
    },
    "b2b4": {
      "fen_after_white": "rnbqkbnr/pppppppp/8/8/1P6/8/P1PPPPPP/RNBQKBNR b KQkq - 0 1",
      "black_reply_probs": {
        "c7c5": 1.2256310583325103e-05,
        "e7e5": 0.014664458110928535,
        "e7e6": 0.0005685528740286827,
        "c7c6": 1.3884040299672051e-06,
        "d7d5": 0.031491946429014206,
        "g8f6": 0.3391242027282715,
        "g7g6": 0.09095080196857452,
        "d7d6": 4.414959403220564e-05
      },
      "other_mass": 0.5231422435805371
    },
    "a2a4": {
      "fen_after_white": "rnbqkbnr/pppppppp/8/8/P7/8/1PPPPPPP/RNBQKBNR b KQkq - 0 1",
      "black_reply_probs": {
        "c7c5": 2.492099338269327e-05,
        "e7e5": 0.0006230527651496232,
        "e7e6": 8.428770343016367e-06,
        "c7c6": 8.128604633839132e-08,
        "d7d5": 0.010112842544913292,
        "g8f6": 0.0549037866294384,
        "g7g6": 0.001316702924668789,
        "d7d6": 1.736808189889416e-05
      },
      "other_mass": 0.932992816004159
    }
  },
  "meta": {
    "elo_self": 2800,
    "elo_oppo": 2800,
    "temperature": 1.0,
    "maia_type": "blitz",
    "white_moves_probed": [
      "e2e4",
      "d2d4",
      "c2c4",
      "g1f3",
      "g2g3",
      "b2b3",
      "f2f4",
      "b2b4",
      "a2a4"
    ],
    "black_replies_probed": [
      "c7c5",
      "e7e5",
      "e7e6",
      "c7c6",
      "d7d5",
      "g8f6",
      "g7g6",
      "d7d6"
    ]
  }
}