{
  "white_first_move_probs": {
    "e2e4": 0.09942508488893509,
    "d2d4": 0.2792642414569855,
    "c2c4": 0.14324451982975006,
    "g1f3": 0.1220337450504303,
    "g2g3": 0.0068544186651706696,
    "b2b3": 0.24705319106578827,
    "f2f4": 0.08550608903169632,
    "b2b4": 0.0006780059193260968,
    "a2a4": 0.00039013460627757013
  },
  "white_other_mass": 0.015550569485640153,
  "black_reply_probs_cond_on_white": {
    "e2e4": {
      "fen_after_white": "rnbqkbnr/pppppppp/8/8/4P3/8/PPPP1PPP/RNBQKBNR b KQkq - 0 1",
      "black_reply_probs": {
        "c7c5": 0.24437525868415833,
        "e7e5": 0.23473966121673584,
        "e7e6": 0.03438153117895126,
        "c7c6": 0.00806878786534071,
        "d7d5": 0.22330422699451447,
        "g8f6": 0.03505202382802963,
        "g7g6": 0.012544240802526474,
        "d7d6": 0.03872246295213699
      },
      "other_mass": 0.1688118064776063
    },
    "d2d4": {
      "fen_after_white": "rnbqkbnr/pppppppp/8/8/3P4/8/PPP1PPPP/RNBQKBNR b KQkq - 0 1",
      "black_reply_probs": {
        "c7c5": 0.027718907222151756,
        "e7e5": 0.009156265296041965,
        "e7e6": 0.015104394406080246,
        "c7c6": 0.0015889094211161137,
        "d7d5": 0.29191455245018005,
        "g8f6": 0.39689433574676514,
        "g7g6": 0.04208303987979889,
        "d7d6": 0.009787442162632942
      },
      "other_mass": 0.2057521534152329
    },
    "c2c4": {
      "fen_after_white": "rnbqkbnr/pppppppp/8/8/2P5/8/PP1PPPPP/RNBQKBNR b KQkq - 0 1",
      "black_reply_probs": {
        "c7c5": 0.08354207873344421,
        "e7e5": 0.12413212656974792,
        "e7e6": 0.008996106684207916,
        "c7c6": 0.0018354200292378664,
        "d7d5": 0.07024148851633072,
        "g8f6": 0.23077908158302307,
        "g7g6": 0.030699696391820908,
        "d7d6": 0.014880669303238392
      },
      "other_mass": 0.434893332188949
    },
    "g1f3": {
      "fen_after_white": "rnbqkbnr/pppppppp/8/8/8/5N2/PPPPPPPP/RNBQKB1R b KQkq - 1 1",
      "black_reply_probs": {
        "c7c5": 0.16597740352153778,
        "e7e5": 0.027290990576148033,
        "e7e6": 0.002975284354761243,
        "c7c6": 0.0005169815849512815,
        "d7d5": 0.32776233553886414,
        "g8f6": 0.2654842138290405,
        "g7g6": 0.01498925406485796,
        "d7d6": 0.009235149249434471
      },
      "other_mass": 0.18576838728040457
    },
    "g2g3": {
      "fen_after_white": "rnbqkbnr/pppppppp/8/8/8/6P1/PPPPPP1P/RNBQKBNR b KQkq - 0 1",
      "black_reply_probs": {
        "c7c5": 0.08928980678319931,
        "e7e5": 0.16030895709991455,
        "e7e6": 0.003680780064314604,
        "c7c6": 0.0007994304760359228,
        "d7d5": 0.3343605399131775,
        "g8f6": 0.1433277428150177,
        "g7g6": 0.009482238441705704,
        "d7d6": 0.006703853607177734
      },
      "other_mass": 0.252046650799457
    },
    "b2b3": {
      "fen_after_white": "rnbqkbnr/pppppppp/8/8/8/1P6/P1PPPPPP/RNBQKBNR b KQkq - 0 1",
      "black_reply_probs": {
        "c7c5": 0.06656897813081741,
        "e7e5": 0.20144638419151306,
        "e7e6": 0.00938471034169197,
        "c7c6": 0.0015285982517525554,
        "d7d5": 0.3362318277359009,
        "g8f6": 0.14650967717170715,
        "g7g6": 0.032857444137334824,
        "d7d6": 0.006140811834484339
      },
      "other_mass": 0.1993315682047978
    },
    "f2f4": {
      "fen_after_white": "rnbqkbnr/pppppppp/8/8/5P2/8/PPPPP1PP/RNBQKBNR b KQkq - 0 1",
      "black_reply_probs": {
        "c7c5": 0.1182682067155838,
        "e7e5": 0.08111611008644104,
        "e7e6": 0.017479147762060165,
        "c7c6": 0.0026115369983017445,
        "d7d5": 0.3795353174209595,
        "g8f6": 0.16873255372047424,
        "g7g6": 0.01549315545707941,
        "d7d6": 0.016107937321066856
      },
      "other_mass": 0.20065603451803327
    },
    "b2b4": {
      "fen_after_white": "rnbqkbnr/pppppppp/8/8/1P6/8/P1PPPPPP/RNBQKBNR b KQkq - 0 1",
      "black_reply_probs": {
        "c7c5": 0.011026429012417793,
        "e7e5": 0.2609831392765045,
        "e7e6": 0.03563827648758888,
        "c7c6": 0.005448918789625168,
        "d7d5": 0.29983678460121155,
        "g8f6": 0.1183190569281578,
        "g7g6": 0.09040433913469315,
        "d7d6": 0.017017684876918793
      },
      "other_mass": 0.16132537089288235
    },
    "a2a4": {
      "fen_after_white": "rnbqkbnr/pppppppp/8/8/P7/8/1PPPPPPP/RNBQKBNR b KQkq - 0 1",
      "black_reply_probs": {
        "c7c5": 0.0701126828789711,
        "e7e5": 0.1369880884885788,
        "e7e6": 0.005202265921980143,
        "c7c6": 0.001205006497912109,
        "d7d5": 0.2839628756046295,
        "g8f6": 0.1825876533985138,
        "g7g6": 0.01203630119562149,
        "d7d6": 0.008609703741967678
      },
      "other_mass": 0.2992954222718254
    }
  },
  "meta": {
    "elo_self": 2800,
    "elo_oppo": 2800,
    "temperature": 1.0,
    "maia_type": "blitz",
    "white_moves_probed": [
      "e2e4",
      "d2d4",
      "c2c4",
      "g1f3",
      "g2g3",
      "b2b3",
      "f2f4",
      "b2b4",
      "a2a4"
    ],
    "black_replies_probed": [
      "c7c5",
      "e7e5",
      "e7e6",
      "c7c6",
      "d7d5",
      "g8f6",
      "g7g6",
      "d7d6"
    ]
  }
}