{
  "white_first_move_probs": {
    "e2e4": 0.11333315819501877,
    "d2d4": 0.2743820250034332,
    "c2c4": 0.13504905998706818,
    "g1f3": 0.1616424322128296,
    "g2g3": 0.008206311613321304,
    "b2b3": 0.22750213742256165,
    "f2f4": 0.06403280794620514,
    "b2b4": 0.0005589692736975849,
    "a2a4": 0.0002110882051056251
  },
  "white_other_mass": 0.015082010140758939,
  "black_reply_probs_cond_on_white": {
    "e2e4": {
      "fen_after_white": "rnbqkbnr/pppppppp/8/8/4P3/8/PPPP1PPP/RNBQKBNR b KQkq - 0 1",
      "black_reply_probs": {
        "c7c5": 0.2698351740837097,
        "e7e5": 0.22563618421554565,
        "e7e6": 0.03352394700050354,
        "c7c6": 0.005018160212785006,
        "d7d5": 0.20150041580200195,
        "g8f6": 0.04534972459077835,
        "g7g6": 0.01509788166731596,
        "d7d6": 0.03159349039196968
      },
      "other_mass": 0.17244502203539014
    },
    "d2d4": {
      "fen_after_white": "rnbqkbnr/pppppppp/8/8/3P4/8/PPP1PPPP/RNBQKBNR b KQkq - 0 1",
      "black_reply_probs": {
        "c7c5": 0.03431712090969086,
        "e7e5": 0.009793885052204132,
        "e7e6": 0.018853576853871346,
        "c7c6": 0.0010128833819180727,
        "d7d5": 0.2887115478515625,
        "g8f6": 0.43036317825317383,
        "g7g6": 0.049943167716264725,
        "d7d6": 0.007773089688271284
      },
      "other_mass": 0.15923155029304326
    },
    "c2c4": {
      "fen_after_white": "rnbqkbnr/pppppppp/8/8/2P5/8/PP1PPPPP/RNBQKBNR b KQkq - 0 1",
      "black_reply_probs": {
        "c7c5": 0.10814353078603745,
        "e7e5": 0.11587940901517868,
        "e7e6": 0.010465992614626884,
        "c7c6": 0.001315458444878459,
        "d7d5": 0.053840234875679016,
        "g8f6": 0.27538228034973145,
        "g7g6": 0.030564140528440475,
        "d7d6": 0.01166299358010292
      },
      "other_mass": 0.3927459598053247
    },
    "g1f3": {
      "fen_after_white": "rnbqkbnr/pppppppp/8/8/8/5N2/PPPPPPPP/RNBQKB1R b KQkq - 1 1",
      "black_reply_probs": {
        "c7c5": 0.1681651622056961,
        "e7e5": 0.024360911920666695,
        "e7e6": 0.003987157717347145,
        "c7c6": 0.0003783079155255109,
        "d7d5": 0.2798219323158264,
        "g8f6": 0.3142814636230469,
        "g7g6": 0.017864855006337166,
        "d7d6": 0.008039269596338272
      },
      "other_mass": 0.18310093969921581
    },
    "g2g3": {
      "fen_after_white": "rnbqkbnr/pppppppp/8/8/8/6P1/PPPPPP1P/RNBQKBNR b KQkq - 0 1",
      "black_reply_probs": {
        "c7c5": 0.09420958906412125,
        "e7e5": 0.14429573714733124,
        "e7e6": 0.004035396967083216,
        "c7c6": 0.0005747279501520097,
        "d7d5": 0.3389141261577606,
        "g8f6": 0.17415118217468262,
        "g7g6": 0.01006435789167881,
        "d7d6": 0.005929731298238039
      },
      "other_mass": 0.2278251513489522
    },
    "b2b3": {
      "fen_after_white": "rnbqkbnr/pppppppp/8/8/8/1P6/P1PPPPPP/RNBQKBNR b KQkq - 0 1",
      "black_reply_probs": {
        "c7c5": 0.07211730629205704,
        "e7e5": 0.19450385868549347,
        "e7e6": 0.008487601764500141,
        "c7c6": 0.000849042262416333,
        "d7d5": 0.328752338886261,
        "g8f6": 0.1679360419511795,
        "g7g6": 0.03249378874897957,
        "d7d6": 0.004403259139508009
      },
      "other_mass": 0.19045676226960495
    },
    "f2f4": {
      "fen_after_white": "rnbqkbnr/pppppppp/8/8/5P2/8/PPPPP1PP/RNBQKBNR b KQkq - 0 1",
      "black_reply_probs": {
        "c7c5": 0.13422858715057373,
        "e7e5": 0.07558434456586838,
        "e7e6": 0.015241914428770542,
        "c7c6": 0.001441868138499558,
        "d7d5": 0.373969703912735,
        "g8f6": 0.19741486012935638,
        "g7g6": 0.01692298613488674,
        "d7d6": 0.010882946662604809
      },
      "other_mass": 0.17431278887670487
    },
    "b2b4": {
      "fen_after_white": "rnbqkbnr/pppppppp/8/8/1P6/8/P1PPPPPP/RNBQKBNR b KQkq - 0 1",
      "black_reply_probs": {
        "c7c5": 0.012793849222362041,
        "e7e5": 0.26129597425460815,
        "e7e6": 0.029393304139375687,
        "c7c6": 0.0030106259509921074,
        "d7d5": 0.30557337403297424,
        "g8f6": 0.14232616126537323,
        "g7g6": 0.08292276412248611,
        "d7d6": 0.009953317232429981
      },
      "other_mass": 0.15273062977939844
    },
    "a2a4": {
      "fen_after_white": "rnbqkbnr/pppppppp/8/8/P7/8/1PPPPPPP/RNBQKBNR b KQkq - 0 1",
      "black_reply_probs": {
        "c7c5": 0.06930651515722275,
        "e7e5": 0.12681639194488525,
        "e7e6": 0.005150616634637117,
        "c7c6": 0.0006454786635003984,
        "d7d5": 0.28074467182159424,
        "g8f6": 0.2243354320526123,
        "g7g6": 0.010158026590943336,
        "d7d6": 0.005953093059360981
      },
      "other_mass": 0.2768897740752436
    }
  },
  "meta": {
    "elo_self": 2800,
    "elo_oppo": 2800,
    "temperature": 1.0,
    "maia_type": "blitz",
    "white_moves_probed": [
      "e2e4",
      "d2d4",
      "c2c4",
      "g1f3",
      "g2g3",
      "b2b3",
      "f2f4",
      "b2b4",
      "a2a4"
    ],
    "black_replies_probed": [
      "c7c5",
      "e7e5",
      "e7e6",
      "c7c6",
      "d7d5",
      "g8f6",
      "g7g6",
      "d7d6"
    ]
  }
}