{
  "white_first_move_probs": {
    "e2e4": 0.12456292659044266,
    "d2d4": 0.34487056732177734,
    "c2c4": 0.1203053742647171,
    "g1f3": 0.17441508173942566,
    "g2g3": 0.0061767492443323135,
    "b2b3": 0.11398390680551529,
    "f2f4": 0.09823262691497803,
    "b2b4": 0.0005894179339520633,
    "a2a4": 0.000348137371474877
  },
  "white_other_mass": 0.016515211813384667,
  "black_reply_probs_cond_on_white": {
    "e2e4": {
      "fen_after_white": "rnbqkbnr/pppppppp/8/8/4P3/8/PPPP1PPP/RNBQKBNR b KQkq - 0 1",
      "black_reply_probs": {
        "c7c5": 0.26767516136169434,
        "e7e5": 0.23646320402622223,
        "e7e6": 0.022735944017767906,
        "c7c6": 0.008589064702391624,
        "d7d5": 0.28584641218185425,
        "g8f6": 0.054779648780822754,
        "g7g6": 0.009962311014533043,
        "d7d6": 0.023607958108186722
      },
      "other_mass": 0.09034029580652714
    },
    "d2d4": {
      "fen_after_white": "rnbqkbnr/pppppppp/8/8/3P4/8/PPP1PPPP/RNBQKBNR b KQkq - 0 1",
      "black_reply_probs": {
        "c7c5": 0.021336499601602554,
        "e7e5": 0.010121956467628479,
        "e7e6": 0.011618423275649548,
        "c7c6": 0.001498437370173633,
        "d7d5": 0.30644336342811584,
        "g8f6": 0.4538455605506897,
        "g7g6": 0.0314728245139122,
        "d7d6": 0.007481705863028765
      },
      "other_mass": 0.15618122892919928
    },
    "c2c4": {
      "fen_after_white": "rnbqkbnr/pppppppp/8/8/2P5/8/PP1PPPPP/RNBQKBNR b KQkq - 0 1",
      "black_reply_probs": {
        "c7c5": 0.07346280664205551,
        "e7e5": 0.16282977163791656,
        "e7e6": 0.008549067191779613,
        "c7c6": 0.0020834170281887054,
        "d7d5": 0.0759735181927681,
        "g8f6": 0.33024027943611145,
        "g7g6": 0.03007366694509983,
        "d7d6": 0.014153244905173779
      },
      "other_mass": 0.30263422802090645
    },
    "g1f3": {
      "fen_after_white": "rnbqkbnr/pppppppp/8/8/8/5N2/PPPPPPPP/RNBQKB1R b KQkq - 1 1",
      "black_reply_probs": {
        "c7c5": 0.12843197584152222,
        "e7e5": 0.02891761064529419,
        "e7e6": 0.0024903882294893265,
        "c7c6": 0.0005494431243278086,
        "d7d5": 0.33181390166282654,
        "g8f6": 0.3705271780490875,
        "g7g6": 0.013991912826895714,
        "d7d6": 0.007531267125159502
      },
      "other_mass": 0.11574632249539718
    },
    "g2g3": {
      "fen_after_white": "rnbqkbnr/pppppppp/8/8/8/6P1/PPPPPP1P/RNBQKBNR b KQkq - 0 1",
      "black_reply_probs": {
        "c7c5": 0.07471637427806854,
        "e7e5": 0.17838025093078613,
        "e7e6": 0.0028262194246053696,
        "c7c6": 0.0008623074973002076,
        "d7d5": 0.38972529768943787,
        "g8f6": 0.20027676224708557,
        "g7g6": 0.008227956481277943,
        "d7d6": 0.005402750801295042
      },
      "other_mass": 0.13958208065014333
    },
    "b2b3": {
      "fen_after_white": "rnbqkbnr/pppppppp/8/8/8/1P6/P1PPPPPP/RNBQKBNR b KQkq - 0 1",
      "black_reply_probs": {
        "c7c5": 0.059751372784376144,
        "e7e5": 0.21166697144508362,
        "e7e6": 0.006487895268946886,
        "c7c6": 0.0012922503519803286,
        "d7d5": 0.35437270998954773,
        "g8f6": 0.18710120022296906,
        "g7g6": 0.029588889330625534,
        "d7d6": 0.00428279722109437
      },
      "other_mass": 0.14545591338537633
    },
    "f2f4": {
      "fen_after_white": "rnbqkbnr/pppppppp/8/8/5P2/8/PPPPP1PP/RNBQKBNR b KQkq - 0 1",
      "black_reply_probs": {
        "c7c5": 0.11441260576248169,
        "e7e5": 0.08866249769926071,
        "e7e6": 0.012769133783876896,
        "c7c6": 0.0026646314654499292,
        "d7d5": 0.4179029166698456,
        "g8f6": 0.20543210208415985,
        "g7g6": 0.012851719744503498,
        "d7d6": 0.012376741506159306
      },
      "other_mass": 0.13292765128426254
    },
    "b2b4": {
      "fen_after_white": "rnbqkbnr/pppppppp/8/8/1P6/8/P1PPPPPP/RNBQKBNR b KQkq - 0 1",
      "black_reply_probs": {
        "c7c5": 0.013358859345316887,
        "e7e5": 0.26486098766326904,
        "e7e6": 0.022017622366547585,
        "c7c6": 0.0045950342901051044,
        "d7d5": 0.32663166522979736,
        "g8f6": 0.1544152945280075,
        "g7g6": 0.06021846458315849,
        "d7d6": 0.010939125902950764
      },
      "other_mass": 0.14296294609084725
    },
    "a2a4": {
      "fen_after_white": "rnbqkbnr/pppppppp/8/8/P7/8/1PPPPPPP/RNBQKBNR b KQkq - 0 1",
      "black_reply_probs": {
        "c7c5": 0.061847954988479614,
        "e7e5": 0.15168878436088562,
        "e7e6": 0.00398538401350379,
        "c7c6": 0.0011131612118333578,
        "d7d5": 0.33511748909950256,
        "g8f6": 0.24174834787845612,
        "g7g6": 0.009404501877725124,
        "d7d6": 0.006814680993556976
      },
      "other_mass": 0.18827969557605684
    }
  },
  "meta": {
    "elo_self": 2800,
    "elo_oppo": 2800,
    "temperature": 1.0,
    "maia_type": "blitz",
    "white_moves_probed": [
      "e2e4",
      "d2d4",
      "c2c4",
      "g1f3",
      "g2g3",
      "b2b3",
      "f2f4",
      "b2b4",
      "a2a4"
    ],
    "black_replies_probed": [
      "c7c5",
      "e7e5",
      "e7e6",
      "c7c6",
      "d7d5",
      "g8f6",
      "g7g6",
      "d7d6"
    ]
  }
}