{
  "white_first_move_probs": {
    "e2e4": 0.0006122899940237403,
    "d2d4": 0.024854226037859917,
    "c2c4": 0.00034229192533530295,
    "g1f3": 0.47488805651664734,
    "g2g3": 0.03858443722128868,
    "b2b3": 0.37576842308044434,
    "f2f4": 0.08192940056324005,
    "b2b4": 1.943605820997618e-05,
    "a2a4": 3.5747202673519496e-06
  },
  "white_other_mass": 0.002997863882683305,
  "black_reply_probs_cond_on_white": {
    "e2e4": {
      "fen_after_white": "rnbqkbnr/pppppppp/8/8/4P3/8/PPPP1PPP/RNBQKBNR b KQkq - 0 1",
      "black_reply_probs": {
        "c7c5": 0.0022076647728681564,
        "e7e5": 0.01099426206201315,
        "e7e6": 0.023449348285794258,
        "c7c6": 0.0003505778149701655,
        "d7d5": 0.03463936597108841,
        "g8f6": 0.15437550842761993,
        "g7g6": 0.11176159977912903,
        "d7d6": 0.027522260323166847
      },
      "other_mass": 0.63469941256335
    },
    "d2d4": {
      "fen_after_white": "rnbqkbnr/pppppppp/8/8/3P4/8/PPP1PPPP/RNBQKBNR b KQkq - 0 1",
      "black_reply_probs": {
        "c7c5": 3.244013350922614e-05,
        "e7e5": 3.309005478513427e-05,
        "e7e6": 0.000275951053481549,
        "c7c6": 8.216273272410035e-06,
        "d7d5": 0.021409938111901283,
        "g8f6": 0.8920302391052246,
        "g7g6": 0.03973108157515526,
        "d7d6": 0.0002634479897096753
      },
      "other_mass": 0.046215595702960854
    },
    "c2c4": {
      "fen_after_white": "rnbqkbnr/pppppppp/8/8/2P5/8/PP1PPPPP/RNBQKBNR b KQkq - 0 1",
      "black_reply_probs": {
        "c7c5": 0.0011740641202777624,
        "e7e5": 0.0003727047878783196,
        "e7e6": 0.0002409695298410952,
        "c7c6": 2.2741469365428202e-05,
        "d7d5": 0.001326350262388587,
        "g8f6": 0.18624652922153473,
        "g7g6": 0.02497820369899273,
        "d7d6": 0.0008892770856618881
      },
      "other_mass": 0.7847491598240595
    },
    "g1f3": {
      "fen_after_white": "rnbqkbnr/pppppppp/8/8/8/5N2/PPPPPPPP/RNBQKB1R b KQkq - 1 1",
      "black_reply_probs": {
        "c7c5": 0.00012311422324273735,
        "e7e5": 7.976128108566627e-05,
        "e7e6": 5.5922992032719776e-05,
        "c7c6": 2.825830733854673e-06,
        "d7d5": 0.014481092803180218,
        "g8f6": 0.8294273018836975,
        "g7g6": 0.04427653178572655,
        "d7d6": 0.0003385200398042798
      },
      "other_mass": 0.11121492916049647
    },
    "g2g3": {
      "fen_after_white": "rnbqkbnr/pppppppp/8/8/8/6P1/PPPPPP1P/RNBQKBNR b KQkq - 0 1",
      "black_reply_probs": {
        "c7c5": 0.00030403200071305037,
        "e7e5": 0.0008654551347717643,
        "e7e6": 0.00014212506357580423,
        "c7c6": 1.4946964256523643e-05,
        "d7d5": 0.022966135293245316,
        "g8f6": 0.43924620747566223,
        "g7g6": 0.03872910514473915,
        "d7d6": 0.0006187158287502825
      },
      "other_mass": 0.4971132770942859
    },
    "b2b3": {
      "fen_after_white": "rnbqkbnr/pppppppp/8/8/8/1P6/P1PPPPPP/RNBQKBNR b KQkq - 0 1",
      "black_reply_probs": {
        "c7c5": 0.0001979129738174379,
        "e7e5": 0.0008470559841953218,
        "e7e6": 0.00030064425664022565,
        "c7c6": 1.420476837665774e-05,
        "d7d5": 0.02407929114997387,
        "g8f6": 0.619306206703186,
        "g7g6": 0.11454898118972778,
        "d7d6": 0.0002614038821775466
      },
      "other_mass": 0.24044429909190512
    },
    "f2f4": {
      "fen_after_white": "rnbqkbnr/pppppppp/8/8/5P2/8/PPPPP1PP/RNBQKBNR b KQkq - 0 1",
      "black_reply_probs": {
        "c7c5": 0.00014394074969459325,
        "e7e5": 0.0003478975559119135,
        "e7e6": 0.00035073416074737906,
        "c7c6": 1.3988777936901897e-05,
        "d7d5": 0.02433202415704727,
        "g8f6": 0.7570171356201172,
        "g7g6": 0.0792410671710968,
        "d7d6": 0.0006968347006477416
      },
      "other_mass": 0.1378563771068002
    },
    "b2b4": {
      "fen_after_white": "rnbqkbnr/pppppppp/8/8/1P6/8/P1PPPPPP/RNBQKBNR b KQkq - 0 1",
      "black_reply_probs": {
        "c7c5": 3.557165473466739e-05,
        "e7e5": 0.0013692989014089108,
        "e7e6": 0.0011271776165813208,
        "c7c6": 6.578485044883564e-05,
        "d7d5": 0.018014129251241684,
        "g8f6": 0.7475088834762573,
        "g7g6": 0.11351757496595383,
        "d7d6": 0.0005103776347823441
      },
      "other_mass": 0.11785120164859109
    },
    "a2a4": {
      "fen_after_white": "rnbqkbnr/pppppppp/8/8/P7/8/1PPPPPPP/RNBQKBNR b KQkq - 0 1",
      "black_reply_probs": {
        "c7c5": 0.00011840265506180003,
        "e7e5": 0.00038574286736547947,
        "e7e6": 9.60088218562305e-05,
        "c7c6": 7.69803773437161e-06,
        "d7d5": 0.01825881376862526,
        "g8f6": 0.5743270516395569,
        "g7g6": 0.02710258774459362,
        "d7d6": 0.00047560170060023665
      },
      "other_mass": 0.3792280927646061
    }
  },
  "meta": {
    "elo_self": 2800,
    "elo_oppo": 2800,
    "temperature": 1.0,
    "maia_type": "blitz",
    "white_moves_probed": [
      "e2e4",
      "d2d4",
      "c2c4",
      "g1f3",
      "g2g3",
      "b2b3",
      "f2f4",
      "b2b4",
      "a2a4"
    ],
    "black_replies_probed": [
      "c7c5",
      "e7e5",
      "e7e6",
      "c7c6",
      "d7d5",
      "g8f6",
      "g7g6",
      "d7d6"
    ]
  }
}