{
  "white_first_move_probs": {
    "e2e4": 0.00035885011311620474,
    "d2d4": 0.015554971992969513,
    "c2c4": 2.9753418857580982e-05,
    "g1f3": 0.026409730315208435,
    "g2g3": 0.0014483507256954908,
    "b2b3": 0.9280586242675781,
    "f2f4": 0.028030341491103172,
    "b2b4": 2.891185602038604e-07,
    "a2a4": 1.4422457672580435e-09
  },
  "white_other_mass": 0.00010908711466550702,
  "black_reply_probs_cond_on_white": {
    "e2e4": {
      "fen_after_white": "rnbqkbnr/pppppppp/8/8/4P3/8/PPPP1PPP/RNBQKBNR b KQkq - 0 1",
      "black_reply_probs": {
        "c7c5": 0.00021722502424381673,
        "e7e5": 0.003261112840846181,
        "e7e6": 7.48749152990058e-05,
        "c7c6": 3.6477021581049485e-07,
        "d7d5": 0.005560836289077997,
        "g8f6": 0.002652287483215332,
        "g7g6": 0.0020081056281924248,
        "d7d6": 0.00022854370763525367
      },
      "other_mass": 0.9859966493412742
    },
    "d2d4": {
      "fen_after_white": "rnbqkbnr/pppppppp/8/8/3P4/8/PPP1PPPP/RNBQKBNR b KQkq - 0 1",
      "black_reply_probs": {
        "c7c5": 3.603950244723819e-05,
        "e7e5": 0.00014301460760179907,
        "e7e6": 6.527752702822909e-05,
        "c7c6": 2.1974038588723488e-07,
        "d7d5": 0.043659381568431854,
        "g8f6": 0.5451459288597107,
        "g7g6": 0.034288518130779266,
        "d7d6": 9.587035310687497e-05
      },
      "other_mass": 0.37656574971050816
    },
    "c2c4": {
      "fen_after_white": "rnbqkbnr/pppppppp/8/8/2P5/8/PP1PPPPP/RNBQKBNR b KQkq - 0 1",
      "black_reply_probs": {
        "c7c5": 5.799629070679657e-05,
        "e7e5": 0.00011542886932147667,
        "e7e6": 2.6429715944686905e-06,
        "c7c6": 4.190324887076713e-08,
        "d7d5": 0.00013937766198068857,
        "g8f6": 0.01114149671047926,
        "g7g6": 0.0008643520413897932,
        "d7d6": 1.3178976587369107e-05
      },
      "other_mass": 0.9876654845746913
    },
    "g1f3": {
      "fen_after_white": "rnbqkbnr/pppppppp/8/8/8/5N2/PPPPPPPP/RNBQKB1R b KQkq - 1 1",
      "black_reply_probs": {
        "c7c5": 0.00010792964894790202,
        "e7e5": 0.00025683711282908916,
        "e7e6": 9.696018423710484e-06,
        "c7c6": 1.1075660921733288e-07,
        "d7d5": 0.01878775656223297,
        "g8f6": 0.18833979964256287,
        "g7g6": 0.014892048202455044,
        "d7d6": 7.570357411168516e-05
      },
      "other_mass": 0.7775301184818275
    },
    "g2g3": {
      "fen_after_white": "rnbqkbnr/pppppppp/8/8/8/6P1/PPPPPP1P/RNBQKBNR b KQkq - 0 1",
      "black_reply_probs": {
        "c7c5": 2.730792766669765e-05,
        "e7e5": 0.0003205762477591634,
        "e7e6": 1.8598417454995797e-06,
        "c7c6": 6.389430495801207e-08,
        "d7d5": 0.005118000786751509,
        "g8f6": 0.02378186769783497,
        "g7g6": 0.0033945811446756124,
        "d7d6": 1.4541410564561374e-05
      },
      "other_mass": 0.967341201048697
    },
    "b2b3": {
      "fen_after_white": "rnbqkbnr/pppppppp/8/8/8/1P6/P1PPPPPP/RNBQKBNR b KQkq - 0 1",
      "black_reply_probs": {
        "c7c5": 1.4592695151804946e-05,
        "e7e5": 0.0010604411363601685,
        "e7e6": 1.1710238140949514e-05,
        "c7c6": 7.763799203530652e-08,
        "d7d5": 0.012592599727213383,
        "g8f6": 0.09402257204055786,
        "g7g6": 0.023129066452383995,
        "d7d6": 1.203164538310375e-05
      },
      "other_mass": 0.8691569084268167
    },
    "f2f4": {
      "fen_after_white": "rnbqkbnr/pppppppp/8/8/5P2/8/PPPPP1PP/RNBQKBNR b KQkq - 0 1",
      "black_reply_probs": {
        "c7c5": 4.561788955470547e-05,
        "e7e5": 0.000447048747446388,
        "e7e6": 2.3757087546982802e-05,
        "c7c6": 1.2236938573551015e-07,
        "d7d5": 0.027460649609565735,
        "g8f6": 0.11354304105043411,
        "g7g6": 0.02297274023294449,
        "d7d6": 4.3810508941533044e-05
      },
      "other_mass": 0.8354632125041803
    },
    "b2b4": {
      "fen_after_white": "rnbqkbnr/pppppppp/8/8/1P6/8/P1PPPPPP/RNBQKBNR b KQkq - 0 1",
      "black_reply_probs": {
        "c7c5": 8.699717000126839e-06,
        "e7e5": 0.006916510872542858,
        "e7e6": 0.00022353569511324167,
        "c7c6": 9.3059747996449e-07,
        "d7d5": 0.025553815066814423,
        "g8f6": 0.21156641840934753,
        "g7g6": 0.0735618993639946,
        "d7d6": 6.15898534306325e-05
      },
      "other_mass": 0.6821066004242766
    },
    "a2a4": {
      "fen_after_white": "rnbqkbnr/pppppppp/8/8/P7/8/1PPPPPPP/RNBQKBNR b KQkq - 0 1",
      "black_reply_probs": {
        "c7c5": 1.6684027286828496e-05,
        "e7e5": 0.0003274204209446907,
        "e7e6": 5.066381618235027e-06,
        "c7c6": 1.1243506037317275e-07,
        "d7d5": 0.00960101280361414,
        "g8f6": 0.03557648882269859,
        "g7g6": 0.0012736263452097774,
        "d7d6": 3.2702457247069106e-05
      },
      "other_mass": 0.9531668863063203
    }
  },
  "meta": {
    "elo_self": 2800,
    "elo_oppo": 2800,
    "temperature": 1.0,
    "maia_type": "blitz",
    "white_moves_probed": [
      "e2e4",
      "d2d4",
      "c2c4",
      "g1f3",
      "g2g3",
      "b2b3",
      "f2f4",
      "b2b4",
      "a2a4"
    ],
    "black_replies_probed": [
      "c7c5",
      "e7e5",
      "e7e6",
      "c7c6",
      "d7d5",
      "g8f6",
      "g7g6",
      "d7d6"
    ]
  }
}