{
  "white_first_move_probs": {
    "e2e4": 0.0027213336434215307,
    "d2d4": 0.9849586486816406,
    "c2c4": 3.479354199953377e-05,
    "g1f3": 0.011893009766936302,
    "g2g3": 7.498773157976757e-09,
    "b2b3": 0.00017040708917193115,
    "f2f4": 0.0002215007261838764,
    "b2b4": 2.2991629433644079e-10,
    "a2a4": 5.613290934520034e-20
  },
  "white_other_mass": 2.988219567345851e-07,
  "black_reply_probs_cond_on_white": {
    "e2e4": {
      "fen_after_white": "rnbqkbnr/pppppppp/8/8/4P3/8/PPPP1PPP/RNBQKBNR b KQkq - 0 1",
      "black_reply_probs": {
        "c7c5": 0.00018235227616969496,
        "e7e5": 0.20159271359443665,
        "e7e6": 5.69354590140847e-08,
        "c7c6": 1.710744171763385e-17,
        "d7d5": 0.7929922342300415,
        "g8f6": 0.003933882340788841,
        "g7g6": 1.0997436561410723e-07,
        "d7d6": 4.09640051657334e-06
      },
      "other_mass": 0.0012945542482221128
    },
    "d2d4": {
      "fen_after_white": "rnbqkbnr/pppppppp/8/8/3P4/8/PPP1PPPP/RNBQKBNR b KQkq - 0 1",
      "black_reply_probs": {
        "c7c5": 4.612937573256204e-06,
        "e7e5": 0.00058346102014184,
        "e7e6": 4.023538391351167e-09,
        "c7c6": 1.1751032471974587e-19,
        "d7d5": 0.9652485251426697,
        "g8f6": 0.03362875431776047,
        "g7g6": 4.646683393616513e-08,
        "d7d6": 1.5674349640448781e-07
      },
      "other_mass": 0.0005344393479860265
    },
    "c2c4": {
      "fen_after_white": "rnbqkbnr/pppppppp/8/8/2P5/8/PP1PPPPP/RNBQKBNR b KQkq - 0 1",
      "black_reply_probs": {
        "c7c5": 5.940720802755095e-05,
        "e7e5": 0.05395525321364403,
        "e7e6": 2.623039030424934e-08,
        "c7c6": 9.61907323950357e-18,
        "d7d5": 0.7576908469200134,
        "g8f6": 0.18639902770519257,
        "g7g6": 1.1656344156563136e-07,
        "d7d6": 3.2257935345114674e-06
      },
      "other_mass": 0.0018920963657560463
    },
    "g1f3": {
      "fen_after_white": "rnbqkbnr/pppppppp/8/8/8/5N2/PPPPPPPP/RNBQKB1R b KQkq - 1 1",
      "black_reply_probs": {
        "c7c5": 0.00013148118159733713,
        "e7e5": 0.0028667959850281477,
        "e7e6": 1.681684902443692e-09,
        "c7c6": 1.1786150166386585e-18,
        "d7d5": 0.9794027209281921,
        "g8f6": 0.01718982309103012,
        "g7g6": 1.8730490936036404e-08,
        "d7d6": 2.8814764618800837e-07
      },
      "other_mass": 0.00040887025433022917
    },
    "g2g3": {
      "fen_after_white": "rnbqkbnr/pppppppp/8/8/8/6P1/PPPPPP1P/RNBQKBNR b KQkq - 0 1",
      "black_reply_probs": {
        "c7c5": 3.377701068529859e-05,
        "e7e5": 0.013281615450978279,
        "e7e6": 1.3127908760068863e-09,
        "c7c6": 1.1781449712555752e-18,
        "d7d5": 0.9512069225311279,
        "g8f6": 0.03482035547494888,
        "g7g6": 3.4800997639194975e-08,
        "d7d6": 3.6429224792300374e-07
      },
      "other_mass": 0.0006569291262231713
    },
    "b2b3": {
      "fen_after_white": "rnbqkbnr/pppppppp/8/8/8/1P6/P1PPPPPP/RNBQKBNR b KQkq - 0 1",
      "black_reply_probs": {
        "c7c5": 3.0615883588325232e-06,
        "e7e5": 0.02651786059141159,
        "e7e6": 2.3009303351528843e-09,
        "c7c6": 6.082297818193626e-20,
        "d7d5": 0.9180887341499329,
        "g8f6": 0.05461636558175087,
        "g7g6": 3.9119248640417936e-07,
        "d7d6": 4.311943158086251e-08
      },
      "other_mass": 0.0007735414756975256
    },
    "f2f4": {
      "fen_after_white": "rnbqkbnr/pppppppp/8/8/5P2/8/PPPPP1PP/RNBQKBNR b KQkq - 0 1",
      "black_reply_probs": {
        "c7c5": 1.2812984095944557e-05,
        "e7e5": 0.0012861501891165972,
        "e7e6": 1.3085099670462341e-09,
        "c7c6": 1.2790379741768638e-19,
        "d7d5": 0.9907554984092712,
        "g8f6": 0.007821831852197647,
        "g7g6": 1.0235982728090676e-08,
        "d7d6": 2.0893604357752338e-07
      },
      "other_mass": 0.00012348608478229828
    },
    "b2b4": {
      "fen_after_white": "rnbqkbnr/pppppppp/8/8/1P6/8/P1PPPPPP/RNBQKBNR b KQkq - 0 1",
      "black_reply_probs": {
        "c7c5": 2.6648771722648235e-07,
        "e7e5": 0.11031845957040787,
        "e7e6": 7.235515653292168e-08,
        "c7c6": 8.105665865523235e-19,
        "d7d5": 0.8597171902656555,
        "g8f6": 0.029698947444558144,
        "g7g6": 2.850335931725567e-07,
        "d7d6": 1.9604780732151994e-07
      },
      "other_mass": 0.0002645827951042179
    },
    "a2a4": {
      "fen_after_white": "rnbqkbnr/pppppppp/8/8/P7/8/1PPPPPPP/RNBQKBNR b KQkq - 0 1",
      "black_reply_probs": {
        "c7c5": 4.636867743101902e-06,
        "e7e5": 0.005368957296013832,
        "e7e6": 6.859592893704303e-10,
        "c7c6": 2.340798607396834e-19,
        "d7d5": 0.9632911682128906,
        "g8f6": 0.030925750732421875,
        "g7g6": 4.212128867919773e-09,
        "d7d6": 1.9998941525045666e-07
      },
      "other_mass": 0.00040928200342715826
    }
  },
  "meta": {
    "elo_self": 2800,
    "elo_oppo": 2800,
    "temperature": 1.0,
    "maia_type": "blitz",
    "white_moves_probed": [
      "e2e4",
      "d2d4",
      "c2c4",
      "g1f3",
      "g2g3",
      "b2b3",
      "f2f4",
      "b2b4",
      "a2a4"
    ],
    "black_replies_probed": [
      "c7c5",
      "e7e5",
      "e7e6",
      "c7c6",
      "d7d5",
      "g8f6",
      "g7g6",
      "d7d6"
    ]
  }
}