{
  "white_first_move_probs": {
    "e2e4": 0.11807362735271454,
    "d2d4": 0.2738020122051239,
    "c2c4": 0.16849222779273987,
    "g1f3": 0.14577588438987732,
    "g2g3": 0.008771412074565887,
    "b2b3": 0.15077440440654755,
    "f2f4": 0.1199212297797203,
    "b2b4": 0.0005142379668541253,
    "a2a4": 0.0003005489706993103
  },
  "white_other_mass": 0.013574415061157197,
  "black_reply_probs_cond_on_white": {
    "e2e4": {
      "fen_after_white": "rnbqkbnr/pppppppp/8/8/4P3/8/PPPP1PPP/RNBQKBNR b KQkq - 0 1",
      "black_reply_probs": {
        "c7c5": 0.3016749322414398,
        "e7e5": 0.2531554400920868,
        "e7e6": 0.02799195609986782,
        "c7c6": 0.006496428046375513,
        "d7d5": 0.1895473450422287,
        "g8f6": 0.038166336715221405,
        "g7g6": 0.01853514462709427,
        "d7d6": 0.032506778836250305
      },
      "other_mass": 0.13192563829943538
    },
    "d2d4": {
      "fen_after_white": "rnbqkbnr/pppppppp/8/8/3P4/8/PPP1PPPP/RNBQKBNR b KQkq - 0 1",
      "black_reply_probs": {
        "c7c5": 0.048556048423051834,
        "e7e5": 0.008317519910633564,
        "e7e6": 0.013686957769095898,
        "c7c6": 0.0015475277323275805,
        "d7d5": 0.27967163920402527,
        "g8f6": 0.3796137869358063,
        "g7g6": 0.046379633247852325,
        "d7d6": 0.008063777349889278
      },
      "other_mass": 0.21416310942731798
    },
    "c2c4": {
      "fen_after_white": "rnbqkbnr/pppppppp/8/8/2P5/8/PP1PPPPP/RNBQKBNR b KQkq - 0 1",
      "black_reply_probs": {
        "c7c5": 0.104340098798275,
        "e7e5": 0.126078262925148,
        "e7e6": 0.00823407806456089,
        "c7c6": 0.0018626637756824493,
        "d7d5": 0.05471247062087059,
        "g8f6": 0.2563719153404236,
        "g7g6": 0.03170681744813919,
        "d7d6": 0.013424218632280827
      },
      "other_mass": 0.40326947439461946
    },
    "g1f3": {
      "fen_after_white": "rnbqkbnr/pppppppp/8/8/8/5N2/PPPPPPPP/RNBQKB1R b KQkq - 1 1",
      "black_reply_probs": {
        "c7c5": 0.21318858861923218,
        "e7e5": 0.023388821631669998,
        "e7e6": 0.002643236657604575,
        "c7c6": 0.0004965713014826179,
        "d7d5": 0.2772522568702698,
        "g8f6": 0.2919358015060425,
        "g7g6": 0.017913395538926125,
        "d7d6": 0.008636063896119595
      },
      "other_mass": 0.16454526397865266
    },
    "g2g3": {
      "fen_after_white": "rnbqkbnr/pppppppp/8/8/8/6P1/PPPPPP1P/RNBQKBNR b KQkq - 0 1",
      "black_reply_probs": {
        "c7c5": 0.12293964624404907,
        "e7e5": 0.19005705416202545,
        "e7e6": 0.0036968784406781197,
        "c7c6": 0.0007937276386655867,
        "d7d5": 0.3200620710849762,
        "g8f6": 0.1546749621629715,
        "g7g6": 0.011433608829975128,
        "d7d6": 0.0066600823774933815
      },
      "other_mass": 0.18968196905916557
    },
    "b2b3": {
      "fen_after_white": "rnbqkbnr/pppppppp/8/8/8/1P6/P1PPPPPP/RNBQKBNR b KQkq - 0 1",
      "black_reply_probs": {
        "c7c5": 0.07976244390010834,
        "e7e5": 0.22026580572128296,
        "e7e6": 0.009911748580634594,
        "c7c6": 0.0013723571319133043,
        "d7d5": 0.3052327632904053,
        "g8f6": 0.14663997292518616,
        "g7g6": 0.041888631880283356,
        "d7d6": 0.006282854359596968
      },
      "other_mass": 0.18864342221058905
    },
    "f2f4": {
      "fen_after_white": "rnbqkbnr/pppppppp/8/8/5P2/8/PPPPP1PP/RNBQKBNR b KQkq - 0 1",
      "black_reply_probs": {
        "c7c5": 0.17160101234912872,
        "e7e5": 0.09147036075592041,
        "e7e6": 0.01592964306473732,
        "c7c6": 0.0022400571033358574,
        "d7d5": 0.37654978036880493,
        "g8f6": 0.1496850550174713,
        "g7g6": 0.01798844337463379,
        "d7d6": 0.015076231211423874
      },
      "other_mass": 0.15945941675454378
    },
    "b2b4": {
      "fen_after_white": "rnbqkbnr/pppppppp/8/8/1P6/8/P1PPPPPP/RNBQKBNR b KQkq - 0 1",
      "black_reply_probs": {
        "c7c5": 0.011758338660001755,
        "e7e5": 0.3051374852657318,
        "e7e6": 0.0356006883084774,
        "c7c6": 0.004103043582290411,
        "d7d5": 0.27581968903541565,
        "g8f6": 0.11338546127080917,
        "g7g6": 0.09103543311357498,
        "d7d6": 0.014221037738025188
      },
      "other_mass": 0.14893882302567363
    },
    "a2a4": {
      "fen_after_white": "rnbqkbnr/pppppppp/8/8/P7/8/1PPPPPPP/RNBQKBNR b KQkq - 0 1",
      "black_reply_probs": {
        "c7c5": 0.0751219093799591,
        "e7e5": 0.15749448537826538,
        "e7e6": 0.005008798558264971,
        "c7c6": 0.0010498230112716556,
        "d7d5": 0.26779016852378845,
        "g8f6": 0.20903368294239044,
        "g7g6": 0.014351672492921352,
        "d7d6": 0.007851425558328629
      },
      "other_mass": 0.26229803415481
    }
  },
  "meta": {
    "elo_self": 2800,
    "elo_oppo": 2800,
    "temperature": 1.0,
    "maia_type": "blitz",
    "white_moves_probed": [
      "e2e4",
      "d2d4",
      "c2c4",
      "g1f3",
      "g2g3",
      "b2b3",
      "f2f4",
      "b2b4",
      "a2a4"
    ],
    "black_replies_probed": [
      "c7c5",
      "e7e5",
      "e7e6",
      "c7c6",
      "d7d5",
      "g8f6",
      "g7g6",
      "d7d6"
    ]
  }
}