{
  "white_first_move_probs": {
    "e2e4": 0.14524956047534943,
    "d2d4": 0.20531171560287476,
    "c2c4": 0.20625056326389313,
    "g1f3": 0.15545138716697693,
    "g2g3": 0.005056342110037804,
    "b2b3": 0.13969087600708008,
    "f2f4": 0.13189011812210083,
    "b2b4": 0.0003726757422555238,
    "a2a4": 0.00012847231118939817
  },
  "white_other_mass": 0.010598289198242128,
  "black_reply_probs_cond_on_white": {
    "e2e4": {
      "fen_after_white": "rnbqkbnr/pppppppp/8/8/4P3/8/PPPP1PPP/RNBQKBNR b KQkq - 0 1",
      "black_reply_probs": {
        "c7c5": 0.3367770314216614,
        "e7e5": 0.2782551348209381,
        "e7e6": 0.027222972363233566,
        "c7c6": 0.003564847633242607,
        "d7d5": 0.15321505069732666,
        "g8f6": 0.04142019525170326,
        "g7g6": 0.009756003506481647,
        "d7d6": 0.02366422861814499
      },
      "other_mass": 0.12612453568726778
    },
    "d2d4": {
      "fen_after_white": "rnbqkbnr/pppppppp/8/8/3P4/8/PPP1PPPP/RNBQKBNR b KQkq - 0 1",
      "black_reply_probs": {
        "c7c5": 0.0440889336168766,
        "e7e5": 0.011858388781547546,
        "e7e6": 0.01097006257623434,
        "c7c6": 0.0005190661759115756,
        "d7d5": 0.18386320769786835,
        "g8f6": 0.5061606168746948,
        "g7g6": 0.03157014772295952,
        "d7d6": 0.0045627085492014885
      },
      "other_mass": 0.20640686800470576
    },
    "c2c4": {
      "fen_after_white": "rnbqkbnr/pppppppp/8/8/2P5/8/PP1PPPPP/RNBQKBNR b KQkq - 0 1",
      "black_reply_probs": {
        "c7c5": 0.11794965714216232,
        "e7e5": 0.15634645521640778,
        "e7e6": 0.005846589803695679,
        "c7c6": 0.0006866806070320308,
        "d7d5": 0.03888431936502457,
        "g8f6": 0.29839882254600525,
        "g7g6": 0.019450588151812553,
        "d7d6": 0.007920724339783192
      },
      "other_mass": 0.35451616282807663
    },
    "g1f3": {
      "fen_after_white": "rnbqkbnr/pppppppp/8/8/8/5N2/PPPPPPPP/RNBQKB1R b KQkq - 1 1",
      "black_reply_probs": {
        "c7c5": 0.23412084579467773,
        "e7e5": 0.037208251655101776,
        "e7e6": 0.0018218590412288904,
        "c7c6": 0.00016658469394315034,
        "d7d5": 0.18573474884033203,
        "g8f6": 0.3748461604118347,
        "g7g6": 0.012088427320122719,
        "d7d6": 0.004646515939384699
      },
      "other_mass": 0.14936660630337428
    },
    "g2g3": {
      "fen_after_white": "rnbqkbnr/pppppppp/8/8/8/6P1/PPPPPP1P/RNBQKBNR b KQkq - 0 1",
      "black_reply_probs": {
        "c7c5": 0.13596729934215546,
        "e7e5": 0.25037041306495667,
        "e7e6": 0.0028048446401953697,
        "c7c6": 0.00038892176235094666,
        "d7d5": 0.2408459335565567,
        "g8f6": 0.17236235737800598,
        "g7g6": 0.007090868894010782,
        "d7d6": 0.004370065871626139
      },
      "other_mass": 0.18579929549014196
    },
    "b2b3": {
      "fen_after_white": "rnbqkbnr/pppppppp/8/8/8/1P6/P1PPPPPP/RNBQKBNR b KQkq - 0 1",
      "black_reply_probs": {
        "c7c5": 0.08368837833404541,
        "e7e5": 0.29919329285621643,
        "e7e6": 0.008463729172945023,
        "c7c6": 0.0006121248588897288,
        "d7d5": 0.22137297689914703,
        "g8f6": 0.17410780489444733,
        "g7g6": 0.029605479910969734,
        "d7d6": 0.003834514180198312
      },
      "other_mass": 0.179121698893141
    },
    "f2f4": {
      "fen_after_white": "rnbqkbnr/pppppppp/8/8/5P2/8/PPPPP1PP/RNBQKBNR b KQkq - 0 1",
      "black_reply_probs": {
        "c7c5": 0.19813209772109985,
        "e7e5": 0.14051519334316254,
        "e7e6": 0.01466364972293377,
        "c7c6": 0.001413564314134419,
        "d7d5": 0.28067803382873535,
        "g8f6": 0.19918130338191986,
        "g7g6": 0.010735412128269672,
        "d7d6": 0.009584016166627407
      },
      "other_mass": 0.14509672939311713
    },
    "b2b4": {
      "fen_after_white": "rnbqkbnr/pppppppp/8/8/1P6/8/P1PPPPPP/RNBQKBNR b KQkq - 0 1",
      "black_reply_probs": {
        "c7c5": 0.010424035601317883,
        "e7e5": 0.38499993085861206,
        "e7e6": 0.03310752287507057,
        "c7c6": 0.0021616483572870493,
        "d7d5": 0.22825288772583008,
        "g8f6": 0.13881175220012665,
        "g7g6": 0.07148449122905731,
        "d7d6": 0.009682479314506054
      },
      "other_mass": 0.12107525183819234
    },
    "a2a4": {
      "fen_after_white": "rnbqkbnr/pppppppp/8/8/P7/8/1PPPPPPP/RNBQKBNR b KQkq - 0 1",
      "black_reply_probs": {
        "c7c5": 0.09326127916574478,
        "e7e5": 0.193833589553833,
        "e7e6": 0.003576502436771989,
        "c7c6": 0.0004607245500665158,
        "d7d5": 0.20291610062122345,
        "g8f6": 0.24134233593940735,
        "g7g6": 0.007914532907307148,
        "d7d6": 0.004747603554278612
      },
      "other_mass": 0.25194733127136715
    }
  },
  "meta": {
    "elo_self": 2800,
    "elo_oppo": 2800,
    "temperature": 1.0,
    "maia_type": "blitz",
    "white_moves_probed": [
      "e2e4",
      "d2d4",
      "c2c4",
      "g1f3",
      "g2g3",
      "b2b3",
      "f2f4",
      "b2b4",
      "a2a4"
    ],
    "black_replies_probed": [
      "c7c5",
      "e7e5",
      "e7e6",
      "c7c6",
      "d7d5",
      "g8f6",
      "g7g6",
      "d7d6"
    ]
  }
}