{
  "white_first_move_probs": {
    "e2e4": 0.00020818311895709485,
    "d2d4": 0.05576154589653015,
    "c2c4": 5.819269426865503e-05,
    "g1f3": 0.410616934299469,
    "g2g3": 0.013600779697299004,
    "b2b3": 0.49721720814704895,
    "f2f4": 0.021244937554001808,
    "b2b4": 4.665213509724708e-06,
    "a2a4": 5.141235419614532e-07
  },
  "white_other_mass": 0.0012870392553736565,
  "black_reply_probs_cond_on_white": {
    "e2e4": {
      "fen_after_white": "rnbqkbnr/pppppppp/8/8/4P3/8/PPPP1PPP/RNBQKBNR b KQkq - 0 1",
      "black_reply_probs": {
        "c7c5": 0.0008431734167970717,
        "e7e5": 0.004136959556490183,
        "e7e6": 0.01040695235133171,
        "c7c6": 7.684355659876019e-05,
        "d7d5": 0.07323165982961655,
        "g8f6": 0.13316403329372406,
        "g7g6": 0.06508751213550568,
        "d7d6": 0.01643480733036995
      },
      "other_mass": 0.696618058529566
    },
    "d2d4": {
      "fen_after_white": "rnbqkbnr/pppppppp/8/8/3P4/8/PPP1PPPP/RNBQKBNR b KQkq - 0 1",
      "black_reply_probs": {
        "c7c5": 1.007535684038885e-05,
        "e7e5": 2.0768340618815273e-05,
        "e7e6": 0.000109182255982887,
        "c7c6": 1.5240337916111457e-06,
        "d7d5": 0.06338035315275192,
        "g8f6": 0.8838873505592346,
        "g7g6": 0.019898714497685432,
        "d7d6": 0.0002399368822807446
      },
      "other_mass": 0.03245209492081358
    },
    "c2c4": {
      "fen_after_white": "rnbqkbnr/pppppppp/8/8/2P5/8/PP1PPPPP/RNBQKBNR b KQkq - 0 1",
      "black_reply_probs": {
        "c7c5": 0.000226004674914293,
        "e7e5": 0.00010492957517271861,
        "e7e6": 4.675395030062646e-05,
        "c7c6": 2.35501465795096e-06,
        "d7d5": 0.0013540354557335377,
        "g8f6": 0.12056221812963486,
        "g7g6": 0.006657490506768227,
        "d7d6": 0.0003625686513260007
      },
      "other_mass": 0.8706836440414918
    },
    "g1f3": {
      "fen_after_white": "rnbqkbnr/pppppppp/8/8/8/5N2/PPPPPPPP/RNBQKB1R b KQkq - 1 1",
      "black_reply_probs": {
        "c7c5": 3.219227437512018e-05,
        "e7e5": 6.548667442984879e-05,
        "e7e6": 1.972628160729073e-05,
        "c7c6": 4.2172965208919777e-07,
        "d7d5": 0.03450377658009529,
        "g8f6": 0.8337572813034058,
        "g7g6": 0.023271998390555382,
        "d7d6": 0.0002607080969028175
      },
      "other_mass": 0.1080884086689764
    },
    "g2g3": {
      "fen_after_white": "rnbqkbnr/pppppppp/8/8/8/6P1/PPPPPP1P/RNBQKBNR b KQkq - 0 1",
      "black_reply_probs": {
        "c7c5": 8.384010288864374e-05,
        "e7e5": 0.0003623977245297283,
        "e7e6": 3.1823750759940594e-05,
        "c7c6": 1.8077830645779613e-06,
        "d7d5": 0.05434173345565796,
        "g8f6": 0.35273489356040955,
        "g7g6": 0.015223017893731594,
        "d7d6": 0.0003624384989961982
      },
      "other_mass": 0.5768580472299618
    },
    "b2b3": {
      "fen_after_white": "rnbqkbnr/pppppppp/8/8/8/1P6/P1PPPPPP/RNBQKBNR b KQkq - 0 1",
      "black_reply_probs": {
        "c7c5": 3.9804835978429765e-05,
        "e7e5": 0.00037778745172545314,
        "e7e6": 8.103004802251235e-05,
        "c7c6": 1.996423634409439e-06,
        "d7d5": 0.06190401315689087,
        "g8f6": 0.6625051498413086,
        "g7g6": 0.05237416923046112,
        "d7d6": 0.00016616615175735205
      },
      "other_mass": 0.22254988286022126
    },
    "f2f4": {
      "fen_after_white": "rnbqkbnr/pppppppp/8/8/5P2/8/PPPPP1PP/RNBQKBNR b KQkq - 0 1",
      "black_reply_probs": {
        "c7c5": 6.409167690435424e-05,
        "e7e5": 0.00027883067377842963,
        "e7e6": 0.00015302210522349924,
        "c7c6": 2.7497706014401047e-06,
        "d7d5": 0.06762117147445679,
        "g8f6": 0.7522081732749939,
        "g7g6": 0.033016640692949295,
        "d7d6": 0.0005745735252276063
      },
      "other_mass": 0.1460807468058647
    },
    "b2b4": {
      "fen_after_white": "rnbqkbnr/pppppppp/8/8/1P6/8/P1PPPPPP/RNBQKBNR b KQkq - 0 1",
      "black_reply_probs": {
        "c7c5": 8.002931281225756e-06,
        "e7e5": 0.0007481345674023032,
        "e7e6": 0.0005765647510997951,
        "c7c6": 1.1907638509001117e-05,
        "d7d5": 0.047927577048540115,
        "g8f6": 0.8050265312194824,
        "g7g6": 0.06518442183732986,
        "d7d6": 0.00039937207475304604
      },
      "other_mass": 0.08011748793160223
    },
    "a2a4": {
      "fen_after_white": "rnbqkbnr/pppppppp/8/8/P7/8/1PPPPPPP/RNBQKBNR b KQkq - 0 1",
      "black_reply_probs": {
        "c7c5": 2.0966608644812368e-05,
        "e7e5": 0.0001614612847333774,
        "e7e6": 3.313483466627076e-05,
        "c7c6": 1.0528028724365868e-06,
        "d7d5": 0.0513131245970726,
        "g8f6": 0.5441396832466125,
        "g7g6": 0.009692154824733734,
        "d7d6": 0.0003738107334356755
      },
      "other_mass": 0.39426461106722854
    }
  },
  "meta": {
    "elo_self": 2800,
    "elo_oppo": 2800,
    "temperature": 1.0,
    "maia_type": "blitz",
    "white_moves_probed": [
      "e2e4",
      "d2d4",
      "c2c4",
      "g1f3",
      "g2g3",
      "b2b3",
      "f2f4",
      "b2b4",
      "a2a4"
    ],
    "black_replies_probed": [
      "c7c5",
      "e7e5",
      "e7e6",
      "c7c6",
      "d7d5",
      "g8f6",
      "g7g6",
      "d7d6"
    ]
  }
}