{
  "white_first_move_probs": {
    "e2e4": 0.10654132068157196,
    "d2d4": 0.28417062759399414,
    "c2c4": 0.16162611544132233,
    "g1f3": 0.16822589933872223,
    "g2g3": 0.0076713552698493,
    "b2b3": 0.16079574823379517,
    "f2f4": 0.09733911603689194,
    "b2b4": 0.0005931059713475406,
    "a2a4": 0.0003166760434396565
  },
  "white_other_mass": 0.012720035389065742,
  "black_reply_probs_cond_on_white": {
    "e2e4": {
      "fen_after_white": "rnbqkbnr/pppppppp/8/8/4P3/8/PPPP1PPP/RNBQKBNR b KQkq - 0 1",
      "black_reply_probs": {
        "c7c5": 0.30075669288635254,
        "e7e5": 0.20775330066680908,
        "e7e6": 0.033087510615587234,
        "c7c6": 0.007813028991222382,
        "d7d5": 0.20319265127182007,
        "g8f6": 0.04780467972159386,
        "g7g6": 0.018000677227973938,
        "d7d6": 0.031469397246837616
      },
      "other_mass": 0.15012206137180328
    },
    "d2d4": {
      "fen_after_white": "rnbqkbnr/pppppppp/8/8/3P4/8/PPP1PPPP/RNBQKBNR b KQkq - 0 1",
      "black_reply_probs": {
        "c7c5": 0.03635689616203308,
        "e7e5": 0.011597080156207085,
        "e7e6": 0.015038326382637024,
        "c7c6": 0.001151670585386455,
        "d7d5": 0.2616097033023834,
        "g8f6": 0.4521723687648773,
        "g7g6": 0.03437228873372078,
        "d7d6": 0.007181992754340172
      },
      "other_mass": 0.18051967315841466
    },
    "c2c4": {
      "fen_after_white": "rnbqkbnr/pppppppp/8/8/2P5/8/PP1PPPPP/RNBQKBNR b KQkq - 0 1",
      "black_reply_probs": {
        "c7c5": 0.0807371586561203,
        "e7e5": 0.12800468504428864,
        "e7e6": 0.009603803046047688,
        "c7c6": 0.0018073600949719548,
        "d7d5": 0.0686260238289833,
        "g8f6": 0.3082173466682434,
        "g7g6": 0.02889435738325119,
        "d7d6": 0.013098780065774918
      },
      "other_mass": 0.3610104852123186
    },
    "g1f3": {
      "fen_after_white": "rnbqkbnr/pppppppp/8/8/8/5N2/PPPPPPPP/RNBQKB1R b KQkq - 1 1",
      "black_reply_probs": {
        "c7c5": 0.1686806082725525,
        "e7e5": 0.029008036479353905,
        "e7e6": 0.0027404066640883684,
        "c7c6": 0.00039534387178719044,
        "d7d5": 0.2660299241542816,
        "g8f6": 0.36298537254333496,
        "g7g6": 0.015963634476065636,
        "d7d6": 0.007633876521140337
      },
      "other_mass": 0.1465627970173955
    },
    "g2g3": {
      "fen_after_white": "rnbqkbnr/pppppppp/8/8/8/6P1/PPPPPP1P/RNBQKBNR b KQkq - 0 1",
      "black_reply_probs": {
        "c7c5": 0.1126582995057106,
        "e7e5": 0.16781316697597504,
        "e7e6": 0.0036002383567392826,
        "c7c6": 0.0007445030496455729,
        "d7d5": 0.31078794598579407,
        "g8f6": 0.17795094847679138,
        "g7g6": 0.011461288668215275,
        "d7d6": 0.005643663927912712
      },
      "other_mass": 0.20933994505321607
    },
    "b2b3": {
      "fen_after_white": "rnbqkbnr/pppppppp/8/8/8/1P6/P1PPPPPP/RNBQKBNR b KQkq - 0 1",
      "black_reply_probs": {
        "c7c5": 0.07880925387144089,
        "e7e5": 0.20526130497455597,
        "e7e6": 0.0090119494125247,
        "c7c6": 0.0012425670865923166,
        "d7d5": 0.3065246343612671,
        "g8f6": 0.17679719626903534,
        "g7g6": 0.03730621561408043,
        "d7d6": 0.005568502005189657
      },
      "other_mass": 0.1794783764053136
    },
    "f2f4": {
      "fen_after_white": "rnbqkbnr/pppppppp/8/8/5P2/8/PPPPP1PP/RNBQKBNR b KQkq - 0 1",
      "black_reply_probs": {
        "c7c5": 0.15413670241832733,
        "e7e5": 0.1024874821305275,
        "e7e6": 0.015125859528779984,
        "c7c6": 0.001964334864169359,
        "d7d5": 0.35823196172714233,
        "g8f6": 0.18294115364551544,
        "g7g6": 0.017559343948960304,
        "d7d6": 0.013110329397022724
      },
      "other_mass": 0.15444283233955503
    },
    "b2b4": {
      "fen_after_white": "rnbqkbnr/pppppppp/8/8/1P6/8/P1PPPPPP/RNBQKBNR b KQkq - 0 1",
      "black_reply_probs": {
        "c7c5": 0.014093421399593353,
        "e7e5": 0.2740722894668579,
        "e7e6": 0.032600365579128265,
        "c7c6": 0.004338047932833433,
        "d7d5": 0.2888575494289398,
        "g8f6": 0.14098604023456573,
        "g7g6": 0.07352682948112488,
        "d7d6": 0.014299560338258743
      },
      "other_mass": 0.15722589613869786
    },
    "a2a4": {
      "fen_after_white": "rnbqkbnr/pppppppp/8/8/P7/8/1PPPPPPP/RNBQKBNR b KQkq - 0 1",
      "black_reply_probs": {
        "c7c5": 0.08445221930742264,
        "e7e5": 0.152587428689003,
        "e7e6": 0.004699320066720247,
        "c7c6": 0.0009687010897323489,
        "d7d5": 0.25833287835121155,
        "g8f6": 0.24132445454597473,
        "g7g6": 0.011512188240885735,
        "d7d6": 0.006768717896193266
      },
      "other_mass": 0.2393540918128565
    }
  },
  "meta": {
    "elo_self": 2800,
    "elo_oppo": 2800,
    "temperature": 1.0,
    "maia_type": "blitz",
    "white_moves_probed": [
      "e2e4",
      "d2d4",
      "c2c4",
      "g1f3",
      "g2g3",
      "b2b3",
      "f2f4",
      "b2b4",
      "a2a4"
    ],
    "black_replies_probed": [
      "c7c5",
      "e7e5",
      "e7e6",
      "c7c6",
      "d7d5",
      "g8f6",
      "g7g6",
      "d7d6"
    ]
  }
}