{
  "white_first_move_probs": {
    "e2e4": 0.04445783793926239,
    "d2d4": 0.06193339079618454,
    "c2c4": 0.07863940298557281,
    "g1f3": 0.049885477870702744,
    "g2g3": 0.02997777797281742,
    "b2b3": 0.5167816877365112,
    "f2f4": 0.1819487065076828,
    "b2b4": 0.006687154062092304,
    "a2a4": 0.001400672597810626
  },
  "white_other_mass": 0.02828789153136313,
  "black_reply_probs_cond_on_white": {
    "e2e4": {
      "fen_after_white": "rnbqkbnr/pppppppp/8/8/4P3/8/PPPP1PPP/RNBQKBNR b KQkq - 0 1",
      "black_reply_probs": {
        "c7c5": 0.1478174477815628,
        "e7e5": 0.05759759247303009,
        "e7e6": 0.029414018616080284,
        "c7c6": 0.006137919146567583,
        "d7d5": 0.06817539781332016,
        "g8f6": 0.022752271965146065,
        "g7g6": 0.0392184816300869,
        "d7d6": 0.025232525542378426
      },
      "other_mass": 0.6036543450318277
    },
    "d2d4": {
      "fen_after_white": "rnbqkbnr/pppppppp/8/8/3P4/8/PPP1PPPP/RNBQKBNR b KQkq - 0 1",
      "black_reply_probs": {
        "c7c5": 0.06825169175863266,
        "e7e5": 0.04006310924887657,
        "e7e6": 0.03445378690958023,
        "c7c6": 0.003973120823502541,
        "d7d5": 0.15788277983665466,
        "g8f6": 0.1729893833398819,
        "g7g6": 0.06443030387163162,
        "d7d6": 0.008981188759207726
      },
      "other_mass": 0.4489746354520321
    },
    "c2c4": {
      "fen_after_white": "rnbqkbnr/pppppppp/8/8/2P5/8/PP1PPPPP/RNBQKBNR b KQkq - 0 1",
      "black_reply_probs": {
        "c7c5": 0.09638486057519913,
        "e7e5": 0.035890281200408936,
        "e7e6": 0.010000942274928093,
        "c7c6": 0.00217989063821733,
        "d7d5": 0.016012245789170265,
        "g8f6": 0.02980850636959076,
        "g7g6": 0.0218952689319849,
        "d7d6": 0.007921059615910053
      },
      "other_mass": 0.7799069446045905
    },
    "g1f3": {
      "fen_after_white": "rnbqkbnr/pppppppp/8/8/8/5N2/PPPPPPPP/RNBQKB1R b KQkq - 1 1",
      "black_reply_probs": {
        "c7c5": 0.14435426890850067,
        "e7e5": 0.06321436166763306,
        "e7e6": 0.008951196447014809,
        "c7c6": 0.0010653423378244042,
        "d7d5": 0.0759832113981247,
        "g8f6": 0.11614321917295456,
        "g7g6": 0.038397032767534256,
        "d7d6": 0.008526617661118507
      },
      "other_mass": 0.543364749639295
    },
    "g2g3": {
      "fen_after_white": "rnbqkbnr/pppppppp/8/8/8/6P1/PPPPPP1P/RNBQKBNR b KQkq - 0 1",
      "black_reply_probs": {
        "c7c5": 0.08388399332761765,
        "e7e5": 0.07507161051034927,
        "e7e6": 0.0063631292432546616,
        "c7c6": 0.0010268075857311487,
        "d7d5": 0.06367059051990509,
        "g8f6": 0.05825422331690788,
        "g7g6": 0.027906015515327454,
        "d7d6": 0.006114805582910776
      },
      "other_mass": 0.6777088243979961
    },
    "b2b3": {
      "fen_after_white": "rnbqkbnr/pppppppp/8/8/8/1P6/P1PPPPPP/RNBQKBNR b KQkq - 0 1",
      "black_reply_probs": {
        "c7c5": 0.08147185295820236,
        "e7e5": 0.10074814409017563,
        "e7e6": 0.013115390203893185,
        "c7c6": 0.0025987671688199043,
        "d7d5": 0.09481476992368698,
        "g8f6": 0.08482889831066132,
        "g7g6": 0.08639464527368546,
        "d7d6": 0.004476302769035101
      },
      "other_mass": 0.5315512293018401
    },
    "f2f4": {
      "fen_after_white": "rnbqkbnr/pppppppp/8/8/5P2/8/PPPPP1PP/RNBQKBNR b KQkq - 0 1",
      "black_reply_probs": {
        "c7c5": 0.11353093385696411,
        "e7e5": 0.08216036111116409,
        "e7e6": 0.02805441804230213,
        "c7c6": 0.0037574286106973886,
        "d7d5": 0.10902368277311325,
        "g8f6": 0.08789781481027603,
        "g7g6": 0.054607972502708435,
        "d7d6": 0.01321425475180149
      },
      "other_mass": 0.5077531335409731
    },
    "b2b4": {
      "fen_after_white": "rnbqkbnr/pppppppp/8/8/1P6/8/P1PPPPPP/RNBQKBNR b KQkq - 0 1",
      "black_reply_probs": {
        "c7c5": 0.020874585956335068,
        "e7e5": 0.1199326366186142,
        "e7e6": 0.03239177539944649,
        "c7c6": 0.007154453080147505,
        "d7d5": 0.12553977966308594,
        "g8f6": 0.09968960285186768,
        "g7g6": 0.06218256801366806,
        "d7d6": 0.00998637918382883
      },
      "other_mass": 0.5222482192330062
    },
    "a2a4": {
      "fen_after_white": "rnbqkbnr/pppppppp/8/8/P7/8/1PPPPPPP/RNBQKBNR b KQkq - 0 1",
      "black_reply_probs": {
        "c7c5": 0.05809539556503296,
        "e7e5": 0.0691060796380043,
        "e7e6": 0.008681283332407475,
        "c7c6": 0.0019295604433864355,
        "d7d5": 0.07209385186433792,
        "g8f6": 0.07634099572896957,
        "g7g6": 0.03336475417017937,
        "d7d6": 0.006261125672608614
      },
      "other_mass": 0.6741269535850734
    }
  },
  "meta": {
    "elo_self": 2800,
    "elo_oppo": 2800,
    "temperature": 1.0,
    "maia_type": "blitz",
    "white_moves_probed": [
      "e2e4",
      "d2d4",
      "c2c4",
      "g1f3",
      "g2g3",
      "b2b3",
      "f2f4",
      "b2b4",
      "a2a4"
    ],
    "black_replies_probed": [
      "c7c5",
      "e7e5",
      "e7e6",
      "c7c6",
      "d7d5",
      "g8f6",
      "g7g6",
      "d7d6"
    ]
  }
}