{
  "white_first_move_probs": {
    "e2e4": 0.09338075667619705,
    "d2d4": 0.31279903650283813,
    "c2c4": 0.16312752664089203,
    "g1f3": 0.14761720597743988,
    "g2g3": 0.004630622453987598,
    "b2b3": 0.20169126987457275,
    "f2f4": 0.06391949951648712,
    "b2b4": 0.0004923861124552786,
    "a2a4": 0.0003091755788773298
  },
  "white_other_mass": 0.012032520666252822,
  "black_reply_probs_cond_on_white": {
    "e2e4": {
      "fen_after_white": "rnbqkbnr/pppppppp/8/8/4P3/8/PPPP1PPP/RNBQKBNR b KQkq - 0 1",
      "black_reply_probs": {
        "c7c5": 0.3060656189918518,
        "e7e5": 0.18520653247833252,
        "e7e6": 0.021046506240963936,
        "c7c6": 0.008279658854007721,
        "d7d5": 0.22563128173351288,
        "g8f6": 0.04550435021519661,
        "g7g6": 0.010679845698177814,
        "d7d6": 0.03197697922587395
      },
      "other_mass": 0.16560922656208277
    },
    "d2d4": {
      "fen_after_white": "rnbqkbnr/pppppppp/8/8/3P4/8/PPP1PPPP/RNBQKBNR b KQkq - 0 1",
      "black_reply_probs": {
        "c7c5": 0.03273044899106026,
        "e7e5": 0.006785615812987089,
        "e7e6": 0.009600312449038029,
        "c7c6": 0.0015358933014795184,
        "d7d5": 0.2946600019931793,
        "g8f6": 0.48319604992866516,
        "g7g6": 0.029013419523835182,
        "d7d6": 0.007305706385523081
      },
      "other_mass": 0.13517255161423236
    },
    "c2c4": {
      "fen_after_white": "rnbqkbnr/pppppppp/8/8/2P5/8/PP1PPPPP/RNBQKBNR b KQkq - 0 1",
      "black_reply_probs": {
        "c7c5": 0.09739396721124649,
        "e7e5": 0.10842373222112656,
        "e7e6": 0.00546785956248641,
        "c7c6": 0.001742360764183104,
        "d7d5": 0.057817935943603516,
        "g8f6": 0.36000993847846985,
        "g7g6": 0.018362894654273987,
        "d7d6": 0.011928151361644268
      },
      "other_mass": 0.3388531598029658
    },
    "g1f3": {
      "fen_after_white": "rnbqkbnr/pppppppp/8/8/8/5N2/PPPPPPPP/RNBQKB1R b KQkq - 1 1",
      "black_reply_probs": {
        "c7c5": 0.17873536050319672,
        "e7e5": 0.018012354150414467,
        "e7e6": 0.0016560218064114451,
        "c7c6": 0.00044577388325706124,
        "d7d5": 0.2745148539543152,
        "g8f6": 0.35929736495018005,
        "g7g6": 0.010577773675322533,
        "d7d6": 0.0076026334427297115
      },
      "other_mass": 0.14915786363417283
    },
    "g2g3": {
      "fen_after_white": "rnbqkbnr/pppppppp/8/8/8/6P1/PPPPPP1P/RNBQKBNR b KQkq - 0 1",
      "black_reply_probs": {
        "c7c5": 0.11125308275222778,
        "e7e5": 0.1341935098171234,
        "e7e6": 0.002171480329707265,
        "c7c6": 0.00072445347905159,
        "d7d5": 0.32717442512512207,
        "g8f6": 0.19083425402641296,
        "g7g6": 0.005982666742056608,
        "d7d6": 0.00536391232162714
      },
      "other_mass": 0.22230221540667117
    },
    "b2b3": {
      "fen_after_white": "rnbqkbnr/pppppppp/8/8/8/1P6/P1PPPPPP/RNBQKBNR b KQkq - 0 1",
      "black_reply_probs": {
        "c7c5": 0.08263035863637924,
        "e7e5": 0.17518089711666107,
        "e7e6": 0.005331937223672867,
        "c7c6": 0.0012057815911248326,
        "d7d5": 0.33660000562667847,
        "g8f6": 0.20490705966949463,
        "g7g6": 0.023026885464787483,
        "d7d6": 0.004524754825979471
      },
      "other_mass": 0.16659231984522194
    },
    "f2f4": {
      "fen_after_white": "rnbqkbnr/pppppppp/8/8/5P2/8/PPPPP1PP/RNBQKBNR b KQkq - 0 1",
      "black_reply_probs": {
        "c7c5": 0.17318794131278992,
        "e7e5": 0.06769504398107529,
        "e7e6": 0.009858474135398865,
        "c7c6": 0.0024652343709021807,
        "d7d5": 0.385913223028183,
        "g8f6": 0.18269260227680206,
        "g7g6": 0.009635375812649727,
        "d7d6": 0.011890455149114132
      },
      "other_mass": 0.15666164993308485
    },
    "b2b4": {
      "fen_after_white": "rnbqkbnr/pppppppp/8/8/1P6/8/P1PPPPPP/RNBQKBNR b KQkq - 0 1",
      "black_reply_probs": {
        "c7c5": 0.014446989633142948,
        "e7e5": 0.2364644706249237,
        "e7e6": 0.023203428834676743,
        "c7c6": 0.004709061700850725,
        "d7d5": 0.3359437584877014,
        "g8f6": 0.16541369259357452,
        "g7g6": 0.04915226250886917,
        "d7d6": 0.011792144738137722
      },
      "other_mass": 0.15887419087812304
    },
    "a2a4": {
      "fen_after_white": "rnbqkbnr/pppppppp/8/8/P7/8/1PPPPPPP/RNBQKBNR b KQkq - 0 1",
      "black_reply_probs": {
        "c7c5": 0.07603711634874344,
        "e7e5": 0.11888756603002548,
        "e7e6": 0.003189671318978071,
        "c7c6": 0.0010373592376708984,
        "d7d5": 0.28680431842803955,
        "g8f6": 0.2571081221103668,
        "g7g6": 0.006389757618308067,
        "d7d6": 0.006526020355522633
      },
      "other_mass": 0.24402006855234504
    }
  },
  "meta": {
    "elo_self": 2800,
    "elo_oppo": 2800,
    "temperature": 1.0,
    "maia_type": "blitz",
    "white_moves_probed": [
      "e2e4",
      "d2d4",
      "c2c4",
      "g1f3",
      "g2g3",
      "b2b3",
      "f2f4",
      "b2b4",
      "a2a4"
    ],
    "black_replies_probed": [
      "c7c5",
      "e7e5",
      "e7e6",
      "c7c6",
      "d7d5",
      "g8f6",
      "g7g6",
      "d7d6"
    ]
  }
}