{
  "white_first_move_probs": {
    "e2e4": 0.06606030464172363,
    "d2d4": 0.3527262508869171,
    "c2c4": 0.18441487848758698,
    "g1f3": 0.09159389138221741,
    "g2g3": 0.011944062076508999,
    "b2b3": 0.20238295197486877,
    "f2f4": 0.07541582733392715,
    "b2b4": 0.0008310034172609448,
    "a2a4": 0.0003172429569531232
  },
  "white_other_mass": 0.014313586842035875,
  "black_reply_probs_cond_on_white": {
    "e2e4": {
      "fen_after_white": "rnbqkbnr/pppppppp/8/8/4P3/8/PPPP1PPP/RNBQKBNR b KQkq - 0 1",
      "black_reply_probs": {
        "c7c5": 0.3075961768627167,
        "e7e5": 0.16843727231025696,
        "e7e6": 0.032227884978055954,
        "c7c6": 0.008410995826125145,
        "d7d5": 0.2388637661933899,
        "g8f6": 0.030177144333720207,
        "g7g6": 0.022350380197167397,
        "d7d6": 0.04272853583097458
      },
      "other_mass": 0.1492078434675932
    },
    "d2d4": {
      "fen_after_white": "rnbqkbnr/pppppppp/8/8/3P4/8/PPP1PPPP/RNBQKBNR b KQkq - 0 1",
      "black_reply_probs": {
        "c7c5": 0.05046066641807556,
        "e7e5": 0.006807520519942045,
        "e7e6": 0.013586213812232018,
        "c7c6": 0.0018888158956542611,
        "d7d5": 0.3628019392490387,
        "g8f6": 0.2934962213039398,
        "g7g6": 0.06510992348194122,
        "d7d6": 0.011912379413843155
      },
      "other_mass": 0.19393631990533322
    },
    "c2c4": {
      "fen_after_white": "rnbqkbnr/pppppppp/8/8/2P5/8/PP1PPPPP/RNBQKBNR b KQkq - 0 1",
      "black_reply_probs": {
        "c7c5": 0.13755296170711517,
        "e7e5": 0.08557800948619843,
        "e7e6": 0.00872607622295618,
        "c7c6": 0.002441846067085862,
        "d7d5": 0.08243177086114883,
        "g8f6": 0.1828628033399582,
        "g7g6": 0.04690133407711983,
        "d7d6": 0.01770038530230522
      },
      "other_mass": 0.4358048129361123
    },
    "g1f3": {
      "fen_after_white": "rnbqkbnr/pppppppp/8/8/8/5N2/PPPPPPPP/RNBQKB1R b KQkq - 1 1",
      "black_reply_probs": {
        "c7c5": 0.22748735547065735,
        "e7e5": 0.016098525375127792,
        "e7e6": 0.0024864510633051395,
        "c7c6": 0.0005935754161328077,
        "d7d5": 0.3644971549510956,
        "g8f6": 0.1932203769683838,
        "g7g6": 0.025077948346734047,
        "d7d6": 0.011551360599696636
      },
      "other_mass": 0.15898725180886686
    },
    "g2g3": {
      "fen_after_white": "rnbqkbnr/pppppppp/8/8/8/6P1/PPPPPP1P/RNBQKBNR b KQkq - 0 1",
      "black_reply_probs": {
        "c7c5": 0.13038791716098785,
        "e7e5": 0.10351605713367462,
        "e7e6": 0.0026336219161748886,
        "c7c6": 0.0008052947814576328,
        "d7d5": 0.42459675669670105,
        "g8f6": 0.11916794627904892,
        "g7g6": 0.012931691482663155,
        "d7d6": 0.007914270274341106
      },
      "other_mass": 0.19804644427495077
    },
    "b2b3": {
      "fen_after_white": "rnbqkbnr/pppppppp/8/8/8/1P6/P1PPPPPP/RNBQKBNR b KQkq - 0 1",
      "black_reply_probs": {
        "c7c5": 0.1001797765493393,
        "e7e5": 0.12495117634534836,
        "e7e6": 0.005952474661171436,
        "c7c6": 0.001475244527682662,
        "d7d5": 0.41631609201431274,
        "g8f6": 0.12030242383480072,
        "g7g6": 0.04402853921055794,
        "d7d6": 0.006056658457964659
      },
      "other_mass": 0.1807376143988222
    },
    "f2f4": {
      "fen_after_white": "rnbqkbnr/pppppppp/8/8/5P2/8/PPPPP1PP/RNBQKBNR b KQkq - 0 1",
      "black_reply_probs": {
        "c7c5": 0.17625516653060913,
        "e7e5": 0.05115502327680588,
        "e7e6": 0.010223387740552425,
        "c7c6": 0.002237363951280713,
        "d7d5": 0.44077304005622864,
        "g8f6": 0.1268685758113861,
        "g7g6": 0.017949946224689484,
        "d7d6": 0.015442362055182457
      },
      "other_mass": 0.15909513435326517
    },
    "b2b4": {
      "fen_after_white": "rnbqkbnr/pppppppp/8/8/1P6/8/P1PPPPPP/RNBQKBNR b KQkq - 0 1",
      "black_reply_probs": {
        "c7c5": 0.019650384783744812,
        "e7e5": 0.17712825536727905,
        "e7e6": 0.02506844885647297,
        "c7c6": 0.005678800866007805,
        "d7d5": 0.38643234968185425,
        "g8f6": 0.12462256103754044,
        "g7g6": 0.0868789404630661,
        "d7d6": 0.01471849624067545
      },
      "other_mass": 0.15982176270335913
    },
    "a2a4": {
      "fen_after_white": "rnbqkbnr/pppppppp/8/8/P7/8/1PPPPPPP/RNBQKBNR b KQkq - 0 1",
      "black_reply_probs": {
        "c7c5": 0.10006202757358551,
        "e7e5": 0.08345360308885574,
        "e7e6": 0.003870213869959116,
        "c7c6": 0.0012193648144602776,
        "d7d5": 0.3644832372665405,
        "g8f6": 0.14891421794891357,
        "g7g6": 0.016535628587007523,
        "d7d6": 0.009185794740915298
      },
      "other_mass": 0.27227591210976243
    }
  },
  "meta": {
    "elo_self": 2800,
    "elo_oppo": 2800,
    "temperature": 1.0,
    "maia_type": "blitz",
    "white_moves_probed": [
      "e2e4",
      "d2d4",
      "c2c4",
      "g1f3",
      "g2g3",
      "b2b3",
      "f2f4",
      "b2b4",
      "a2a4"
    ],
    "black_replies_probed": [
      "c7c5",
      "e7e5",
      "e7e6",
      "c7c6",
      "d7d5",
      "g8f6",
      "g7g6",
      "d7d6"
    ]
  }
}