{"loss": 1.8665162433543603, "mean_logp_gap_policy_chosen_rejected": 1.8388033352314532, "mean_logp_gap_base_chosen_rejected": 1.7627078201728499, "mean_gap_improvement": 0.0760955270933747, "top1_accuracy_on_chosen_policy": 0.4092769440736159, "top1_accuracy_on_chosen_base": 0.4019099590804372, "mean_p_chosen_policy": 0.30629865984149063, "mean_p_chosen_base": 0.2986693177590754, "mean_kl": 0.13532555384757086, "mean_ent_pi": 1.5513894051191426, "mean_ent_ref": 1.500530242139288, "top1_precision": 0.4092769440654843, "top1_recall": 0.4092769440654843, "top1_f1": 0.4092769440654843, "top3_precision": 0.732605729877217, "top3_recall": 0.732605729877217, "top3_f1": 0.732605729877217, "top5_precision": 0.8545702592087312, "top5_recall": 0.8545702592087312, "top5_f1": 0.8545702592087312, "top10_precision": 0.9604365620736699, "top10_recall": 0.9604365620736699, "top10_f1": 0.96043656207367, "mean_logp_gap_policy_chosen_rejected_cond_on_not_in_top_ten": 0.9339026808738708, "mean_logp_gap_base_chosen_rejected_cond_on_not_in_top_ten": 1.1069387183302926, "mean_gap_improvement_cond_on_not_in_top_ten": -0.17303603745642163, "top1_accuracy_on_chosen_policy_cond_on_not_in_top_ten": 0.18452380952380953, "top1_accuracy_on_chosen_base_cond_on_not_in_top_ten": 0.17261904761904762, "mean_p_chosen_policy_cond_on_not_in_top_ten": 0.13407961516904401, "mean_p_chosen_base_cond_on_not_in_top_ten": 0.14118475607912323, "mean_kl_cond_on_not_in_top_ten": 0.05704462297338372, "mean_ent_pi_cond_on_not_in_top_ten": 2.0120661240958033, "mean_ent_ref_cond_on_not_in_top_ten": 1.8669381493791228, "top1_precision_cond_on_not_in_top_ten": 0.18452380952380953, "top1_recall_cond_on_not_in_top_ten": 0.18452380952380953, "top1_f1_cond_on_not_in_top_ten": 0.18452380952380953, "top3_precision_cond_on_not_in_top_ten": 0.42857142857142855, "top3_recall_cond_on_not_in_top_ten": 0.42857142857142855, "top3_f1_cond_on_not_in_top_ten": 0.42857142857142855, "top5_precision_cond_on_not_in_top_ten": 0.5654761904761905, "top5_recall_cond_on_not_in_top_ten": 0.5654761904761905, "top5_f1_cond_on_not_in_top_ten": 0.5654761904761905, "top10_precision_cond_on_not_in_top_ten": 0.8392857142857143, "top10_recall_cond_on_not_in_top_ten": 0.8392857142857143, "top10_f1_cond_on_not_in_top_ten": 0.8392857142857143, "mean_logp_gap_policy_chosen_rejected_cond_on_in_top_ten": 1.882275830533527, "mean_logp_gap_base_chosen_rejected_cond_on_in_top_ten": 1.7942117302118454, "mean_gap_improvement_cond_on_in_top_ten": 0.08806410107163998, "top1_accuracy_on_chosen_policy_cond_on_in_top_ten": 0.4200743494423792, "top1_accuracy_on_chosen_base_cond_on_in_top_ten": 0.41292536459822704, "mean_p_chosen_policy_cond_on_in_top_ten": 0.31457226685275896, "mean_p_chosen_base_cond_on_in_top_ten": 0.3062350629183072, "mean_kl_cond_on_in_top_ten": 0.13908626447713415, "mean_ent_pi_cond_on_in_top_ten": 1.5292579530860002, "mean_ent_ref_cond_on_in_top_ten": 1.4829275879496535, "top1_precision_cond_on_in_top_ten": 0.4200743494423792, "top1_recall_cond_on_in_top_ten": 0.4200743494423792, "top1_f1_cond_on_in_top_ten": 0.4200743494423792, "top3_precision_cond_on_in_top_ten": 0.7472118959107806, "top3_recall_cond_on_in_top_ten": 0.7472118959107806, "top3_f1_cond_on_in_top_ten": 0.7472118959107806, "top5_precision_cond_on_in_top_ten": 0.8684586788676008, "top5_recall_cond_on_in_top_ten": 0.8684586788676008, "top5_f1_cond_on_in_top_ten": 0.8684586788676008, "top10_precision_cond_on_in_top_ten": 0.966256791535602, "top10_recall_cond_on_in_top_ten": 0.966256791535602, "top10_f1_cond_on_in_top_ten": 0.966256791535602}