loss,mean_logp_gap_policy_chosen_rejected,mean_logp_gap_base_chosen_rejected,mean_gap_improvement,top1_accuracy_on_chosen_policy,top1_accuracy_on_chosen_base,mean_p_chosen_policy,mean_p_chosen_base,mean_kl,mean_ent_pi,mean_ent_ref
1.9345400504168189,1.9663265211357752,1.7627078201728499,0.20361870561013606,0.416371077770751,0.4019099590804372,0.31541031364041494,0.2986693177590754,0.18601586315247243,1.497217737961596,1.500530242139288
