{"loss": 1.860887188085267, "mean_logp_gap_policy_chosen_rejected": 1.9041555436213702, "mean_logp_gap_base_chosen_rejected": 1.7627078201728499, "mean_gap_improvement": 0.14144774317578762, "top1_accuracy_on_chosen_policy": 0.41555252388262, "top1_accuracy_on_chosen_base": 0.4019099590804372, "mean_p_chosen_policy": 0.3115346465884907, "mean_p_chosen_base": 0.2986693177590754, "mean_kl": 0.1726820370784642, "mean_ent_pi": 1.5277455513343967, "mean_ent_ref": 1.500530242139288, "top1_precision": 0.4155525238744884, "top1_recall": 0.4155525238744884, "top1_f1": 0.41555252387448843, "top3_precision": 0.730968622100955, "top3_recall": 0.730968622100955, "top3_f1": 0.730968622100955, "top5_precision": 0.853206002728513, "top5_recall": 0.853206002728513, "top5_f1": 0.853206002728513, "top10_precision": 0.9596180081855389, "top10_recall": 0.9596180081855389, "top10_f1": 0.959618008185539, "mean_logp_gap_policy_chosen_rejected_cond_on_not_in_top_ten": 0.9619545212813786, "mean_logp_gap_base_chosen_rejected_cond_on_not_in_top_ten": 1.1069387183302926, "mean_gap_improvement_cond_on_not_in_top_ten": -0.14498419704891385, "top1_accuracy_on_chosen_policy_cond_on_not_in_top_ten": 0.19642857142857142, "top1_accuracy_on_chosen_base_cond_on_not_in_top_ten": 0.17261904761904762, "mean_p_chosen_policy_cond_on_not_in_top_ten": 0.1348267353376806, "mean_p_chosen_base_cond_on_not_in_top_ten": 0.14118475607912323, "mean_kl_cond_on_not_in_top_ten": 0.06464962012389497, "mean_ent_pi_cond_on_not_in_top_ten": 1.9883849108148188, "mean_ent_ref_cond_on_not_in_top_ten": 1.8669381493791228, "top1_precision_cond_on_not_in_top_ten": 0.19642857142857142, "top1_recall_cond_on_not_in_top_ten": 0.19642857142857142, "top1_f1_cond_on_not_in_top_ten": 0.19642857142857142, "top3_precision_cond_on_not_in_top_ten": 0.4107142857142857, "top3_recall_cond_on_not_in_top_ten": 0.4107142857142857, "top3_f1_cond_on_not_in_top_ten": 0.4107142857142857, "top5_precision_cond_on_not_in_top_ten": 0.5833333333333334, "top5_recall_cond_on_not_in_top_ten": 0.5833333333333334, "top5_f1_cond_on_not_in_top_ten": 0.5833333333333334, "top10_precision_cond_on_not_in_top_ten": 0.8273809523809523, "top10_recall_cond_on_not_in_top_ten": 0.8273809523809523, "top10_f1_cond_on_not_in_top_ten": 0.8273809523809523, "mean_logp_gap_policy_chosen_rejected_cond_on_in_top_ten": 1.94941999985042, "mean_logp_gap_base_chosen_rejected_cond_on_in_top_ten": 1.7942117302118454, "mean_gap_improvement_cond_on_in_top_ten": 0.15520827003059845, "top1_accuracy_on_chosen_policy_cond_on_in_top_ten": 0.426079496711467, "top1_accuracy_on_chosen_base_cond_on_in_top_ten": 0.41292536459822704, "mean_p_chosen_policy_cond_on_in_top_ten": 0.3200239014447887, "mean_p_chosen_base_cond_on_in_top_ten": 0.3062350629183072, "mean_kl_cond_on_in_top_ten": 0.17787204055208344, "mean_ent_pi_cond_on_in_top_ten": 1.5056158937428605, "mean_ent_ref_cond_on_in_top_ten": 1.4829275879496535, "top1_precision_cond_on_in_top_ten": 0.426079496711467, "top1_recall_cond_on_in_top_ten": 0.426079496711467, "top1_f1_cond_on_in_top_ten": 0.42607949671146705, "top3_precision_cond_on_in_top_ten": 0.7463540177294824, "top3_recall_cond_on_in_top_ten": 0.7463540177294824, "top3_f1_cond_on_in_top_ten": 0.7463540177294824, "top5_precision_cond_on_in_top_ten": 0.8661710037174721, "top5_recall_cond_on_in_top_ten": 0.8661710037174721, "top5_f1_cond_on_in_top_ten": 0.8661710037174721, "top10_precision_cond_on_in_top_ten": 0.9659708321418359, "top10_recall_cond_on_in_top_ten": 0.9659708321418359, "top10_f1_cond_on_in_top_ten": 0.9659708321418359}