loss,mean_logp_gap_policy_chosen_rejected,mean_logp_gap_base_chosen_rejected,mean_gap_improvement,top1_accuracy_on_chosen_policy,top1_accuracy_on_chosen_base,mean_p_chosen_policy,mean_p_chosen_base,mean_kl,mean_ent_pi,mean_ent_ref
1.8627167217077696,1.85510816489528,1.7627078201728499,0.09240034059970799,0.41391541610635807,0.4019099590804372,0.30790870181535146,0.2986693177590754,0.14895813426239185,1.5477358393909824,1.500530242139288
