{"loss": 1.8656555350448067, "mean_logp_gap_policy_chosen_rejected": 1.8736732698885512, "mean_logp_gap_base_chosen_rejected": 1.7627078201728499, "mean_gap_improvement": 0.11096549688712637, "top1_accuracy_on_chosen_policy": 0.4144611186984454, "top1_accuracy_on_chosen_base": 0.4019099590804372, "mean_p_chosen_policy": 0.30834078353716604, "mean_p_chosen_base": 0.2986693177590754, "mean_kl": 0.16961510506081223, "mean_ent_pi": 1.5455140356152315, "mean_ent_ref": 1.500530242139288, "top1_precision": 0.41446111869031377, "top1_recall": 0.41446111869031377, "top1_f1": 0.4144611186903138, "top3_precision": 0.7350613915416099, "top3_recall": 0.7350613915416099, "top3_f1": 0.7350613915416099, "top5_precision": 0.8526603001364257, "top5_recall": 0.8526603001364257, "top5_f1": 0.8526603001364258, "top10_precision": 0.9604365620736699, "top10_recall": 0.9604365620736699, "top10_f1": 0.96043656207367, "mean_logp_gap_policy_chosen_rejected_cond_on_not_in_top_ten": 0.9012764898084459, "mean_logp_gap_base_chosen_rejected_cond_on_not_in_top_ten": 1.1069387183302926, "mean_gap_improvement_cond_on_not_in_top_ten": -0.2056622285218466, "top1_accuracy_on_chosen_policy_cond_on_not_in_top_ten": 0.17857142857142858, "top1_accuracy_on_chosen_base_cond_on_not_in_top_ten": 0.17261904761904762, "mean_p_chosen_policy_cond_on_not_in_top_ten": 0.1315252286644647, "mean_p_chosen_base_cond_on_not_in_top_ten": 0.14118475607912323, "mean_kl_cond_on_not_in_top_ten": 0.0667634622742688, "mean_ent_pi_cond_on_not_in_top_ten": 2.0154062615973607, "mean_ent_ref_cond_on_not_in_top_ten": 1.8669381493791228, "top1_precision_cond_on_not_in_top_ten": 0.17857142857142858, "top1_recall_cond_on_not_in_top_ten": 0.17857142857142858, "top1_f1_cond_on_not_in_top_ten": 0.17857142857142858, "top3_precision_cond_on_not_in_top_ten": 0.4107142857142857, "top3_recall_cond_on_not_in_top_ten": 0.4107142857142857, "top3_f1_cond_on_not_in_top_ten": 0.4107142857142857, "top5_precision_cond_on_not_in_top_ten": 0.5535714285714286, "top5_recall_cond_on_not_in_top_ten": 0.5535714285714286, "top5_f1_cond_on_not_in_top_ten": 0.5535714285714286, "top10_precision_cond_on_not_in_top_ten": 0.8392857142857143, "top10_recall_cond_on_not_in_top_ten": 0.8392857142857143, "top10_f1_cond_on_not_in_top_ten": 0.8392857142857143, "mean_logp_gap_policy_chosen_rejected_cond_on_in_top_ten": 1.920388396566242, "mean_logp_gap_base_chosen_rejected_cond_on_in_top_ten": 1.7942117302118454, "mean_gap_improvement_cond_on_in_top_ten": 0.1261766667293759, "top1_accuracy_on_chosen_policy_cond_on_in_top_ten": 0.42579353731770087, "top1_accuracy_on_chosen_base_cond_on_in_top_ten": 0.41292536459822704, "mean_p_chosen_policy_cond_on_in_top_ten": 0.3168352101276668, "mean_p_chosen_base_cond_on_in_top_ten": 0.3062350629183072, "mean_kl_cond_on_in_top_ten": 0.17455621918481926, "mean_ent_pi_cond_on_in_top_ten": 1.5229398690628553, "mean_ent_ref_cond_on_in_top_ten": 1.4829275879496535, "top1_precision_cond_on_in_top_ten": 0.42579353731770087, "top1_recall_cond_on_in_top_ten": 0.42579353731770087, "top1_f1_cond_on_in_top_ten": 0.42579353731770087, "top3_precision_cond_on_in_top_ten": 0.7506434086359737, "top3_recall_cond_on_in_top_ten": 0.7506434086359737, "top3_f1_cond_on_in_top_ten": 0.7506434086359737, "top5_precision_cond_on_in_top_ten": 0.8670288818987704, "top5_recall_cond_on_in_top_ten": 0.8670288818987704, "top5_f1_cond_on_in_top_ten": 0.8670288818987704, "top10_precision_cond_on_in_top_ten": 0.966256791535602, "top10_recall_cond_on_in_top_ten": 0.966256791535602, "top10_f1_cond_on_in_top_ten": 0.966256791535602}