{"loss": 2.0872787690910766, "mean_logp_gap_policy_chosen_rejected": 1.9969702583380644, "mean_logp_gap_base_chosen_rejected": 1.7627078201728499, "mean_gap_improvement": 0.23426244674812072, "top1_accuracy_on_chosen_policy": 0.4100954979617469, "top1_accuracy_on_chosen_base": 0.4019099590804372, "mean_p_chosen_policy": 0.3167082503580299, "mean_p_chosen_base": 0.2986693177590754, "mean_kl": 0.1424943885091301, "mean_ent_pi": 1.4630791362603723, "mean_ent_ref": 1.500530242139288, "top1_precision": 0.4100954979536153, "top1_recall": 0.4100954979536153, "top1_f1": 0.41009549795361533, "top3_precision": 0.7323328785811732, "top3_recall": 0.7323328785811732, "top3_f1": 0.7323328785811732, "top5_precision": 0.8510231923601637, "top5_recall": 0.8510231923601637, "top5_f1": 0.8510231923601637, "top10_precision": 0.9607094133697135, "top10_recall": 0.9607094133697135, "top10_f1": 0.9607094133697134, "mean_logp_gap_policy_chosen_rejected_cond_on_not_in_top_ten": 1.033593820674079, "mean_logp_gap_base_chosen_rejected_cond_on_not_in_top_ten": 1.1069387183302926, "mean_gap_improvement_cond_on_not_in_top_ten": -0.07334489765621367, "top1_accuracy_on_chosen_policy_cond_on_not_in_top_ten": 0.17857142857142858, "top1_accuracy_on_chosen_base_cond_on_not_in_top_ten": 0.17261904761904762, "mean_p_chosen_policy_cond_on_not_in_top_ten": 0.13742077448945825, "mean_p_chosen_base_cond_on_not_in_top_ten": 0.14118475607912323, "mean_kl_cond_on_not_in_top_ten": 0.04175188532722781, "mean_ent_pi_cond_on_not_in_top_ten": 1.8942940940282174, "mean_ent_ref_cond_on_not_in_top_ten": 1.8669381493791228, "top1_precision_cond_on_not_in_top_ten": 0.17857142857142858, "top1_recall_cond_on_not_in_top_ten": 0.17857142857142858, "top1_f1_cond_on_not_in_top_ten": 0.17857142857142858, "top3_precision_cond_on_not_in_top_ten": 0.4166666666666667, "top3_recall_cond_on_not_in_top_ten": 0.4166666666666667, "top3_f1_cond_on_not_in_top_ten": 0.4166666666666667, "top5_precision_cond_on_not_in_top_ten": 0.5654761904761905, "top5_recall_cond_on_not_in_top_ten": 0.5654761904761905, "top5_f1_cond_on_not_in_top_ten": 0.5654761904761905, "top10_precision_cond_on_not_in_top_ten": 0.8571428571428571, "top10_recall_cond_on_not_in_top_ten": 0.8571428571428571, "top10_f1_cond_on_not_in_top_ten": 0.8571428571428571, "mean_logp_gap_policy_chosen_rejected_cond_on_in_top_ten": 2.043251997970464, "mean_logp_gap_base_chosen_rejected_cond_on_in_top_ten": 1.7942117302118454, "mean_gap_improvement_cond_on_in_top_ten": 0.24904026852562183, "top1_accuracy_on_chosen_policy_cond_on_in_top_ten": 0.4212181870174435, "top1_accuracy_on_chosen_base_cond_on_in_top_ten": 0.41292536459822704, "mean_p_chosen_policy_cond_on_in_top_ten": 0.32532143015651294, "mean_p_chosen_base_cond_on_in_top_ten": 0.3062350629183072, "mean_kl_cond_on_in_top_ten": 0.14733417670830146, "mean_ent_pi_cond_on_in_top_ten": 1.4423630550058444, "mean_ent_ref_cond_on_in_top_ten": 1.4829275879496535, "top1_precision_cond_on_in_top_ten": 0.4212181870174435, "top1_recall_cond_on_in_top_ten": 0.4212181870174435, "top1_f1_cond_on_in_top_ten": 0.4212181870174435, "top3_precision_cond_on_in_top_ten": 0.7474978553045467, "top3_recall_cond_on_in_top_ten": 0.7474978553045467, "top3_f1_cond_on_in_top_ten": 0.7474978553045467, "top5_precision_cond_on_in_top_ten": 0.8647412067486417, "top5_recall_cond_on_in_top_ten": 0.8647412067486417, "top5_f1_cond_on_in_top_ten": 0.8647412067486416, "top10_precision_cond_on_in_top_ten": 0.9656848727480698, "top10_recall_cond_on_in_top_ten": 0.9656848727480698, "top10_f1_cond_on_in_top_ten": 0.9656848727480699}