{"loss": 2.084760239082014, "mean_logp_gap_policy_chosen_rejected": 1.994514280874765, "mean_logp_gap_base_chosen_rejected": 1.7627078201728499, "mean_gap_improvement": 0.2318064545788186, "top1_accuracy_on_chosen_policy": 0.4095497953696596, "top1_accuracy_on_chosen_base": 0.4019099590804372, "mean_p_chosen_policy": 0.317704603323995, "mean_p_chosen_base": 0.2986693177590754, "mean_kl": 0.14120343289710327, "mean_ent_pi": 1.4622252940481064, "mean_ent_ref": 1.500530242139288, "top1_precision": 0.40954979536152797, "top1_recall": 0.40954979536152797, "top1_f1": 0.40954979536152797, "top3_precision": 0.7356070941336972, "top3_recall": 0.7356070941336972, "top3_f1": 0.7356070941336972, "top5_precision": 0.8515688949522511, "top5_recall": 0.8515688949522511, "top5_f1": 0.8515688949522511, "top10_precision": 0.9607094133697135, "top10_recall": 0.9607094133697135, "top10_f1": 0.9607094133697134, "mean_logp_gap_policy_chosen_rejected_cond_on_not_in_top_ten": 1.0024471687419074, "mean_logp_gap_base_chosen_rejected_cond_on_not_in_top_ten": 1.1069387183302926, "mean_gap_improvement_cond_on_not_in_top_ten": -0.10449154958838508, "top1_accuracy_on_chosen_policy_cond_on_not_in_top_ten": 0.18452380952380953, "top1_accuracy_on_chosen_base_cond_on_not_in_top_ten": 0.17261904761904762, "mean_p_chosen_policy_cond_on_not_in_top_ten": 0.13865829514751177, "mean_p_chosen_base_cond_on_not_in_top_ten": 0.14118475607912323, "mean_kl_cond_on_not_in_top_ten": 0.04136339812802838, "mean_ent_pi_cond_on_not_in_top_ten": 1.904995940270878, "mean_ent_ref_cond_on_not_in_top_ten": 1.8669381493791228, "top1_precision_cond_on_not_in_top_ten": 0.18452380952380953, "top1_recall_cond_on_not_in_top_ten": 0.18452380952380953, "top1_f1_cond_on_not_in_top_ten": 0.18452380952380953, "top3_precision_cond_on_not_in_top_ten": 0.4226190476190476, "top3_recall_cond_on_not_in_top_ten": 0.4226190476190476, "top3_f1_cond_on_not_in_top_ten": 0.4226190476190476, "top5_precision_cond_on_not_in_top_ten": 0.5833333333333334, "top5_recall_cond_on_not_in_top_ten": 0.5833333333333334, "top5_f1_cond_on_not_in_top_ten": 0.5833333333333334, "top10_precision_cond_on_not_in_top_ten": 0.8571428571428571, "top10_recall_cond_on_not_in_top_ten": 0.8571428571428571, "top10_f1_cond_on_not_in_top_ten": 0.8571428571428571, "mean_logp_gap_policy_chosen_rejected_cond_on_in_top_ten": 2.0421743405557273, "mean_logp_gap_base_chosen_rejected_cond_on_in_top_ten": 1.7942117302118454, "mean_gap_improvement_cond_on_in_top_ten": 0.24796261099157313, "top1_accuracy_on_chosen_policy_cond_on_in_top_ten": 0.4203603088361453, "top1_accuracy_on_chosen_base_cond_on_in_top_ten": 0.41292536459822704, "mean_p_chosen_policy_cond_on_in_top_ten": 0.326306199540909, "mean_p_chosen_base_cond_on_in_top_ten": 0.3062350629183072, "mean_kl_cond_on_in_top_ten": 0.1459998651799379, "mean_ent_pi_cond_on_in_top_ten": 1.4409540843970654, "mean_ent_ref_cond_on_in_top_ten": 1.4829275879496535, "top1_precision_cond_on_in_top_ten": 0.4203603088361453, "top1_recall_cond_on_in_top_ten": 0.4203603088361453, "top1_f1_cond_on_in_top_ten": 0.42036030883614534, "top3_precision_cond_on_in_top_ten": 0.7506434086359737, "top3_recall_cond_on_in_top_ten": 0.7506434086359737, "top3_f1_cond_on_in_top_ten": 0.7506434086359737, "top5_precision_cond_on_in_top_ten": 0.8644552473548756, "top5_recall_cond_on_in_top_ten": 0.8644552473548756, "top5_f1_cond_on_in_top_ten": 0.8644552473548757, "top10_precision_cond_on_in_top_ten": 0.9656848727480698, "top10_recall_cond_on_in_top_ten": 0.9656848727480698, "top10_f1_cond_on_in_top_ten": 0.9656848727480699}