{"loss": 1.9423584346719198, "mean_logp_gap_policy_chosen_rejected": 1.9411872476054735, "mean_logp_gap_base_chosen_rejected": 1.7627078201728499, "mean_gap_improvement": 0.17847946970069228, "top1_accuracy_on_chosen_policy": 0.4095497953696596, "top1_accuracy_on_chosen_base": 0.4019099590804372, "mean_p_chosen_policy": 0.3131888135068251, "mean_p_chosen_base": 0.2986693177590754, "mean_kl": 0.15627778307172643, "mean_ent_pi": 1.4988882870173226, "mean_ent_ref": 1.500530242139288, "top1_precision": 0.40954979536152797, "top1_recall": 0.40954979536152797, "top1_f1": 0.40954979536152797, "top3_precision": 0.7317871759890859, "top3_recall": 0.7317871759890859, "top3_f1": 0.7317871759890859, "top5_precision": 0.8518417462482947, "top5_recall": 0.8518417462482947, "top5_f1": 0.8518417462482947, "top10_precision": 0.9604365620736699, "top10_recall": 0.9604365620736699, "top10_f1": 0.96043656207367, "mean_logp_gap_policy_chosen_rejected_cond_on_not_in_top_ten": 0.9743162237462544, "mean_logp_gap_base_chosen_rejected_cond_on_not_in_top_ten": 1.1069387183302926, "mean_gap_improvement_cond_on_not_in_top_ten": -0.13262249458403813, "top1_accuracy_on_chosen_policy_cond_on_not_in_top_ten": 0.16666666666666666, "top1_accuracy_on_chosen_base_cond_on_not_in_top_ten": 0.17261904761904762, "mean_p_chosen_policy_cond_on_not_in_top_ten": 0.13527380998649668, "mean_p_chosen_base_cond_on_not_in_top_ten": 0.14118475607912323, "mean_kl_cond_on_not_in_top_ten": 0.060565940326168424, "mean_ent_pi_cond_on_not_in_top_ten": 1.9537236411124468, "mean_ent_ref_cond_on_not_in_top_ten": 1.8669381493791228, "top1_precision_cond_on_not_in_top_ten": 0.16666666666666666, "top1_recall_cond_on_not_in_top_ten": 0.16666666666666666, "top1_f1_cond_on_not_in_top_ten": 0.16666666666666666, "top3_precision_cond_on_not_in_top_ten": 0.4107142857142857, "top3_recall_cond_on_not_in_top_ten": 0.4107142857142857, "top3_f1_cond_on_not_in_top_ten": 0.4107142857142857, "top5_precision_cond_on_not_in_top_ten": 0.5714285714285714, "top5_recall_cond_on_not_in_top_ten": 0.5714285714285714, "top5_f1_cond_on_not_in_top_ten": 0.5714285714285714, "top10_precision_cond_on_not_in_top_ten": 0.8452380952380952, "top10_recall_cond_on_not_in_top_ten": 0.8452380952380952, "top10_f1_cond_on_not_in_top_ten": 0.8452380952380952, "mean_logp_gap_policy_chosen_rejected_cond_on_in_top_ten": 1.9876369030979453, "mean_logp_gap_base_chosen_rejected_cond_on_in_top_ten": 1.7942117302118454, "mean_gap_improvement_cond_on_in_top_ten": 0.19342517373832527, "top1_accuracy_on_chosen_policy_cond_on_in_top_ten": 0.4212181870174435, "top1_accuracy_on_chosen_base_cond_on_in_top_ten": 0.41292536459822704, "mean_p_chosen_policy_cond_on_in_top_ten": 0.3217360594174775, "mean_p_chosen_base_cond_on_in_top_ten": 0.3062350629183072, "mean_kl_cond_on_in_top_ten": 0.160875892465947, "mean_ent_pi_cond_on_in_top_ten": 1.477037450469112, "mean_ent_ref_cond_on_in_top_ten": 1.4829275879496535, "top1_precision_cond_on_in_top_ten": 0.4212181870174435, "top1_recall_cond_on_in_top_ten": 0.4212181870174435, "top1_f1_cond_on_in_top_ten": 0.4212181870174435, "top3_precision_cond_on_in_top_ten": 0.7472118959107806, "top3_recall_cond_on_in_top_ten": 0.7472118959107806, "top3_f1_cond_on_in_top_ten": 0.7472118959107806, "top5_precision_cond_on_in_top_ten": 0.8653131255361739, "top5_recall_cond_on_in_top_ten": 0.8653131255361739, "top5_f1_cond_on_in_top_ten": 0.865313125536174, "top10_precision_cond_on_in_top_ten": 0.9659708321418359, "top10_recall_cond_on_in_top_ten": 0.9659708321418359, "top10_f1_cond_on_in_top_ten": 0.9659708321418359}