{"loss": 0.5510197637351115, "mean_logp_gap_policy_chosen_rejected": 6.872305146929024, "mean_logp_gap_base_chosen_rejected": 1.7627078201728499, "mean_gap_improvement": 5.109597413699266, "top1_accuracy_on_chosen_policy": 0.3645293315183905, "top1_accuracy_on_chosen_base": 0.4019099590804372, "mean_p_chosen_policy": 0.35684260386887223, "mean_p_chosen_base": 0.2986693177590754, "mean_kl": 0.7183008185187596, "mean_ent_pi": 0.44059435763430627, "mean_ent_ref": 1.500530242139288, "top1_precision": 0.3645293315143247, "top1_recall": 0.3645293315143247, "top1_f1": 0.3645293315143247, "top3_precision": 0.6804911323328786, "top3_recall": 0.6804911323328786, "top3_f1": 0.6804911323328786, "top5_precision": 0.817462482946794, "top5_recall": 0.817462482946794, "top5_f1": 0.817462482946794, "top10_precision": 0.9282401091405185, "top10_recall": 0.9282401091405185, "top10_f1": 0.9282401091405185, "mean_logp_gap_policy_chosen_rejected_cond_on_not_in_top_ten": 4.714992210268974, "mean_logp_gap_base_chosen_rejected_cond_on_not_in_top_ten": 1.1069387183302926, "mean_gap_improvement_cond_on_not_in_top_ten": 3.6080534891003655, "top1_accuracy_on_chosen_policy_cond_on_not_in_top_ten": 0.16071428571428573, "top1_accuracy_on_chosen_base_cond_on_not_in_top_ten": 0.17261904761904762, "mean_p_chosen_policy_cond_on_not_in_top_ten": 0.1705657037690316, "mean_p_chosen_base_cond_on_not_in_top_ten": 0.14118475607912323, "mean_kl_cond_on_not_in_top_ten": 0.8220011632712114, "mean_ent_pi_cond_on_not_in_top_ten": 0.5470737514690752, "mean_ent_ref_cond_on_not_in_top_ten": 1.8669381493791228, "top1_precision_cond_on_not_in_top_ten": 0.16071428571428573, "top1_recall_cond_on_not_in_top_ten": 0.16071428571428573, "top1_f1_cond_on_not_in_top_ten": 0.16071428571428573, "top3_precision_cond_on_not_in_top_ten": 0.4107142857142857, "top3_recall_cond_on_not_in_top_ten": 0.4107142857142857, "top3_f1_cond_on_not_in_top_ten": 0.4107142857142857, "top5_precision_cond_on_not_in_top_ten": 0.5952380952380952, "top5_recall_cond_on_not_in_top_ten": 0.5952380952380952, "top5_f1_cond_on_not_in_top_ten": 0.5952380952380952, "top10_precision_cond_on_not_in_top_ten": 0.8035714285714286, "top10_recall_cond_on_not_in_top_ten": 0.8035714285714286, "top10_f1_cond_on_not_in_top_ten": 0.8035714285714286, "mean_logp_gap_policy_chosen_rejected_cond_on_in_top_ten": 6.97594507052655, "mean_logp_gap_base_chosen_rejected_cond_on_in_top_ten": 1.7942117302118454, "mean_gap_improvement_cond_on_in_top_ten": 5.181733343706562, "top1_accuracy_on_chosen_policy_cond_on_in_top_ten": 0.37432084643980557, "top1_accuracy_on_chosen_base_cond_on_in_top_ten": 0.41292536459822704, "mean_p_chosen_policy_cond_on_in_top_ten": 0.36579156485484704, "mean_p_chosen_base_cond_on_in_top_ten": 0.3062350629183072, "mean_kl_cond_on_in_top_ten": 0.7133189354286696, "mean_ent_pi_cond_on_in_top_ten": 0.43547896576274714, "mean_ent_ref_cond_on_in_top_ten": 1.4829275879496535, "top1_precision_cond_on_in_top_ten": 0.37432084643980557, "top1_recall_cond_on_in_top_ten": 0.37432084643980557, "top1_f1_cond_on_in_top_ten": 0.37432084643980557, "top3_precision_cond_on_in_top_ten": 0.6934515298827566, "top3_recall_cond_on_in_top_ten": 0.6934515298827566, "top3_f1_cond_on_in_top_ten": 0.6934515298827566, "top5_precision_cond_on_in_top_ten": 0.8281384043465828, "top5_recall_cond_on_in_top_ten": 0.8281384043465828, "top5_f1_cond_on_in_top_ten": 0.8281384043465828, "top10_precision_cond_on_in_top_ten": 0.9342293394338004, "top10_recall_cond_on_in_top_ten": 0.9342293394338004, "top10_f1_cond_on_in_top_ten": 0.9342293394338005}