loss,mean_logp_gap_policy_chosen_rejected,mean_logp_gap_base_chosen_rejected,mean_gap_improvement,top1_accuracy_on_chosen_policy,top1_accuracy_on_chosen_base,mean_p_chosen_policy,mean_p_chosen_base,mean_kl,mean_ent_pi,mean_ent_ref
1.8658360957448836,1.883915045641942,1.7627078201728499,0.1212072324947966,0.41336971351427076,0.4019099590804372,0.3094947039674444,0.2986693177590754,0.16376009010601825,1.5360698483975814,1.500530242139288
