{"loss": 1.9345400504168189, "mean_logp_gap_policy_chosen_rejected": 1.9663265211357752, "mean_logp_gap_base_chosen_rejected": 1.7627078201728499, "mean_gap_improvement": 0.20361870561013606, "top1_accuracy_on_chosen_policy": 0.416371077770751, "top1_accuracy_on_chosen_base": 0.4019099590804372, "mean_p_chosen_policy": 0.31541031364041494, "mean_p_chosen_base": 0.2986693177590754, "mean_kl": 0.18601586315247243, "mean_ent_pi": 1.497217737961596, "mean_ent_ref": 1.500530242139288, "top1_precision": 0.4163710777626194, "top1_recall": 0.4163710777626194, "top1_f1": 0.4163710777626194, "top3_precision": 0.7347885402455662, "top3_recall": 0.7347885402455662, "top3_f1": 0.7347885402455662, "top5_precision": 0.8545702592087312, "top5_recall": 0.8545702592087312, "top5_f1": 0.8545702592087312, "top10_precision": 0.9593451568894952, "top10_recall": 0.9593451568894952, "top10_f1": 0.9593451568894953, "mean_logp_gap_policy_chosen_rejected_cond_on_not_in_top_ten": 0.9746072363285792, "mean_logp_gap_base_chosen_rejected_cond_on_not_in_top_ten": 1.1069387183302926, "mean_gap_improvement_cond_on_not_in_top_ten": -0.13233148200171335, "top1_accuracy_on_chosen_policy_cond_on_not_in_top_ten": 0.19642857142857142, "top1_accuracy_on_chosen_base_cond_on_not_in_top_ten": 0.17261904761904762, "mean_p_chosen_policy_cond_on_not_in_top_ten": 0.13707442664599512, "mean_p_chosen_base_cond_on_not_in_top_ten": 0.14118475607912323, "mean_kl_cond_on_not_in_top_ten": 0.060105366596655496, "mean_ent_pi_cond_on_not_in_top_ten": 1.9554710312790813, "mean_ent_ref_cond_on_not_in_top_ten": 1.8669381493791228, "top1_precision_cond_on_not_in_top_ten": 0.19642857142857142, "top1_recall_cond_on_not_in_top_ten": 0.19642857142857142, "top1_f1_cond_on_not_in_top_ten": 0.19642857142857142, "top3_precision_cond_on_not_in_top_ten": 0.4166666666666667, "top3_recall_cond_on_not_in_top_ten": 0.4166666666666667, "top3_f1_cond_on_not_in_top_ten": 0.4166666666666667, "top5_precision_cond_on_not_in_top_ten": 0.5833333333333334, "top5_recall_cond_on_not_in_top_ten": 0.5833333333333334, "top5_f1_cond_on_not_in_top_ten": 0.5833333333333334, "top10_precision_cond_on_not_in_top_ten": 0.8333333333333334, "top10_recall_cond_on_not_in_top_ten": 0.8333333333333334, "top10_f1_cond_on_not_in_top_ten": 0.8333333333333334, "mean_logp_gap_policy_chosen_rejected_cond_on_in_top_ten": 2.0139698784181586, "mean_logp_gap_base_chosen_rejected_cond_on_in_top_ten": 1.7942117302118454, "mean_gap_improvement_cond_on_in_top_ten": 0.21975814824892448, "top1_accuracy_on_chosen_policy_cond_on_in_top_ten": 0.42693737489276523, "top1_accuracy_on_chosen_base_cond_on_in_top_ten": 0.41292536459822704, "mean_p_chosen_policy_cond_on_in_top_ten": 0.32397777904980335, "mean_p_chosen_base_cond_on_in_top_ten": 0.3062350629183072, "mean_kl_cond_on_in_top_ten": 0.1920647507511006, "mean_ent_pi_cond_on_in_top_ten": 1.4752027149375315, "mean_ent_ref_cond_on_in_top_ten": 1.4829275879496535, "top1_precision_cond_on_in_top_ten": 0.42693737489276523, "top1_recall_cond_on_in_top_ten": 0.42693737489276523, "top1_f1_cond_on_in_top_ten": 0.42693737489276523, "top3_precision_cond_on_in_top_ten": 0.7500714898484415, "top3_recall_cond_on_in_top_ten": 0.7500714898484415, "top3_f1_cond_on_in_top_ten": 0.7500714898484415, "top5_precision_cond_on_in_top_ten": 0.8676008006863025, "top5_recall_cond_on_in_top_ten": 0.8676008006863025, "top5_f1_cond_on_in_top_ten": 0.8676008006863025, "top10_precision_cond_on_in_top_ten": 0.9653989133543037, "top10_recall_cond_on_in_top_ten": 0.9653989133543037, "top10_f1_cond_on_in_top_ten": 0.9653989133543037}