loss,mean_logp_gap_policy_chosen_rejected,mean_logp_gap_base_chosen_rejected,mean_gap_improvement,top1_accuracy_on_chosen_policy,top1_accuracy_on_chosen_base,mean_p_chosen_policy,mean_p_chosen_base,mean_kl,mean_ent_pi,mean_ent_ref
1.945004925331022,1.95423140805545,1.7627078201728499,0.19152360948420155,0.41718963165888195,0.4019099590804372,0.3146374098031615,0.2986693177590754,0.1615112253082319,1.4918986397583196,1.500530242139288
