loss,mean_logp_gap_policy_chosen_rejected,mean_logp_gap_base_chosen_rejected,mean_gap_improvement,top1_accuracy_on_chosen_policy,top1_accuracy_on_chosen_base,mean_p_chosen_policy,mean_p_chosen_base,mean_kl,mean_ent_pi,mean_ent_ref
2.084760239082014,1.994514280874765,1.7627078201728499,0.2318064545788186,0.4095497953696596,0.4019099590804372,0.317704603323995,0.2986693177590754,0.14120343289710327,1.4622252940481064,1.500530242139288
