{"loss": 0.63282195430498, "mean_logp_gap_policy_chosen_rejected": 9.127357530333661, "mean_logp_gap_base_chosen_rejected": 1.7627078201728499, "mean_gap_improvement": 7.3646498018202315, "top1_accuracy_on_chosen_policy": 0.32060027287162507, "top1_accuracy_on_chosen_base": 0.4019099590804372, "mean_p_chosen_policy": 0.31553406277506285, "mean_p_chosen_base": 0.2986693177590754, "mean_kl": 1.1434785543652544, "mean_ent_pi": 0.30856512958161014, "mean_ent_ref": 1.500530242139288, "top1_precision": 0.32060027285129605, "top1_recall": 0.32060027285129605, "top1_f1": 0.32060027285129605, "top3_precision": 0.6139154160982264, "top3_recall": 0.6139154160982264, "top3_f1": 0.6139154160982264, "top5_precision": 0.7443383356070942, "top5_recall": 0.7443383356070942, "top5_f1": 0.7443383356070942, "top10_precision": 0.880218281036835, "top10_recall": 0.880218281036835, "top10_f1": 0.8802182810368351, "mean_logp_gap_policy_chosen_rejected_cond_on_not_in_top_ten": 6.386648017735708, "mean_logp_gap_base_chosen_rejected_cond_on_not_in_top_ten": 1.1069387183302926, "mean_gap_improvement_cond_on_not_in_top_ten": 5.279709265345619, "top1_accuracy_on_chosen_policy_cond_on_not_in_top_ten": 0.1488095238095238, "top1_accuracy_on_chosen_base_cond_on_not_in_top_ten": 0.17261904761904762, "mean_p_chosen_policy_cond_on_not_in_top_ten": 0.1530289074185634, "mean_p_chosen_base_cond_on_not_in_top_ten": 0.14118475607912323, "mean_kl_cond_on_not_in_top_ten": 1.3330780607648194, "mean_ent_pi_cond_on_not_in_top_ten": 0.3558896220844483, "mean_ent_ref_cond_on_not_in_top_ten": 1.8669381493791228, "top1_precision_cond_on_not_in_top_ten": 0.1488095238095238, "top1_recall_cond_on_not_in_top_ten": 0.1488095238095238, "top1_f1_cond_on_not_in_top_ten": 0.1488095238095238, "top3_precision_cond_on_not_in_top_ten": 0.30357142857142855, "top3_recall_cond_on_not_in_top_ten": 0.30357142857142855, "top3_f1_cond_on_not_in_top_ten": 0.30357142857142855, "top5_precision_cond_on_not_in_top_ten": 0.5119047619047619, "top5_recall_cond_on_not_in_top_ten": 0.5119047619047619, "top5_f1_cond_on_not_in_top_ten": 0.5119047619047619, "top10_precision_cond_on_not_in_top_ten": 0.7440476190476191, "top10_recall_cond_on_not_in_top_ten": 0.7440476190476191, "top10_f1_cond_on_not_in_top_ten": 0.7440476190476192, "mean_logp_gap_policy_chosen_rejected_cond_on_in_top_ten": 9.259024505721593, "mean_logp_gap_base_chosen_rejected_cond_on_in_top_ten": 1.7942117302118454, "mean_gap_improvement_cond_on_in_top_ten": 7.464812771819611, "top1_accuracy_on_chosen_policy_cond_on_in_top_ten": 0.328853302830998, "top1_accuracy_on_chosen_base_cond_on_in_top_ten": 0.41292536459822704, "mean_p_chosen_policy_cond_on_in_top_ten": 0.323341004148115, "mean_p_chosen_base_cond_on_in_top_ten": 0.3062350629183072, "mean_kl_cond_on_in_top_ten": 1.1343699729239913, "mean_ent_pi_cond_on_in_top_ten": 0.3062916033345503, "mean_ent_ref_cond_on_in_top_ten": 1.4829275879496535, "top1_precision_cond_on_in_top_ten": 0.328853302830998, "top1_recall_cond_on_in_top_ten": 0.328853302830998, "top1_f1_cond_on_in_top_ten": 0.328853302830998, "top3_precision_cond_on_in_top_ten": 0.6288247068916214, "top3_recall_cond_on_in_top_ten": 0.6288247068916214, "top3_f1_cond_on_in_top_ten": 0.6288247068916214, "top5_precision_cond_on_in_top_ten": 0.7555047183299971, "top5_recall_cond_on_in_top_ten": 0.7555047183299971, "top5_f1_cond_on_in_top_ten": 0.7555047183299971, "top10_precision_cond_on_in_top_ten": 0.8867600800686303, "top10_recall_cond_on_in_top_ten": 0.8867600800686303, "top10_f1_cond_on_in_top_ten": 0.8867600800686303}