{"loss": 0.5172208040505445, "mean_logp_gap_policy_chosen_rejected": 3.4713475422514413, "mean_logp_gap_base_chosen_rejected": 1.7627078201728499, "mean_gap_improvement": 1.7086397469938208, "top1_accuracy_on_chosen_policy": 0.4079126876096608, "top1_accuracy_on_chosen_base": 0.4019099590804372, "mean_p_chosen_policy": 0.3620443614898567, "mean_p_chosen_base": 0.2986693177590754, "mean_kl": 0.2307227273389067, "mean_ent_pi": 0.8900080504228767, "mean_ent_ref": 1.500530242139288, "top1_precision": 0.40791268758526605, "top1_recall": 0.40791268758526605, "top1_f1": 0.40791268758526605, "top3_precision": 0.7241473396998636, "top3_recall": 0.7241473396998636, "top3_f1": 0.7241473396998636, "top5_precision": 0.8414733969986358, "top5_recall": 0.8414733969986358, "top5_f1": 0.8414733969986358, "top10_precision": 0.9533424283765348, "top10_recall": 0.9533424283765348, "top10_f1": 0.9533424283765348, "mean_logp_gap_policy_chosen_rejected_cond_on_not_in_top_ten": 2.0294069931620644, "mean_logp_gap_base_chosen_rejected_cond_on_not_in_top_ten": 1.1069387183302926, "mean_gap_improvement_cond_on_not_in_top_ten": 0.9224682769605091, "top1_accuracy_on_chosen_policy_cond_on_not_in_top_ten": 0.13095238095238096, "top1_accuracy_on_chosen_base_cond_on_not_in_top_ten": 0.17261904761904762, "mean_p_chosen_policy_cond_on_not_in_top_ten": 0.16137391819930663, "mean_p_chosen_base_cond_on_not_in_top_ten": 0.14118475607912323, "mean_kl_cond_on_not_in_top_ten": 0.20636175830094589, "mean_ent_pi_cond_on_not_in_top_ten": 1.1818525473354384, "mean_ent_ref_cond_on_not_in_top_ten": 1.8669381493791228, "top1_precision_cond_on_not_in_top_ten": 0.13095238095238096, "top1_recall_cond_on_not_in_top_ten": 0.13095238095238096, "top1_f1_cond_on_not_in_top_ten": 0.13095238095238096, "top3_precision_cond_on_not_in_top_ten": 0.4583333333333333, "top3_recall_cond_on_not_in_top_ten": 0.4583333333333333, "top3_f1_cond_on_not_in_top_ten": 0.45833333333333326, "top5_precision_cond_on_not_in_top_ten": 0.5892857142857143, "top5_recall_cond_on_not_in_top_ten": 0.5892857142857143, "top5_f1_cond_on_not_in_top_ten": 0.5892857142857143, "top10_precision_cond_on_not_in_top_ten": 0.8630952380952381, "top10_recall_cond_on_not_in_top_ten": 0.8630952380952381, "top10_f1_cond_on_not_in_top_ten": 0.8630952380952381, "mean_logp_gap_policy_chosen_rejected_cond_on_in_top_ten": 3.540620079466981, "mean_logp_gap_base_chosen_rejected_cond_on_in_top_ten": 1.7942117302118454, "mean_gap_improvement_cond_on_in_top_ten": 1.7464083477296521, "top1_accuracy_on_chosen_policy_cond_on_in_top_ten": 0.4212181870174435, "top1_accuracy_on_chosen_base_cond_on_in_top_ten": 0.41292536459822704, "mean_p_chosen_policy_cond_on_in_top_ten": 0.3716848054080961, "mean_p_chosen_base_cond_on_in_top_ten": 0.3062350629183072, "mean_kl_cond_on_in_top_ten": 0.23189305775560634, "mean_ent_pi_cond_on_in_top_ten": 0.8759875002863664, "mean_ent_ref_cond_on_in_top_ten": 1.4829275879496535, "top1_precision_cond_on_in_top_ten": 0.4212181870174435, "top1_recall_cond_on_in_top_ten": 0.4212181870174435, "top1_f1_cond_on_in_top_ten": 0.4212181870174435, "top3_precision_cond_on_in_top_ten": 0.7369173577352016, "top3_recall_cond_on_in_top_ten": 0.7369173577352016, "top3_f1_cond_on_in_top_ten": 0.7369173577352016, "top5_precision_cond_on_in_top_ten": 0.8535887903917644, "top5_recall_cond_on_in_top_ten": 0.8535887903917644, "top5_f1_cond_on_in_top_ten": 0.8535887903917645, "top10_precision_cond_on_in_top_ten": 0.9576780097226194, "top10_recall_cond_on_in_top_ten": 0.9576780097226194, "top10_f1_cond_on_in_top_ten": 0.9576780097226194}