{"loss": 2.079087267435914, "mean_logp_gap_policy_chosen_rejected": 2.073895627187024, "mean_logp_gap_base_chosen_rejected": 1.7627078201728499, "mean_gap_improvement": 0.3111878012976575, "top1_accuracy_on_chosen_policy": 0.414733969994489, "top1_accuracy_on_chosen_base": 0.4019099590804372, "mean_p_chosen_policy": 0.32321114651503047, "mean_p_chosen_base": 0.2986693177590754, "mean_kl": 0.17289465694379513, "mean_ent_pi": 1.4309486937230151, "mean_ent_ref": 1.500530242139288, "top1_precision": 0.4147339699863574, "top1_recall": 0.4147339699863574, "top1_f1": 0.4147339699863574, "top3_precision": 0.7377899045020464, "top3_recall": 0.7377899045020464, "top3_f1": 0.7377899045020464, "top5_precision": 0.853206002728513, "top5_recall": 0.853206002728513, "top5_f1": 0.853206002728513, "top10_precision": 0.9593451568894952, "top10_recall": 0.9593451568894952, "top10_f1": 0.9593451568894953, "mean_logp_gap_policy_chosen_rejected_cond_on_not_in_top_ten": 1.0506012759038381, "mean_logp_gap_base_chosen_rejected_cond_on_not_in_top_ten": 1.1069387183302926, "mean_gap_improvement_cond_on_not_in_top_ten": -0.05633744242645446, "top1_accuracy_on_chosen_policy_cond_on_not_in_top_ten": 0.17857142857142858, "top1_accuracy_on_chosen_base_cond_on_not_in_top_ten": 0.17261904761904762, "mean_p_chosen_policy_cond_on_not_in_top_ten": 0.14029423205110583, "mean_p_chosen_base_cond_on_not_in_top_ten": 0.14118475607912323, "mean_kl_cond_on_not_in_top_ten": 0.05287735187413914, "mean_ent_pi_cond_on_not_in_top_ten": 1.8726197439467622, "mean_ent_ref_cond_on_not_in_top_ten": 1.8669381493791228, "top1_precision_cond_on_not_in_top_ten": 0.17857142857142858, "top1_recall_cond_on_not_in_top_ten": 0.17857142857142858, "top1_f1_cond_on_not_in_top_ten": 0.17857142857142858, "top3_precision_cond_on_not_in_top_ten": 0.42857142857142855, "top3_recall_cond_on_not_in_top_ten": 0.42857142857142855, "top3_f1_cond_on_not_in_top_ten": 0.42857142857142855, "top5_precision_cond_on_not_in_top_ten": 0.5892857142857143, "top5_recall_cond_on_not_in_top_ten": 0.5892857142857143, "top5_f1_cond_on_not_in_top_ten": 0.5892857142857143, "top10_precision_cond_on_not_in_top_ten": 0.8511904761904762, "top10_recall_cond_on_not_in_top_ten": 0.8511904761904762, "top10_f1_cond_on_not_in_top_ten": 0.8511904761904762, "mean_logp_gap_policy_chosen_rejected_cond_on_in_top_ten": 2.123055872071427, "mean_logp_gap_base_chosen_rejected_cond_on_in_top_ten": 1.7942117302118454, "mean_gap_improvement_cond_on_in_top_ten": 0.32884414228569414, "top1_accuracy_on_chosen_policy_cond_on_in_top_ten": 0.426079496711467, "top1_accuracy_on_chosen_base_cond_on_in_top_ten": 0.41292536459822704, "mean_p_chosen_policy_cond_on_in_top_ten": 0.3319986913432718, "mean_p_chosen_base_cond_on_in_top_ten": 0.3062350629183072, "mean_kl_cond_on_in_top_ten": 0.17866042666038098, "mean_ent_pi_cond_on_in_top_ten": 1.4097303132472514, "mean_ent_ref_cond_on_in_top_ten": 1.4829275879496535, "top1_precision_cond_on_in_top_ten": 0.426079496711467, "top1_recall_cond_on_in_top_ten": 0.426079496711467, "top1_f1_cond_on_in_top_ten": 0.42607949671146705, "top3_precision_cond_on_in_top_ten": 0.7526451243923363, "top3_recall_cond_on_in_top_ten": 0.7526451243923363, "top3_f1_cond_on_in_top_ten": 0.7526451243923363, "top5_precision_cond_on_in_top_ten": 0.865885044323706, "top5_recall_cond_on_in_top_ten": 0.865885044323706, "top5_f1_cond_on_in_top_ten": 0.865885044323706, "top10_precision_cond_on_in_top_ten": 0.9645410351730054, "top10_recall_cond_on_in_top_ten": 0.9645410351730054, "top10_f1_cond_on_in_top_ten": 0.9645410351730053}