loss,mean_logp_gap_policy_chosen_rejected,mean_logp_gap_base_chosen_rejected,mean_gap_improvement,top1_accuracy_on_chosen_policy,top1_accuracy_on_chosen_base,mean_p_chosen_policy,mean_p_chosen_base,mean_kl,mean_ent_pi,mean_ent_ref
0.521148249104436,3.9546859259169556,1.7627078201728499,2.191978136692984,0.4013642564883499,0.4019099590804372,0.3653129766371208,0.2986693177590754,0.29982317448231566,0.7949439213025457,1.500530242139288
