{"loss": 0.5346211251100121, "mean_logp_gap_policy_chosen_rejected": 1.6525630936941378, "mean_logp_gap_base_chosen_rejected": 1.7627078201728499, "mean_gap_improvement": -0.11014472829205928, "top1_accuracy_on_chosen_policy": 0.4051841746329611, "top1_accuracy_on_chosen_base": 0.4019099590804372, "mean_p_chosen_policy": 0.28244169331670294, "mean_p_chosen_base": 0.2986693177590754, "mean_kl": 0.1406331817315838, "mean_ent_pi": 1.711315204794703, "mean_ent_ref": 1.500530242139288, "top1_precision": 0.4051841746248295, "top1_recall": 0.4051841746248295, "top1_f1": 0.4051841746248295, "top3_precision": 0.720600272851296, "top3_recall": 0.720600272851296, "top3_f1": 0.720600272851296, "top5_precision": 0.8507503410641201, "top5_recall": 0.8507503410641201, "top5_f1": 0.8507503410641201, "top10_precision": 0.9590723055934516, "top10_recall": 0.9590723055934516, "top10_f1": 0.9590723055934515, "mean_logp_gap_policy_chosen_rejected_cond_on_not_in_top_ten": 0.9302609179701123, "mean_logp_gap_base_chosen_rejected_cond_on_not_in_top_ten": 1.1069387183302926, "mean_gap_improvement_cond_on_not_in_top_ten": -0.17667780036018008, "top1_accuracy_on_chosen_policy_cond_on_not_in_top_ten": 0.19047619047619047, "top1_accuracy_on_chosen_base_cond_on_not_in_top_ten": 0.17261904761904762, "mean_p_chosen_policy_cond_on_not_in_top_ten": 0.12719467939002374, "mean_p_chosen_base_cond_on_not_in_top_ten": 0.14118475607912323, "mean_kl_cond_on_not_in_top_ten": 0.07214133799563915, "mean_ent_pi_cond_on_not_in_top_ten": 2.1502776974368665, "mean_ent_ref_cond_on_not_in_top_ten": 1.8669381493791228, "top1_precision_cond_on_not_in_top_ten": 0.19047619047619047, "top1_recall_cond_on_not_in_top_ten": 0.19047619047619047, "top1_f1_cond_on_not_in_top_ten": 0.19047619047619047, "top3_precision_cond_on_not_in_top_ten": 0.4166666666666667, "top3_recall_cond_on_not_in_top_ten": 0.4166666666666667, "top3_f1_cond_on_not_in_top_ten": 0.4166666666666667, "top5_precision_cond_on_not_in_top_ten": 0.5952380952380952, "top5_recall_cond_on_not_in_top_ten": 0.5952380952380952, "top5_f1_cond_on_not_in_top_ten": 0.5952380952380952, "top10_precision_cond_on_not_in_top_ten": 0.8511904761904762, "top10_recall_cond_on_not_in_top_ten": 0.8511904761904762, "top10_f1_cond_on_not_in_top_ten": 0.8511904761904762, "mean_logp_gap_policy_chosen_rejected_cond_on_in_top_ten": 1.6872633277244966, "mean_logp_gap_base_chosen_rejected_cond_on_in_top_ten": 1.7942117302118454, "mean_gap_improvement_cond_on_in_top_ten": -0.1069484017544349, "top1_accuracy_on_chosen_policy_cond_on_in_top_ten": 0.4154989991421218, "top1_accuracy_on_chosen_base_cond_on_in_top_ten": 0.41292536459822704, "mean_p_chosen_policy_cond_on_in_top_ten": 0.2898999448239932, "mean_p_chosen_base_cond_on_in_top_ten": 0.3062350629183072, "mean_kl_cond_on_in_top_ten": 0.14392360955896083, "mean_ent_pi_cond_on_in_top_ten": 1.69022692790884, "mean_ent_ref_cond_on_in_top_ten": 1.4829275879496535, "top1_precision_cond_on_in_top_ten": 0.4154989991421218, "top1_recall_cond_on_in_top_ten": 0.4154989991421218, "top1_f1_cond_on_in_top_ten": 0.4154989991421218, "top3_precision_cond_on_in_top_ten": 0.735201601372605, "top3_recall_cond_on_in_top_ten": 0.735201601372605, "top3_f1_cond_on_in_top_ten": 0.735201601372605, "top5_precision_cond_on_in_top_ten": 0.8630254503860452, "top5_recall_cond_on_in_top_ten": 0.8630254503860452, "top5_f1_cond_on_in_top_ten": 0.8630254503860452, "top10_precision_cond_on_in_top_ten": 0.9642550757792393, "top10_recall_cond_on_in_top_ten": 0.9642550757792393, "top10_f1_cond_on_in_top_ten": 0.9642550757792394}