{"loss": 0.5854608535766601, "mean_logp_gap_policy_chosen_rejected": 8.16431045753406, "mean_logp_gap_base_chosen_rejected": 1.7627078201728499, "mean_gap_improvement": 6.4016027345826485, "top1_accuracy_on_chosen_policy": 0.34379263301907265, "top1_accuracy_on_chosen_base": 0.4019099590804372, "mean_p_chosen_policy": 0.3365818363785906, "mean_p_chosen_base": 0.2986693177590754, "mean_kl": 0.9203630510814194, "mean_ent_pi": 0.3587173743836714, "mean_ent_ref": 1.500530242139288, "top1_precision": 0.34379263301500684, "top1_recall": 0.34379263301500684, "top1_f1": 0.34379263301500684, "top3_precision": 0.6485675306957708, "top3_recall": 0.6485675306957708, "top3_f1": 0.6485675306957708, "top5_precision": 0.7860845839017735, "top5_recall": 0.7860845839017735, "top5_f1": 0.7860845839017735, "top10_precision": 0.9105047748976808, "top10_recall": 0.9105047748976808, "top10_f1": 0.9105047748976808, "mean_logp_gap_policy_chosen_rejected_cond_on_not_in_top_ten": 5.718509390240624, "mean_logp_gap_base_chosen_rejected_cond_on_not_in_top_ten": 1.1069387183302926, "mean_gap_improvement_cond_on_not_in_top_ten": 4.611570677586964, "top1_accuracy_on_chosen_policy_cond_on_not_in_top_ten": 0.16071428571428573, "top1_accuracy_on_chosen_base_cond_on_not_in_top_ten": 0.17261904761904762, "mean_p_chosen_policy_cond_on_not_in_top_ten": 0.16156136039468058, "mean_p_chosen_base_cond_on_not_in_top_ten": 0.14118475607912323, "mean_kl_cond_on_not_in_top_ten": 1.0860434624676902, "mean_ent_pi_cond_on_not_in_top_ten": 0.4174375448387141, "mean_ent_ref_cond_on_not_in_top_ten": 1.8669381493791228, "top1_precision_cond_on_not_in_top_ten": 0.16071428571428573, "top1_recall_cond_on_not_in_top_ten": 0.16071428571428573, "top1_f1_cond_on_not_in_top_ten": 0.16071428571428573, "top3_precision_cond_on_not_in_top_ten": 0.38095238095238093, "top3_recall_cond_on_not_in_top_ten": 0.38095238095238093, "top3_f1_cond_on_not_in_top_ten": 0.38095238095238093, "top5_precision_cond_on_not_in_top_ten": 0.5595238095238095, "top5_recall_cond_on_not_in_top_ten": 0.5595238095238095, "top5_f1_cond_on_not_in_top_ten": 0.5595238095238095, "top10_precision_cond_on_not_in_top_ten": 0.7619047619047619, "top10_recall_cond_on_not_in_top_ten": 0.7619047619047619, "top10_f1_cond_on_not_in_top_ten": 0.7619047619047619, "mean_logp_gap_policy_chosen_rejected_cond_on_in_top_ten": 8.281809644764548, "mean_logp_gap_base_chosen_rejected_cond_on_in_top_ten": 1.7942117302118454, "mean_gap_improvement_cond_on_in_top_ten": 6.4875979102830525, "top1_accuracy_on_chosen_policy_cond_on_in_top_ten": 0.35258793251358306, "top1_accuracy_on_chosen_base_cond_on_in_top_ten": 0.41292536459822704, "mean_p_chosen_policy_cond_on_in_top_ten": 0.3449900237088997, "mean_p_chosen_base_cond_on_in_top_ten": 0.3062350629183072, "mean_kl_cond_on_in_top_ten": 0.9124035715626982, "mean_ent_pi_cond_on_in_top_ten": 0.3558963847240584, "mean_ent_ref_cond_on_in_top_ten": 1.4829275879496535, "top1_precision_cond_on_in_top_ten": 0.35258793251358306, "top1_recall_cond_on_in_top_ten": 0.35258793251358306, "top1_f1_cond_on_in_top_ten": 0.35258793251358306, "top3_precision_cond_on_in_top_ten": 0.6614240777809551, "top3_recall_cond_on_in_top_ten": 0.6614240777809551, "top3_f1_cond_on_in_top_ten": 0.6614240777809551, "top5_precision_cond_on_in_top_ten": 0.7969688304260795, "top5_recall_cond_on_in_top_ten": 0.7969688304260795, "top5_f1_cond_on_in_top_ten": 0.7969688304260794, "top10_precision_cond_on_in_top_ten": 0.9176436945953674, "top10_recall_cond_on_in_top_ten": 0.9176436945953674, "top10_f1_cond_on_in_top_ten": 0.9176436945953674}