{"loss": 1.9416022369025674, "mean_logp_gap_policy_chosen_rejected": 1.956703150874108, "mean_logp_gap_base_chosen_rejected": 1.7627078201728499, "mean_gap_improvement": 0.1939953578689414, "top1_accuracy_on_chosen_policy": 0.41091405184987784, "top1_accuracy_on_chosen_base": 0.4019099590804372, "mean_p_chosen_policy": 0.3148229533783573, "mean_p_chosen_base": 0.2986693177590754, "mean_kl": 0.15862063903356477, "mean_ent_pi": 1.493595756124832, "mean_ent_ref": 1.500530242139288, "top1_precision": 0.41091405184174623, "top1_recall": 0.41091405184174623, "top1_f1": 0.41091405184174623, "top3_precision": 0.732605729877217, "top3_recall": 0.732605729877217, "top3_f1": 0.732605729877217, "top5_precision": 0.8534788540245566, "top5_recall": 0.8534788540245566, "top5_f1": 0.8534788540245566, "top10_precision": 0.9604365620736699, "top10_recall": 0.9604365620736699, "top10_f1": 0.96043656207367, "mean_logp_gap_policy_chosen_rejected_cond_on_not_in_top_ten": 0.9592312680823463, "mean_logp_gap_base_chosen_rejected_cond_on_not_in_top_ten": 1.1069387183302926, "mean_gap_improvement_cond_on_not_in_top_ten": -0.14770745024794624, "top1_accuracy_on_chosen_policy_cond_on_not_in_top_ten": 0.16666666666666666, "top1_accuracy_on_chosen_base_cond_on_not_in_top_ten": 0.17261904761904762, "mean_p_chosen_policy_cond_on_not_in_top_ten": 0.13413851505451713, "mean_p_chosen_base_cond_on_not_in_top_ten": 0.14118475607912323, "mean_kl_cond_on_not_in_top_ten": 0.0581114729242732, "mean_ent_pi_cond_on_not_in_top_ten": 1.9561117587699777, "mean_ent_ref_cond_on_not_in_top_ten": 1.8669381493791228, "top1_precision_cond_on_not_in_top_ten": 0.16666666666666666, "top1_recall_cond_on_not_in_top_ten": 0.16666666666666666, "top1_f1_cond_on_not_in_top_ten": 0.16666666666666666, "top3_precision_cond_on_not_in_top_ten": 0.4226190476190476, "top3_recall_cond_on_not_in_top_ten": 0.4226190476190476, "top3_f1_cond_on_not_in_top_ten": 0.4226190476190476, "top5_precision_cond_on_not_in_top_ten": 0.5535714285714286, "top5_recall_cond_on_not_in_top_ten": 0.5535714285714286, "top5_f1_cond_on_not_in_top_ten": 0.5535714285714286, "top10_precision_cond_on_not_in_top_ten": 0.8392857142857143, "top10_recall_cond_on_not_in_top_ten": 0.8392857142857143, "top10_f1_cond_on_not_in_top_ten": 0.8392857142857143, "mean_logp_gap_policy_chosen_rejected_cond_on_in_top_ten": 2.0046228927171055, "mean_logp_gap_base_chosen_rejected_cond_on_in_top_ten": 1.7942117302118454, "mean_gap_improvement_cond_on_in_top_ten": 0.21041116322112963, "top1_accuracy_on_chosen_policy_cond_on_in_top_ten": 0.42264798398627396, "top1_accuracy_on_chosen_base_cond_on_in_top_ten": 0.41292536459822704, "mean_p_chosen_policy_cond_on_in_top_ten": 0.3235032461626234, "mean_p_chosen_base_cond_on_in_top_ten": 0.3062350629183072, "mean_kl_cond_on_in_top_ten": 0.16344921687694017, "mean_ent_pi_cond_on_in_top_ten": 1.4713759505154536, "mean_ent_ref_cond_on_in_top_ten": 1.4829275879496535, "top1_precision_cond_on_in_top_ten": 0.42264798398627396, "top1_recall_cond_on_in_top_ten": 0.42264798398627396, "top1_f1_cond_on_in_top_ten": 0.42264798398627396, "top3_precision_cond_on_in_top_ten": 0.7474978553045467, "top3_recall_cond_on_in_top_ten": 0.7474978553045467, "top3_f1_cond_on_in_top_ten": 0.7474978553045467, "top5_precision_cond_on_in_top_ten": 0.8678867600800686, "top5_recall_cond_on_in_top_ten": 0.8678867600800686, "top5_f1_cond_on_in_top_ten": 0.8678867600800686, "top10_precision_cond_on_in_top_ten": 0.966256791535602, "top10_recall_cond_on_in_top_ten": 0.966256791535602, "top10_f1_cond_on_in_top_ten": 0.966256791535602}