{"loss": 1.945004925331022, "mean_logp_gap_policy_chosen_rejected": 1.95423140805545, "mean_logp_gap_base_chosen_rejected": 1.7627078201728499, "mean_gap_improvement": 0.19152360948420155, "top1_accuracy_on_chosen_policy": 0.41718963165888195, "top1_accuracy_on_chosen_base": 0.4019099590804372, "mean_p_chosen_policy": 0.3146374098031615, "mean_p_chosen_base": 0.2986693177590754, "mean_kl": 0.1615112253082319, "mean_ent_pi": 1.4918986397583196, "mean_ent_ref": 1.500530242139288, "top1_precision": 0.41718963165075035, "top1_recall": 0.41718963165075035, "top1_f1": 0.41718963165075035, "top3_precision": 0.7317871759890859, "top3_recall": 0.7317871759890859, "top3_f1": 0.7317871759890859, "top5_precision": 0.8526603001364257, "top5_recall": 0.8526603001364257, "top5_f1": 0.8526603001364258, "top10_precision": 0.9607094133697135, "top10_recall": 0.9607094133697135, "top10_f1": 0.9607094133697134, "mean_logp_gap_policy_chosen_rejected_cond_on_not_in_top_ten": 0.9758354702166149, "mean_logp_gap_base_chosen_rejected_cond_on_not_in_top_ten": 1.1069387183302926, "mean_gap_improvement_cond_on_not_in_top_ten": -0.13110324811367763, "top1_accuracy_on_chosen_policy_cond_on_not_in_top_ten": 0.17261904761904762, "top1_accuracy_on_chosen_base_cond_on_not_in_top_ten": 0.17261904761904762, "mean_p_chosen_policy_cond_on_not_in_top_ten": 0.1347362526021676, "mean_p_chosen_base_cond_on_not_in_top_ten": 0.14118475607912323, "mean_kl_cond_on_not_in_top_ten": 0.061623196817457766, "mean_ent_pi_cond_on_not_in_top_ten": 1.9486918468915282, "mean_ent_ref_cond_on_not_in_top_ten": 1.8669381493791228, "top1_precision_cond_on_not_in_top_ten": 0.17261904761904762, "top1_recall_cond_on_not_in_top_ten": 0.17261904761904762, "top1_f1_cond_on_not_in_top_ten": 0.17261904761904762, "top3_precision_cond_on_not_in_top_ten": 0.4166666666666667, "top3_recall_cond_on_not_in_top_ten": 0.4166666666666667, "top3_f1_cond_on_not_in_top_ten": 0.4166666666666667, "top5_precision_cond_on_not_in_top_ten": 0.5714285714285714, "top5_recall_cond_on_not_in_top_ten": 0.5714285714285714, "top5_f1_cond_on_not_in_top_ten": 0.5714285714285714, "top10_precision_cond_on_not_in_top_ten": 0.8452380952380952, "top10_recall_cond_on_not_in_top_ten": 0.8452380952380952, "top10_f1_cond_on_not_in_top_ten": 0.8452380952380952, "mean_logp_gap_policy_chosen_rejected_cond_on_in_top_ten": 2.001234715508842, "mean_logp_gap_base_chosen_rejected_cond_on_in_top_ten": 1.7942117302118454, "mean_gap_improvement_cond_on_in_top_ten": 0.20702298529699661, "top1_accuracy_on_chosen_policy_cond_on_in_top_ten": 0.42893909064912783, "top1_accuracy_on_chosen_base_cond_on_in_top_ten": 0.41292536459822704, "mean_p_chosen_policy_cond_on_in_top_ten": 0.3232800713919535, "mean_p_chosen_base_cond_on_in_top_ten": 0.3062350629183072, "mean_kl_cond_on_in_top_ten": 0.16630996430201236, "mean_ent_pi_cond_on_in_top_ten": 1.4699537415155426, "mean_ent_ref_cond_on_in_top_ten": 1.4829275879496535, "top1_precision_cond_on_in_top_ten": 0.42893909064912783, "top1_recall_cond_on_in_top_ten": 0.42893909064912783, "top1_f1_cond_on_in_top_ten": 0.42893909064912783, "top3_precision_cond_on_in_top_ten": 0.7469259365170146, "top3_recall_cond_on_in_top_ten": 0.7469259365170146, "top3_f1_cond_on_in_top_ten": 0.7469259365170146, "top5_precision_cond_on_in_top_ten": 0.8661710037174721, "top5_recall_cond_on_in_top_ten": 0.8661710037174721, "top5_f1_cond_on_in_top_ten": 0.8661710037174721, "top10_precision_cond_on_in_top_ten": 0.966256791535602, "top10_recall_cond_on_in_top_ten": 0.966256791535602, "top10_f1_cond_on_in_top_ten": 0.966256791535602}