{"loss": 1.8658360957448836, "mean_logp_gap_policy_chosen_rejected": 1.883915045641942, "mean_logp_gap_base_chosen_rejected": 1.7627078201728499, "mean_gap_improvement": 0.1212072324947966, "top1_accuracy_on_chosen_policy": 0.41336971351427076, "top1_accuracy_on_chosen_base": 0.4019099590804372, "mean_p_chosen_policy": 0.3094947039674444, "mean_p_chosen_base": 0.2986693177590754, "mean_kl": 0.16376009010601825, "mean_ent_pi": 1.5360698483975814, "mean_ent_ref": 1.500530242139288, "top1_precision": 0.41336971350613916, "top1_recall": 0.41336971350613916, "top1_f1": 0.41336971350613916, "top3_precision": 0.7334242837653479, "top3_recall": 0.7334242837653479, "top3_f1": 0.733424283765348, "top5_precision": 0.8540245566166439, "top5_recall": 0.8540245566166439, "top5_f1": 0.8540245566166439, "top10_precision": 0.9604365620736699, "top10_recall": 0.9604365620736699, "top10_f1": 0.96043656207367, "mean_logp_gap_policy_chosen_rejected_cond_on_not_in_top_ten": 0.925416574591682, "mean_logp_gap_base_chosen_rejected_cond_on_not_in_top_ten": 1.1069387183302926, "mean_gap_improvement_cond_on_not_in_top_ten": -0.1815221437386104, "top1_accuracy_on_chosen_policy_cond_on_not_in_top_ten": 0.17261904761904762, "top1_accuracy_on_chosen_base_cond_on_not_in_top_ten": 0.17261904761904762, "mean_p_chosen_policy_cond_on_not_in_top_ten": 0.13275176236770458, "mean_p_chosen_base_cond_on_not_in_top_ten": 0.14118475607912323, "mean_kl_cond_on_not_in_top_ten": 0.06489995661069684, "mean_ent_pi_cond_on_not_in_top_ten": 2.001299182573954, "mean_ent_ref_cond_on_not_in_top_ten": 1.8669381493791228, "top1_precision_cond_on_not_in_top_ten": 0.17261904761904762, "top1_recall_cond_on_not_in_top_ten": 0.17261904761904762, "top1_f1_cond_on_not_in_top_ten": 0.17261904761904762, "top3_precision_cond_on_not_in_top_ten": 0.4166666666666667, "top3_recall_cond_on_not_in_top_ten": 0.4166666666666667, "top3_f1_cond_on_not_in_top_ten": 0.4166666666666667, "top5_precision_cond_on_not_in_top_ten": 0.5595238095238095, "top5_recall_cond_on_not_in_top_ten": 0.5595238095238095, "top5_f1_cond_on_not_in_top_ten": 0.5595238095238095, "top10_precision_cond_on_not_in_top_ten": 0.8333333333333334, "top10_recall_cond_on_not_in_top_ten": 0.8333333333333334, "top10_f1_cond_on_not_in_top_ten": 0.8333333333333334, "mean_logp_gap_policy_chosen_rejected_cond_on_in_top_ten": 1.9299624388920842, "mean_logp_gap_base_chosen_rejected_cond_on_in_top_ten": 1.7942117302118454, "mean_gap_improvement_cond_on_in_top_ten": 0.1357507092938411, "top1_accuracy_on_chosen_policy_cond_on_in_top_ten": 0.42493565913640263, "top1_accuracy_on_chosen_base_cond_on_in_top_ten": 0.41292536459822704, "mean_p_chosen_policy_cond_on_in_top_ten": 0.3179856447260594, "mean_p_chosen_base_cond_on_in_top_ten": 0.3062350629183072, "mean_kl_cond_on_in_top_ten": 0.16850944774591237, "mean_ent_pi_cond_on_in_top_ten": 1.513719691134071, "mean_ent_ref_cond_on_in_top_ten": 1.4829275879496535, "top1_precision_cond_on_in_top_ten": 0.42493565913640263, "top1_recall_cond_on_in_top_ten": 0.42493565913640263, "top1_f1_cond_on_in_top_ten": 0.42493565913640263, "top3_precision_cond_on_in_top_ten": 0.7486416928796111, "top3_recall_cond_on_in_top_ten": 0.7486416928796111, "top3_f1_cond_on_in_top_ten": 0.7486416928796111, "top5_precision_cond_on_in_top_ten": 0.8681727194738347, "top5_recall_cond_on_in_top_ten": 0.8681727194738347, "top5_f1_cond_on_in_top_ten": 0.8681727194738347, "top10_precision_cond_on_in_top_ten": 0.966542750929368, "top10_recall_cond_on_in_top_ten": 0.966542750929368, "top10_f1_cond_on_in_top_ten": 0.9665427509293679}