{"loss": 1.780257710688436, "mean_logp_gap_policy_chosen_rejected": 1.8049063562533703, "mean_logp_gap_base_chosen_rejected": 1.7627078201728499, "mean_gap_improvement": 0.0421985416181416, "top1_accuracy_on_chosen_policy": 0.4169167803628383, "top1_accuracy_on_chosen_base": 0.4019099590804372, "mean_p_chosen_policy": 0.30577356466492395, "mean_p_chosen_base": 0.2986693177590754, "mean_kl": 0.19227767399274637, "mean_ent_pi": 1.583663688707807, "mean_ent_ref": 1.500530242139288, "top1_precision": 0.4169167803547067, "top1_recall": 0.4169167803547067, "top1_f1": 0.4169167803547067, "top3_precision": 0.73806275579809, "top3_recall": 0.73806275579809, "top3_f1": 0.73806275579809, "top5_precision": 0.8512960436562074, "top5_recall": 0.8512960436562074, "top5_f1": 0.8512960436562074, "top10_precision": 0.9612551159618008, "top10_recall": 0.9612551159618008, "top10_f1": 0.9612551159618009, "mean_logp_gap_policy_chosen_rejected_cond_on_not_in_top_ten": 0.873535169732003, "mean_logp_gap_base_chosen_rejected_cond_on_not_in_top_ten": 1.1069387183302926, "mean_gap_improvement_cond_on_not_in_top_ten": -0.2334035485982895, "top1_accuracy_on_chosen_policy_cond_on_not_in_top_ten": 0.18452380952380953, "top1_accuracy_on_chosen_base_cond_on_not_in_top_ten": 0.17261904761904762, "mean_p_chosen_policy_cond_on_not_in_top_ten": 0.13023817894558998, "mean_p_chosen_base_cond_on_not_in_top_ten": 0.14118475607912323, "mean_kl_cond_on_not_in_top_ten": 0.07454452146997764, "mean_ent_pi_cond_on_not_in_top_ten": 2.061261106814657, "mean_ent_ref_cond_on_not_in_top_ten": 1.8669381493791228, "top1_precision_cond_on_not_in_top_ten": 0.18452380952380953, "top1_recall_cond_on_not_in_top_ten": 0.18452380952380953, "top1_f1_cond_on_not_in_top_ten": 0.18452380952380953, "top3_precision_cond_on_not_in_top_ten": 0.4226190476190476, "top3_recall_cond_on_not_in_top_ten": 0.4226190476190476, "top3_f1_cond_on_not_in_top_ten": 0.4226190476190476, "top5_precision_cond_on_not_in_top_ten": 0.5476190476190477, "top5_recall_cond_on_not_in_top_ten": 0.5476190476190477, "top5_f1_cond_on_not_in_top_ten": 0.5476190476190477, "top10_precision_cond_on_not_in_top_ten": 0.8452380952380952, "top10_recall_cond_on_not_in_top_ten": 0.8452380952380952, "top10_f1_cond_on_not_in_top_ten": 0.8452380952380952, "mean_logp_gap_policy_chosen_rejected_cond_on_in_top_ten": 1.849650517971065, "mean_logp_gap_base_chosen_rejected_cond_on_in_top_ten": 1.7942117302118454, "mean_gap_improvement_cond_on_in_top_ten": 0.055438788355777424, "top1_accuracy_on_chosen_policy_cond_on_in_top_ten": 0.42808121246782954, "top1_accuracy_on_chosen_base_cond_on_in_top_ten": 0.41292536459822704, "mean_p_chosen_policy_cond_on_in_top_ten": 0.3142064879221692, "mean_p_chosen_base_cond_on_in_top_ten": 0.3062350629183072, "mean_kl_cond_on_in_top_ten": 0.19793371416928912, "mean_ent_pi_cond_on_in_top_ten": 1.5607193525212644, "mean_ent_ref_cond_on_in_top_ten": 1.4829275879496535, "top1_precision_cond_on_in_top_ten": 0.42808121246782954, "top1_recall_cond_on_in_top_ten": 0.42808121246782954, "top1_f1_cond_on_in_top_ten": 0.4280812124678295, "top3_precision_cond_on_in_top_ten": 0.7532170431798685, "top3_recall_cond_on_in_top_ten": 0.7532170431798685, "top3_f1_cond_on_in_top_ten": 0.7532170431798685, "top5_precision_cond_on_in_top_ten": 0.865885044323706, "top5_recall_cond_on_in_top_ten": 0.865885044323706, "top5_f1_cond_on_in_top_ten": 0.865885044323706, "top10_precision_cond_on_in_top_ten": 0.9668287103231341, "top10_recall_cond_on_in_top_ten": 0.9668287103231341, "top10_f1_cond_on_in_top_ten": 0.9668287103231341}