{"loss": 2.085393416409928, "mean_logp_gap_policy_chosen_rejected": 2.000148727753966, "mean_logp_gap_base_chosen_rejected": 1.7627078201728499, "mean_gap_improvement": 0.2374408983883396, "top1_accuracy_on_chosen_policy": 0.4141882674024017, "top1_accuracy_on_chosen_base": 0.4019099590804372, "mean_p_chosen_policy": 0.31642560889743687, "mean_p_chosen_base": 0.2986693177590754, "mean_kl": 0.14249797370106917, "mean_ent_pi": 1.4673992503713944, "mean_ent_ref": 1.500530242139288, "top1_precision": 0.4141882673942701, "top1_recall": 0.4141882673942701, "top1_f1": 0.4141882673942701, "top3_precision": 0.7342428376534789, "top3_recall": 0.7342428376534789, "top3_f1": 0.7342428376534789, "top5_precision": 0.852387448840382, "top5_recall": 0.852387448840382, "top5_f1": 0.852387448840382, "top10_precision": 0.9582537517053206, "top10_recall": 0.9582537517053206, "top10_f1": 0.9582537517053206, "mean_logp_gap_policy_chosen_rejected_cond_on_not_in_top_ten": 1.0215039657694953, "mean_logp_gap_base_chosen_rejected_cond_on_not_in_top_ten": 1.1069387183302926, "mean_gap_improvement_cond_on_not_in_top_ten": -0.08543475256079719, "top1_accuracy_on_chosen_policy_cond_on_not_in_top_ten": 0.16666666666666666, "top1_accuracy_on_chosen_base_cond_on_not_in_top_ten": 0.17261904761904762, "mean_p_chosen_policy_cond_on_not_in_top_ten": 0.1374369781818435, "mean_p_chosen_base_cond_on_not_in_top_ten": 0.14118475607912323, "mean_kl_cond_on_not_in_top_ten": 0.0416338102156823, "mean_ent_pi_cond_on_not_in_top_ten": 1.9044329686356443, "mean_ent_ref_cond_on_not_in_top_ten": 1.8669381493791228, "top1_precision_cond_on_not_in_top_ten": 0.16666666666666666, "top1_recall_cond_on_not_in_top_ten": 0.16666666666666666, "top1_f1_cond_on_not_in_top_ten": 0.16666666666666666, "top3_precision_cond_on_not_in_top_ten": 0.43452380952380953, "top3_recall_cond_on_not_in_top_ten": 0.43452380952380953, "top3_f1_cond_on_not_in_top_ten": 0.43452380952380953, "top5_precision_cond_on_not_in_top_ten": 0.5833333333333334, "top5_recall_cond_on_not_in_top_ten": 0.5833333333333334, "top5_f1_cond_on_not_in_top_ten": 0.5833333333333334, "top10_precision_cond_on_not_in_top_ten": 0.8392857142857143, "top10_recall_cond_on_not_in_top_ten": 0.8392857142857143, "top10_f1_cond_on_not_in_top_ten": 0.8392857142857143, "mean_logp_gap_policy_chosen_rejected_cond_on_in_top_ten": 2.047163951949184, "mean_logp_gap_base_chosen_rejected_cond_on_in_top_ten": 1.7942117302118454, "mean_gap_improvement_cond_on_in_top_ten": 0.2529522219930065, "top1_accuracy_on_chosen_policy_cond_on_in_top_ten": 0.426079496711467, "top1_accuracy_on_chosen_base_cond_on_in_top_ten": 0.41292536459822704, "mean_p_chosen_policy_cond_on_in_top_ten": 0.32502443552218857, "mean_p_chosen_base_cond_on_in_top_ten": 0.3062350629183072, "mean_kl_cond_on_in_top_ten": 0.14734360811838318, "mean_ent_pi_cond_on_in_top_ten": 1.4464036366916406, "mean_ent_ref_cond_on_in_top_ten": 1.4829275879496535, "top1_precision_cond_on_in_top_ten": 0.426079496711467, "top1_recall_cond_on_in_top_ten": 0.426079496711467, "top1_f1_cond_on_in_top_ten": 0.42607949671146705, "top3_precision_cond_on_in_top_ten": 0.7486416928796111, "top3_recall_cond_on_in_top_ten": 0.7486416928796111, "top3_f1_cond_on_in_top_ten": 0.7486416928796111, "top5_precision_cond_on_in_top_ten": 0.8653131255361739, "top5_recall_cond_on_in_top_ten": 0.8653131255361739, "top5_f1_cond_on_in_top_ten": 0.865313125536174, "top10_precision_cond_on_in_top_ten": 0.9639691163854732, "top10_recall_cond_on_in_top_ten": 0.9639691163854732, "top10_f1_cond_on_in_top_ten": 0.9639691163854733}