loss,mean_logp_gap_policy_chosen_rejected,mean_logp_gap_base_chosen_rejected,mean_gap_improvement,top1_accuracy_on_chosen_policy,top1_accuracy_on_chosen_base,mean_p_chosen_policy,mean_p_chosen_base,mean_kl,mean_ent_pi,mean_ent_ref
0.5510197637351115,6.872305146929024,1.7627078201728499,5.109597413699266,0.3645293315183905,0.4019099590804372,0.35684260386887223,0.2986693177590754,0.7183008185187596,0.44059435763430627,1.500530242139288
