{"loss": 1.942177349385916, "mean_logp_gap_policy_chosen_rejected": 1.9561222255961794, "mean_logp_gap_base_chosen_rejected": 1.7627078201728499, "mean_gap_improvement": 0.1934143989465084, "top1_accuracy_on_chosen_policy": 0.41527967258657633, "top1_accuracy_on_chosen_base": 0.4019099590804372, "mean_p_chosen_policy": 0.3151901488902624, "mean_p_chosen_base": 0.2986693177590754, "mean_kl": 0.16881241544644066, "mean_ent_pi": 1.496453786351671, "mean_ent_ref": 1.500530242139288, "top1_precision": 0.4152796725784447, "top1_recall": 0.4152796725784447, "top1_f1": 0.4152796725784447, "top3_precision": 0.7345156889495225, "top3_recall": 0.7345156889495225, "top3_f1": 0.7345156889495225, "top5_precision": 0.8540245566166439, "top5_recall": 0.8540245566166439, "top5_f1": 0.8540245566166439, "top10_precision": 0.9598908594815826, "top10_recall": 0.9598908594815826, "top10_f1": 0.9598908594815826, "mean_logp_gap_policy_chosen_rejected_cond_on_not_in_top_ten": 0.9578277269999186, "mean_logp_gap_base_chosen_rejected_cond_on_not_in_top_ten": 1.1069387183302926, "mean_gap_improvement_cond_on_not_in_top_ten": -0.14911099133037387, "top1_accuracy_on_chosen_policy_cond_on_not_in_top_ten": 0.18452380952380953, "top1_accuracy_on_chosen_base_cond_on_not_in_top_ten": 0.17261904761904762, "mean_p_chosen_policy_cond_on_not_in_top_ten": 0.13579152660462396, "mean_p_chosen_base_cond_on_not_in_top_ten": 0.14118475607912323, "mean_kl_cond_on_not_in_top_ten": 0.06041418132233611, "mean_ent_pi_cond_on_not_in_top_ten": 1.9611959191305297, "mean_ent_ref_cond_on_not_in_top_ten": 1.8669381493791228, "top1_precision_cond_on_not_in_top_ten": 0.18452380952380953, "top1_recall_cond_on_not_in_top_ten": 0.18452380952380953, "top1_f1_cond_on_not_in_top_ten": 0.18452380952380953, "top3_precision_cond_on_not_in_top_ten": 0.4166666666666667, "top3_recall_cond_on_not_in_top_ten": 0.4166666666666667, "top3_f1_cond_on_not_in_top_ten": 0.4166666666666667, "top5_precision_cond_on_not_in_top_ten": 0.5535714285714286, "top5_recall_cond_on_not_in_top_ten": 0.5535714285714286, "top5_f1_cond_on_not_in_top_ten": 0.5535714285714286, "top10_precision_cond_on_not_in_top_ten": 0.8273809523809523, "top10_recall_cond_on_not_in_top_ten": 0.8273809523809523, "top10_f1_cond_on_not_in_top_ten": 0.8273809523809523, "mean_logp_gap_policy_chosen_rejected_cond_on_in_top_ten": 2.0040814525269086, "mean_logp_gap_base_chosen_rejected_cond_on_in_top_ten": 1.7942117302118454, "mean_gap_improvement_cond_on_in_top_ten": 0.20986972253664174, "top1_accuracy_on_chosen_policy_cond_on_in_top_ten": 0.4263654561052331, "top1_accuracy_on_chosen_base_cond_on_in_top_ten": 0.41292536459822704, "mean_p_chosen_policy_cond_on_in_top_ten": 0.3238086729136562, "mean_p_chosen_base_cond_on_in_top_ten": 0.3062350629183072, "mean_kl_cond_on_in_top_ten": 0.17401999421268116, "mean_ent_pi_cond_on_in_top_ten": 1.4741270250864784, "mean_ent_ref_cond_on_in_top_ten": 1.4829275879496535, "top1_precision_cond_on_in_top_ten": 0.4263654561052331, "top1_recall_cond_on_in_top_ten": 0.4263654561052331, "top1_f1_cond_on_in_top_ten": 0.4263654561052331, "top3_precision_cond_on_in_top_ten": 0.7497855304546754, "top3_recall_cond_on_in_top_ten": 0.7497855304546754, "top3_f1_cond_on_in_top_ten": 0.7497855304546753, "top5_precision_cond_on_in_top_ten": 0.8684586788676008, "top5_recall_cond_on_in_top_ten": 0.8684586788676008, "top5_f1_cond_on_in_top_ten": 0.8684586788676008, "top10_precision_cond_on_in_top_ten": 0.966256791535602, "top10_recall_cond_on_in_top_ten": 0.966256791535602, "top10_f1_cond_on_in_top_ten": 0.966256791535602}