{"loss": 0.521148249104436, "mean_logp_gap_policy_chosen_rejected": 3.9546859259169556, "mean_logp_gap_base_chosen_rejected": 1.7627078201728499, "mean_gap_improvement": 2.191978136692984, "top1_accuracy_on_chosen_policy": 0.4013642564883499, "top1_accuracy_on_chosen_base": 0.4019099590804372, "mean_p_chosen_policy": 0.3653129766371208, "mean_p_chosen_base": 0.2986693177590754, "mean_kl": 0.29982317448231566, "mean_ent_pi": 0.7949439213025457, "mean_ent_ref": 1.500530242139288, "top1_precision": 0.4013642564802183, "top1_recall": 0.4013642564802183, "top1_f1": 0.40136425648021823, "top3_precision": 0.723055934515689, "top3_recall": 0.723055934515689, "top3_f1": 0.723055934515689, "top5_precision": 0.8384720327421555, "top5_recall": 0.8384720327421555, "top5_f1": 0.8384720327421554, "top10_precision": 0.9511596180081855, "top10_recall": 0.9511596180081855, "top10_f1": 0.9511596180081856, "mean_logp_gap_policy_chosen_rejected_cond_on_not_in_top_ten": 2.3202802489201226, "mean_logp_gap_base_chosen_rejected_cond_on_not_in_top_ten": 1.1069387183302926, "mean_gap_improvement_cond_on_not_in_top_ten": 1.2133415291706722, "top1_accuracy_on_chosen_policy_cond_on_not_in_top_ten": 0.1488095238095238, "top1_accuracy_on_chosen_base_cond_on_not_in_top_ten": 0.17261904761904762, "mean_p_chosen_policy_cond_on_not_in_top_ten": 0.1608160702332049, "mean_p_chosen_base_cond_on_not_in_top_ten": 0.14118475607912323, "mean_kl_cond_on_not_in_top_ten": 0.2848767467796625, "mean_ent_pi_cond_on_not_in_top_ten": 1.0611720458643201, "mean_ent_ref_cond_on_not_in_top_ten": 1.8669381493791228, "top1_precision_cond_on_not_in_top_ten": 0.1488095238095238, "top1_recall_cond_on_not_in_top_ten": 0.1488095238095238, "top1_f1_cond_on_not_in_top_ten": 0.1488095238095238, "top3_precision_cond_on_not_in_top_ten": 0.4583333333333333, "top3_recall_cond_on_not_in_top_ten": 0.4583333333333333, "top3_f1_cond_on_not_in_top_ten": 0.45833333333333326, "top5_precision_cond_on_not_in_top_ten": 0.5952380952380952, "top5_recall_cond_on_not_in_top_ten": 0.5952380952380952, "top5_f1_cond_on_not_in_top_ten": 0.5952380952380952, "top10_precision_cond_on_not_in_top_ten": 0.8690476190476191, "top10_recall_cond_on_not_in_top_ten": 0.8690476190476191, "top10_f1_cond_on_not_in_top_ten": 0.8690476190476191, "mean_logp_gap_policy_chosen_rejected_cond_on_in_top_ten": 4.033204746853122, "mean_logp_gap_base_chosen_rejected_cond_on_in_top_ten": 1.7942117302118454, "mean_gap_improvement_cond_on_in_top_ten": 2.238993014493669, "top1_accuracy_on_chosen_policy_cond_on_in_top_ten": 0.4134972833857592, "top1_accuracy_on_chosen_base_cond_on_in_top_ten": 0.41292536459822704, "mean_p_chosen_policy_cond_on_in_top_ten": 0.3751372467104848, "mean_p_chosen_base_cond_on_in_top_ten": 0.3062350629183072, "mean_kl_cond_on_in_top_ten": 0.3005412179920658, "mean_ent_pi_cond_on_in_top_ten": 0.7821540067683057, "mean_ent_ref_cond_on_in_top_ten": 1.4829275879496535, "top1_precision_cond_on_in_top_ten": 0.4134972833857592, "top1_recall_cond_on_in_top_ten": 0.4134972833857592, "top1_f1_cond_on_in_top_ten": 0.4134972833857592, "top3_precision_cond_on_in_top_ten": 0.7357735201601373, "top3_recall_cond_on_in_top_ten": 0.7357735201601373, "top3_f1_cond_on_in_top_ten": 0.7357735201601373, "top5_precision_cond_on_in_top_ten": 0.8501572776665713, "top5_recall_cond_on_in_top_ten": 0.8501572776665713, "top5_f1_cond_on_in_top_ten": 0.8501572776665715, "top10_precision_cond_on_in_top_ten": 0.9551043751787246, "top10_recall_cond_on_in_top_ten": 0.9551043751787246, "top10_f1_cond_on_in_top_ten": 0.9551043751787246}