loss,mean_logp_gap_policy_chosen_rejected,mean_logp_gap_base_chosen_rejected,mean_gap_improvement,top1_accuracy_on_chosen_policy,top1_accuracy_on_chosen_base,mean_p_chosen_policy,mean_p_chosen_base,mean_kl,mean_ent_pi,mean_ent_ref
1.8644125170141743,1.8482698727109423,1.7627078201728499,0.08556205578260175,0.41609822647470734,0.4019099590804372,0.30813156234616307,0.2986693177590754,0.1501294645034844,1.5489315840589724,1.500530242139288
