{"loss": 1.8644125170141743, "mean_logp_gap_policy_chosen_rejected": 1.8482698727109423, "mean_logp_gap_base_chosen_rejected": 1.7627078201728499, "mean_gap_improvement": 0.08556205578260175, "top1_accuracy_on_chosen_policy": 0.41609822647470734, "top1_accuracy_on_chosen_base": 0.4019099590804372, "mean_p_chosen_policy": 0.30813156234616307, "mean_p_chosen_base": 0.2986693177590754, "mean_kl": 0.1501294645034844, "mean_ent_pi": 1.5489315840589724, "mean_ent_ref": 1.500530242139288, "top1_precision": 0.41609822646657574, "top1_recall": 0.41609822646657574, "top1_f1": 0.41609822646657574, "top3_precision": 0.7358799454297408, "top3_recall": 0.7358799454297408, "top3_f1": 0.7358799454297408, "top5_precision": 0.853206002728513, "top5_recall": 0.853206002728513, "top5_f1": 0.853206002728513, "top10_precision": 0.9604365620736699, "top10_recall": 0.9604365620736699, "top10_f1": 0.96043656207367, "mean_logp_gap_policy_chosen_rejected_cond_on_not_in_top_ten": 0.935935568241846, "mean_logp_gap_base_chosen_rejected_cond_on_not_in_top_ten": 1.1069387183302926, "mean_gap_improvement_cond_on_not_in_top_ten": -0.1710031500884465, "top1_accuracy_on_chosen_policy_cond_on_not_in_top_ten": 0.20833333333333334, "top1_accuracy_on_chosen_base_cond_on_not_in_top_ten": 0.17261904761904762, "mean_p_chosen_policy_cond_on_not_in_top_ten": 0.13404692222199324, "mean_p_chosen_base_cond_on_not_in_top_ten": 0.14118475607912323, "mean_kl_cond_on_not_in_top_ten": 0.054887628571512845, "mean_ent_pi_cond_on_not_in_top_ten": 2.0049132741987705, "mean_ent_ref_cond_on_not_in_top_ten": 1.8669381493791228, "top1_precision_cond_on_not_in_top_ten": 0.20833333333333334, "top1_recall_cond_on_not_in_top_ten": 0.20833333333333334, "top1_f1_cond_on_not_in_top_ten": 0.20833333333333334, "top3_precision_cond_on_not_in_top_ten": 0.4107142857142857, "top3_recall_cond_on_not_in_top_ten": 0.4107142857142857, "top3_f1_cond_on_not_in_top_ten": 0.4107142857142857, "top5_precision_cond_on_not_in_top_ten": 0.5892857142857143, "top5_recall_cond_on_not_in_top_ten": 0.5892857142857143, "top5_f1_cond_on_not_in_top_ten": 0.5892857142857143, "top10_precision_cond_on_not_in_top_ten": 0.8392857142857143, "top10_recall_cond_on_not_in_top_ten": 0.8392857142857143, "top10_f1_cond_on_not_in_top_ten": 0.8392857142857143, "mean_logp_gap_policy_chosen_rejected_cond_on_in_top_ten": 1.892099478712142, "mean_logp_gap_base_chosen_rejected_cond_on_in_top_ten": 1.7942117302118454, "mean_gap_improvement_cond_on_in_top_ten": 0.09788774911389884, "top1_accuracy_on_chosen_policy_cond_on_in_top_ten": 0.426079496711467, "top1_accuracy_on_chosen_base_cond_on_in_top_ten": 0.41292536459822704, "mean_p_chosen_policy_cond_on_in_top_ten": 0.3164947922151814, "mean_p_chosen_base_cond_on_in_top_ten": 0.3062350629183072, "mean_kl_cond_on_in_top_ten": 0.1547049951719839, "mean_ent_pi_cond_on_in_top_ten": 1.5270256953948322, "mean_ent_ref_cond_on_in_top_ten": 1.4829275879496535, "top1_precision_cond_on_in_top_ten": 0.426079496711467, "top1_recall_cond_on_in_top_ten": 0.426079496711467, "top1_f1_cond_on_in_top_ten": 0.42607949671146705, "top3_precision_cond_on_in_top_ten": 0.7515012868172719, "top3_recall_cond_on_in_top_ten": 0.7515012868172719, "top3_f1_cond_on_in_top_ten": 0.7515012868172719, "top5_precision_cond_on_in_top_ten": 0.865885044323706, "top5_recall_cond_on_in_top_ten": 0.865885044323706, "top5_f1_cond_on_in_top_ten": 0.865885044323706, "top10_precision_cond_on_in_top_ten": 0.966256791535602, "top10_recall_cond_on_in_top_ten": 0.966256791535602, "top10_f1_cond_on_in_top_ten": 0.966256791535602}