loss,mean_logp_gap_policy_chosen_rejected,mean_logp_gap_base_chosen_rejected,mean_gap_improvement,top1_accuracy_on_chosen_policy,top1_accuracy_on_chosen_base,mean_p_chosen_policy,mean_p_chosen_base,mean_kl,mean_ent_pi,mean_ent_ref
1.8618250873859712,1.831782942644408,1.7627078201728499,0.06907514567915121,0.4125511596261398,0.4019099590804372,0.30698302284106715,0.2986693177590754,0.1407869177993697,1.5531549024712015,1.500530242139288
