loss,mean_logp_gap_policy_chosen_rejected,mean_logp_gap_base_chosen_rejected,mean_gap_improvement,top1_accuracy_on_chosen_policy,top1_accuracy_on_chosen_base,mean_p_chosen_policy,mean_p_chosen_base,mean_kl,mean_ent_pi,mean_ent_ref
1.946886272547515,1.9477959262723,1.7627078201728499,0.1850881117875059,0.406821282409223,0.4019099590804372,0.31361074625713925,0.2986693177590754,0.15569344397131124,1.4953459835312701,1.500530242139288
