{
  "white_first_move_probs": {
    "e2e4": 0.6003848910331726,
    "d2d4": 0.12870468199253082,
    "c2c4": 0.017511121928691864,
    "g1f3": 0.2519780695438385,
    "g2g3": 0.0004970210138708353,
    "b2b3": 2.7005595256923698e-05,
    "f2f4": 0.00032642559381201863,
    "b2b4": 1.069459813152207e-06,
    "a2a4": 6.394034699042095e-06
  },
  "white_other_mass": 0.0005633198043142329,
  "black_reply_probs_cond_on_white": {
    "e2e4": {
      "fen_after_white": "rnbqkbnr/pppppppp/8/8/4P3/8/PPPP1PPP/RNBQKBNR b KQkq - 0 1",
      "black_reply_probs": {
        "c7c5": 0.2937690019607544,
        "e7e5": 0.5658615827560425,
        "e7e6": 0.004894093610346317,
        "c7c6": 0.0011268798261880875,
        "d7d5": 0.05724523216485977,
        "g8f6": 0.0650697648525238,
        "g7g6": 0.0038808733224868774,
        "d7d6": 0.0035557374358177185
      },
      "other_mass": 0.004596834070980549
    },
    "d2d4": {
      "fen_after_white": "rnbqkbnr/pppppppp/8/8/3P4/8/PPP1PPPP/RNBQKBNR b KQkq - 0 1",
      "black_reply_probs": {
        "c7c5": 0.004822281654924154,
        "e7e5": 0.010239239782094955,
        "e7e6": 0.0006169829866848886,
        "c7c6": 5.167758354218677e-05,
        "d7d5": 0.10335113108158112,
        "g8f6": 0.8658007979393005,
        "g7g6": 0.014209526591002941,
        "d7d6": 0.00017314849537797272
      },
      "other_mass": 0.0007352138854912482
    },
    "c2c4": {
      "fen_after_white": "rnbqkbnr/pppppppp/8/8/2P5/8/PP1PPPPP/RNBQKBNR b KQkq - 0 1",
      "black_reply_probs": {
        "c7c5": 0.014554845169186592,
        "e7e5": 0.4761359989643097,
        "e7e6": 0.0004406085645314306,
        "c7c6": 5.381078153732233e-05,
        "d7d5": 0.014371920377016068,
        "g8f6": 0.4862275719642639,
        "g7g6": 0.0059669483453035355,
        "d7d6": 0.00037616543704643846
      },
      "other_mass": 0.0018721303968050051
    },
    "g1f3": {
      "fen_after_white": "rnbqkbnr/pppppppp/8/8/8/5N2/PPPPPPPP/RNBQKB1R b KQkq - 1 1",
      "black_reply_probs": {
        "c7c5": 0.042263858020305634,
        "e7e5": 0.07703183591365814,
        "e7e6": 0.0002606737252790481,
        "c7c6": 3.160817504976876e-05,
        "d7d5": 0.14495714008808136,
        "g8f6": 0.7299799919128418,
        "g7g6": 0.003881055861711502,
        "d7d6": 0.0001649073528824374
      },
      "other_mass": 0.0014289289501903113
    },
    "g2g3": {
      "fen_after_white": "rnbqkbnr/pppppppp/8/8/8/6P1/PPPPPP1P/RNBQKBNR b KQkq - 0 1",
      "black_reply_probs": {
        "c7c5": 0.030626334249973297,
        "e7e5": 0.5325181484222412,
        "e7e6": 0.0004076757759321481,
        "c7c6": 9.069355292012915e-05,
        "d7d5": 0.16087749600410461,
        "g8f6": 0.27176016569137573,
        "g7g6": 0.001587238279171288,
        "d7d6": 0.0002942896680906415
      },
      "other_mass": 0.0018379583561909385
    },
    "b2b3": {
      "fen_after_white": "rnbqkbnr/pppppppp/8/8/8/1P6/P1PPPPPP/RNBQKBNR b KQkq - 0 1",
      "black_reply_probs": {
        "c7c5": 0.008839994668960571,
        "e7e5": 0.6780128479003906,
        "e7e6": 0.0010221819393336773,
        "c7c6": 5.864561899215914e-05,
        "d7d5": 0.10778853297233582,
        "g8f6": 0.1974342167377472,
        "g7g6": 0.005039092153310776,
        "d7d6": 0.00021767764701507986
      },
      "other_mass": 0.0015868103619141039
    },
    "f2f4": {
      "fen_after_white": "rnbqkbnr/pppppppp/8/8/5P2/8/PPPPP1PP/RNBQKBNR b KQkq - 0 1",
      "black_reply_probs": {
        "c7c5": 0.10044223070144653,
        "e7e5": 0.2918134927749634,
        "e7e6": 0.004779302980750799,
        "c7c6": 0.00042709161061793566,
        "d7d5": 0.23576222360134125,
        "g8f6": 0.35614824295043945,
        "g7g6": 0.005998506210744381,
        "d7d6": 0.0013761359732598066
      },
      "other_mass": 0.003252773196436465
    },
    "b2b4": {
      "fen_after_white": "rnbqkbnr/pppppppp/8/8/1P6/8/P1PPPPPP/RNBQKBNR b KQkq - 0 1",
      "black_reply_probs": {
        "c7c5": 0.001566896098665893,
        "e7e5": 0.7442039847373962,
        "e7e6": 0.0025909198448061943,
        "c7c6": 0.0001672666403464973,
        "d7d5": 0.10613783448934555,
        "g8f6": 0.1308494359254837,
        "g7g6": 0.009517405182123184,
        "d7d6": 0.0006738075753673911
      },
      "other_mass": 0.004292449506465346
    },
    "a2a4": {
      "fen_after_white": "rnbqkbnr/pppppppp/8/8/P7/8/1PPPPPPP/RNBQKBNR b KQkq - 0 1",
      "black_reply_probs": {
        "c7c5": 0.009458813816308975,
        "e7e5": 0.5330690145492554,
        "e7e6": 0.0003007624763995409,
        "c7c6": 5.203128603170626e-05,
        "d7d5": 0.12570013105869293,
        "g8f6": 0.32869377732276917,
        "g7g6": 0.0013331122463569045,
        "d7d6": 0.0002616333949845284
      },
      "other_mass": 0.0011307238492008764
    }
  },
  "meta": {
    "elo_self": 2800,
    "elo_oppo": 2800,
    "temperature": 1.0,
    "maia_type": "blitz",
    "white_moves_probed": [
      "e2e4",
      "d2d4",
      "c2c4",
      "g1f3",
      "g2g3",
      "b2b3",
      "f2f4",
      "b2b4",
      "a2a4"
    ],
    "black_replies_probed": [
      "c7c5",
      "e7e5",
      "e7e6",
      "c7c6",
      "d7d5",
      "g8f6",
      "g7g6",
      "d7d6"
    ]
  }
}