{
  "white_first_move_probs": {
    "e2e4": 0.46616917848587036,
    "d2d4": 0.11662401258945465,
    "c2c4": 0.014984740875661373,
    "g1f3": 0.3984018862247467,
    "g2g3": 0.001894403132610023,
    "b2b3": 7.723383168922737e-05,
    "f2f4": 0.0004057193291373551,
    "b2b4": 4.063725555170095e-06,
    "a2a4": 2.0033037799294107e-05
  },
  "white_other_mass": 0.0014187287674758409,
  "black_reply_probs_cond_on_white": {
    "e2e4": {
      "fen_after_white": "rnbqkbnr/pppppppp/8/8/4P3/8/PPPP1PPP/RNBQKBNR b KQkq - 0 1",
      "black_reply_probs": {
        "c7c5": 0.1662210077047348,
        "e7e5": 0.565353274345398,
        "e7e6": 0.00661761499941349,
        "c7c6": 0.0014690748648718,
        "d7d5": 0.10537897050380707,
        "g8f6": 0.1281420886516571,
        "g7g6": 0.01227408368140459,
        "d7d6": 0.006434954237192869
      },
      "other_mass": 0.008108931011520326
    },
    "d2d4": {
      "fen_after_white": "rnbqkbnr/pppppppp/8/8/3P4/8/PPP1PPPP/RNBQKBNR b KQkq - 0 1",
      "black_reply_probs": {
        "c7c5": 0.005870484746992588,
        "e7e5": 0.0152677521109581,
        "e7e6": 0.0016098954947665334,
        "c7c6": 0.000136175483930856,
        "d7d5": 0.11806745827198029,
        "g8f6": 0.8279895186424255,
        "g7g6": 0.029208142310380936,
        "d7d6": 0.0005275979056023061
      },
      "other_mass": 0.0013229750329628587
    },
    "c2c4": {
      "fen_after_white": "rnbqkbnr/pppppppp/8/8/2P5/8/PP1PPPPP/RNBQKBNR b KQkq - 0 1",
      "black_reply_probs": {
        "c7c5": 0.01522855181246996,
        "e7e5": 0.34954357147216797,
        "e7e6": 0.0007670724298804998,
        "c7c6": 0.00011586285836528987,
        "d7d5": 0.02170662395656109,
        "g8f6": 0.592882513999939,
        "g7g6": 0.016044722869992256,
        "d7d6": 0.0008274295250885189
      },
      "other_mass": 0.002883651075535454
    },
    "g1f3": {
      "fen_after_white": "rnbqkbnr/pppppppp/8/8/8/5N2/PPPPPPPP/RNBQKB1R b KQkq - 1 1",
      "black_reply_probs": {
        "c7c5": 0.022461600601673126,
        "e7e5": 0.07741862535476685,
        "e7e6": 0.0004832283593714237,
        "c7c6": 4.929070200887509e-05,
        "d7d5": 0.1090087890625,
        "g8f6": 0.780636727809906,
        "g7g6": 0.00744675612077117,
        "d7d6": 0.0003366850141901523
      },
      "other_mass": 0.0021582969748124015
    },
    "g2g3": {
      "fen_after_white": "rnbqkbnr/pppppppp/8/8/8/6P1/PPPPPP1P/RNBQKBNR b KQkq - 0 1",
      "black_reply_probs": {
        "c7c5": 0.025712382048368454,
        "e7e5": 0.4382050633430481,
        "e7e6": 0.0007908219122327864,
        "c7c6": 0.00018882646691054106,
        "d7d5": 0.1662195324897766,
        "g8f6": 0.3598380386829376,
        "g7g6": 0.004618627484887838,
        "d7d6": 0.0006505303317680955
      },
      "other_mass": 0.0037761772400699556
    },
    "b2b3": {
      "fen_after_white": "rnbqkbnr/pppppppp/8/8/8/1P6/P1PPPPPP/RNBQKBNR b KQkq - 0 1",
      "black_reply_probs": {
        "c7c5": 0.009247319772839546,
        "e7e5": 0.5723094940185547,
        "e7e6": 0.0018819167744368315,
        "c7c6": 0.00012774730566889048,
        "d7d5": 0.11093159765005112,
        "g8f6": 0.28589820861816406,
        "g7g6": 0.016279000788927078,
        "d7d6": 0.0005111329955980182
      },
      "other_mass": 0.0028135820757597685
    },
    "f2f4": {
      "fen_after_white": "rnbqkbnr/pppppppp/8/8/5P2/8/PPPPP1PP/RNBQKBNR b KQkq - 0 1",
      "black_reply_probs": {
        "c7c5": 0.059353169053792953,
        "e7e5": 0.33828434348106384,
        "e7e6": 0.008473685942590237,
        "c7c6": 0.0006374439690262079,
        "d7d5": 0.20776359736919403,
        "g8f6": 0.36721187829971313,
        "g7g6": 0.011244486086070538,
        "d7d6": 0.0022205356508493423
      },
      "other_mass": 0.004810860147699714
    },
    "b2b4": {
      "fen_after_white": "rnbqkbnr/pppppppp/8/8/1P6/8/P1PPPPPP/RNBQKBNR b KQkq - 0 1",
      "black_reply_probs": {
        "c7c5": 0.0016902665374800563,
        "e7e5": 0.6719657182693481,
        "e7e6": 0.004669856280088425,
        "c7c6": 0.00031498586758971214,
        "d7d5": 0.11699976027011871,
        "g8f6": 0.16474422812461853,
        "g7g6": 0.03043723851442337,
        "d7d6": 0.001208297093398869
      },
      "other_mass": 0.00796964904293418
    },
    "a2a4": {
      "fen_after_white": "rnbqkbnr/pppppppp/8/8/P7/8/1PPPPPPP/RNBQKBNR b KQkq - 0 1",
      "black_reply_probs": {
        "c7c5": 0.010809344239532948,
        "e7e5": 0.4441852867603302,
        "e7e6": 0.0007371145766228437,
        "c7c6": 0.00013015102013014257,
        "d7d5": 0.1242610514163971,
        "g8f6": 0.41126129031181335,
        "g7g6": 0.005288682412356138,
        "d7d6": 0.0006449579377658665
      },
      "other_mass": 0.002682121325051412
    }
  },
  "meta": {
    "elo_self": 2800,
    "elo_oppo": 2800,
    "temperature": 1.0,
    "maia_type": "blitz",
    "white_moves_probed": [
      "e2e4",
      "d2d4",
      "c2c4",
      "g1f3",
      "g2g3",
      "b2b3",
      "f2f4",
      "b2b4",
      "a2a4"
    ],
    "black_replies_probed": [
      "c7c5",
      "e7e5",
      "e7e6",
      "c7c6",
      "d7d5",
      "g8f6",
      "g7g6",
      "d7d6"
    ]
  }
}