{
  "white_first_move_probs": {
    "e2e4": 0.0019403441110625863,
    "d2d4": 0.013593519106507301,
    "c2c4": 7.361692269114428e-07,
    "g1f3": 0.9842639565467834,
    "g2g3": 3.724609996424988e-05,
    "b2b3": 1.1132256005907948e-08,
    "f2f4": 1.390983561577741e-05,
    "b2b4": 6.980376276999323e-10,
    "a2a4": 1.0973084246801434e-10
  },
  "white_other_mass": 0.00015027619081520172,
  "black_reply_probs_cond_on_white": {
    "e2e4": {
      "fen_after_white": "rnbqkbnr/pppppppp/8/8/4P3/8/PPPP1PPP/RNBQKBNR b KQkq - 0 1",
      "black_reply_probs": {
        "c7c5": 0.0058122193440794945,
        "e7e5": 0.17196904122829437,
        "e7e6": 0.00011690759129123762,
        "c7c6": 3.2756850032455986e-06,
        "d7d5": 0.106023870408535,
        "g8f6": 0.7146759629249573,
        "g7g6": 0.0007533986936323345,
        "d7d6": 3.919149094144814e-05
      },
      "other_mass": 0.0006061326332655881
    },
    "d2d4": {
      "fen_after_white": "rnbqkbnr/pppppppp/8/8/3P4/8/PPP1PPPP/RNBQKBNR b KQkq - 0 1",
      "black_reply_probs": {
        "c7c5": 1.3245631862446317e-06,
        "e7e5": 0.00035648621269501746,
        "e7e6": 1.3465271422319347e-06,
        "c7c6": 9.828317715232515e-09,
        "d7d5": 0.01942562311887741,
        "g8f6": 0.9795158505439758,
        "g7g6": 0.0006748411688022316,
        "d7d6": 8.113751164273708e-07
      },
      "other_mass": 2.3706661886890856e-05
    },
    "c2c4": {
      "fen_after_white": "rnbqkbnr/pppppppp/8/8/2P5/8/PP1PPPPP/RNBQKBNR b KQkq - 0 1",
      "black_reply_probs": {
        "c7c5": 3.402727088541724e-05,
        "e7e5": 0.005657672416418791,
        "e7e6": 2.6076691028720234e-06,
        "c7c6": 5.2256662996796877e-08,
        "d7d5": 0.0045845722779631615,
        "g8f6": 0.9891294240951538,
        "g7g6": 0.00045326881809160113,
        "d7d6": 3.5314449178258656e-06
      },
      "other_mass": 0.00013484375080352606
    },
    "g1f3": {
      "fen_after_white": "rnbqkbnr/pppppppp/8/8/8/5N2/PPPPPPPP/RNBQKB1R b KQkq - 1 1",
      "black_reply_probs": {
        "c7c5": 3.7005197555117775e-06,
        "e7e5": 0.0005125931929796934,
        "e7e6": 4.995244466954318e-07,
        "c7c6": 4.712617407420794e-09,
        "d7d5": 0.010446181520819664,
        "g8f6": 0.9881563186645508,
        "g7g6": 0.0008237199508585036,
        "d7d6": 3.12099359689455e-07
      },
      "other_mass": 5.666981461205367e-05
    },
    "g2g3": {
      "fen_after_white": "rnbqkbnr/pppppppp/8/8/8/6P1/PPPPPP1P/RNBQKBNR b KQkq - 0 1",
      "black_reply_probs": {
        "c7c5": 3.968346936744638e-05,
        "e7e5": 0.009314573369920254,
        "e7e6": 1.9506026092130924e-06,
        "c7c6": 5.260557855990555e-08,
        "d7d5": 0.05741194263100624,
        "g8f6": 0.93282550573349,
        "g7g6": 0.0002919593534898013,
        "d7d6": 1.7662387108430266e-06
      },
      "other_mass": 0.00011256599582765148
    },
    "b2b3": {
      "fen_after_white": "rnbqkbnr/pppppppp/8/8/8/1P6/P1PPPPPP/RNBQKBNR b KQkq - 0 1",
      "black_reply_probs": {
        "c7c5": 1.0825601748365443e-06,
        "e7e5": 0.004214808344841003,
        "e7e6": 3.4927409160445677e-06,
        "c7c6": 6.905434890569495e-09,
        "d7d5": 0.025991519913077354,
        "g8f6": 0.9691975116729736,
        "g7g6": 0.0003174779994878918,
        "d7d6": 5.574662509388872e-07
      },
      "other_mass": 0.000273542396843407
    },
    "f2f4": {
      "fen_after_white": "rnbqkbnr/pppppppp/8/8/5P2/8/PPPPP1PP/RNBQKBNR b KQkq - 0 1",
      "black_reply_probs": {
        "c7c5": 2.571378900029231e-05,
        "e7e5": 0.011196427047252655,
        "e7e6": 9.835097444010898e-06,
        "c7c6": 5.21401375408459e-08,
        "d7d5": 0.036111775785684586,
        "g8f6": 0.9522160291671753,
        "g7g6": 0.00025224918499588966,
        "d7d6": 3.7853073990845587e-06
      },
      "other_mass": 0.00018413248091064816
    },
    "b2b4": {
      "fen_after_white": "rnbqkbnr/pppppppp/8/8/1P6/8/P1PPPPPP/RNBQKBNR b KQkq - 0 1",
      "black_reply_probs": {
        "c7c5": 2.239657078462187e-06,
        "e7e5": 0.05056024715304375,
        "e7e6": 0.00011947460006922483,
        "c7c6": 6.054769414731709e-07,
        "d7d5": 0.08382900059223175,
        "g8f6": 0.8627043962478638,
        "g7g6": 0.002466981764882803,
        "d7d6": 1.5853756849537604e-05
      },
      "other_mass": 0.00030120075103923227
    },
    "a2a4": {
      "fen_after_white": "rnbqkbnr/pppppppp/8/8/P7/8/1PPPPPPP/RNBQKBNR b KQkq - 0 1",
      "black_reply_probs": {
        "c7c5": 5.280515779304551e-06,
        "e7e5": 0.0038995484355837107,
        "e7e6": 1.4539016319758957e-06,
        "c7c6": 3.838554363255753e-08,
        "d7d5": 0.055196866393089294,
        "g8f6": 0.9407466650009155,
        "g7g6": 5.774188684881665e-05,
        "d7d6": 3.2319555884896545e-06
      },
      "other_mass": 8.917352501924825e-05
    }
  },
  "meta": {
    "elo_self": 2800,
    "elo_oppo": 2800,
    "temperature": 1.0,
    "maia_type": "blitz",
    "white_moves_probed": [
      "e2e4",
      "d2d4",
      "c2c4",
      "g1f3",
      "g2g3",
      "b2b3",
      "f2f4",
      "b2b4",
      "a2a4"
    ],
    "black_replies_probed": [
      "c7c5",
      "e7e5",
      "e7e6",
      "c7c6",
      "d7d5",
      "g8f6",
      "g7g6",
      "d7d6"
    ]
  }
}