{
  "white_first_move_probs": {
    "e2e4": 0.35297510027885437,
    "d2d4": 0.09650962054729462,
    "c2c4": 0.02468857169151306,
    "g1f3": 0.5238759517669678,
    "g2g3": 0.0009734189952723682,
    "b2b3": 4.3872940295841545e-05,
    "f2f4": 0.00020802869403269142,
    "b2b4": 1.3989647413836792e-06,
    "a2a4": 9.062936442205682e-06
  },
  "white_other_mass": 0.0007149731845856877,
  "black_reply_probs_cond_on_white": {
    "e2e4": {
      "fen_after_white": "rnbqkbnr/pppppppp/8/8/4P3/8/PPPP1PPP/RNBQKBNR b KQkq - 0 1",
      "black_reply_probs": {
        "c7c5": 0.4062047302722931,
        "e7e5": 0.4056287109851837,
        "e7e6": 0.007798709906637669,
        "c7c6": 0.0017398070776835084,
        "d7d5": 0.05989788845181465,
        "g8f6": 0.09412895888090134,
        "g7g6": 0.011251882649958134,
        "d7d6": 0.005183836445212364
      },
      "other_mass": 0.00816547533031553
    },
    "d2d4": {
      "fen_after_white": "rnbqkbnr/pppppppp/8/8/3P4/8/PPP1PPPP/RNBQKBNR b KQkq - 0 1",
      "black_reply_probs": {
        "c7c5": 0.0030633569695055485,
        "e7e5": 0.004144954960793257,
        "e7e6": 0.00031712668715044856,
        "c7c6": 2.1658945115632378e-05,
        "d7d5": 0.03437093272805214,
        "g8f6": 0.9441394209861755,
        "g7g6": 0.013525345362722874,
        "d7d6": 7.895458111306652e-05
      },
      "other_mass": 0.0003382487793714972
    },
    "c2c4": {
      "fen_after_white": "rnbqkbnr/pppppppp/8/8/2P5/8/PP1PPPPP/RNBQKBNR b KQkq - 0 1",
      "black_reply_probs": {
        "c7c5": 0.016602324321866035,
        "e7e5": 0.24338005483150482,
        "e7e6": 0.0003053954860661179,
        "c7c6": 5.114648593007587e-05,
        "d7d5": 0.010530178435146809,
        "g8f6": 0.7172710299491882,
        "g7g6": 0.010271581821143627,
        "d7d6": 0.00029108431772328913
      },
      "other_mass": 0.0012972043514309917
    },
    "g1f3": {
      "fen_after_white": "rnbqkbnr/pppppppp/8/8/8/5N2/PPPPPPPP/RNBQKB1R b KQkq - 1 1",
      "black_reply_probs": {
        "c7c5": 0.04561431705951691,
        "e7e5": 0.03363151475787163,
        "e7e6": 0.00014681258471682668,
        "c7c6": 2.3127466192818247e-05,
        "d7d5": 0.06783769279718399,
        "g8f6": 0.8456966280937195,
        "g7g6": 0.005677483510226011,
        "d7d6": 9.65460276347585e-05
      },
      "other_mass": 0.0012758777029375779
    },
    "g2g3": {
      "fen_after_white": "rnbqkbnr/pppppppp/8/8/8/6P1/PPPPPP1P/RNBQKBNR b KQkq - 0 1",
      "black_reply_probs": {
        "c7c5": 0.051269542425870895,
        "e7e5": 0.38689523935317993,
        "e7e6": 0.0005483380518853664,
        "c7c6": 0.0001552128669572994,
        "d7d5": 0.1512305736541748,
        "g8f6": 0.40205883979797363,
        "g7g6": 0.004309049807488918,
        "d7d6": 0.00038279106956906617
      },
      "other_mass": 0.003150412972900085
    },
    "b2b3": {
      "fen_after_white": "rnbqkbnr/pppppppp/8/8/8/1P6/P1PPPPPP/RNBQKBNR b KQkq - 0 1",
      "black_reply_probs": {
        "c7c5": 0.012801848351955414,
        "e7e5": 0.48827242851257324,
        "e7e6": 0.0013663809513673186,
        "c7c6": 7.788437505951151e-05,
        "d7d5": 0.09175329655408859,
        "g8f6": 0.3869469463825226,
        "g7g6": 0.016574833542108536,
        "d7d6": 0.0003150042612105608
      },
      "other_mass": 0.0018913770691142417
    },
    "f2f4": {
      "fen_after_white": "rnbqkbnr/pppppppp/8/8/5P2/8/PPPPP1PP/RNBQKBNR b KQkq - 0 1",
      "black_reply_probs": {
        "c7c5": 0.10994283854961395,
        "e7e5": 0.2340787947177887,
        "e7e6": 0.005151779390871525,
        "c7c6": 0.0003978456952609122,
        "d7d5": 0.21040838956832886,
        "g8f6": 0.4247465133666992,
        "g7g6": 0.01037751417607069,
        "d7d6": 0.001378019223921001
      },
      "other_mass": 0.003518305311445147
    },
    "b2b4": {
      "fen_after_white": "rnbqkbnr/pppppppp/8/8/1P6/8/P1PPPPPP/RNBQKBNR b KQkq - 0 1",
      "black_reply_probs": {
        "c7c5": 0.0020338990725576878,
        "e7e5": 0.6573163270950317,
        "e7e6": 0.0031507264357060194,
        "c7c6": 0.0001877594622783363,
        "d7d5": 0.10760686546564102,
        "g8f6": 0.20024697482585907,
        "g7g6": 0.02166089601814747,
        "d7d6": 0.0008543608710169792
      },
      "other_mass": 0.006942190753761679
    },
    "a2a4": {
      "fen_after_white": "rnbqkbnr/pppppppp/8/8/P7/8/1PPPPPPP/RNBQKBNR b KQkq - 0 1",
      "black_reply_probs": {
        "c7c5": 0.015021338127553463,
        "e7e5": 0.3633885383605957,
        "e7e6": 0.00033139745937660336,
        "c7c6": 7.524839020334184e-05,
        "d7d5": 0.09078242629766464,
        "g8f6": 0.5254237055778503,
        "g7g6": 0.0031459303572773933,
        "d7d6": 0.00029524642741307616
      },
      "other_mass": 0.001536169002065435
    }
  },
  "meta": {
    "elo_self": 2800,
    "elo_oppo": 2800,
    "temperature": 1.0,
    "maia_type": "blitz",
    "white_moves_probed": [
      "e2e4",
      "d2d4",
      "c2c4",
      "g1f3",
      "g2g3",
      "b2b3",
      "f2f4",
      "b2b4",
      "a2a4"
    ],
    "black_replies_probed": [
      "c7c5",
      "e7e5",
      "e7e6",
      "c7c6",
      "d7d5",
      "g8f6",
      "g7g6",
      "d7d6"
    ]
  }
}