{
  "white_first_move_probs": {
    "e2e4": 0.00221801339648664,
    "d2d4": 7.085218385327607e-05,
    "c2c4": 2.7586395390244434e-08,
    "g1f3": 0.9977078437805176,
    "g2g3": 1.0873348887940892e-09,
    "b2b3": 1.2014935351972386e-14,
    "f2f4": 8.245429339304167e-11,
    "b2b4": 1.1856517829166024e-13,
    "a2a4": 2.817483310171815e-16
  },
  "white_other_mass": 3.261882827065854e-06,
  "black_reply_probs_cond_on_white": {
    "e2e4": {
      "fen_after_white": "rnbqkbnr/pppppppp/8/8/4P3/8/PPPP1PPP/RNBQKBNR b KQkq - 0 1",
      "black_reply_probs": {
        "c7c5": 4.913278644380625e-06,
        "e7e5": 0.03794320672750473,
        "e7e6": 3.125900371880874e-10,
        "c7c6": 2.7940760734821227e-14,
        "d7d5": 0.0001668615295784548,
        "g8f6": 0.9618840217590332,
        "g7g6": 6.719873990590486e-09,
        "d7d6": 4.193515673600601e-11
      },
      "other_mass": 9.89630812187059e-07
    },
    "d2d4": {
      "fen_after_white": "rnbqkbnr/pppppppp/8/8/3P4/8/PPP1PPPP/RNBQKBNR b KQkq - 0 1",
      "black_reply_probs": {
        "c7c5": 6.088473281096185e-09,
        "e7e5": 0.00032094240305013955,
        "e7e6": 4.809211189005236e-12,
        "c7c6": 2.9895659943404067e-16,
        "d7d5": 5.858579243067652e-05,
        "g8f6": 0.9996201992034912,
        "g7g6": 7.859407347154956e-09,
        "d7d6": 1.3767271827766492e-12
      },
      "other_mass": 2.586469611820519e-07
    },
    "c2c4": {
      "fen_after_white": "rnbqkbnr/pppppppp/8/8/2P5/8/PP1PPPPP/RNBQKBNR b KQkq - 0 1",
      "black_reply_probs": {
        "c7c5": 1.0776813041957212e-07,
        "e7e5": 0.0017024626722559333,
        "e7e6": 9.492706100344694e-12,
        "c7c6": 5.387870698366198e-15,
        "d7d5": 2.0150122509221546e-05,
        "g8f6": 0.9982768297195435,
        "g7g6": 4.40936664958258e-09,
        "d7d6": 7.531208295885605e-12
      },
      "other_mass": 4.452911650520974e-07
    },
    "g1f3": {
      "fen_after_white": "rnbqkbnr/pppppppp/8/8/8/5N2/PPPPPPPP/RNBQKB1R b KQkq - 1 1",
      "black_reply_probs": {
        "c7c5": 3.926799507780743e-08,
        "e7e5": 0.0005961025017313659,
        "e7e6": 1.856757586224389e-12,
        "c7c6": 2.9240437607055503e-16,
        "d7d5": 2.8069878680980764e-05,
        "g8f6": 0.99937504529953,
        "g7g6": 5.757411436491111e-09,
        "d7d6": 6.967330900588264e-13
      },
      "other_mass": 7.372920972636976e-07
    },
    "g2g3": {
      "fen_after_white": "rnbqkbnr/pppppppp/8/8/8/6P1/PPPPPP1P/RNBQKBNR b KQkq - 0 1",
      "black_reply_probs": {
        "c7c5": 9.68819264812737e-08,
        "e7e5": 0.003884531557559967,
        "e7e6": 3.632052991697776e-12,
        "c7c6": 2.61925626587195e-15,
        "d7d5": 0.00012286254786886275,
        "g8f6": 0.9959909319877625,
        "g7g6": 2.92026203219109e-09,
        "d7d6": 2.3102108333977744e-12
      },
      "other_mass": 1.5740986752943442e-06
    },
    "b2b3": {
      "fen_after_white": "rnbqkbnr/pppppppp/8/8/8/1P6/P1PPPPPP/RNBQKBNR b KQkq - 0 1",
      "black_reply_probs": {
        "c7c5": 4.635357653270944e-10,
        "e7e5": 0.0012549925595521927,
        "e7e6": 8.310967474119135e-13,
        "c7c6": 7.738856138404199e-18,
        "d7d5": 1.1165913747390732e-05,
        "g8f6": 0.9987327456474304,
        "g7g6": 1.507802993572227e-09,
        "d7d6": 3.458747570577077e-14
      },
      "other_mass": 1.093907065485844e-06
    },
    "f2f4": {
      "fen_after_white": "rnbqkbnr/pppppppp/8/8/5P2/8/PPPPP1PP/RNBQKBNR b KQkq - 0 1",
      "black_reply_probs": {
        "c7c5": 2.5067530273759075e-08,
        "e7e5": 0.0018010006751865149,
        "e7e6": 9.767787273462503e-12,
        "c7c6": 4.637947960932235e-16,
        "d7d5": 7.468806143151596e-05,
        "g8f6": 0.9981223940849304,
        "g7g6": 2.0705026582135133e-09,
        "d7d6": 3.0957630122591118e-12
      },
      "other_mass": 1.8900275545741252e-06
    },
    "b2b4": {
      "fen_after_white": "rnbqkbnr/pppppppp/8/8/1P6/8/P1PPPPPP/RNBQKBNR b KQkq - 0 1",
      "black_reply_probs": {
        "c7c5": 3.5665689845920667e-10,
        "e7e5": 0.0020207322668284178,
        "e7e6": 4.339472791520249e-12,
        "c7c6": 5.30624286115824e-17,
        "d7d5": 3.575357550289482e-05,
        "g8f6": 0.9979429841041565,
        "g7g6": 1.8791137534890368e-09,
        "d7d6": 1.389194071192354e-13
      },
      "other_mass": 5.27813263095922e-07
    },
    "a2a4": {
      "fen_after_white": "rnbqkbnr/pppppppp/8/8/P7/8/1PPPPPPP/RNBQKBNR b KQkq - 0 1",
      "black_reply_probs": {
        "c7c5": 2.8314341982138558e-09,
        "e7e5": 0.0009474364342167974,
        "e7e6": 1.2881156644800607e-12,
        "c7c6": 2.480886181218349e-16,
        "d7d5": 5.327513281372376e-05,
        "g8f6": 0.9989984631538391,
        "g7g6": 3.7429129240429404e-10,
        "d7d6": 7.219749971476563e-13
      },
      "other_mass": 8.220713945128466e-07
    }
  },
  "meta": {
    "elo_self": 2800,
    "elo_oppo": 2800,
    "temperature": 1.0,
    "maia_type": "blitz",
    "white_moves_probed": [
      "e2e4",
      "d2d4",
      "c2c4",
      "g1f3",
      "g2g3",
      "b2b3",
      "f2f4",
      "b2b4",
      "a2a4"
    ],
    "black_replies_probed": [
      "c7c5",
      "e7e5",
      "e7e6",
      "c7c6",
      "d7d5",
      "g8f6",
      "g7g6",
      "d7d6"
    ]
  }
}