{
  "white_first_move_probs": {
    "e2e4": 0.6660219430923462,
    "d2d4": 0.10926228016614914,
    "c2c4": 0.03302609547972679,
    "g1f3": 0.19025808572769165,
    "g2g3": 0.0005295195733197033,
    "b2b3": 6.737146031809971e-05,
    "f2f4": 0.0001632914354559034,
    "b2b4": 1.5407235878228676e-06,
    "a2a4": 7.73410101828631e-06
  },
  "white_other_mass": 0.0006621382403864118,
  "black_reply_probs_cond_on_white": {
    "e2e4": {
      "fen_after_white": "rnbqkbnr/pppppppp/8/8/4P3/8/PPPP1PPP/RNBQKBNR b KQkq - 0 1",
      "black_reply_probs": {
        "c7c5": 0.37998735904693604,
        "e7e5": 0.5070672035217285,
        "e7e6": 0.006079208571463823,
        "c7c6": 0.0013668315950781107,
        "d7d5": 0.04622655361890793,
        "g8f6": 0.039412643760442734,
        "g7g6": 0.007953828200697899,
        "d7d6": 0.00475533539429307
      },
      "other_mass": 0.007151036290451884
    },
    "d2d4": {
      "fen_after_white": "rnbqkbnr/pppppppp/8/8/3P4/8/PPP1PPPP/RNBQKBNR b KQkq - 0 1",
      "black_reply_probs": {
        "c7c5": 0.006984666921198368,
        "e7e5": 0.026086444035172462,
        "e7e6": 0.0006396028911694884,
        "c7c6": 3.9476050005760044e-05,
        "d7d5": 0.09089360386133194,
        "g8f6": 0.8645715117454529,
        "g7g6": 0.009916246868669987,
        "d7d6": 0.0001711157674435526
      },
      "other_mass": 0.0006973318595555611
    },
    "c2c4": {
      "fen_after_white": "rnbqkbnr/pppppppp/8/8/2P5/8/PP1PPPPP/RNBQKBNR b KQkq - 0 1",
      "black_reply_probs": {
        "c7c5": 0.030922049656510353,
        "e7e5": 0.5047014951705933,
        "e7e6": 0.0006788258906453848,
        "c7c6": 8.443232218269259e-05,
        "d7d5": 0.017744747921824455,
        "g8f6": 0.43644464015960693,
        "g7g6": 0.006944498047232628,
        "d7d6": 0.0004925135872326791
      },
      "other_mass": 0.001986797244171612
    },
    "g1f3": {
      "fen_after_white": "rnbqkbnr/pppppppp/8/8/8/5N2/PPPPPPPP/RNBQKB1R b KQkq - 1 1",
      "black_reply_probs": {
        "c7c5": 0.06175116449594498,
        "e7e5": 0.1192084327340126,
        "e7e6": 0.00026453836471773684,
        "c7c6": 3.312071203254163e-05,
        "d7d5": 0.11372040957212448,
        "g8f6": 0.69915771484375,
        "g7g6": 0.003994632977992296,
        "d7d6": 0.0001363257470075041
      },
      "other_mass": 0.0017336605524178594
    },
    "g2g3": {
      "fen_after_white": "rnbqkbnr/pppppppp/8/8/8/6P1/PPPPPP1P/RNBQKBNR b KQkq - 0 1",
      "black_reply_probs": {
        "c7c5": 0.06327098608016968,
        "e7e5": 0.5336049199104309,
        "e7e6": 0.0008263904601335526,
        "c7c6": 0.0001658023684285581,
        "d7d5": 0.20731793344020844,
        "g8f6": 0.1879022866487503,
        "g7g6": 0.0033811316825449467,
        "d7d6": 0.0005197698483243585
      },
      "other_mass": 0.003010779561009258
    },
    "b2b3": {
      "fen_after_white": "rnbqkbnr/pppppppp/8/8/8/1P6/P1PPPPPP/RNBQKBNR b KQkq - 0 1",
      "black_reply_probs": {
        "c7c5": 0.015761395916342735,
        "e7e5": 0.7439939975738525,
        "e7e6": 0.0017939935205504298,
        "c7c6": 7.566245039924979e-05,
        "d7d5": 0.09731456637382507,
        "g8f6": 0.13371989130973816,
        "g7g6": 0.005542508792132139,
        "d7d6": 0.0004101918311789632
      },
      "other_mass": 0.0013877922319807112
    },
    "f2f4": {
      "fen_after_white": "rnbqkbnr/pppppppp/8/8/5P2/8/PPPPP1PP/RNBQKBNR b KQkq - 0 1",
      "black_reply_probs": {
        "c7c5": 0.10616494715213776,
        "e7e5": 0.5412045121192932,
        "e7e6": 0.004892719443887472,
        "c7c6": 0.00028156486223451793,
        "d7d5": 0.17471952736377716,
        "g8f6": 0.16289782524108887,
        "g7g6": 0.005783960223197937,
        "d7d6": 0.0013030297122895718
      },
      "other_mass": 0.002751913882093504
    },
    "b2b4": {
      "fen_after_white": "rnbqkbnr/pppppppp/8/8/1P6/8/P1PPPPPP/RNBQKBNR b KQkq - 0 1",
      "black_reply_probs": {
        "c7c5": 0.0032086612191051245,
        "e7e5": 0.8365038633346558,
        "e7e6": 0.0032998262904584408,
        "c7c6": 0.00013750560174230486,
        "d7d5": 0.07716143876314163,
        "g8f6": 0.06483691930770874,
        "g7g6": 0.010136737488210201,
        "d7d6": 0.0008594306418672204
      },
      "other_mass": 0.003855617353110574
    },
    "a2a4": {
      "fen_after_white": "rnbqkbnr/pppppppp/8/8/P7/8/1PPPPPPP/RNBQKBNR b KQkq - 0 1",
      "black_reply_probs": {
        "c7c5": 0.022838838398456573,
        "e7e5": 0.6385345458984375,
        "e7e6": 0.0004917692276649177,
        "c7c6": 8.734059520065784e-05,
        "d7d5": 0.11857930570840836,
        "g8f6": 0.2154422104358673,
        "g7g6": 0.001802203245460987,
        "d7d6": 0.00045718313776887953
      },
      "other_mass": 0.001766603352734819
    }
  },
  "meta": {
    "elo_self": 2800,
    "elo_oppo": 2800,
    "temperature": 1.0,
    "maia_type": "blitz",
    "white_moves_probed": [
      "e2e4",
      "d2d4",
      "c2c4",
      "g1f3",
      "g2g3",
      "b2b3",
      "f2f4",
      "b2b4",
      "a2a4"
    ],
    "black_replies_probed": [
      "c7c5",
      "e7e5",
      "e7e6",
      "c7c6",
      "d7d5",
      "g8f6",
      "g7g6",
      "d7d6"
    ]
  }
}