{
  "white_first_move_probs": {
    "e2e4": 0.016900749877095222,
    "d2d4": 0.004837253596633673,
    "c2c4": 1.0633648344082758e-05,
    "g1f3": 0.9773935079574585,
    "g2g3": 3.1515278351434972e-06,
    "b2b3": 3.5725569169642313e-09,
    "f2f4": 4.1777028059186705e-07,
    "b2b4": 1.6477380571089384e-09,
    "a2a4": 7.217582781438026e-11
  },
  "white_other_mass": 0.0008542803298819956,
  "black_reply_probs_cond_on_white": {
    "e2e4": {
      "fen_after_white": "rnbqkbnr/pppppppp/8/8/4P3/8/PPPP1PPP/RNBQKBNR b KQkq - 0 1",
      "black_reply_probs": {
        "c7c5": 0.0007035378366708755,
        "e7e5": 0.15654867887496948,
        "e7e6": 7.497999945371703e-07,
        "c7c6": 3.6700364969277643e-09,
        "d7d5": 0.00795596931129694,
        "g8f6": 0.8347451686859131,
        "g7g6": 5.989091278024716e-06,
        "d7d6": 1.3102676632570365e-07
      },
      "other_mass": 3.9771703074231723e-05
    },
    "d2d4": {
      "fen_after_white": "rnbqkbnr/pppppppp/8/8/3P4/8/PPP1PPPP/RNBQKBNR b KQkq - 0 1",
      "black_reply_probs": {
        "c7c5": 4.238641849951819e-06,
        "e7e5": 0.004721451550722122,
        "e7e6": 9.329988159834102e-08,
        "c7c6": 3.604561371606252e-10,
        "d7d5": 0.004275119863450527,
        "g8f6": 0.9907708168029785,
        "g7g6": 2.4802573534543626e-05,
        "d7d6": 5.047369455724038e-08
      },
      "other_mass": 0.00020342643343207456
    },
    "c2c4": {
      "fen_after_white": "rnbqkbnr/pppppppp/8/8/2P5/8/PP1PPPPP/RNBQKBNR b KQkq - 0 1",
      "black_reply_probs": {
        "c7c5": 1.5354255083366297e-05,
        "e7e5": 0.016562966629862785,
        "e7e6": 6.84263952166475e-08,
        "c7c6": 5.716568329816596e-10,
        "d7d5": 0.0015784030547365546,
        "g8f6": 0.981768012046814,
        "g7g6": 3.895250756613677e-06,
        "d7d6": 7.591105344317839e-08
      },
      "other_mass": 7.122385364122241e-05
    },
    "g1f3": {
      "fen_after_white": "rnbqkbnr/pppppppp/8/8/8/5N2/PPPPPPPP/RNBQKB1R b KQkq - 1 1",
      "black_reply_probs": {
        "c7c5": 1.171588974102633e-05,
        "e7e5": 0.006845308933407068,
        "e7e6": 6.331270441251036e-08,
        "c7c6": 5.493882015983331e-10,
        "d7d5": 0.003413297701627016,
        "g8f6": 0.9890475869178772,
        "g7g6": 2.7361538741388358e-05,
        "d7d6": 4.5851169971911077e-08
      },
      "other_mass": 0.0006546193053437177
    },
    "g2g3": {
      "fen_after_white": "rnbqkbnr/pppppppp/8/8/8/6P1/PPPPPP1P/RNBQKBNR b KQkq - 0 1",
      "black_reply_probs": {
        "c7c5": 2.7891765057574958e-05,
        "e7e5": 0.037247058004140854,
        "e7e6": 6.808243568912076e-08,
        "c7c6": 1.2643945890289388e-09,
        "d7d5": 0.00950267817825079,
        "g8f6": 0.9529496431350708,
        "g7g6": 7.443129561579553e-06,
        "d7d6": 7.545344260506681e-08
      },
      "other_mass": 0.00026514098764551797
    },
    "b2b3": {
      "fen_after_white": "rnbqkbnr/pppppppp/8/8/8/1P6/P1PPPPPP/RNBQKBNR b KQkq - 0 1",
      "black_reply_probs": {
        "c7c5": 1.3045348623563768e-06,
        "e7e5": 0.019261838868260384,
        "e7e6": 4.777267292865872e-08,
        "c7c6": 6.482695630305457e-11,
        "d7d5": 0.0029585110023617744,
        "g8f6": 0.9768568873405457,
        "g7g6": 1.0442864549986552e-05,
        "d7d6": 1.0145194018207349e-08
      },
      "other_mass": 0.0009109574067259762
    },
    "f2f4": {
      "fen_after_white": "rnbqkbnr/pppppppp/8/8/5P2/8/PPPPP1PP/RNBQKBNR b KQkq - 0 1",
      "black_reply_probs": {
        "c7c5": 1.3053428119746968e-05,
        "e7e5": 0.04269062355160713,
        "e7e6": 1.7981993494231574e-07,
        "c7c6": 3.994921615735336e-10,
        "d7d5": 0.006643223110586405,
        "g8f6": 0.9504469037055969,
        "g7g6": 2.288424866492278e-06,
        "d7d6": 5.925937074380272e-08
      },
      "other_mass": 0.00020366830042539696
    },
    "b2b4": {
      "fen_after_white": "rnbqkbnr/pppppppp/8/8/1P6/8/P1PPPPPP/RNBQKBNR b KQkq - 0 1",
      "black_reply_probs": {
        "c7c5": 1.024037601382588e-06,
        "e7e5": 0.03831174224615097,
        "e7e6": 1.4051737196041358e-07,
        "c7c6": 1.856826359336594e-10,
        "d7d5": 0.007702189031988382,
        "g8f6": 0.9538957476615906,
        "g7g6": 7.343533980019856e-06,
        "d7d6": 1.5148545529086732e-08
      },
      "other_mass": 8.179763708859866e-05
    },
    "a2a4": {
      "fen_after_white": "rnbqkbnr/pppppppp/8/8/P7/8/1PPPPPPP/RNBQKBNR b KQkq - 0 1",
      "black_reply_probs": {
        "c7c5": 8.621608685643878e-06,
        "e7e5": 0.016961533576250076,
        "e7e6": 1.101561153404873e-07,
        "c7c6": 2.1449859666233806e-09,
        "d7d5": 0.008357693441212177,
        "g8f6": 0.9741091132164001,
        "g7g6": 4.3001759877370205e-06,
        "d7d6": 1.572795014226358e-07
      },
      "other_mass": 0.0005584684008614893
    }
  },
  "meta": {
    "elo_self": 2800,
    "elo_oppo": 2800,
    "temperature": 1.0,
    "maia_type": "blitz",
    "white_moves_probed": [
      "e2e4",
      "d2d4",
      "c2c4",
      "g1f3",
      "g2g3",
      "b2b3",
      "f2f4",
      "b2b4",
      "a2a4"
    ],
    "black_replies_probed": [
      "c7c5",
      "e7e5",
      "e7e6",
      "c7c6",
      "d7d5",
      "g8f6",
      "g7g6",
      "d7d6"
    ]
  }
}