{
  "white_first_move_probs": {
    "e2e4": 0.00014187909255269915,
    "d2d4": 4.724573088310535e-08,
    "c2c4": 1.5857961103114826e-13,
    "g1f3": 0.9998581409454346,
    "g2g3": 6.242766758348978e-16,
    "b2b3": 3.614360612597112e-23,
    "f2f4": 9.055317557440915e-17,
    "b2b4": 7.703036251662675e-21,
    "a2a4": 2.104057695014535e-25
  },
  "white_other_mass": 0.0,
  "black_reply_probs_cond_on_white": {
    "e2e4": {
      "fen_after_white": "rnbqkbnr/pppppppp/8/8/4P3/8/PPPP1PPP/RNBQKBNR b KQkq - 0 1",
      "black_reply_probs": {
        "c7c5": 1.0120083243636557e-10,
        "e7e5": 0.006494073662906885,
        "e7e6": 2.9249097989545586e-14,
        "c7c6": 2.656762359749326e-22,
        "d7d5": 3.4124499848076084e-07,
        "g8f6": 0.993505597114563,
        "g7g6": 3.15411759210793e-14,
        "d7d6": 4.264186533499047e-17
      },
      "other_mass": 0.0
    },
    "d2d4": {
      "fen_after_white": "rnbqkbnr/pppppppp/8/8/3P4/8/PPP1PPPP/RNBQKBNR b KQkq - 0 1",
      "black_reply_probs": {
        "c7c5": 2.898162531359341e-14,
        "e7e5": 2.1809502868563868e-05,
        "e7e6": 1.506381392847177e-16,
        "c7c6": 3.351817970768141e-25,
        "d7d5": 7.841916271900118e-08,
        "g8f6": 0.9999780654907227,
        "g7g6": 7.360452037360327e-15,
        "d7d6": 3.350409251157486e-19
      },
      "other_mass": 4.658720964556551e-08
    },
    "c2c4": {
      "fen_after_white": "rnbqkbnr/pppppppp/8/8/2P5/8/PP1PPPPP/RNBQKBNR b KQkq - 0 1",
      "black_reply_probs": {
        "c7c5": 4.88019672416351e-13,
        "e7e5": 0.0001159330495283939,
        "e7e6": 8.207047147990235e-17,
        "c7c6": 3.102544975162642e-24,
        "d7d5": 1.0877820422194873e-08,
        "g8f6": 0.9998840093612671,
        "g7g6": 2.155886892076485e-15,
        "d7d6": 9.031049360398559e-19
      },
      "other_mass": 4.671089393060157e-08
    },
    "g1f3": {
      "fen_after_white": "rnbqkbnr/pppppppp/8/8/8/5N2/PPPPPPPP/RNBQKB1R b KQkq - 1 1",
      "black_reply_probs": {
        "c7c5": 2.4214519820688063e-13,
        "e7e5": 3.3004285796778277e-05,
        "e7e6": 2.0360084631037314e-17,
        "c7c6": 1.0635001176643454e-25,
        "d7d5": 2.404411425516173e-08,
        "g8f6": 0.9999669790267944,
        "g7g6": 2.984416404598015e-15,
        "d7d6": 9.255857663844865e-20
      },
      "other_mass": 0.0
    },
    "g2g3": {
      "fen_after_white": "rnbqkbnr/pppppppp/8/8/8/6P1/PPPPPP1P/RNBQKBNR b KQkq - 0 1",
      "black_reply_probs": {
        "c7c5": 6.538295837903163e-13,
        "e7e5": 0.00025013042613863945,
        "e7e6": 2.561414893915571e-17,
        "c7c6": 1.361816595747435e-24,
        "d7d5": 6.62474093360288e-08,
        "g8f6": 0.9997497200965881,
        "g7g6": 1.8116531258288108e-15,
        "d7d6": 2.8613123476034835e-19
      },
      "other_mass": 8.322920830305947e-08
    },
    "b2b3": {
      "fen_after_white": "rnbqkbnr/pppppppp/8/8/8/1P6/P1PPPPPP/RNBQKBNR b KQkq - 0 1",
      "black_reply_probs": {
        "c7c5": 3.967656908452017e-15,
        "e7e5": 0.00016973883612081409,
        "e7e6": 2.783192438616756e-17,
        "c7c6": 1.1355718212274574e-26,
        "d7d5": 9.411381007851105e-09,
        "g8f6": 0.9998302459716797,
        "g7g6": 1.9489961300943066e-15,
        "d7d6": 1.218949910426264e-20
      },
      "other_mass": 5.780812495359555e-09
    },
    "f2f4": {
      "fen_after_white": "rnbqkbnr/pppppppp/8/8/5P2/8/PPPPP1PP/RNBQKBNR b KQkq - 0 1",
      "black_reply_probs": {
        "c7c5": 3.335382371769807e-13,
        "e7e5": 0.000178898437297903,
        "e7e6": 3.5886718685377813e-16,
        "c7c6": 9.894809538008118e-25,
        "d7d5": 8.781167792903943e-08,
        "g8f6": 0.9998210072517395,
        "g7g6": 5.876930157935412e-15,
        "d7d6": 9.7071206186504e-19
      },
      "other_mass": 6.498944937760598e-09
    },
    "b2b4": {
      "fen_after_white": "rnbqkbnr/pppppppp/8/8/1P6/8/P1PPPPPP/RNBQKBNR b KQkq - 0 1",
      "black_reply_probs": {
        "c7c5": 2.3859183824194137e-15,
        "e7e5": 0.00036510551581159234,
        "e7e6": 3.6415883990329216e-16,
        "c7c6": 2.1069126319343363e-25,
        "d7d5": 2.9188026218207597e-08,
        "g8f6": 0.999634861946106,
        "g7g6": 1.5043379258619259e-15,
        "d7d6": 1.303175233698132e-19
      },
      "other_mass": 3.350051902550888e-09
    },
    "a2a4": {
      "fen_after_white": "rnbqkbnr/pppppppp/8/8/P7/8/1PPPPPPP/RNBQKBNR b KQkq - 0 1",
      "black_reply_probs": {
        "c7c5": 1.501489735225136e-14,
        "e7e5": 0.00012838187103625387,
        "e7e6": 2.0565377624183175e-17,
        "c7c6": 2.0584758327966675e-25,
        "d7d5": 5.1989747618108595e-08,
        "g8f6": 0.9998716115951538,
        "g7g6": 1.648552829019157e-16,
        "d7d6": 2.440408472242294e-19
      },
      "other_mass": 0.0
    }
  },
  "meta": {
    "elo_self": 2800,
    "elo_oppo": 2800,
    "temperature": 1.0,
    "maia_type": "blitz",
    "white_moves_probed": [
      "e2e4",
      "d2d4",
      "c2c4",
      "g1f3",
      "g2g3",
      "b2b3",
      "f2f4",
      "b2b4",
      "a2a4"
    ],
    "black_replies_probed": [
      "c7c5",
      "e7e5",
      "e7e6",
      "c7c6",
      "d7d5",
      "g8f6",
      "g7g6",
      "d7d6"
    ]
  }
}