{
  "white_first_move_probs": {
    "e2e4": 0.7332154512405396,
    "d2d4": 0.14026154577732086,
    "c2c4": 0.029214942827820778,
    "g1f3": 0.09590838849544525,
    "g2g3": 0.0006922114407643676,
    "b2b3": 2.0625822799047455e-05,
    "f2f4": 0.0003023600729648024,
    "b2b4": 8.651087455291417e-07,
    "a2a4": 3.02243006444769e-06
  },
  "white_other_mass": 0.0003805867835353638,
  "black_reply_probs_cond_on_white": {
    "e2e4": {
      "fen_after_white": "rnbqkbnr/pppppppp/8/8/4P3/8/PPPP1PPP/RNBQKBNR b KQkq - 0 1",
      "black_reply_probs": {
        "c7c5": 0.3654995560646057,
        "e7e5": 0.5477679967880249,
        "e7e6": 0.002644309774041176,
        "c7c6": 0.0006429736968129873,
        "d7d5": 0.05030320584774017,
        "g8f6": 0.026065867394208908,
        "g7g6": 0.0027715247124433517,
        "d7d6": 0.001763111911714077
      },
      "other_mass": 0.0025414538104087114
    },
    "d2d4": {
      "fen_after_white": "rnbqkbnr/pppppppp/8/8/3P4/8/PPP1PPPP/RNBQKBNR b KQkq - 0 1",
      "black_reply_probs": {
        "c7c5": 0.014686592854559422,
        "e7e5": 0.015967419371008873,
        "e7e6": 0.0006406311294995248,
        "c7c6": 6.305050919763744e-05,
        "d7d5": 0.1812724769115448,
        "g8f6": 0.7620452642440796,
        "g7g6": 0.02415323257446289,
        "d7d6": 0.00021968626242596656
      },
      "other_mass": 0.0009516461432212964
    },
    "c2c4": {
      "fen_after_white": "rnbqkbnr/pppppppp/8/8/2P5/8/PP1PPPPP/RNBQKBNR b KQkq - 0 1",
      "black_reply_probs": {
        "c7c5": 0.02998308278620243,
        "e7e5": 0.594566822052002,
        "e7e6": 0.0004167091683484614,
        "c7c6": 5.956484528724104e-05,
        "d7d5": 0.021371982991695404,
        "g8f6": 0.33961695432662964,
        "g7g6": 0.01073425728827715,
        "d7d6": 0.00048467068700119853
      },
      "other_mass": 0.0027659558545565233
    },
    "g1f3": {
      "fen_after_white": "rnbqkbnr/pppppppp/8/8/8/5N2/PPPPPPPP/RNBQKB1R b KQkq - 1 1",
      "black_reply_probs": {
        "c7c5": 0.11716938018798828,
        "e7e5": 0.12037357687950134,
        "e7e6": 0.00023408500419463962,
        "c7c6": 2.8915246730321087e-05,
        "d7d5": 0.2025212198495865,
        "g8f6": 0.5462568998336792,
        "g7g6": 0.011403834447264671,
        "d7d6": 0.00016652561316732317
      },
      "other_mass": 0.0018455629378877347
    },
    "g2g3": {
      "fen_after_white": "rnbqkbnr/pppppppp/8/8/8/6P1/PPPPPP1P/RNBQKBNR b KQkq - 0 1",
      "black_reply_probs": {
        "c7c5": 0.05378657206892967,
        "e7e5": 0.6174855828285217,
        "e7e6": 0.00027601930196397007,
        "c7c6": 5.723866343032569e-05,
        "d7d5": 0.18785250186920166,
        "g8f6": 0.136942058801651,
        "g7g6": 0.0019456096924841404,
        "d7d6": 0.00023695257550571114
      },
      "other_mass": 0.0014174641983117908
    },
    "b2b3": {
      "fen_after_white": "rnbqkbnr/pppppppp/8/8/8/1P6/P1PPPPPP/RNBQKBNR b KQkq - 0 1",
      "black_reply_probs": {
        "c7c5": 0.015727370977401733,
        "e7e5": 0.7307618260383606,
        "e7e6": 0.0009207521216012537,
        "c7c6": 6.25580214546062e-05,
        "d7d5": 0.12351284921169281,
        "g8f6": 0.11825963109731674,
        "g7g6": 0.008813501335680485,
        "d7d6": 0.00021782959811389446
      },
      "other_mass": 0.0017236815983778797
    },
    "f2f4": {
      "fen_after_white": "rnbqkbnr/pppppppp/8/8/5P2/8/PPPPP1PP/RNBQKBNR b KQkq - 0 1",
      "black_reply_probs": {
        "c7c5": 0.14817246794700623,
        "e7e5": 0.3694107234477997,
        "e7e6": 0.0033070461358875036,
        "c7c6": 0.00031142003717832267,
        "d7d5": 0.24614444375038147,
        "g8f6": 0.22170932590961456,
        "g7g6": 0.007170459255576134,
        "d7d6": 0.001068591489456594
      },
      "other_mass": 0.002705522027099505
    },
    "b2b4": {
      "fen_after_white": "rnbqkbnr/pppppppp/8/8/1P6/8/P1PPPPPP/RNBQKBNR b KQkq - 0 1",
      "black_reply_probs": {
        "c7c5": 0.0029177034739404917,
        "e7e5": 0.7798907160758972,
        "e7e6": 0.002951539121568203,
        "c7c6": 0.0002049248869298026,
        "d7d5": 0.10719555616378784,
        "g8f6": 0.08935349434614182,
        "g7g6": 0.012747869826853275,
        "d7d6": 0.0008067019516602159
      },
      "other_mass": 0.003931494153221138
    },
    "a2a4": {
      "fen_after_white": "rnbqkbnr/pppppppp/8/8/P7/8/1PPPPPPP/RNBQKBNR b KQkq - 0 1",
      "black_reply_probs": {
        "c7c5": 0.018267137929797173,
        "e7e5": 0.6172769665718079,
        "e7e6": 0.00022854248527437449,
        "c7c6": 5.411509482655674e-05,
        "d7d5": 0.17673714458942413,
        "g8f6": 0.18410524725914001,
        "g7g6": 0.0017663686303421855,
        "d7d6": 0.0002946003805845976
      },
      "other_mass": 0.0012698770588031039
    }
  },
  "meta": {
    "elo_self": 2800,
    "elo_oppo": 2800,
    "temperature": 1.0,
    "maia_type": "blitz",
    "white_moves_probed": [
      "e2e4",
      "d2d4",
      "c2c4",
      "g1f3",
      "g2g3",
      "b2b3",
      "f2f4",
      "b2b4",
      "a2a4"
    ],
    "black_replies_probed": [
      "c7c5",
      "e7e5",
      "e7e6",
      "c7c6",
      "d7d5",
      "g8f6",
      "g7g6",
      "d7d6"
    ]
  }
}