{
  "white_first_move_probs": {
    "e2e4": 0.5084070563316345,
    "d2d4": 0.13926859200000763,
    "c2c4": 0.02267702855169773,
    "g1f3": 0.3283862769603729,
    "g2g3": 0.00036362861283123493,
    "b2b3": 2.9903783797635697e-05,
    "f2f4": 0.00021679674682673067,
    "b2b4": 1.4640270364907337e-06,
    "a2a4": 3.4847505503421417e-06
  },
  "white_other_mass": 0.0006457682352447591,
  "black_reply_probs_cond_on_white": {
    "e2e4": {
      "fen_after_white": "rnbqkbnr/pppppppp/8/8/4P3/8/PPPP1PPP/RNBQKBNR b KQkq - 0 1",
      "black_reply_probs": {
        "c7c5": 0.22883352637290955,
        "e7e5": 0.5776271820068359,
        "e7e6": 0.002444786950945854,
        "c7c6": 0.00040179939242079854,
        "d7d5": 0.11291322857141495,
        "g8f6": 0.07111968845129013,
        "g7g6": 0.0014404051471501589,
        "d7d6": 0.00166413898114115
      },
      "other_mass": 0.003555244125891477
    },
    "d2d4": {
      "fen_after_white": "rnbqkbnr/pppppppp/8/8/3P4/8/PPP1PPPP/RNBQKBNR b KQkq - 0 1",
      "black_reply_probs": {
        "c7c5": 0.007720157969743013,
        "e7e5": 0.018362032249569893,
        "e7e6": 0.000420077471062541,
        "c7c6": 3.247195127187297e-05,
        "d7d5": 0.12801961600780487,
        "g8f6": 0.8385285139083862,
        "g7g6": 0.006262339651584625,
        "d7d6": 0.00014432703028433025
      },
      "other_mass": 0.0005104637602926232
    },
    "c2c4": {
      "fen_after_white": "rnbqkbnr/pppppppp/8/8/2P5/8/PP1PPPPP/RNBQKBNR b KQkq - 0 1",
      "black_reply_probs": {
        "c7c5": 0.031110316514968872,
        "e7e5": 0.4202401041984558,
        "e7e6": 0.0002961811260320246,
        "c7c6": 5.5952201364561915e-05,
        "d7d5": 0.027368122711777687,
        "g8f6": 0.5144158005714417,
        "g7g6": 0.0036510603968054056,
        "d7d6": 0.0004710526845883578
      },
      "other_mass": 0.00239140959456563
    },
    "g1f3": {
      "fen_after_white": "rnbqkbnr/pppppppp/8/8/8/5N2/PPPPPPPP/RNBQKB1R b KQkq - 1 1",
      "black_reply_probs": {
        "c7c5": 0.03161587193608284,
        "e7e5": 0.10209875553846359,
        "e7e6": 0.0001080143338185735,
        "c7c6": 8.778491974226199e-06,
        "d7d5": 0.12001205235719681,
        "g8f6": 0.7430332899093628,
        "g7g6": 0.0018719879444688559,
        "d7d6": 0.00010519499483052641
      },
      "other_mass": 0.0011460544938017847
    },
    "g2g3": {
      "fen_after_white": "rnbqkbnr/pppppppp/8/8/8/6P1/PPPPPP1P/RNBQKBNR b KQkq - 0 1",
      "black_reply_probs": {
        "c7c5": 0.036971960216760635,
        "e7e5": 0.5341235399246216,
        "e7e6": 0.00022992934100329876,
        "c7c6": 6.147014210000634e-05,
        "d7d5": 0.17458397150039673,
        "g8f6": 0.2512221336364746,
        "g7g6": 0.0009132583509199321,
        "d7d6": 0.00022438810265157372
      },
      "other_mass": 0.0016693487850716338
    },
    "b2b3": {
      "fen_after_white": "rnbqkbnr/pppppppp/8/8/8/1P6/P1PPPPPP/RNBQKBNR b KQkq - 0 1",
      "black_reply_probs": {
        "c7c5": 0.012522353790700436,
        "e7e5": 0.6635082960128784,
        "e7e6": 0.0005337769980542362,
        "c7c6": 4.2002629925264046e-05,
        "d7d5": 0.11018490046262741,
        "g8f6": 0.20850078761577606,
        "g7g6": 0.0029459684155881405,
        "d7d6": 0.00016646014410071075
      },
      "other_mass": 0.001595453930349322
    },
    "f2f4": {
      "fen_after_white": "rnbqkbnr/pppppppp/8/8/5P2/8/PPPPP1PP/RNBQKBNR b KQkq - 0 1",
      "black_reply_probs": {
        "c7c5": 0.08807183802127838,
        "e7e5": 0.4585338830947876,
        "e7e6": 0.0026076140347868204,
        "c7c6": 0.00026265610358677804,
        "d7d5": 0.1740029901266098,
        "g8f6": 0.2717822194099426,
        "g7g6": 0.00205960008315742,
        "d7d6": 0.000711025029886514
      },
      "other_mass": 0.0019681740959640592
    },
    "b2b4": {
      "fen_after_white": "rnbqkbnr/pppppppp/8/8/1P6/8/P1PPPPPP/RNBQKBNR b KQkq - 0 1",
      "black_reply_probs": {
        "c7c5": 0.00282541336491704,
        "e7e5": 0.7375625967979431,
        "e7e6": 0.0019704352598637342,
        "c7c6": 0.00016140632214955986,
        "d7d5": 0.11489710956811905,
        "g8f6": 0.13050700724124908,
        "g7g6": 0.007428682409226894,
        "d7d6": 0.0006136213196441531
      },
      "other_mass": 0.00403372771688737
    },
    "a2a4": {
      "fen_after_white": "rnbqkbnr/pppppppp/8/8/P7/8/1PPPPPPP/RNBQKBNR b KQkq - 0 1",
      "black_reply_probs": {
        "c7c5": 0.016062196344137192,
        "e7e5": 0.5026780366897583,
        "e7e6": 0.0002129387139575556,
        "c7c6": 4.949502908857539e-05,
        "d7d5": 0.13767270743846893,
        "g8f6": 0.3407575488090515,
        "g7g6": 0.0009768025483936071,
        "d7d6": 0.0002761930227279663
      },
      "other_mass": 0.0013140814044163562
    }
  },
  "meta": {
    "elo_self": 2800,
    "elo_oppo": 2800,
    "temperature": 1.0,
    "maia_type": "blitz",
    "white_moves_probed": [
      "e2e4",
      "d2d4",
      "c2c4",
      "g1f3",
      "g2g3",
      "b2b3",
      "f2f4",
      "b2b4",
      "a2a4"
    ],
    "black_replies_probed": [
      "c7c5",
      "e7e5",
      "e7e6",
      "c7c6",
      "d7d5",
      "g8f6",
      "g7g6",
      "d7d6"
    ]
  }
}