{
  "white_first_move_probs": {
    "e2e4": 0.5722150802612305,
    "d2d4": 0.06133737042546272,
    "c2c4": 0.02172308973968029,
    "g1f3": 0.3433557450771332,
    "g2g3": 0.0007140226080082357,
    "b2b3": 2.4098446374409832e-05,
    "f2f4": 0.00010826151265064254,
    "b2b4": 5.508650247065816e-07,
    "a2a4": 3.4771048831316875e-06
  },
  "white_other_mass": 0.0005183039595522132,
  "black_reply_probs_cond_on_white": {
    "e2e4": {
      "fen_after_white": "rnbqkbnr/pppppppp/8/8/4P3/8/PPPP1PPP/RNBQKBNR b KQkq - 0 1",
      "black_reply_probs": {
        "c7c5": 0.42246684432029724,
        "e7e5": 0.4631623327732086,
        "e7e6": 0.00542017025873065,
        "c7c6": 0.001232183538377285,
        "d7d5": 0.04061485454440117,
        "g8f6": 0.050273995846509933,
        "g7g6": 0.00680673960596323,
        "d7d6": 0.0034568647388368845
      },
      "other_mass": 0.006566014373674989
    },
    "d2d4": {
      "fen_after_white": "rnbqkbnr/pppppppp/8/8/3P4/8/PPP1PPPP/RNBQKBNR b KQkq - 0 1",
      "black_reply_probs": {
        "c7c5": 0.002515726024284959,
        "e7e5": 0.006242088507860899,
        "e7e6": 0.0003160039195790887,
        "c7c6": 1.2103425433451775e-05,
        "d7d5": 0.02037406899034977,
        "g8f6": 0.9507144689559937,
        "g7g6": 0.0194723941385746,
        "d7d6": 5.6027995015028864e-05
      },
      "other_mass": 0.0002971180429085507
    },
    "c2c4": {
      "fen_after_white": "rnbqkbnr/pppppppp/8/8/2P5/8/PP1PPPPP/RNBQKBNR b KQkq - 0 1",
      "black_reply_probs": {
        "c7c5": 0.014695607125759125,
        "e7e5": 0.36694830656051636,
        "e7e6": 0.00029489354346878827,
        "c7c6": 3.219741120119579e-05,
        "d7d5": 0.005430347751826048,
        "g8f6": 0.5998707413673401,
        "g7g6": 0.011493010446429253,
        "d7d6": 0.00020564849546644837
      },
      "other_mass": 0.001029247297992697
    },
    "g1f3": {
      "fen_after_white": "rnbqkbnr/pppppppp/8/8/8/5N2/PPPPPPPP/RNBQKB1R b KQkq - 1 1",
      "black_reply_probs": {
        "c7c5": 0.05164024233818054,
        "e7e5": 0.04934355616569519,
        "e7e6": 0.00014915924111846834,
        "c7c6": 1.7456826753914356e-05,
        "d7d5": 0.04464387521147728,
        "g8f6": 0.8461378216743469,
        "g7g6": 0.006931913085281849,
        "d7d6": 7.134801853680983e-05
      },
      "other_mass": 0.0010646274386090226
    },
    "g2g3": {
      "fen_after_white": "rnbqkbnr/pppppppp/8/8/8/6P1/PPPPPP1P/RNBQKBNR b KQkq - 0 1",
      "black_reply_probs": {
        "c7c5": 0.053245387971401215,
        "e7e5": 0.4822098910808563,
        "e7e6": 0.0005937510868534446,
        "c7c6": 0.0001242616563104093,
        "d7d5": 0.12532712519168854,
        "g8f6": 0.3316510319709778,
        "g7g6": 0.003948821686208248,
        "d7d6": 0.00032605911837890744
      },
      "other_mass": 0.002573670237325132
    },
    "b2b3": {
      "fen_after_white": "rnbqkbnr/pppppppp/8/8/8/1P6/P1PPPPPP/RNBQKBNR b KQkq - 0 1",
      "black_reply_probs": {
        "c7c5": 0.010992923751473427,
        "e7e5": 0.6454294919967651,
        "e7e6": 0.0013389707310125232,
        "c7c6": 5.3500934882322326e-05,
        "d7d5": 0.06152869388461113,
        "g8f6": 0.2650313079357147,
        "g7g6": 0.014077672734856606,
        "d7d6": 0.000213385428651236
      },
      "other_mass": 0.001334052602032898
    },
    "f2f4": {
      "fen_after_white": "rnbqkbnr/pppppppp/8/8/5P2/8/PPPPP1PP/RNBQKBNR b KQkq - 0 1",
      "black_reply_probs": {
        "c7c5": 0.112361378967762,
        "e7e5": 0.2932308316230774,
        "e7e6": 0.005958354100584984,
        "c7c6": 0.0003611638385336846,
        "d7d5": 0.18517379462718964,
        "g8f6": 0.38585880398750305,
        "g7g6": 0.012509064748883247,
        "d7d6": 0.0012160449987277389
      },
      "other_mass": 0.0033305631077382714
    },
    "b2b4": {
      "fen_after_white": "rnbqkbnr/pppppppp/8/8/1P6/8/P1PPPPPP/RNBQKBNR b KQkq - 0 1",
      "black_reply_probs": {
        "c7c5": 0.0019531192956492305,
        "e7e5": 0.767877995967865,
        "e7e6": 0.0033138494472950697,
        "c7c6": 0.00014474851195700467,
        "d7d5": 0.07137543708086014,
        "g8f6": 0.1307382732629776,
        "g7g6": 0.019784625619649887,
        "d7d6": 0.0007393753039650619
      },
      "other_mass": 0.004072575509781018
    },
    "a2a4": {
      "fen_after_white": "rnbqkbnr/pppppppp/8/8/P7/8/1PPPPPPP/RNBQKBNR b KQkq - 0 1",
      "black_reply_probs": {
        "c7c5": 0.016443533822894096,
        "e7e5": 0.5048282146453857,
        "e7e6": 0.00034546086681075394,
        "c7c6": 6.770974869141355e-05,
        "d7d5": 0.07827538251876831,
        "g8f6": 0.3961353898048401,
        "g7g6": 0.0024440595880150795,
        "d7d6": 0.0002530313213355839
      },
      "other_mass": 0.001207217683258932
    }
  },
  "meta": {
    "elo_self": 2800,
    "elo_oppo": 2800,
    "temperature": 1.0,
    "maia_type": "blitz",
    "white_moves_probed": [
      "e2e4",
      "d2d4",
      "c2c4",
      "g1f3",
      "g2g3",
      "b2b3",
      "f2f4",
      "b2b4",
      "a2a4"
    ],
    "black_replies_probed": [
      "c7c5",
      "e7e5",
      "e7e6",
      "c7c6",
      "d7d5",
      "g8f6",
      "g7g6",
      "d7d6"
    ]
  }
}