{
  "white_first_move_probs": {
    "e2e4": 0.47355911135673523,
    "d2d4": 0.10014156997203827,
    "c2c4": 0.028798718005418777,
    "g1f3": 0.39581459760665894,
    "g2g3": 0.0008057581726461649,
    "b2b3": 2.8181229936308227e-05,
    "f2f4": 0.00023535579384770244,
    "b2b4": 9.490307206760917e-07,
    "a2a4": 7.161198027461069e-06
  },
  "white_other_mass": 0.0006085976339704757,
  "black_reply_probs_cond_on_white": {
    "e2e4": {
      "fen_after_white": "rnbqkbnr/pppppppp/8/8/4P3/8/PPPP1PPP/RNBQKBNR b KQkq - 0 1",
      "black_reply_probs": {
        "c7c5": 0.4372107982635498,
        "e7e5": 0.41185903549194336,
        "e7e6": 0.005603793077170849,
        "c7c6": 0.001310806954279542,
        "d7d5": 0.06679584085941315,
        "g8f6": 0.06309524178504944,
        "g7g6": 0.004707086365669966,
        "d7d6": 0.004053611773997545
      },
      "other_mass": 0.005363785428926349
    },
    "d2d4": {
      "fen_after_white": "rnbqkbnr/pppppppp/8/8/3P4/8/PPP1PPPP/RNBQKBNR b KQkq - 0 1",
      "black_reply_probs": {
        "c7c5": 0.0037238523364067078,
        "e7e5": 0.00487157516181469,
        "e7e6": 0.0004458025796338916,
        "c7c6": 3.5008717532036826e-05,
        "d7d5": 0.05024756118655205,
        "g8f6": 0.9258248209953308,
        "g7g6": 0.014246750622987747,
        "d7d6": 0.0001351606915704906
      },
      "other_mass": 0.0004694677081715781
    },
    "c2c4": {
      "fen_after_white": "rnbqkbnr/pppppppp/8/8/2P5/8/PP1PPPPP/RNBQKBNR b KQkq - 0 1",
      "black_reply_probs": {
        "c7c5": 0.01987915113568306,
        "e7e5": 0.3122960329055786,
        "e7e6": 0.00030864248401485384,
        "c7c6": 5.385518670664169e-05,
        "d7d5": 0.009988393634557724,
        "g8f6": 0.6459400653839111,
        "g7g6": 0.009637345559895039,
        "d7d6": 0.00036949251079931855
      },
      "other_mass": 0.0015270211988536175
    },
    "g1f3": {
      "fen_after_white": "rnbqkbnr/pppppppp/8/8/8/5N2/PPPPPPPP/RNBQKB1R b KQkq - 1 1",
      "black_reply_probs": {
        "c7c5": 0.06443818658590317,
        "e7e5": 0.037254929542541504,
        "e7e6": 0.00018856556562241167,
        "c7c6": 3.462169479462318e-05,
        "d7d5": 0.08242224901914597,
        "g8f6": 0.8081839084625244,
        "g7g6": 0.006042261142283678,
        "d7d6": 0.00013978700735606253
      },
      "other_mass": 0.0012954909798281733
    },
    "g2g3": {
      "fen_after_white": "rnbqkbnr/pppppppp/8/8/8/6P1/PPPPPP1P/RNBQKBNR b KQkq - 0 1",
      "black_reply_probs": {
        "c7c5": 0.057053763419389725,
        "e7e5": 0.4043019711971283,
        "e7e6": 0.0004725306062027812,
        "c7c6": 0.00015095985145308077,
        "d7d5": 0.15942177176475525,
        "g8f6": 0.3727496862411499,
        "g7g6": 0.002982000121846795,
        "d7d6": 0.00036040949635207653
      },
      "other_mass": 0.0025069073017220944
    },
    "b2b3": {
      "fen_after_white": "rnbqkbnr/pppppppp/8/8/8/1P6/P1PPPPPP/RNBQKBNR b KQkq - 0 1",
      "black_reply_probs": {
        "c7c5": 0.015601113438606262,
        "e7e5": 0.5826436877250671,
        "e7e6": 0.001012888504192233,
        "c7c6": 7.809306407580152e-05,
        "d7d5": 0.0991145670413971,
        "g8f6": 0.28707391023635864,
        "g7g6": 0.012365683913230896,
        "d7d6": 0.00024895177921280265
      },
      "other_mass": 0.0018611042978591286
    },
    "f2f4": {
      "fen_after_white": "rnbqkbnr/pppppppp/8/8/5P2/8/PPPPP1PP/RNBQKBNR b KQkq - 0 1",
      "black_reply_probs": {
        "c7c5": 0.1229853481054306,
        "e7e5": 0.1925329864025116,
        "e7e6": 0.00429522292688489,
        "c7c6": 0.0004207021265756339,
        "d7d5": 0.20373891294002533,
        "g8f6": 0.46135368943214417,
        "g7g6": 0.009729652665555477,
        "d7d6": 0.0012950939126312733
      },
      "other_mass": 0.0036483914882410318
    },
    "b2b4": {
      "fen_after_white": "rnbqkbnr/pppppppp/8/8/1P6/8/P1PPPPPP/RNBQKBNR b KQkq - 0 1",
      "black_reply_probs": {
        "c7c5": 0.0023281986359506845,
        "e7e5": 0.7020474672317505,
        "e7e6": 0.0027596543077379465,
        "c7c6": 0.00020093299099244177,
        "d7d5": 0.10328906029462814,
        "g8f6": 0.1657201051712036,
        "g7g6": 0.017486438155174255,
        "d7d6": 0.0007863843929953873
      },
      "other_mass": 0.00538175881956704
    },
    "a2a4": {
      "fen_after_white": "rnbqkbnr/pppppppp/8/8/P7/8/1PPPPPPP/RNBQKBNR b KQkq - 0 1",
      "black_reply_probs": {
        "c7c5": 0.016962237656116486,
        "e7e5": 0.40640828013420105,
        "e7e6": 0.00027806172147393227,
        "c7c6": 7.587464642710984e-05,
        "d7d5": 0.1082690879702568,
        "g8f6": 0.4642913341522217,
        "g7g6": 0.0021423320285975933,
        "d7d6": 0.00031197225325740874
      },
      "other_mass": 0.0012608194374479353
    }
  },
  "meta": {
    "elo_self": 2800,
    "elo_oppo": 2800,
    "temperature": 1.0,
    "maia_type": "blitz",
    "white_moves_probed": [
      "e2e4",
      "d2d4",
      "c2c4",
      "g1f3",
      "g2g3",
      "b2b3",
      "f2f4",
      "b2b4",
      "a2a4"
    ],
    "black_replies_probed": [
      "c7c5",
      "e7e5",
      "e7e6",
      "c7c6",
      "d7d5",
      "g8f6",
      "g7g6",
      "d7d6"
    ]
  }
}