{
  "white_first_move_probs": {
    "e2e4": 0.49951857328414917,
    "d2d4": 0.10492829233407974,
    "c2c4": 0.01043904572725296,
    "g1f3": 0.38367122411727905,
    "g2g3": 0.0005835361662320793,
    "b2b3": 1.7304384527960792e-05,
    "f2f4": 0.00020226584456395358,
    "b2b4": 6.105182706050982e-07,
    "a2a4": 4.071466719324235e-06
  },
  "white_other_mass": 0.0006350761569251517,
  "black_reply_probs_cond_on_white": {
    "e2e4": {
      "fen_after_white": "rnbqkbnr/pppppppp/8/8/4P3/8/PPPP1PPP/RNBQKBNR b KQkq - 0 1",
      "black_reply_probs": {
        "c7c5": 0.3094918429851532,
        "e7e5": 0.5492027401924133,
        "e7e6": 0.0046194433234632015,
        "c7c6": 0.0008259197347797453,
        "d7d5": 0.058786120265722275,
        "g8f6": 0.06711370497941971,
        "g7g6": 0.00274376617744565,
        "d7d6": 0.0031489881221204996
      },
      "other_mass": 0.004067474219482392
    },
    "d2d4": {
      "fen_after_white": "rnbqkbnr/pppppppp/8/8/3P4/8/PPP1PPPP/RNBQKBNR b KQkq - 0 1",
      "black_reply_probs": {
        "c7c5": 0.0016937479376792908,
        "e7e5": 0.007511479780077934,
        "e7e6": 0.00043056151480413973,
        "c7c6": 2.367379238421563e-05,
        "d7d5": 0.05653895437717438,
        "g8f6": 0.9224002957344055,
        "g7g6": 0.010901323519647121,
        "d7d6": 0.00010158079385291785
      },
      "other_mass": 0.0003983825499744853
    },
    "c2c4": {
      "fen_after_white": "rnbqkbnr/pppppppp/8/8/2P5/8/PP1PPPPP/RNBQKBNR b KQkq - 0 1",
      "black_reply_probs": {
        "c7c5": 0.00934718456119299,
        "e7e5": 0.35623735189437866,
        "e7e6": 0.00039187955553643405,
        "c7c6": 3.969421595684253e-05,
        "d7d5": 0.010236194357275963,
        "g8f6": 0.6139014363288879,
        "g7g6": 0.007759411819279194,
        "d7d6": 0.0003945235803257674
      },
      "other_mass": 0.0016923236871662084
    },
    "g1f3": {
      "fen_after_white": "rnbqkbnr/pppppppp/8/8/8/5N2/PPPPPPPP/RNBQKB1R b KQkq - 1 1",
      "black_reply_probs": {
        "c7c5": 0.016728758811950684,
        "e7e5": 0.04026591405272484,
        "e7e6": 0.00017384094826411456,
        "c7c6": 1.5782039554324e-05,
        "d7d5": 0.07218237966299057,
        "g8f6": 0.8648732304573059,
        "g7g6": 0.004448522347956896,
        "d7d6": 0.0001040118804667145
      },
      "other_mass": 0.001207559798785951
    },
    "g2g3": {
      "fen_after_white": "rnbqkbnr/pppppppp/8/8/8/6P1/PPPPPP1P/RNBQKBNR b KQkq - 0 1",
      "black_reply_probs": {
        "c7c5": 0.02579883486032486,
        "e7e5": 0.4444134533405304,
        "e7e6": 0.0004282738082110882,
        "c7c6": 9.025857434608042e-05,
        "d7d5": 0.15495075285434723,
        "g8f6": 0.36989203095436096,
        "g7g6": 0.002132855821400881,
        "d7d6": 0.0003196842153556645
      },
      "other_mass": 0.00197385557112284
    },
    "b2b3": {
      "fen_after_white": "rnbqkbnr/pppppppp/8/8/8/1P6/P1PPPPPP/RNBQKBNR b KQkq - 0 1",
      "black_reply_probs": {
        "c7c5": 0.007475838530808687,
        "e7e5": 0.5837172269821167,
        "e7e6": 0.0010629083262756467,
        "c7c6": 5.619107105303556e-05,
        "d7d5": 0.09460792690515518,
        "g8f6": 0.30107250809669495,
        "g7g6": 0.009893501177430153,
        "d7d6": 0.00026634082314558327
      },
      "other_mass": 0.001847558087320067
    },
    "f2f4": {
      "fen_after_white": "rnbqkbnr/pppppppp/8/8/5P2/8/PPPPP1PP/RNBQKBNR b KQkq - 0 1",
      "black_reply_probs": {
        "c7c5": 0.06221078336238861,
        "e7e5": 0.2687617242336273,
        "e7e6": 0.002706336323171854,
        "c7c6": 0.0002105979947373271,
        "d7d5": 0.17097584903240204,
        "g8f6": 0.4869970381259918,
        "g7g6": 0.004743114113807678,
        "d7d6": 0.000917881669010967
      },
      "other_mass": 0.0024766751448623836
    },
    "b2b4": {
      "fen_after_white": "rnbqkbnr/pppppppp/8/8/1P6/8/P1PPPPPP/RNBQKBNR b KQkq - 0 1",
      "black_reply_probs": {
        "c7c5": 0.0016397349536418915,
        "e7e5": 0.7105749845504761,
        "e7e6": 0.0028216158971190453,
        "c7c6": 0.0001602033880772069,
        "d7d5": 0.09214972704648972,
        "g8f6": 0.17181359231472015,
        "g7g6": 0.01636846922338009,
        "d7d6": 0.0008338581537827849
      },
      "other_mass": 0.003637814472313039
    },
    "a2a4": {
      "fen_after_white": "rnbqkbnr/pppppppp/8/8/P7/8/1PPPPPPP/RNBQKBNR b KQkq - 0 1",
      "black_reply_probs": {
        "c7c5": 0.0070857699029147625,
        "e7e5": 0.42406928539276123,
        "e7e6": 0.00031937137828208506,
        "c7c6": 4.6281864342745394e-05,
        "d7d5": 0.10403172671794891,
        "g8f6": 0.4610205292701721,
        "g7g6": 0.001971834572032094,
        "d7d6": 0.0003364344302099198
      },
      "other_mass": 0.00111876647133613
    }
  },
  "meta": {
    "elo_self": 2800,
    "elo_oppo": 2800,
    "temperature": 1.0,
    "maia_type": "blitz",
    "white_moves_probed": [
      "e2e4",
      "d2d4",
      "c2c4",
      "g1f3",
      "g2g3",
      "b2b3",
      "f2f4",
      "b2b4",
      "a2a4"
    ],
    "black_replies_probed": [
      "c7c5",
      "e7e5",
      "e7e6",
      "c7c6",
      "d7d5",
      "g8f6",
      "g7g6",
      "d7d6"
    ]
  }
}