{
  "white_first_move_probs": {
    "e2e4": 0.4025014340877533,
    "d2d4": 0.1163920909166336,
    "c2c4": 0.02113831415772438,
    "g1f3": 0.45682260394096375,
    "g2g3": 0.001897713402286172,
    "b2b3": 4.450778214959428e-05,
    "f2f4": 0.00040079286554828286,
    "b2b4": 1.0783130619529402e-06,
    "a2a4": 5.22664095115033e-06
  },
  "white_other_mass": 0.0007962378929278202,
  "black_reply_probs_cond_on_white": {
    "e2e4": {
      "fen_after_white": "rnbqkbnr/pppppppp/8/8/4P3/8/PPPP1PPP/RNBQKBNR b KQkq - 0 1",
      "black_reply_probs": {
        "c7c5": 0.3826776146888733,
        "e7e5": 0.4476395845413208,
        "e7e6": 0.007043587975203991,
        "c7c6": 0.0013076805043965578,
        "d7d5": 0.07085023820400238,
        "g8f6": 0.06782566010951996,
        "g7g6": 0.011466000229120255,
        "d7d6": 0.0045688701793551445
      },
      "other_mass": 0.006620763568207622
    },
    "d2d4": {
      "fen_after_white": "rnbqkbnr/pppppppp/8/8/3P4/8/PPP1PPPP/RNBQKBNR b KQkq - 0 1",
      "black_reply_probs": {
        "c7c5": 0.003592447144910693,
        "e7e5": 0.003695873310789466,
        "e7e6": 0.0005278387689031661,
        "c7c6": 3.693850521813147e-05,
        "d7d5": 0.04437508434057236,
        "g8f6": 0.9188713431358337,
        "g7g6": 0.028150353580713272,
        "d7d6": 0.00010490486602066085
      },
      "other_mass": 0.000645216347038513
    },
    "c2c4": {
      "fen_after_white": "rnbqkbnr/pppppppp/8/8/2P5/8/PP1PPPPP/RNBQKBNR b KQkq - 0 1",
      "black_reply_probs": {
        "c7c5": 0.01744999922811985,
        "e7e5": 0.25483688712120056,
        "e7e6": 0.00041562822298146784,
        "c7c6": 6.118642340879887e-05,
        "d7d5": 0.013233218342065811,
        "g8f6": 0.6945958137512207,
        "g7g6": 0.016896096989512444,
        "d7d6": 0.0003580722550395876
      },
      "other_mass": 0.002153097666450776
    },
    "g1f3": {
      "fen_after_white": "rnbqkbnr/pppppppp/8/8/8/5N2/PPPPPPPP/RNBQKB1R b KQkq - 1 1",
      "black_reply_probs": {
        "c7c5": 0.04276962950825691,
        "e7e5": 0.03479083254933357,
        "e7e6": 0.0002362332452321425,
        "c7c6": 2.4480706997564994e-05,
        "d7d5": 0.0877390056848526,
        "g8f6": 0.8195761442184448,
        "g7g6": 0.01342694740742445,
        "d7d6": 0.00011030368477804586
      },
      "other_mass": 0.0013264229946798878
    },
    "g2g3": {
      "fen_after_white": "rnbqkbnr/pppppppp/8/8/8/6P1/PPPPPP1P/RNBQKBNR b KQkq - 0 1",
      "black_reply_probs": {
        "c7c5": 0.048581745475530624,
        "e7e5": 0.4117564260959625,
        "e7e6": 0.0005127121112309396,
        "c7c6": 0.00011845002882182598,
        "d7d5": 0.1637013852596283,
        "g8f6": 0.3676241636276245,
        "g7g6": 0.0047967215068638325,
        "d7d6": 0.0003025526530109346
      },
      "other_mass": 0.002605843241326511
    },
    "b2b3": {
      "fen_after_white": "rnbqkbnr/pppppppp/8/8/8/1P6/P1PPPPPP/RNBQKBNR b KQkq - 0 1",
      "black_reply_probs": {
        "c7c5": 0.015144933015108109,
        "e7e5": 0.4925203025341034,
        "e7e6": 0.0014692394761368632,
        "c7c6": 8.564217569073662e-05,
        "d7d5": 0.11083286255598068,
        "g8f6": 0.3558197617530823,
        "g7g6": 0.021418623626232147,
        "d7d6": 0.00026448265998624265
      },
      "other_mass": 0.0024441522036795504
    },
    "f2f4": {
      "fen_after_white": "rnbqkbnr/pppppppp/8/8/5P2/8/PPPPP1PP/RNBQKBNR b KQkq - 0 1",
      "black_reply_probs": {
        "c7c5": 0.1276111602783203,
        "e7e5": 0.19104252755641937,
        "e7e6": 0.004540226887911558,
        "c7c6": 0.00037637195782735944,
        "d7d5": 0.20748034119606018,
        "g8f6": 0.4509997069835663,
        "g7g6": 0.012964923866093159,
        "d7d6": 0.0012039125431329012
      },
      "other_mass": 0.0037808287306688726
    },
    "b2b4": {
      "fen_after_white": "rnbqkbnr/pppppppp/8/8/1P6/8/P1PPPPPP/RNBQKBNR b KQkq - 0 1",
      "black_reply_probs": {
        "c7c5": 0.002945015439763665,
        "e7e5": 0.6205508708953857,
        "e7e6": 0.0039198799058794975,
        "c7c6": 0.0002808847348205745,
        "d7d5": 0.13853123784065247,
        "g8f6": 0.1983414739370346,
        "g7g6": 0.026559341698884964,
        "d7d6": 0.0008847095887176692
      },
      "other_mass": 0.007986585958860815
    },
    "a2a4": {
      "fen_after_white": "rnbqkbnr/pppppppp/8/8/P7/8/1PPPPPPP/RNBQKBNR b KQkq - 0 1",
      "black_reply_probs": {
        "c7c5": 0.013319617137312889,
        "e7e5": 0.358264684677124,
        "e7e6": 0.0003676247433759272,
        "c7c6": 6.267947173910215e-05,
        "d7d5": 0.10630577802658081,
        "g8f6": 0.5153160095214844,
        "g7g6": 0.004545839503407478,
        "d7d6": 0.0002585233887657523
      },
      "other_mass": 0.001559243530209642
    }
  },
  "meta": {
    "elo_self": 2800,
    "elo_oppo": 2800,
    "temperature": 1.0,
    "maia_type": "blitz",
    "white_moves_probed": [
      "e2e4",
      "d2d4",
      "c2c4",
      "g1f3",
      "g2g3",
      "b2b3",
      "f2f4",
      "b2b4",
      "a2a4"
    ],
    "black_replies_probed": [
      "c7c5",
      "e7e5",
      "e7e6",
      "c7c6",
      "d7d5",
      "g8f6",
      "g7g6",
      "d7d6"
    ]
  }
}