{
  "white_first_move_probs": {
    "e2e4": 0.5385064482688904,
    "d2d4": 0.11719664931297302,
    "c2c4": 0.016318654641509056,
    "g1f3": 0.32572293281555176,
    "g2g3": 0.0008787774131633341,
    "b2b3": 3.1979623599909246e-05,
    "f2f4": 0.0004635975055862218,
    "b2b4": 1.5836233160371194e-06,
    "a2a4": 8.574264029448386e-06
  },
  "white_other_mass": 0.0008708025313808321,
  "black_reply_probs_cond_on_white": {
    "e2e4": {
      "fen_after_white": "rnbqkbnr/pppppppp/8/8/4P3/8/PPPP1PPP/RNBQKBNR b KQkq - 0 1",
      "black_reply_probs": {
        "c7c5": 0.13663165271282196,
        "e7e5": 0.6710548400878906,
        "e7e6": 0.0027346101123839617,
        "c7c6": 0.0005119408015161753,
        "d7d5": 0.07804259657859802,
        "g8f6": 0.1011347696185112,
        "g7g6": 0.0034589949063956738,
        "d7d6": 0.002307318616658449
      },
      "other_mass": 0.004123276565223932
    },
    "d2d4": {
      "fen_after_white": "rnbqkbnr/pppppppp/8/8/3P4/8/PPP1PPPP/RNBQKBNR b KQkq - 0 1",
      "black_reply_probs": {
        "c7c5": 0.005374137777835131,
        "e7e5": 0.01865459606051445,
        "e7e6": 0.0005671406979672611,
        "c7c6": 5.094199877930805e-05,
        "d7d5": 0.1302003264427185,
        "g8f6": 0.83221036195755,
        "g7g6": 0.011742853559553623,
        "d7d6": 0.0002237100270576775
      },
      "other_mass": 0.0009759314780239947
    },
    "c2c4": {
      "fen_after_white": "rnbqkbnr/pppppppp/8/8/2P5/8/PP1PPPPP/RNBQKBNR b KQkq - 0 1",
      "black_reply_probs": {
        "c7c5": 0.01520126685500145,
        "e7e5": 0.4339642822742462,
        "e7e6": 0.0004100570222362876,
        "c7c6": 5.35663784830831e-05,
        "d7d5": 0.019728224724531174,
        "g8f6": 0.521771252155304,
        "g7g6": 0.00558518199250102,
        "d7d6": 0.0005101451533846557
      },
      "other_mass": 0.002776023444312159
    },
    "g1f3": {
      "fen_after_white": "rnbqkbnr/pppppppp/8/8/8/5N2/PPPPPPPP/RNBQKB1R b KQkq - 1 1",
      "black_reply_probs": {
        "c7c5": 0.02313830703496933,
        "e7e5": 0.09311994165182114,
        "e7e6": 0.0001823767670430243,
        "c7c6": 1.970807534235064e-05,
        "d7d5": 0.09923803806304932,
        "g8f6": 0.777791440486908,
        "g7g6": 0.004394408315420151,
        "d7d6": 0.00014233958791010082
      },
      "other_mass": 0.001973440017536632
    },
    "g2g3": {
      "fen_after_white": "rnbqkbnr/pppppppp/8/8/8/6P1/PPPPPP1P/RNBQKBNR b KQkq - 0 1",
      "black_reply_probs": {
        "c7c5": 0.02412441000342369,
        "e7e5": 0.5023494362831116,
        "e7e6": 0.0003867722407449037,
        "c7c6": 8.02137510618195e-05,
        "d7d5": 0.14979252219200134,
        "g8f6": 0.31837376952171326,
        "g7g6": 0.002192313550040126,
        "d7d6": 0.00030942398007027805
      },
      "other_mass": 0.0023911384778330103
    },
    "b2b3": {
      "fen_after_white": "rnbqkbnr/pppppppp/8/8/8/1P6/P1PPPPPP/RNBQKBNR b KQkq - 0 1",
      "black_reply_probs": {
        "c7c5": 0.009137540124356747,
        "e7e5": 0.6526259183883667,
        "e7e6": 0.0009910758817568421,
        "c7c6": 5.392336242948659e-05,
        "d7d5": 0.1081654280424118,
        "g8f6": 0.22069954872131348,
        "g7g6": 0.0056200772523880005,
        "d7d6": 0.0002560480497777462
      },
      "other_mass": 0.002450440177199198
    },
    "f2f4": {
      "fen_after_white": "rnbqkbnr/pppppppp/8/8/5P2/8/PPPPP1PP/RNBQKBNR b KQkq - 0 1",
      "black_reply_probs": {
        "c7c5": 0.055061060935258865,
        "e7e5": 0.4385751783847809,
        "e7e6": 0.002468338469043374,
        "c7c6": 0.00020237853459548205,
        "d7d5": 0.13550788164138794,
        "g8f6": 0.36069467663764954,
        "g7g6": 0.0040550739504396915,
        "d7d6": 0.0007858960889279842
      },
      "other_mass": 0.0026495153579162434
    },
    "b2b4": {
      "fen_after_white": "rnbqkbnr/pppppppp/8/8/1P6/8/P1PPPPPP/RNBQKBNR b KQkq - 0 1",
      "black_reply_probs": {
        "c7c5": 0.001990910852327943,
        "e7e5": 0.7511942982673645,
        "e7e6": 0.002392273396253586,
        "c7c6": 0.00013873774150852114,
        "d7d5": 0.09902246296405792,
        "g8f6": 0.1311824470758438,
        "g7g6": 0.009028397500514984,
        "d7d6": 0.0007176409708335996
      },
      "other_mass": 0.004332831231295131
    },
    "a2a4": {
      "fen_after_white": "rnbqkbnr/pppppppp/8/8/P7/8/1PPPPPPP/RNBQKBNR b KQkq - 0 1",
      "black_reply_probs": {
        "c7c5": 0.009458111599087715,
        "e7e5": 0.5184570550918579,
        "e7e6": 0.00030042455182410777,
        "c7c6": 4.7499037464149296e-05,
        "d7d5": 0.120320625603199,
        "g8f6": 0.3476131856441498,
        "g7g6": 0.0016880317125469446,
        "d7d6": 0.00032234692480415106
      },
      "other_mass": 0.0017927198350662366
    }
  },
  "meta": {
    "elo_self": 2800,
    "elo_oppo": 2800,
    "temperature": 1.0,
    "maia_type": "blitz",
    "white_moves_probed": [
      "e2e4",
      "d2d4",
      "c2c4",
      "g1f3",
      "g2g3",
      "b2b3",
      "f2f4",
      "b2b4",
      "a2a4"
    ],
    "black_replies_probed": [
      "c7c5",
      "e7e5",
      "e7e6",
      "c7c6",
      "d7d5",
      "g8f6",
      "g7g6",
      "d7d6"
    ]
  }
}