{
  "white_first_move_probs": {
    "e2e4": 0.002995207207277417,
    "d2d4": 0.004857363644987345,
    "c2c4": 1.4994063235462818e-07,
    "g1f3": 0.9918826222419739,
    "g2g3": 8.285911462735385e-06,
    "b2b3": 6.47737596892739e-09,
    "f2f4": 2.025554294959875e-06,
    "b2b4": 2.2755851369904434e-10,
    "a2a4": 2.502846714602658e-11
  },
  "white_other_mass": 0.00025433876940839095,
  "black_reply_probs_cond_on_white": {
    "e2e4": {
      "fen_after_white": "rnbqkbnr/pppppppp/8/8/4P3/8/PPPP1PPP/RNBQKBNR b KQkq - 0 1",
      "black_reply_probs": {
        "c7c5": 0.000223002047277987,
        "e7e5": 0.05123036727309227,
        "e7e6": 3.556734554877039e-06,
        "c7c6": 1.554199968722969e-08,
        "d7d5": 0.009389260783791542,
        "g8f6": 0.939109742641449,
        "g7g6": 3.560999175533652e-05,
        "d7d6": 3.827443606496672e-07
      },
      "other_mass": 8.062241718675978e-06
    },
    "d2d4": {
      "fen_after_white": "rnbqkbnr/pppppppp/8/8/3P4/8/PPP1PPPP/RNBQKBNR b KQkq - 0 1",
      "black_reply_probs": {
        "c7c5": 6.357373649734654e-08,
        "e7e5": 0.0003418919804971665,
        "e7e6": 2.1506778580260288e-07,
        "c7c6": 2.2739904403934474e-10,
        "d7d5": 0.004183480516076088,
        "g8f6": 0.9953895807266235,
        "g7g6": 5.803774547530338e-05,
        "d7d6": 6.236217586774728e-08
      },
      "other_mass": 2.666780023075077e-05
    },
    "c2c4": {
      "fen_after_white": "rnbqkbnr/pppppppp/8/8/2P5/8/PP1PPPPP/RNBQKBNR b KQkq - 0 1",
      "black_reply_probs": {
        "c7c5": 1.3747451248491416e-06,
        "e7e5": 0.00233919988386333,
        "e7e6": 1.0893735691297479e-07,
        "c7c6": 7.416260383585893e-10,
        "d7d5": 0.0006108361994847655,
        "g8f6": 0.9970145225524902,
        "g7g6": 2.647555447765626e-05,
        "d7d6": 1.1198198990314268e-07
      },
      "other_mass": 7.369403586254819e-06
    },
    "g1f3": {
      "fen_after_white": "rnbqkbnr/pppppppp/8/8/8/5N2/PPPPPPPP/RNBQKB1R b KQkq - 1 1",
      "black_reply_probs": {
        "c7c5": 2.8726154255309666e-07,
        "e7e5": 0.0005205106572248042,
        "e7e6": 7.747896546561606e-08,
        "c7c6": 1.7387845330230078e-10,
        "d7d5": 0.0035549148451536894,
        "g8f6": 0.9957719445228577,
        "g7g6": 8.608667849330232e-05,
        "d7d6": 3.809124393683305e-08
      },
      "other_mass": 6.61402906401154e-05
    },
    "g2g3": {
      "fen_after_white": "rnbqkbnr/pppppppp/8/8/8/6P1/PPPPPP1P/RNBQKBNR b KQkq - 0 1",
      "black_reply_probs": {
        "c7c5": 1.7423724330001278e-06,
        "e7e5": 0.005471498239785433,
        "e7e6": 1.347213327562713e-07,
        "c7c6": 1.1802974153596324e-09,
        "d7d5": 0.010315490886569023,
        "g8f6": 0.9841468334197998,
        "g7g6": 3.7763256841572e-05,
        "d7d6": 1.1064683036465794e-07
      },
      "other_mass": 2.6425276110630946e-05
    },
    "b2b3": {
      "fen_after_white": "rnbqkbnr/pppppppp/8/8/8/1P6/P1PPPPPP/RNBQKBNR b KQkq - 0 1",
      "black_reply_probs": {
        "c7c5": 6.752947001587017e-08,
        "e7e5": 0.00355199771001935,
        "e7e6": 2.2402998922643746e-07,
        "c7c6": 1.1211469946870167e-10,
        "d7d5": 0.005145493894815445,
        "g8f6": 0.991075873374939,
        "g7g6": 4.5536711695604026e-05,
        "d7d6": 3.473090259831224e-08
      },
      "other_mass": 0.00018077190605414462
    },
    "f2f4": {
      "fen_after_white": "rnbqkbnr/pppppppp/8/8/5P2/8/PPPPP1PP/RNBQKBNR b KQkq - 0 1",
      "black_reply_probs": {
        "c7c5": 6.601855488952424e-07,
        "e7e5": 0.004215174354612827,
        "e7e6": 2.8770330118277343e-07,
        "c7c6": 3.0939276141062066e-10,
        "d7d5": 0.005076098721474409,
        "g8f6": 0.9906318187713623,
        "g7g6": 1.1989724953309633e-05,
        "d7d6": 9.364815412027383e-08
      },
      "other_mass": 6.387658120021733e-05
    },
    "b2b4": {
      "fen_after_white": "rnbqkbnr/pppppppp/8/8/1P6/8/P1PPPPPP/RNBQKBNR b KQkq - 0 1",
      "black_reply_probs": {
        "c7c5": 7.167150073428274e-08,
        "e7e5": 0.014307547360658646,
        "e7e6": 1.1035051556973485e-06,
        "c7c6": 1.514860903384374e-09,
        "d7d5": 0.013156919740140438,
        "g8f6": 0.9724025726318359,
        "g7g6": 0.00011331928544677794,
        "d7d6": 9.268155309882786e-08
      },
      "other_mass": 1.8371608847767007e-05
    },
    "a2a4": {
      "fen_after_white": "rnbqkbnr/pppppppp/8/8/P7/8/1PPPPPPP/RNBQKBNR b KQkq - 0 1",
      "black_reply_probs": {
        "c7c5": 4.4674138166556077e-07,
        "e7e5": 0.003427501069381833,
        "e7e6": 2.903422000599676e-07,
        "c7c6": 1.4657594027411847e-09,
        "d7d5": 0.011861908249557018,
        "g8f6": 0.9846283197402954,
        "g7g6": 1.1244983397773467e-05,
        "d7d6": 3.8735726093364065e-07
      },
      "other_mass": 6.990005076590311e-05
    }
  },
  "meta": {
    "elo_self": 2800,
    "elo_oppo": 2800,
    "temperature": 1.0,
    "maia_type": "blitz",
    "white_moves_probed": [
      "e2e4",
      "d2d4",
      "c2c4",
      "g1f3",
      "g2g3",
      "b2b3",
      "f2f4",
      "b2b4",
      "a2a4"
    ],
    "black_replies_probed": [
      "c7c5",
      "e7e5",
      "e7e6",
      "c7c6",
      "d7d5",
      "g8f6",
      "g7g6",
      "d7d6"
    ]
  }
}