{
  "white_first_move_probs": {
    "e2e4": 1.5801566405571066e-05,
    "d2d4": 1.883950460912498e-11,
    "c2c4": 1.475761019455036e-17,
    "g1f3": 0.9999841451644897,
    "g2g3": 1.9574421402500454e-21,
    "b2b3": 2.0406339684399094e-29,
    "f2f4": 3.55970027639128e-21,
    "b2b4": 2.2818422603331837e-26,
    "a2a4": 6.87002803334548e-32
  },
  "white_other_mass": 5.325026519731324e-08,
  "black_reply_probs_cond_on_white": {
    "e2e4": {
      "fen_after_white": "rnbqkbnr/pppppppp/8/8/4P3/8/PPPP1PPP/RNBQKBNR b KQkq - 0 1",
      "black_reply_probs": {
        "c7c5": 1.7141749860720098e-16,
        "e7e5": 0.00012243582750670612,
        "e7e6": 3.0661548375082324e-18,
        "c7c6": 9.619218102948338e-30,
        "d7d5": 1.5798177002701586e-11,
        "g8f6": 0.9998775720596313,
        "g7g6": 3.1486972521303384e-20,
        "d7d6": 3.782331818512736e-23
      },
      "other_mass": 0.0
    },
    "d2d4": {
      "fen_after_white": "rnbqkbnr/pppppppp/8/8/3P4/8/PPP1PPPP/RNBQKBNR b KQkq - 0 1",
      "black_reply_probs": {
        "c7c5": 1.756446066043062e-18,
        "e7e5": 3.3149979117297335e-06,
        "e7e6": 4.711351418415083e-19,
        "c7c6": 3.7499374755920744e-31,
        "d7d5": 6.159758814128224e-11,
        "g8f6": 0.9999966621398926,
        "g7g6": 3.2263216902699044e-20,
        "d7d6": 1.5886052510348148e-23
      },
      "other_mass": 2.2800598076244682e-08
    },
    "c2c4": {
      "fen_after_white": "rnbqkbnr/pppppppp/8/8/2P5/8/PP1PPPPP/RNBQKBNR b KQkq - 0 1",
      "black_reply_probs": {
        "c7c5": 1.4487249520059852e-17,
        "e7e5": 1.5941970559651963e-05,
        "e7e6": 1.3403716071400809e-19,
        "c7c6": 1.5065578526409827e-30,
        "d7d5": 5.46717402252761e-12,
        "g8f6": 0.9999840259552002,
        "g7g6": 7.13241006817823e-21,
        "d7d6": 1.3739986394408784e-23
      },
      "other_mass": 3.206877297046162e-08
    },
    "g1f3": {
      "fen_after_white": "rnbqkbnr/pppppppp/8/8/8/5N2/PPPPPPPP/RNBQKB1R b KQkq - 1 1",
      "black_reply_probs": {
        "c7c5": 1.181351143989346e-17,
        "e7e5": 4.312203145673266e-06,
        "e7e6": 4.6809440006036923e-20,
        "c7c6": 7.654341374101127e-32,
        "d7d5": 1.0723459446804195e-11,
        "g8f6": 0.9999957084655762,
        "g7g6": 6.308513944268406e-21,
        "d7d6": 2.7520838544721184e-24
      },
      "other_mass": 0.0
    },
    "g2g3": {
      "fen_after_white": "rnbqkbnr/pppppppp/8/8/8/6P1/PPPPPP1P/RNBQKBNR b KQkq - 0 1",
      "black_reply_probs": {
        "c7c5": 1.1780377066096424e-17,
        "e7e5": 2.0677463908214122e-05,
        "e7e6": 5.227605049220114e-20,
        "c7c6": 2.5953213150336118e-31,
        "d7d5": 2.166394147407047e-11,
        "g8f6": 0.9999793767929077,
        "g7g6": 5.318621896906083e-21,
        "d7d6": 3.612494641011902e-24
      },
      "other_mass": 0.0
    },
    "b2b3": {
      "fen_after_white": "rnbqkbnr/pppppppp/8/8/8/1P6/P1PPPPPP/RNBQKBNR b KQkq - 0 1",
      "black_reply_probs": {
        "c7c5": 8.22663275830299e-19,
        "e7e5": 2.0130019038333558e-05,
        "e7e6": 6.853078930137315e-20,
        "c7c6": 4.3666035752749727e-32,
        "d7d5": 6.799295935305816e-12,
        "g8f6": 0.9999798536300659,
        "g7g6": 1.2059038019820109e-20,
        "d7d6": 8.376998755089236e-25
      },
      "other_mass": 1.6344096409603992e-08
    },
    "f2f4": {
      "fen_after_white": "rnbqkbnr/pppppppp/8/8/5P2/8/PPPPP1PP/RNBQKBNR b KQkq - 0 1",
      "black_reply_probs": {
        "c7c5": 6.1868882926036324e-18,
        "e7e5": 7.275617917912314e-06,
        "e7e6": 1.4350402310482728e-19,
        "c7c6": 1.2174216482285467e-31,
        "d7d5": 1.5744192408129187e-11,
        "g8f6": 0.9999927282333374,
        "g7g6": 6.598195179723891e-21,
        "d7d6": 4.868259833497432e-24
      },
      "other_mass": 0.0
    },
    "b2b4": {
      "fen_after_white": "rnbqkbnr/pppppppp/8/8/1P6/8/P1PPPPPP/RNBQKBNR b KQkq - 0 1",
      "black_reply_probs": {
        "c7c5": 3.706132845213146e-19,
        "e7e5": 7.141111564124003e-05,
        "e7e6": 9.583173807713922e-19,
        "c7c6": 3.7112599498680986e-31,
        "d7d5": 1.80935266769211e-11,
        "g8f6": 0.9999285936355591,
        "g7g6": 1.5171104741746273e-20,
        "d7d6": 6.436571322201074e-24
      },
      "other_mass": 0.0
    },
    "a2a4": {
      "fen_after_white": "rnbqkbnr/pppppppp/8/8/P7/8/1PPPPPPP/RNBQKBNR b KQkq - 0 1",
      "black_reply_probs": {
        "c7c5": 1.0642577105435087e-18,
        "e7e5": 1.4927686606824864e-05,
        "e7e6": 2.5891013282438323e-20,
        "c7c6": 1.5044509200764558e-31,
        "d7d5": 1.694465054380423e-11,
        "g8f6": 0.9999850988388062,
        "g7g6": 4.697220637080877e-22,
        "d7d6": 3.848158947837627e-24
      },
      "other_mass": 0.0
    }
  },
  "meta": {
    "elo_self": 2800,
    "elo_oppo": 2800,
    "temperature": 1.0,
    "maia_type": "blitz",
    "white_moves_probed": [
      "e2e4",
      "d2d4",
      "c2c4",
      "g1f3",
      "g2g3",
      "b2b3",
      "f2f4",
      "b2b4",
      "a2a4"
    ],
    "black_replies_probed": [
      "c7c5",
      "e7e5",
      "e7e6",
      "c7c6",
      "d7d5",
      "g8f6",
      "g7g6",
      "d7d6"
    ]
  }
}