{
  "white_first_move_probs": {
    "e2e4": 0.5232678055763245,
    "d2d4": 0.17926469445228577,
    "c2c4": 0.019200215116143227,
    "g1f3": 0.2763071358203888,
    "g2g3": 0.0006375873927026987,
    "b2b3": 2.8601398298633285e-05,
    "f2f4": 0.0003074620326515287,
    "b2b4": 1.78978791609552e-06,
    "a2a4": 6.005181603541132e-06
  },
  "white_other_mass": 0.0009787032416852526,
  "black_reply_probs_cond_on_white": {
    "e2e4": {
      "fen_after_white": "rnbqkbnr/pppppppp/8/8/4P3/8/PPPP1PPP/RNBQKBNR b KQkq - 0 1",
      "black_reply_probs": {
        "c7c5": 0.14856413006782532,
        "e7e5": 0.6534808874130249,
        "e7e6": 0.002713350811973214,
        "c7c6": 0.0003808320907410234,
        "d7d5": 0.09401275962591171,
        "g8f6": 0.09137072414159775,
        "g7g6": 0.0030482683796435595,
        "d7d6": 0.0022417029831558466
      },
      "other_mass": 0.004187344486126676
    },
    "d2d4": {
      "fen_after_white": "rnbqkbnr/pppppppp/8/8/3P4/8/PPP1PPPP/RNBQKBNR b KQkq - 0 1",
      "black_reply_probs": {
        "c7c5": 0.005282177589833736,
        "e7e5": 0.024858646094799042,
        "e7e6": 0.0005827879067510366,
        "c7c6": 4.487562182475813e-05,
        "d7d5": 0.14276543259620667,
        "g8f6": 0.8160422444343567,
        "g7g6": 0.009365102276206017,
        "d7d6": 0.0002758153423201293
      },
      "other_mass": 0.0007829181377019268
    },
    "c2c4": {
      "fen_after_white": "rnbqkbnr/pppppppp/8/8/2P5/8/PP1PPPPP/RNBQKBNR b KQkq - 0 1",
      "black_reply_probs": {
        "c7c5": 0.017624003812670708,
        "e7e5": 0.4569002687931061,
        "e7e6": 0.0005021406104788184,
        "c7c6": 5.7750108680920675e-05,
        "d7d5": 0.026900066062808037,
        "g8f6": 0.48891255259513855,
        "g7g6": 0.0046072229743003845,
        "d7d6": 0.0008175240363925695
      },
      "other_mass": 0.0036784710064239334
    },
    "g1f3": {
      "fen_after_white": "rnbqkbnr/pppppppp/8/8/8/5N2/PPPPPPPP/RNBQKB1R b KQkq - 1 1",
      "black_reply_probs": {
        "c7c5": 0.024748869240283966,
        "e7e5": 0.1014733538031578,
        "e7e6": 0.00022100695059634745,
        "c7c6": 1.8294645997229964e-05,
        "d7d5": 0.13146889209747314,
        "g8f6": 0.7356519103050232,
        "g7g6": 0.00426670303568244,
        "d7d6": 0.0002162666933145374
      },
      "other_mass": 0.001934703228471335
    },
    "g2g3": {
      "fen_after_white": "rnbqkbnr/pppppppp/8/8/8/6P1/PPPPPP1P/RNBQKBNR b KQkq - 0 1",
      "black_reply_probs": {
        "c7c5": 0.02667699195444584,
        "e7e5": 0.483856737613678,
        "e7e6": 0.0003498607547953725,
        "c7c6": 6.564854993484914e-05,
        "d7d5": 0.19683939218521118,
        "g8f6": 0.2880821228027344,
        "g7g6": 0.0014374444726854563,
        "d7d6": 0.00037865928607061505
      },
      "other_mass": 0.002313142380444333
    },
    "b2b3": {
      "fen_after_white": "rnbqkbnr/pppppppp/8/8/8/1P6/P1PPPPPP/RNBQKBNR b KQkq - 0 1",
      "black_reply_probs": {
        "c7c5": 0.011574002914130688,
        "e7e5": 0.6116388440132141,
        "e7e6": 0.0009415042004548013,
        "c7c6": 5.8333316701464355e-05,
        "d7d5": 0.14982938766479492,
        "g8f6": 0.2183745801448822,
        "g7g6": 0.00451406417414546,
        "d7d6": 0.00035240541910752654
      },
      "other_mass": 0.0027168781525688246
    },
    "f2f4": {
      "fen_after_white": "rnbqkbnr/pppppppp/8/8/5P2/8/PPPPP1PP/RNBQKBNR b KQkq - 0 1",
      "black_reply_probs": {
        "c7c5": 0.04852340742945671,
        "e7e5": 0.4389432668685913,
        "e7e6": 0.001667607924900949,
        "c7c6": 0.0001353833795292303,
        "d7d5": 0.1587626188993454,
        "g8f6": 0.34538453817367554,
        "g7g6": 0.0029897522181272507,
        "d7d6": 0.0008570237550884485
      },
      "other_mass": 0.002736401351285167
    },
    "b2b4": {
      "fen_after_white": "rnbqkbnr/pppppppp/8/8/1P6/8/P1PPPPPP/RNBQKBNR b KQkq - 0 1",
      "black_reply_probs": {
        "c7c5": 0.0034047516528517008,
        "e7e5": 0.716566801071167,
        "e7e6": 0.0026352922432124615,
        "c7c6": 0.0001870164996944368,
        "d7d5": 0.12652306258678436,
        "g8f6": 0.1384454220533371,
        "g7g6": 0.00734661566093564,
        "d7d6": 0.001050082966685295
      },
      "other_mass": 0.0038409552653320134
    },
    "a2a4": {
      "fen_after_white": "rnbqkbnr/pppppppp/8/8/P7/8/1PPPPPPP/RNBQKBNR b KQkq - 0 1",
      "black_reply_probs": {
        "c7c5": 0.010445572435855865,
        "e7e5": 0.47596412897109985,
        "e7e6": 0.0003419892454985529,
        "c7c6": 4.4321765017230064e-05,
        "d7d5": 0.16596809029579163,
        "g8f6": 0.34323957562446594,
        "g7g6": 0.0014910405734553933,
        "d7d6": 0.0005195215926505625
      },
      "other_mass": 0.001985759496164974
    }
  },
  "meta": {
    "elo_self": 2800,
    "elo_oppo": 2800,
    "temperature": 1.0,
    "maia_type": "blitz",
    "white_moves_probed": [
      "e2e4",
      "d2d4",
      "c2c4",
      "g1f3",
      "g2g3",
      "b2b3",
      "f2f4",
      "b2b4",
      "a2a4"
    ],
    "black_replies_probed": [
      "c7c5",
      "e7e5",
      "e7e6",
      "c7c6",
      "d7d5",
      "g8f6",
      "g7g6",
      "d7d6"
    ]
  }
}