{
  "white_first_move_probs": {
    "e2e4": 0.3639272153377533,
    "d2d4": 0.0972311943769455,
    "c2c4": 0.011325876228511333,
    "g1f3": 0.5240741968154907,
    "g2g3": 0.0018560481257736683,
    "b2b3": 4.4524658733280376e-05,
    "f2f4": 0.00038108721491880715,
    "b2b4": 2.0057229903613916e-06,
    "a2a4": 1.2631679965124931e-05
  },
  "white_other_mass": 0.0011452198389179102,
  "black_reply_probs_cond_on_white": {
    "e2e4": {
      "fen_after_white": "rnbqkbnr/pppppppp/8/8/4P3/8/PPPP1PPP/RNBQKBNR b KQkq - 0 1",
      "black_reply_probs": {
        "c7c5": 0.17434966564178467,
        "e7e5": 0.5478681325912476,
        "e7e6": 0.0037825237959623337,
        "c7c6": 0.000944329600315541,
        "d7d5": 0.0973193421959877,
        "g8f6": 0.1577763855457306,
        "g7g6": 0.0077619231306016445,
        "d7d6": 0.0033974393736571074
      },
      "other_mass": 0.006800258124712855
    },
    "d2d4": {
      "fen_after_white": "rnbqkbnr/pppppppp/8/8/3P4/8/PPP1PPPP/RNBQKBNR b KQkq - 0 1",
      "black_reply_probs": {
        "c7c5": 0.0032499628141522408,
        "e7e5": 0.009111679159104824,
        "e7e6": 0.0004354635311756283,
        "c7c6": 6.225694960448891e-05,
        "d7d5": 0.06621088087558746,
        "g8f6": 0.8998116254806519,
        "g7g6": 0.020043371245265007,
        "d7d6": 0.0002376208285568282
      },
      "other_mass": 0.0008371391159016639
    },
    "c2c4": {
      "fen_after_white": "rnbqkbnr/pppppppp/8/8/2P5/8/PP1PPPPP/RNBQKBNR b KQkq - 0 1",
      "black_reply_probs": {
        "c7c5": 0.010532986372709274,
        "e7e5": 0.26149782538414,
        "e7e6": 0.0003073055122513324,
        "c7c6": 7.375929271802306e-05,
        "d7d5": 0.014142761938273907,
        "g8f6": 0.7006832957267761,
        "g7g6": 0.009446184150874615,
        "d7d6": 0.000619814672973007
      },
      "other_mass": 0.002696066949283704
    },
    "g1f3": {
      "fen_after_white": "rnbqkbnr/pppppppp/8/8/8/5N2/PPPPPPPP/RNBQKB1R b KQkq - 1 1",
      "black_reply_probs": {
        "c7c5": 0.013862555846571922,
        "e7e5": 0.04271458461880684,
        "e7e6": 0.0001423498324584216,
        "c7c6": 2.3719518139841966e-05,
        "d7d5": 0.055812958627939224,
        "g8f6": 0.8781787157058716,
        "g7g6": 0.007309046108275652,
        "d7d6": 0.00017107198073063046
      },
      "other_mass": 0.0017849977612058865
    },
    "g2g3": {
      "fen_after_white": "rnbqkbnr/pppppppp/8/8/8/6P1/PPPPPP1P/RNBQKBNR b KQkq - 0 1",
      "black_reply_probs": {
        "c7c5": 0.022255443036556244,
        "e7e5": 0.42497017979621887,
        "e7e6": 0.00041163424612022936,
        "c7c6": 0.00013158979709260166,
        "d7d5": 0.13356679677963257,
        "g8f6": 0.41184887290000916,
        "g7g6": 0.0034079449251294136,
        "d7d6": 0.0004990160232409835
      },
      "other_mass": 0.0029085224959999323
    },
    "b2b3": {
      "fen_after_white": "rnbqkbnr/pppppppp/8/8/8/1P6/P1PPPPPP/RNBQKBNR b KQkq - 0 1",
      "black_reply_probs": {
        "c7c5": 0.00894192699342966,
        "e7e5": 0.5162896513938904,
        "e7e6": 0.001219301950186491,
        "c7c6": 0.00010030750854639336,
        "d7d5": 0.10445995628833771,
        "g8f6": 0.35450953245162964,
        "g7g6": 0.010612038895487785,
        "d7d6": 0.00042129389476031065
      },
      "other_mass": 0.003445990623731632
    },
    "f2f4": {
      "fen_after_white": "rnbqkbnr/pppppppp/8/8/5P2/8/PPPPP1PP/RNBQKBNR b KQkq - 0 1",
      "black_reply_probs": {
        "c7c5": 0.05000230297446251,
        "e7e5": 0.3703383207321167,
        "e7e6": 0.003082014387473464,
        "c7c6": 0.0003639924107119441,
        "d7d5": 0.14141623675823212,
        "g8f6": 0.42230042815208435,
        "g7g6": 0.007543525658547878,
        "d7d6": 0.001283241668716073
      },
      "other_mass": 0.003669937257654965
    },
    "b2b4": {
      "fen_after_white": "rnbqkbnr/pppppppp/8/8/1P6/8/P1PPPPPP/RNBQKBNR b KQkq - 0 1",
      "black_reply_probs": {
        "c7c5": 0.0025016223080456257,
        "e7e5": 0.6607020497322083,
        "e7e6": 0.0035881754010915756,
        "c7c6": 0.0003384257433936,
        "d7d5": 0.11064206808805466,
        "g8f6": 0.20036065578460693,
        "g7g6": 0.014267530292272568,
        "d7d6": 0.001388524891808629
      },
      "other_mass": 0.006210947758518159
    },
    "a2a4": {
      "fen_after_white": "rnbqkbnr/pppppppp/8/8/P7/8/1PPPPPPP/RNBQKBNR b KQkq - 0 1",
      "black_reply_probs": {
        "c7c5": 0.008801603689789772,
        "e7e5": 0.33755844831466675,
        "e7e6": 0.0003508675144985318,
        "c7c6": 0.00010021050547948107,
        "d7d5": 0.11734845489263535,
        "g8f6": 0.5293591022491455,
        "g7g6": 0.0033347755670547485,
        "d7d6": 0.0005700826295651495
      },
      "other_mass": 0.0025764546371647157
    }
  },
  "meta": {
    "elo_self": 2800,
    "elo_oppo": 2800,
    "temperature": 1.0,
    "maia_type": "blitz",
    "white_moves_probed": [
      "e2e4",
      "d2d4",
      "c2c4",
      "g1f3",
      "g2g3",
      "b2b3",
      "f2f4",
      "b2b4",
      "a2a4"
    ],
    "black_replies_probed": [
      "c7c5",
      "e7e5",
      "e7e6",
      "c7c6",
      "d7d5",
      "g8f6",
      "g7g6",
      "d7d6"
    ]
  }
}