{
  "white_first_move_probs": {
    "e2e4": 0.5169938206672668,
    "d2d4": 0.08246671408414841,
    "c2c4": 0.016275621950626373,
    "g1f3": 0.3828628659248352,
    "g2g3": 0.00048127598711289465,
    "b2b3": 2.7954454708378762e-05,
    "f2f4": 0.00018866622122004628,
    "b2b4": 8.93420519787469e-07,
    "a2a4": 4.486870693654055e-06
  },
  "white_other_mass": 0.0006977004188684077,
  "black_reply_probs_cond_on_white": {
    "e2e4": {
      "fen_after_white": "rnbqkbnr/pppppppp/8/8/4P3/8/PPPP1PPP/RNBQKBNR b KQkq - 0 1",
      "black_reply_probs": {
        "c7c5": 0.2994772493839264,
        "e7e5": 0.5611718893051147,
        "e7e6": 0.004834684077650309,
        "c7c6": 0.0007133615436032414,
        "d7d5": 0.07134370505809784,
        "g8f6": 0.05277654901146889,
        "g7g6": 0.003023469354957342,
        "d7d6": 0.002778113353997469
      },
      "other_mass": 0.0038809789111837745
    },
    "d2d4": {
      "fen_after_white": "rnbqkbnr/pppppppp/8/8/3P4/8/PPP1PPPP/RNBQKBNR b KQkq - 0 1",
      "black_reply_probs": {
        "c7c5": 0.0031732560601085424,
        "e7e5": 0.004491644911468029,
        "e7e6": 0.00038583145942538977,
        "c7c6": 2.5078232283703983e-05,
        "d7d5": 0.0443103201687336,
        "g8f6": 0.9380982518196106,
        "g7g6": 0.009018179029226303,
        "d7d6": 7.359018491115421e-05
      },
      "other_mass": 0.00042384813423268497
    },
    "c2c4": {
      "fen_after_white": "rnbqkbnr/pppppppp/8/8/2P5/8/PP1PPPPP/RNBQKBNR b KQkq - 0 1",
      "black_reply_probs": {
        "c7c5": 0.013168908655643463,
        "e7e5": 0.3541867136955261,
        "e7e6": 0.0002935992961283773,
        "c7c6": 3.067396755795926e-05,
        "d7d5": 0.008879312314093113,
        "g8f6": 0.6154833436012268,
        "g7g6": 0.006329741794615984,
        "d7d6": 0.00027641348424367607
      },
      "other_mass": 0.0013512931909644976
    },
    "g1f3": {
      "fen_after_white": "rnbqkbnr/pppppppp/8/8/8/5N2/PPPPPPPP/RNBQKB1R b KQkq - 1 1",
      "black_reply_probs": {
        "c7c5": 0.03607181832194328,
        "e7e5": 0.041180774569511414,
        "e7e6": 0.0001609246974112466,
        "c7c6": 1.4201493286236655e-05,
        "d7d5": 0.07649187743663788,
        "g8f6": 0.841756284236908,
        "g7g6": 0.0031903975177556276,
        "d7d6": 7.800801540724933e-05
      },
      "other_mass": 0.0010557137111391057
    },
    "g2g3": {
      "fen_after_white": "rnbqkbnr/pppppppp/8/8/8/6P1/PPPPPP1P/RNBQKBNR b KQkq - 0 1",
      "black_reply_probs": {
        "c7c5": 0.0451260581612587,
        "e7e5": 0.4820488393306732,
        "e7e6": 0.000470365775981918,
        "c7c6": 9.421473805559799e-05,
        "d7d5": 0.14584411680698395,
        "g8f6": 0.32218554615974426,
        "g7g6": 0.001798495533876121,
        "d7d6": 0.0002835450286511332
      },
      "other_mass": 0.002148818464775104
    },
    "b2b3": {
      "fen_after_white": "rnbqkbnr/pppppppp/8/8/8/1P6/P1PPPPPP/RNBQKBNR b KQkq - 0 1",
      "black_reply_probs": {
        "c7c5": 0.011455310508608818,
        "e7e5": 0.5668113827705383,
        "e7e6": 0.0013322914019227028,
        "c7c6": 6.0934151406399906e-05,
        "d7d5": 0.08418715000152588,
        "g8f6": 0.3250221610069275,
        "g7g6": 0.009112793952226639,
        "d7d6": 0.00021216833556536585
      },
      "other_mass": 0.0018058078712783754
    },
    "f2f4": {
      "fen_after_white": "rnbqkbnr/pppppppp/8/8/5P2/8/PPPPP1PP/RNBQKBNR b KQkq - 0 1",
      "black_reply_probs": {
        "c7c5": 0.11468670517206192,
        "e7e5": 0.21470396220684052,
        "e7e6": 0.005509141366928816,
        "c7c6": 0.0003619081689976156,
        "d7d5": 0.22064021229743958,
        "g8f6": 0.43024763464927673,
        "g7g6": 0.008900954388082027,
        "d7d6": 0.0012273462489247322
      },
      "other_mass": 0.003722135501448065
    },
    "b2b4": {
      "fen_after_white": "rnbqkbnr/pppppppp/8/8/1P6/8/P1PPPPPP/RNBQKBNR b KQkq - 0 1",
      "black_reply_probs": {
        "c7c5": 0.0022976596374064684,
        "e7e5": 0.6529375910758972,
        "e7e6": 0.003962979186326265,
        "c7c6": 0.0002470176841598004,
        "d7d5": 0.11034200340509415,
        "g8f6": 0.205255389213562,
        "g7g6": 0.016683142632246017,
        "d7d6": 0.0008146411855705082
      },
      "other_mass": 0.007459575979737565
    },
    "a2a4": {
      "fen_after_white": "rnbqkbnr/pppppppp/8/8/P7/8/1PPPPPPP/RNBQKBNR b KQkq - 0 1",
      "black_reply_probs": {
        "c7c5": 0.01008287537842989,
        "e7e5": 0.4356882572174072,
        "e7e6": 0.0003435284015722573,
        "c7c6": 4.9737274821382016e-05,
        "d7d5": 0.08259646594524384,
        "g8f6": 0.46831855177879333,
        "g7g6": 0.0015375552466139197,
        "d7d6": 0.00023474056797567755
      },
      "other_mass": 0.0011482881891424768
    }
  },
  "meta": {
    "elo_self": 2800,
    "elo_oppo": 2800,
    "temperature": 1.0,
    "maia_type": "blitz",
    "white_moves_probed": [
      "e2e4",
      "d2d4",
      "c2c4",
      "g1f3",
      "g2g3",
      "b2b3",
      "f2f4",
      "b2b4",
      "a2a4"
    ],
    "black_replies_probed": [
      "c7c5",
      "e7e5",
      "e7e6",
      "c7c6",
      "d7d5",
      "g8f6",
      "g7g6",
      "d7d6"
    ]
  }
}