{
  "white_first_move_probs": {
    "e2e4": 0.7141071557998657,
    "d2d4": 0.10352152585983276,
    "c2c4": 0.012052897363901138,
    "g1f3": 0.16858771443367004,
    "g2g3": 0.0007008325192146003,
    "b2b3": 3.064714837819338e-05,
    "f2f4": 0.00021989564993418753,
    "b2b4": 1.2840546332881786e-06,
    "a2a4": 1.6776491975178942e-05
  },
  "white_other_mass": 0.0007612706785948831,
  "black_reply_probs_cond_on_white": {
    "e2e4": {
      "fen_after_white": "rnbqkbnr/pppppppp/8/8/4P3/8/PPPP1PPP/RNBQKBNR b KQkq - 0 1",
      "black_reply_probs": {
        "c7c5": 0.3139314353466034,
        "e7e5": 0.5833861231803894,
        "e7e6": 0.004793752916157246,
        "c7c6": 0.0009005649480968714,
        "d7d5": 0.03890470415353775,
        "g8f6": 0.04391586780548096,
        "g7g6": 0.00618731789290905,
        "d7d6": 0.003707301337271929
      },
      "other_mass": 0.004272932419553399
    },
    "d2d4": {
      "fen_after_white": "rnbqkbnr/pppppppp/8/8/3P4/8/PPP1PPPP/RNBQKBNR b KQkq - 0 1",
      "black_reply_probs": {
        "c7c5": 0.004694098141044378,
        "e7e5": 0.022262757644057274,
        "e7e6": 0.0014492173213511705,
        "c7c6": 6.227999256225303e-05,
        "d7d5": 0.08214835822582245,
        "g8f6": 0.8701509237289429,
        "g7g6": 0.01797262206673622,
        "d7d6": 0.0003320530813653022
      },
      "other_mass": 0.0009276897981180809
    },
    "c2c4": {
      "fen_after_white": "rnbqkbnr/pppppppp/8/8/2P5/8/PP1PPPPP/RNBQKBNR b KQkq - 0 1",
      "black_reply_probs": {
        "c7c5": 0.01858494058251381,
        "e7e5": 0.5581622123718262,
        "e7e6": 0.0007000037003308535,
        "c7c6": 6.75554692861624e-05,
        "d7d5": 0.013819323852658272,
        "g8f6": 0.39711201190948486,
        "g7g6": 0.009566151537001133,
        "d7d6": 0.00047623386490158737
      },
      "other_mass": 0.0015115667119971476
    },
    "g1f3": {
      "fen_after_white": "rnbqkbnr/pppppppp/8/8/8/5N2/PPPPPPPP/RNBQKB1R b KQkq - 1 1",
      "black_reply_probs": {
        "c7c5": 0.04091678187251091,
        "e7e5": 0.1436586081981659,
        "e7e6": 0.0006733136833645403,
        "c7c6": 4.629455361282453e-05,
        "d7d5": 0.13641047477722168,
        "g8f6": 0.6683807969093323,
        "g7g6": 0.007683241739869118,
        "d7d6": 0.0003466794150881469
      },
      "other_mass": 0.0018838088508346118
    },
    "g2g3": {
      "fen_after_white": "rnbqkbnr/pppppppp/8/8/8/6P1/PPPPPP1P/RNBQKBNR b KQkq - 0 1",
      "black_reply_probs": {
        "c7c5": 0.03862612694501877,
        "e7e5": 0.6000968217849731,
        "e7e6": 0.0008133991505019367,
        "c7c6": 0.00016202907136175781,
        "d7d5": 0.1420900523662567,
        "g8f6": 0.21205464005470276,
        "g7g6": 0.0030218272004276514,
        "d7d6": 0.000486874720081687
      },
      "other_mass": 0.0026482287066755816
    },
    "b2b3": {
      "fen_after_white": "rnbqkbnr/pppppppp/8/8/8/1P6/P1PPPPPP/RNBQKBNR b KQkq - 0 1",
      "black_reply_probs": {
        "c7c5": 0.010060005821287632,
        "e7e5": 0.7322357296943665,
        "e7e6": 0.001728635746985674,
        "c7c6": 9.406980097992346e-05,
        "d7d5": 0.08787260204553604,
        "g8f6": 0.15618175268173218,
        "g7g6": 0.009708024561405182,
        "d7d6": 0.00038097944343462586
      },
      "other_mass": 0.0017382002042722888
    },
    "f2f4": {
      "fen_after_white": "rnbqkbnr/pppppppp/8/8/5P2/8/PPPPP1PP/RNBQKBNR b KQkq - 0 1",
      "black_reply_probs": {
        "c7c5": 0.11142289638519287,
        "e7e5": 0.42102566361427307,
        "e7e6": 0.007932727225124836,
        "c7c6": 0.000480737624457106,
        "d7d5": 0.20599304139614105,
        "g8f6": 0.24049152433872223,
        "g7g6": 0.007718358188867569,
        "d7d6": 0.001758332597091794
      },
      "other_mass": 0.0031767186301294714
    },
    "b2b4": {
      "fen_after_white": "rnbqkbnr/pppppppp/8/8/1P6/8/P1PPPPPP/RNBQKBNR b KQkq - 0 1",
      "black_reply_probs": {
        "c7c5": 0.002154822461307049,
        "e7e5": 0.7707281112670898,
        "e7e6": 0.004064023960381746,
        "c7c6": 0.00023700868769083172,
        "d7d5": 0.09687358140945435,
        "g8f6": 0.10112915188074112,
        "g7g6": 0.016727905720472336,
        "d7d6": 0.0009799707913771272
      },
      "other_mass": 0.007105423821485601
    },
    "a2a4": {
      "fen_after_white": "rnbqkbnr/pppppppp/8/8/P7/8/1PPPPPPP/RNBQKBNR b KQkq - 0 1",
      "black_reply_probs": {
        "c7c5": 0.01050964929163456,
        "e7e5": 0.6207078099250793,
        "e7e6": 0.0006530685932375491,
        "c7c6": 7.748435018584132e-05,
        "d7d5": 0.09942212700843811,
        "g8f6": 0.2635304927825928,
        "g7g6": 0.0031261700205504894,
        "d7d6": 0.0004669995396398008
      },
      "other_mass": 0.0015061984886415303
    }
  },
  "meta": {
    "elo_self": 2800,
    "elo_oppo": 2800,
    "temperature": 1.0,
    "maia_type": "blitz",
    "white_moves_probed": [
      "e2e4",
      "d2d4",
      "c2c4",
      "g1f3",
      "g2g3",
      "b2b3",
      "f2f4",
      "b2b4",
      "a2a4"
    ],
    "black_replies_probed": [
      "c7c5",
      "e7e5",
      "e7e6",
      "c7c6",
      "d7d5",
      "g8f6",
      "g7g6",
      "d7d6"
    ]
  }
}