{
  "white_first_move_probs": {
    "e2e4": 0.5869125127792358,
    "d2d4": 0.16431501507759094,
    "c2c4": 0.011126123368740082,
    "g1f3": 0.23589622974395752,
    "g2g3": 0.0005246927030384541,
    "b2b3": 3.0094539397396147e-05,
    "f2f4": 0.000283593573840335,
    "b2b4": 1.8043089085040265e-06,
    "a2a4": 9.564977517584339e-06
  },
  "white_other_mass": 0.0009003689277733429,
  "black_reply_probs_cond_on_white": {
    "e2e4": {
      "fen_after_white": "rnbqkbnr/pppppppp/8/8/4P3/8/PPPP1PPP/RNBQKBNR b KQkq - 0 1",
      "black_reply_probs": {
        "c7c5": 0.14046736061573029,
        "e7e5": 0.6255393028259277,
        "e7e6": 0.003304159501567483,
        "c7c6": 0.0009886252228170633,
        "d7d5": 0.12122515588998795,
        "g8f6": 0.09687354415655136,
        "g7g6": 0.0028760801069438457,
        "d7d6": 0.003547314554452896
      },
      "other_mass": 0.005178457126021385
    },
    "d2d4": {
      "fen_after_white": "rnbqkbnr/pppppppp/8/8/3P4/8/PPP1PPPP/RNBQKBNR b KQkq - 0 1",
      "black_reply_probs": {
        "c7c5": 0.004851401783525944,
        "e7e5": 0.035033345222473145,
        "e7e6": 0.000826554314699024,
        "c7c6": 9.087464422918856e-05,
        "d7d5": 0.20230364799499512,
        "g8f6": 0.7475630044937134,
        "g7g6": 0.007892993278801441,
        "d7d6": 0.00046429436770267785
      },
      "other_mass": 0.0009738838998600841
    },
    "c2c4": {
      "fen_after_white": "rnbqkbnr/pppppppp/8/8/2P5/8/PP1PPPPP/RNBQKBNR b KQkq - 0 1",
      "black_reply_probs": {
        "c7c5": 0.01343558169901371,
        "e7e5": 0.531707227230072,
        "e7e6": 0.000404814665671438,
        "c7c6": 7.875843584770337e-05,
        "d7d5": 0.02494014799594879,
        "g8f6": 0.42259323596954346,
        "g7g6": 0.0035536435898393393,
        "d7d6": 0.000782706483732909
      },
      "other_mass": 0.0025038839303306304
    },
    "g1f3": {
      "fen_after_white": "rnbqkbnr/pppppppp/8/8/8/5N2/PPPPPPPP/RNBQKB1R b KQkq - 1 1",
      "black_reply_probs": {
        "c7c5": 0.020465372130274773,
        "e7e5": 0.1619608998298645,
        "e7e6": 0.00027471414068713784,
        "c7c6": 3.603169534471817e-05,
        "d7d5": 0.15142036974430084,
        "g8f6": 0.660629391670227,
        "g7g6": 0.0029751774854958057,
        "d7d6": 0.0003265825507696718
      },
      "other_mass": 0.0019114607530354988
    },
    "g2g3": {
      "fen_after_white": "rnbqkbnr/pppppppp/8/8/8/6P1/PPPPPP1P/RNBQKBNR b KQkq - 0 1",
      "black_reply_probs": {
        "c7c5": 0.019330358132719994,
        "e7e5": 0.5372481942176819,
        "e7e6": 0.0003260183148086071,
        "c7c6": 0.00010171549365622923,
        "d7d5": 0.19597698748111725,
        "g8f6": 0.24337823688983917,
        "g7g6": 0.0011806447291746736,
        "d7d6": 0.00043488165829330683
      },
      "other_mass": 0.002022963082708884
    },
    "b2b3": {
      "fen_after_white": "rnbqkbnr/pppppppp/8/8/8/1P6/P1PPPPPP/RNBQKBNR b KQkq - 0 1",
      "black_reply_probs": {
        "c7c5": 0.008169116452336311,
        "e7e5": 0.6731399297714233,
        "e7e6": 0.00092175358440727,
        "c7c6": 8.774125308264047e-05,
        "d7d5": 0.14196325838565826,
        "g8f6": 0.16980473697185516,
        "g7g6": 0.0033943443559110165,
        "d7d6": 0.00043799684499390423
      },
      "other_mass": 0.00208112238033209
    },
    "f2f4": {
      "fen_after_white": "rnbqkbnr/pppppppp/8/8/5P2/8/PPPPP1PP/RNBQKBNR b KQkq - 0 1",
      "black_reply_probs": {
        "c7c5": 0.041247330605983734,
        "e7e5": 0.4894373118877411,
        "e7e6": 0.0020508768502622843,
        "c7c6": 0.0002611986710689962,
        "d7d5": 0.19796529412269592,
        "g8f6": 0.26237747073173523,
        "g7g6": 0.0027700611390173435,
        "d7d6": 0.0012346738949418068
      },
      "other_mass": 0.002655782096553594
    },
    "b2b4": {
      "fen_after_white": "rnbqkbnr/pppppppp/8/8/1P6/8/P1PPPPPP/RNBQKBNR b KQkq - 0 1",
      "black_reply_probs": {
        "c7c5": 0.002268190262839198,
        "e7e5": 0.7562112808227539,
        "e7e6": 0.002238159067928791,
        "c7c6": 0.0002470612816978246,
        "d7d5": 0.1223139539361,
        "g8f6": 0.10616043210029602,
        "g7g6": 0.0054611144587397575,
        "d7d6": 0.001271885703317821
      },
      "other_mass": 0.003827922366326675
    },
    "a2a4": {
      "fen_after_white": "rnbqkbnr/pppppppp/8/8/P7/8/1PPPPPPP/RNBQKBNR b KQkq - 0 1",
      "black_reply_probs": {
        "c7c5": 0.008280311711132526,
        "e7e5": 0.5277324914932251,
        "e7e6": 0.000250945333391428,
        "c7c6": 7.48257152736187e-05,
        "d7d5": 0.1763930469751358,
        "g8f6": 0.2842828035354614,
        "g7g6": 0.0008772487053647637,
        "d7d6": 0.0005343777593225241
      },
      "other_mass": 0.0015739487716928124
    }
  },
  "meta": {
    "elo_self": 2800,
    "elo_oppo": 2800,
    "temperature": 1.0,
    "maia_type": "blitz",
    "white_moves_probed": [
      "e2e4",
      "d2d4",
      "c2c4",
      "g1f3",
      "g2g3",
      "b2b3",
      "f2f4",
      "b2b4",
      "a2a4"
    ],
    "black_replies_probed": [
      "c7c5",
      "e7e5",
      "e7e6",
      "c7c6",
      "d7d5",
      "g8f6",
      "g7g6",
      "d7d6"
    ]
  }
}