loss,mean_logp_gap_policy_chosen_rejected,mean_logp_gap_base_chosen_rejected,mean_gap_improvement,top1_accuracy_on_chosen_policy,top1_accuracy_on_chosen_base,mean_p_chosen_policy,mean_p_chosen_base,mean_kl,mean_ent_pi,mean_ent_ref
1.81061484509408,2.0562536725127445,1.8577811326721245,0.19847254898834435,0.42245557350565427,0.39768443726440494,0.32732529991983916,0.30536063104530914,0.1720665469003353,1.474747735451291,1.4548020473910586
