loss,mean_logp_gap_policy_chosen_rejected,mean_logp_gap_base_chosen_rejected,mean_gap_improvement,top1_accuracy_on_chosen_policy,top1_accuracy_on_chosen_base,mean_p_chosen_policy,mean_p_chosen_base,mean_kl,mean_ent_pi,mean_ent_ref
1.8957764006585411,2.15312176592965,1.8577811326721245,0.29534061926311234,0.41814754981152397,0.39768443726440494,0.33143811461485134,0.30536063104530914,0.16440047468141517,1.4289644236325834,1.4548020473910586
