{"loss": 1.8873060634846193, "mean_logp_gap_policy_chosen_rejected": 2.1506366172206612, "mean_logp_gap_base_chosen_rejected": 1.8577811326721245, "mean_gap_improvement": 0.2928554878866538, "top1_accuracy_on_chosen_policy": 0.42299407646742054, "top1_accuracy_on_chosen_base": 0.39768443726440494, "mean_p_chosen_policy": 0.33156968978186996, "mean_p_chosen_base": 0.30536063104530914, "mean_kl": 0.16262510881895137, "mean_ent_pi": 1.4284894579382563, "mean_ent_ref": 1.4548020473910586, "top1_precision": 0.42299407646742054, "top1_recall": 0.42299407646742054, "top1_f1": 0.42299407646742054, "top3_precision": 0.7539041464728056, "top3_recall": 0.7539041464728056, "top3_f1": 0.7539041464728056, "top5_precision": 0.8686052773290253, "top5_recall": 0.8686052773290253, "top5_f1": 0.8686052773290254, "top10_precision": 0.9644588045234249, "top10_recall": 0.9644588045234249, "top10_f1": 0.964458804523425, "mean_logp_gap_policy_chosen_rejected_cond_on_not_in_top_ten": 1.1619606488187548, "mean_logp_gap_base_chosen_rejected_cond_on_not_in_top_ten": 1.142885342450209, "mean_gap_improvement_cond_on_not_in_top_ten": 0.019075306368545746, "top1_accuracy_on_chosen_policy_cond_on_not_in_top_ten": 0.176056338028169, "top1_accuracy_on_chosen_base_cond_on_not_in_top_ten": 0.18309859154929578, "mean_p_chosen_policy_cond_on_not_in_top_ten": 0.14463563657772713, "mean_p_chosen_base_cond_on_not_in_top_ten": 0.15010908650879493, "mean_kl_cond_on_not_in_top_ten": 0.09201778350299565, "mean_ent_pi_cond_on_not_in_top_ten": 1.8142833841938368, "mean_ent_ref_cond_on_not_in_top_ten": 1.7854393124580383, "top1_precision_cond_on_not_in_top_ten": 0.176056338028169, "top1_recall_cond_on_not_in_top_ten": 0.176056338028169, "top1_f1_cond_on_not_in_top_ten": 0.176056338028169, "top3_precision_cond_on_not_in_top_ten": 0.5, "top3_recall_cond_on_not_in_top_ten": 0.5, "top3_f1_cond_on_not_in_top_ten": 0.5, "top5_precision_cond_on_not_in_top_ten": 0.6549295774647887, "top5_recall_cond_on_not_in_top_ten": 0.6549295774647887, "top5_f1_cond_on_not_in_top_ten": 0.6549295774647887, "top10_precision_cond_on_not_in_top_ten": 0.8591549295774648, "top10_recall_cond_on_not_in_top_ten": 0.8591549295774648, "top10_f1_cond_on_not_in_top_ten": 0.8591549295774649, "mean_logp_gap_policy_chosen_rejected_cond_on_in_top_ten": 2.1899400902254986, "mean_logp_gap_base_chosen_rejected_cond_on_in_top_ten": 1.8862008410031423, "mean_gap_improvement_cond_on_in_top_ten": 0.3037392495894619, "top1_accuracy_on_chosen_policy_cond_on_in_top_ten": 0.4328107502799552, "top1_accuracy_on_chosen_base_cond_on_in_top_ten": 0.4062150055991041, "mean_p_chosen_policy_cond_on_in_top_ten": 0.3390009981933883, "mean_p_chosen_base_cond_on_in_top_ten": 0.3115324466093396, "mean_kl_cond_on_in_top_ten": 0.16543200596647098, "mean_ent_pi_cond_on_in_top_ten": 1.4131527365208003, "mean_ent_ref_cond_on_in_top_ten": 1.4416580215226316, "top1_precision_cond_on_in_top_ten": 0.4328107502799552, "top1_recall_cond_on_in_top_ten": 0.4328107502799552, "top1_f1_cond_on_in_top_ten": 0.4328107502799552, "top3_precision_cond_on_in_top_ten": 0.7639977603583427, "top3_recall_cond_on_in_top_ten": 0.7639977603583427, "top3_f1_cond_on_in_top_ten": 0.7639977603583427, "top5_precision_cond_on_in_top_ten": 0.8770996640537514, "top5_recall_cond_on_in_top_ten": 0.8770996640537514, "top5_f1_cond_on_in_top_ten": 0.8770996640537514, "top10_precision_cond_on_in_top_ten": 0.9686450167973124, "top10_recall_cond_on_in_top_ten": 0.9686450167973124, "top10_f1_cond_on_in_top_ten": 0.9686450167973124}