{"loss": 1.81061484509408, "mean_logp_gap_policy_chosen_rejected": 2.0562536725127445, "mean_logp_gap_base_chosen_rejected": 1.8577811326721245, "mean_gap_improvement": 0.19847254898834435, "top1_accuracy_on_chosen_policy": 0.42245557350565427, "top1_accuracy_on_chosen_base": 0.39768443726440494, "mean_p_chosen_policy": 0.32732529991983916, "mean_p_chosen_base": 0.30536063104530914, "mean_kl": 0.1720665469003353, "mean_ent_pi": 1.474747735451291, "mean_ent_ref": 1.4548020473910586, "top1_precision": 0.42245557350565427, "top1_recall": 0.42245557350565427, "top1_f1": 0.4224555735056543, "top3_precision": 0.7560581583198708, "top3_recall": 0.7560581583198708, "top3_f1": 0.7560581583198708, "top5_precision": 0.8686052773290253, "top5_recall": 0.8686052773290253, "top5_f1": 0.8686052773290254, "top10_precision": 0.9652665589660743, "top10_recall": 0.9652665589660743, "top10_f1": 0.9652665589660743, "mean_logp_gap_policy_chosen_rejected_cond_on_not_in_top_ten": 1.0952145591588087, "mean_logp_gap_base_chosen_rejected_cond_on_not_in_top_ten": 1.142885342450209, "mean_gap_improvement_cond_on_not_in_top_ten": -0.04767078329140032, "top1_accuracy_on_chosen_policy_cond_on_not_in_top_ten": 0.16901408450704225, "top1_accuracy_on_chosen_base_cond_on_not_in_top_ten": 0.18309859154929578, "mean_p_chosen_policy_cond_on_not_in_top_ten": 0.14172714843910167, "mean_p_chosen_base_cond_on_not_in_top_ten": 0.15010908650879493, "mean_kl_cond_on_not_in_top_ten": 0.09667062357848537, "mean_ent_pi_cond_on_not_in_top_ten": 1.8732375762831996, "mean_ent_ref_cond_on_not_in_top_ten": 1.7854393124580383, "top1_precision_cond_on_not_in_top_ten": 0.16901408450704225, "top1_recall_cond_on_not_in_top_ten": 0.16901408450704225, "top1_f1_cond_on_not_in_top_ten": 0.16901408450704225, "top3_precision_cond_on_not_in_top_ten": 0.5211267605633803, "top3_recall_cond_on_not_in_top_ten": 0.5211267605633803, "top3_f1_cond_on_not_in_top_ten": 0.5211267605633803, "top5_precision_cond_on_not_in_top_ten": 0.6619718309859155, "top5_recall_cond_on_not_in_top_ten": 0.6619718309859155, "top5_f1_cond_on_not_in_top_ten": 0.6619718309859155, "top10_precision_cond_on_not_in_top_ten": 0.8591549295774648, "top10_recall_cond_on_not_in_top_ten": 0.8591549295774648, "top10_f1_cond_on_not_in_top_ten": 0.8591549295774649, "mean_logp_gap_policy_chosen_rejected_cond_on_in_top_ten": 2.0944584858210598, "mean_logp_gap_base_chosen_rejected_cond_on_in_top_ten": 1.8862008410031423, "mean_gap_improvement_cond_on_in_top_ten": 0.20825764418382528, "top1_accuracy_on_chosen_policy_cond_on_in_top_ten": 0.43253079507278835, "top1_accuracy_on_chosen_base_cond_on_in_top_ten": 0.4062150055991041, "mean_p_chosen_policy_cond_on_in_top_ten": 0.3347035052665755, "mean_p_chosen_base_cond_on_in_top_ten": 0.3115324466093396, "mean_kl_cond_on_in_top_ten": 0.17506380762001922, "mean_ent_pi_cond_on_in_top_ten": 1.4589063050939775, "mean_ent_ref_cond_on_in_top_ten": 1.4416580215226316, "top1_precision_cond_on_in_top_ten": 0.43253079507278835, "top1_recall_cond_on_in_top_ten": 0.43253079507278835, "top1_f1_cond_on_in_top_ten": 0.43253079507278835, "top3_precision_cond_on_in_top_ten": 0.765397536394177, "top3_recall_cond_on_in_top_ten": 0.765397536394177, "top3_f1_cond_on_in_top_ten": 0.765397536394177, "top5_precision_cond_on_in_top_ten": 0.8768197088465846, "top5_recall_cond_on_in_top_ten": 0.8768197088465846, "top5_f1_cond_on_in_top_ten": 0.8768197088465846, "top10_precision_cond_on_in_top_ten": 0.969484882418813, "top10_recall_cond_on_in_top_ten": 0.969484882418813, "top10_f1_cond_on_in_top_ten": 0.9694848824188131}