loss,mean_logp_gap_policy_chosen_rejected,mean_logp_gap_base_chosen_rejected,mean_gap_improvement,top1_accuracy_on_chosen_policy,top1_accuracy_on_chosen_base,mean_p_chosen_policy,mean_p_chosen_base,mean_kl,mean_ent_pi,mean_ent_ref
1.8873060634846193,2.1506366172206612,1.8577811326721245,0.2928554878866538,0.42299407646742054,0.39768443726440494,0.33156968978186996,0.30536063104530914,0.16262510881895137,1.4284894579382563,1.4548020473910586
