{
  "dpo_loss": 0.6707418144966304,
  "mean_logp_gap_policy_chosen_rejected": 2.2790875463958633,
  "mean_logp_gap_base_chosen_rejected": 1.7909928483755637,
  "mean_gap_improvement": 0.4880947133126609,
  "top1_accuracy_on_chosen_policy": 0.3874303896826732,
  "top1_accuracy_on_chosen_base": 0.3998939274982886,
  "mean_p_chosen_policy": 0.3315980459391296,
  "mean_p_chosen_base": 0.3067649205288625,
  "mean_kl": 0.09088398710197493,
  "n_rows": 3771,
  "phase_summary": {
    "kl_pi_ref": {
      "opening": {
        "n": 913,
        "mean": 0.20705758909356187,
        "median": 0.06372341513633728,
        "p90": 0.37363898754119873,
        "p95": 0.3950969874858856,
        "p99": 3.2039945125579834
      },
      "middlegame": {
        "n": 1552,
        "mean": 0.0546091455759507,
        "median": 0.03965600021183491,
        "p90": 0.11277907341718674,
        "p95": 0.15027524530887604,
        "p99": 0.26096847653388977
      },
      "endgame": {
        "n": 1306,
        "mean": 0.05277683094235814,
        "median": 0.03890406899154186,
        "p90": 0.10900856554508209,
        "p95": 0.14587503671646118,
        "p99": 0.2558068633079529
      }
    },
    "logp_gap_pi": {
      "opening": {
        "n": 913,
        "mean": 2.7231558793737487,
        "median": 2.3811569213867188,
        "p90": 7.5207200050354,
        "p95": 9.189862251281738,
        "p99": 13.155431747436523
      },
      "middlegame": {
        "n": 1552,
        "mean": 2.139648332654201,
        "median": 1.8431886434555054,
        "p90": 6.618432998657227,
        "p95": 8.323930740356445,
        "p99": 11.893218994140625
      },
      "endgame": {
        "n": 1306,
        "mean": 2.134351946721581,
        "median": 1.980259895324707,
        "p90": 6.403923988342285,
        "p95": 7.99344539642334,
        "p99": 12.29918384552002
      }
    },
    "p_chosen_pi": {
      "opening": {
        "n": 913,
        "mean": 0.3736258820352311,
        "median": 0.2539297640323639,
        "p90": 0.9140231013298035,
        "p95": 0.9823508262634277,
        "p99": 0.998859167098999
      },
      "middlegame": {
        "n": 1552,
        "mean": 0.30051659158352023,
        "median": 0.17429214715957642,
        "p90": 0.8336379528045654,
        "p95": 0.93320232629776,
        "p99": 0.9954997897148132
      },
      "endgame": {
        "n": 1306,
        "mean": 0.33915317489150754,
        "median": 0.22807097434997559,
        "p90": 0.8693410158157349,
        "p95": 0.9599800705909729,
        "p99": 0.99796462059021
      }
    },
    "correct_top1": {
      "opening": {
        "n": 913,
        "mean": 0.42825848849945236,
        "median": 0.0,
        "p90": 1.0,
        "p95": 1.0,
        "p99": 1.0
      },
      "middlegame": {
        "n": 1552,
        "mean": 0.3537371134020619,
        "median": 0.0,
        "p90": 1.0,
        "p95": 1.0,
        "p99": 1.0
      },
      "endgame": {
        "n": 1306,
        "mean": 0.3989280245022971,
        "median": 0.0,
        "p90": 1.0,
        "p95": 1.0,
        "p99": 1.0
      }
    }
  },
  "bootstrap_ci_row": {
    "accuracy_top1": {
      "mean": 0.38743038981702466,
      "lo": 0.3678069477592151,
      "hi": 0.40148501723680724
    },
    "mean_logp_gap_pi": {
      "mean": 2.279087555705632,
      "lo": 2.1595058662604982,
      "hi": 2.3799519127131585
    },
    "mean_p_chosen_pi": {
      "mean": 0.33159804477435645,
      "lo": 0.32155746838158966,
      "hi": 0.3420699972961918
    },
    "mrr": {
      "mean": 0.5816729301974055,
      "lo": 0.5697539919633249,
      "hi": 0.5945333924072779
    }
  },
  "bootstrap_ci_cluster_by_game": {
    "accuracy_top1": {
      "mean": 0.38743038981702466,
      "lo": 0.37174924719408703,
      "hi": 0.4005420054200542,
      "n_clusters": 100
    },
    "mean_logp_gap_pi": {
      "mean": 2.279087555705632,
      "lo": 2.166108544221085,
      "hi": 2.36838743811901,
      "n_clusters": 100
    },
    "mean_p_chosen_pi": {
      "mean": 0.33159804477435645,
      "lo": 0.32210021885147794,
      "hi": 0.3412602808013566,
      "n_clusters": 100
    },
    "mrr": {
      "mean": 0.5816729301974055,
      "lo": 0.5713288744514179,
      "hi": 0.5908906668922431,
      "n_clusters": 100
    }
  },
  "opening_family_counts_by_game": {
    "Indian Defense (1...Nf6)": 38,
    "Open Game (1...e5)": 25,
    "Sicilian": 21,
    "Caro-Kann": 6,
    "Other": 5,
    "French / e6": 3,
    "Queen's Pawn (1...d5)": 2
  },
  "notes": {
    "opening_family_is_coarse_heuristic": true,
    "precision_recall_f1_equals_accuracy_for_top1_hit": true
  }
}