{"loss": 0.543442192935276, "mean_logp_gap_policy_chosen_rejected": 6.743197272654561, "mean_logp_gap_base_chosen_rejected": 1.8577811326721245, "mean_gap_improvement": 4.885416203695533, "top1_accuracy_on_chosen_policy": 0.3737210554658051, "top1_accuracy_on_chosen_base": 0.39768443726440494, "mean_p_chosen_policy": 0.36400729758032047, "mean_p_chosen_base": 0.30536063104530914, "mean_kl": 0.6983145584036858, "mean_ent_pi": 0.4431032960573447, "mean_ent_ref": 1.4548020473910586, "top1_precision": 0.3737210554658051, "top1_recall": 0.3737210554658051, "top1_f1": 0.3737210554658051, "top3_precision": 0.6908992999461497, "top3_recall": 0.6908992999461497, "top3_f1": 0.6908992999461497, "top5_precision": 0.8185245018847603, "top5_recall": 0.8185245018847603, "top5_f1": 0.8185245018847603, "top10_precision": 0.934841141626279, "top10_recall": 0.934841141626279, "top10_f1": 0.934841141626279, "mean_logp_gap_policy_chosen_rejected_cond_on_not_in_top_ten": 4.273091803134327, "mean_logp_gap_base_chosen_rejected_cond_on_not_in_top_ten": 1.142885342450209, "mean_gap_improvement_cond_on_not_in_top_ten": 3.1302064669803835, "top1_accuracy_on_chosen_policy_cond_on_not_in_top_ten": 0.14788732394366197, "top1_accuracy_on_chosen_base_cond_on_not_in_top_ten": 0.18309859154929578, "mean_p_chosen_policy_cond_on_not_in_top_ten": 0.14509138022509635, "mean_p_chosen_base_cond_on_not_in_top_ten": 0.15010908650879493, "mean_kl_cond_on_not_in_top_ten": 0.7706341122762418, "mean_ent_pi_cond_on_not_in_top_ten": 0.5166118430751224, "mean_ent_ref_cond_on_not_in_top_ten": 1.7854393124580383, "top1_precision_cond_on_not_in_top_ten": 0.14788732394366197, "top1_recall_cond_on_not_in_top_ten": 0.14788732394366197, "top1_f1_cond_on_not_in_top_ten": 0.14788732394366197, "top3_precision_cond_on_not_in_top_ten": 0.43661971830985913, "top3_recall_cond_on_not_in_top_ten": 0.43661971830985913, "top3_f1_cond_on_not_in_top_ten": 0.43661971830985913, "top5_precision_cond_on_not_in_top_ten": 0.6056338028169014, "top5_recall_cond_on_not_in_top_ten": 0.6056338028169014, "top5_f1_cond_on_not_in_top_ten": 0.6056338028169014, "top10_precision_cond_on_not_in_top_ten": 0.8309859154929577, "top10_recall_cond_on_not_in_top_ten": 0.8309859154929577, "top10_f1_cond_on_not_in_top_ten": 0.8309859154929579, "mean_logp_gap_policy_chosen_rejected_cond_on_in_top_ten": 6.84139300703435, "mean_logp_gap_base_chosen_rejected_cond_on_in_top_ten": 1.8862008410031423, "mean_gap_improvement_cond_on_in_top_ten": 4.955192170945421, "top1_accuracy_on_chosen_policy_cond_on_in_top_ten": 0.3826987681970885, "top1_accuracy_on_chosen_base_cond_on_in_top_ten": 0.4062150055991041, "mean_p_chosen_policy_cond_on_in_top_ten": 0.3727099979644672, "mean_p_chosen_base_cond_on_in_top_ten": 0.3115324466093396, "mean_kl_cond_on_in_top_ten": 0.695439590729935, "mean_ent_pi_cond_on_in_top_ten": 0.4401810647761333, "mean_ent_ref_cond_on_in_top_ten": 1.4416580215226316, "top1_precision_cond_on_in_top_ten": 0.3826987681970885, "top1_recall_cond_on_in_top_ten": 0.3826987681970885, "top1_f1_cond_on_in_top_ten": 0.3826987681970885, "top3_precision_cond_on_in_top_ten": 0.7010078387458006, "top3_recall_cond_on_in_top_ten": 0.7010078387458006, "top3_f1_cond_on_in_top_ten": 0.7010078387458006, "top5_precision_cond_on_in_top_ten": 0.8269876819708847, "top5_recall_cond_on_in_top_ten": 0.8269876819708847, "top5_f1_cond_on_in_top_ten": 0.8269876819708847, "top10_precision_cond_on_in_top_ten": 0.938969764837626, "top10_recall_cond_on_in_top_ten": 0.938969764837626, "top10_f1_cond_on_in_top_ten": 0.9389697648376261}