{"loss": 1.8130913264788666, "mean_logp_gap_policy_chosen_rejected": 2.0759394452593694, "mean_logp_gap_base_chosen_rejected": 1.8577811326721245, "mean_gap_improvement": 0.21815831066140837, "top1_accuracy_on_chosen_policy": 0.4246095853527194, "top1_accuracy_on_chosen_base": 0.39768443726440494, "mean_p_chosen_policy": 0.32761203835070873, "mean_p_chosen_base": 0.30536063104530914, "mean_kl": 0.17184668373743822, "mean_ent_pi": 1.4649723428645054, "mean_ent_ref": 1.4548020473910586, "top1_precision": 0.4246095853527194, "top1_recall": 0.4246095853527194, "top1_f1": 0.4246095853527194, "top3_precision": 0.7520193861066236, "top3_recall": 0.7520193861066236, "top3_f1": 0.7520193861066236, "top5_precision": 0.8694130317716747, "top5_recall": 0.8694130317716747, "top5_f1": 0.8694130317716747, "top10_precision": 0.9652665589660743, "top10_recall": 0.9652665589660743, "top10_f1": 0.9652665589660743, "mean_logp_gap_policy_chosen_rejected_cond_on_not_in_top_ten": 1.1245877499311743, "mean_logp_gap_base_chosen_rejected_cond_on_not_in_top_ten": 1.142885342450209, "mean_gap_improvement_cond_on_not_in_top_ten": -0.018297592519034803, "top1_accuracy_on_chosen_policy_cond_on_not_in_top_ten": 0.176056338028169, "top1_accuracy_on_chosen_base_cond_on_not_in_top_ten": 0.18309859154929578, "mean_p_chosen_policy_cond_on_not_in_top_ten": 0.14236807854552955, "mean_p_chosen_base_cond_on_not_in_top_ten": 0.15010908650879493, "mean_kl_cond_on_not_in_top_ten": 0.09680682900492889, "mean_ent_pi_cond_on_not_in_top_ten": 1.8536186776530574, "mean_ent_ref_cond_on_not_in_top_ten": 1.7854393124580383, "top1_precision_cond_on_not_in_top_ten": 0.176056338028169, "top1_recall_cond_on_not_in_top_ten": 0.176056338028169, "top1_f1_cond_on_not_in_top_ten": 0.176056338028169, "top3_precision_cond_on_not_in_top_ten": 0.5070422535211268, "top3_recall_cond_on_not_in_top_ten": 0.5070422535211268, "top3_f1_cond_on_not_in_top_ten": 0.5070422535211268, "top5_precision_cond_on_not_in_top_ten": 0.676056338028169, "top5_recall_cond_on_not_in_top_ten": 0.676056338028169, "top5_f1_cond_on_not_in_top_ten": 0.676056338028169, "top10_precision_cond_on_not_in_top_ten": 0.8591549295774648, "top10_recall_cond_on_not_in_top_ten": 0.8591549295774648, "top10_f1_cond_on_not_in_top_ten": 0.8591549295774649, "mean_logp_gap_policy_chosen_rejected_cond_on_in_top_ten": 2.113759131474297, "mean_logp_gap_base_chosen_rejected_cond_on_in_top_ten": 1.8862008410031423, "mean_gap_improvement_cond_on_in_top_ten": 0.22755829103850037, "top1_accuracy_on_chosen_policy_cond_on_in_top_ten": 0.43449048152295633, "top1_accuracy_on_chosen_base_cond_on_in_top_ten": 0.4062150055991041, "mean_p_chosen_policy_cond_on_in_top_ten": 0.3349761601966035, "mean_p_chosen_base_cond_on_in_top_ten": 0.3115324466093396, "mean_kl_cond_on_in_top_ten": 0.17482979127417442, "mean_ent_pi_cond_on_in_top_ten": 1.4495222556355492, "mean_ent_ref_cond_on_in_top_ten": 1.4416580215226316, "top1_precision_cond_on_in_top_ten": 0.43449048152295633, "top1_recall_cond_on_in_top_ten": 0.43449048152295633, "top1_f1_cond_on_in_top_ten": 0.4344904815229564, "top3_precision_cond_on_in_top_ten": 0.7617581187010078, "top3_recall_cond_on_in_top_ten": 0.7617581187010078, "top3_f1_cond_on_in_top_ten": 0.7617581187010078, "top5_precision_cond_on_in_top_ten": 0.8770996640537514, "top5_recall_cond_on_in_top_ten": 0.8770996640537514, "top5_f1_cond_on_in_top_ten": 0.8770996640537514, "top10_precision_cond_on_in_top_ten": 0.969484882418813, "top10_recall_cond_on_in_top_ten": 0.969484882418813, "top10_f1_cond_on_in_top_ten": 0.9694848824188131}