{"dpo_loss": 0.6707418144966304, "mean_logp_gap_policy_chosen_rejected": 2.2790875463958633, "mean_logp_gap_base_chosen_rejected": 1.7909928483755637, "mean_gap_improvement": 0.4880947133126609, "top1_accuracy_on_chosen_policy": 0.3874303896826732, "top1_accuracy_on_chosen_base": 0.3998939274982886, "mean_p_chosen_policy": 0.3315980459391296, "mean_p_chosen_base": 0.3067649205288625, "mean_kl": 0.09088398710197493}