{"loss": 1.886553812104011, "mean_logp_gap_policy_chosen_rejected": 2.122972421127426, "mean_logp_gap_base_chosen_rejected": 1.8577811326721245, "mean_gap_improvement": 0.26519131342698377, "top1_accuracy_on_chosen_policy": 0.42299407646742054, "top1_accuracy_on_chosen_base": 0.39768443726440494, "mean_p_chosen_policy": 0.33043739612088385, "mean_p_chosen_base": 0.30536063104530914, "mean_kl": 0.16647141891409778, "mean_ent_pi": 1.4377164265515026, "mean_ent_ref": 1.4548020473910586, "top1_precision": 0.42299407646742054, "top1_recall": 0.42299407646742054, "top1_f1": 0.42299407646742054, "top3_precision": 0.7536348949919225, "top3_recall": 0.7536348949919225, "top3_f1": 0.7536348949919225, "top5_precision": 0.8694130317716747, "top5_recall": 0.8694130317716747, "top5_f1": 0.8694130317716747, "top10_precision": 0.9644588045234249, "top10_recall": 0.9644588045234249, "top10_f1": 0.964458804523425, "mean_logp_gap_policy_chosen_rejected_cond_on_not_in_top_ten": 1.1610153695227394, "mean_logp_gap_base_chosen_rejected_cond_on_not_in_top_ten": 1.142885342450209, "mean_gap_improvement_cond_on_not_in_top_ten": 0.0181300270725304, "top1_accuracy_on_chosen_policy_cond_on_not_in_top_ten": 0.176056338028169, "top1_accuracy_on_chosen_base_cond_on_not_in_top_ten": 0.18309859154929578, "mean_p_chosen_policy_cond_on_not_in_top_ten": 0.14499832861294099, "mean_p_chosen_base_cond_on_not_in_top_ten": 0.15010908650879493, "mean_kl_cond_on_not_in_top_ten": 0.09330560054472635, "mean_ent_pi_cond_on_not_in_top_ten": 1.824418500275679, "mean_ent_ref_cond_on_not_in_top_ten": 1.7854393124580383, "top1_precision_cond_on_not_in_top_ten": 0.176056338028169, "top1_recall_cond_on_not_in_top_ten": 0.176056338028169, "top1_f1_cond_on_not_in_top_ten": 0.176056338028169, "top3_precision_cond_on_not_in_top_ten": 0.5140845070422535, "top3_recall_cond_on_not_in_top_ten": 0.5140845070422535, "top3_f1_cond_on_not_in_top_ten": 0.5140845070422535, "top5_precision_cond_on_not_in_top_ten": 0.6619718309859155, "top5_recall_cond_on_not_in_top_ten": 0.6619718309859155, "top5_f1_cond_on_not_in_top_ten": 0.6619718309859155, "top10_precision_cond_on_not_in_top_ten": 0.8591549295774648, "top10_recall_cond_on_not_in_top_ten": 0.8591549295774648, "top10_f1_cond_on_not_in_top_ten": 0.8591549295774649, "mean_logp_gap_policy_chosen_rejected_cond_on_in_top_ten": 2.1612137383452854, "mean_logp_gap_base_chosen_rejected_cond_on_in_top_ten": 1.8862008410031423, "mean_gap_improvement_cond_on_in_top_ten": 0.2750128978093688, "top1_accuracy_on_chosen_policy_cond_on_in_top_ten": 0.4328107502799552, "top1_accuracy_on_chosen_base_cond_on_in_top_ten": 0.4062150055991041, "mean_p_chosen_policy_cond_on_in_top_ten": 0.33780927334049726, "mean_p_chosen_base_cond_on_in_top_ten": 0.3115324466093396, "mean_kl_cond_on_in_top_ten": 0.16938002884599218, "mean_ent_pi_cond_on_in_top_ten": 1.4223436190648169, "mean_ent_ref_cond_on_in_top_ten": 1.4416580215226316, "top1_precision_cond_on_in_top_ten": 0.4328107502799552, "top1_recall_cond_on_in_top_ten": 0.4328107502799552, "top1_f1_cond_on_in_top_ten": 0.4328107502799552, "top3_precision_cond_on_in_top_ten": 0.7631578947368421, "top3_recall_cond_on_in_top_ten": 0.7631578947368421, "top3_f1_cond_on_in_top_ten": 0.7631578947368421, "top5_precision_cond_on_in_top_ten": 0.8776595744680851, "top5_recall_cond_on_in_top_ten": 0.8776595744680851, "top5_f1_cond_on_in_top_ten": 0.8776595744680851, "top10_precision_cond_on_in_top_ten": 0.9686450167973124, "top10_recall_cond_on_in_top_ten": 0.9686450167973124, "top10_f1_cond_on_in_top_ten": 0.9686450167973124}