{
  "dpo_loss": 0.6873242204968856,
  "mean_logp_gap_policy_chosen_rejected": 1.9648708662092764,
  "mean_logp_gap_base_chosen_rejected": 1.7909928483755637,
  "mean_gap_improvement": 0.17387802288572404,
  "top1_accuracy_on_chosen_policy": 0.4285335456367135,
  "top1_accuracy_on_chosen_base": 0.3998939274982886,
  "mean_p_chosen_policy": 0.3269743018585312,
  "mean_p_chosen_base": 0.3067649205288625,
  "mean_kl": 0.1811444053312285,
  "n_rows": 3771,
  "phase_summary": {
    "kl_pi_ref": {
      "opening": {
        "n": 913,
        "mean": 0.617455944076706,
        "median": 0.05689569562673569,
        "p90": 3.621737003326416,
        "p95": 3.862347364425659,
        "p99": 4.053585529327393
      },
      "middlegame": {
        "n": 1552,
        "mean": 0.043806218532864996,
        "median": 0.03224802389740944,
        "p90": 0.09167863428592682,
        "p95": 0.11662420630455017,
        "p99": 0.205157071352005
      },
      "endgame": {
        "n": 1306,
        "mean": 0.03933462563925405,
        "median": 0.027329877018928528,
        "p90": 0.08612961322069168,
        "p95": 0.11595388501882553,
        "p99": 0.19335004687309265
      }
    },
    "logp_gap_pi": {
      "opening": {
        "n": 913,
        "mean": 2.9965565892717794,
        "median": 2.823038101196289,
        "p90": 7.185306549072266,
        "p95": 8.744321823120117,
        "p99": 11.462010383605957
      },
      "middlegame": {
        "n": 1552,
        "mean": 1.624461393764953,
        "median": 1.4545173645019531,
        "p90": 4.865701675415039,
        "p95": 5.952425956726074,
        "p99": 8.629167556762695
      },
      "endgame": {
        "n": 1306,
        "mean": 1.6481683051148015,
        "median": 1.5369553565979004,
        "p90": 4.926929473876953,
        "p95": 6.115518569946289,
        "p99": 7.912273406982422
      }
    },
    "p_chosen_pi": {
      "opening": {
        "n": 913,
        "mean": 0.4295843427016371,
        "median": 0.35713961720466614,
        "p90": 0.8876132965087891,
        "p95": 0.9457688927650452,
        "p99": 0.9885625839233398
      },
      "middlegame": {
        "n": 1552,
        "mean": 0.27339468140404355,
        "median": 0.1874369978904724,
        "p90": 0.6895039081573486,
        "p95": 0.8024384379386902,
        "p99": 0.9404158592224121
      },
      "endgame": {
        "n": 1306,
        "mean": 0.3189134951082276,
        "median": 0.24640467762947083,
        "p90": 0.7468792200088501,
        "p95": 0.8751170635223389,
        "p99": 0.965659499168396
      }
    },
    "correct_top1": {
      "opening": {
        "n": 913,
        "mean": 0.5334063526834611,
        "median": 1.0,
        "p90": 1.0,
        "p95": 1.0,
        "p99": 1.0
      },
      "middlegame": {
        "n": 1552,
        "mean": 0.36597938144329895,
        "median": 0.0,
        "p90": 1.0,
        "p95": 1.0,
        "p99": 1.0
      },
      "endgame": {
        "n": 1306,
        "mean": 0.42955589586523735,
        "median": 0.0,
        "p90": 1.0,
        "p95": 1.0,
        "p99": 1.0
      }
    }
  },
  "bootstrap_ci_row": {
    "accuracy_top1": {
      "mean": 0.42853354547865286,
      "lo": 0.4086449217714134,
      "hi": 0.44258817289843544
    },
    "mean_logp_gap_pi": {
      "mean": 1.9648708712830212,
      "lo": 1.8820696560687205,
      "hi": 2.0467293574177154
    },
    "mean_p_chosen_pi": {
      "mean": 0.32697429727844485,
      "lo": 0.3196307839657141,
      "hi": 0.3359384013340956
    },
    "mrr": {
      "mean": 0.6160344898471762,
      "lo": 0.6052590326349774,
      "hi": 0.6294557409990178
    }
  },
  "bootstrap_ci_cluster_by_game": {
    "accuracy_top1": {
      "mean": 0.42853354547865286,
      "lo": 0.40952641664385436,
      "hi": 0.440745672436751,
      "n_clusters": 100
    },
    "mean_logp_gap_pi": {
      "mean": 1.9648708712830212,
      "lo": 1.8834828975047249,
      "hi": 2.0300895297645916,
      "n_clusters": 100
    },
    "mean_p_chosen_pi": {
      "mean": 0.32697429727844485,
      "lo": 0.31747843555587024,
      "hi": 0.3388267307820307,
      "n_clusters": 100
    },
    "mrr": {
      "mean": 0.6160344898471762,
      "lo": 0.6069820162083881,
      "hi": 0.6250450105652035,
      "n_clusters": 100
    }
  },
  "opening_family_counts_by_game": {
    "Indian Defense (1...Nf6)": 38,
    "Open Game (1...e5)": 25,
    "Sicilian": 21,
    "Caro-Kann": 6,
    "Other": 5,
    "French / e6": 3,
    "Queen's Pawn (1...d5)": 2
  },
  "notes": {
    "opening_family_is_coarse_heuristic": true,
    "precision_recall_f1_equals_accuracy_for_top1_hit": true
  }
}