loss,mean_logp_gap_policy_chosen_rejected,mean_logp_gap_base_chosen_rejected,mean_gap_improvement,top1_accuracy_on_chosen_policy,top1_accuracy_on_chosen_base,mean_p_chosen_policy,mean_p_chosen_base,mean_kl,mean_ent_pi,mean_ent_ref
0.49138575846877997,3.590685262048379,1.8577811326721245,1.7329041396473837,0.3949919224555735,0.39768443726440494,0.36241181784569737,0.30536063104530914,0.22412517863412537,0.8432339888846418,1.4548020473910586
