loss,mean_logp_gap_policy_chosen_rejected,mean_logp_gap_base_chosen_rejected,mean_gap_improvement,top1_accuracy_on_chosen_policy,top1_accuracy_on_chosen_base,mean_p_chosen_policy,mean_p_chosen_base,mean_kl,mean_ent_pi,mean_ent_ref
1.8130913264788666,2.0759394452593694,1.8577811326721245,0.21815831066140837,0.4246095853527194,0.39768443726440494,0.32761203835070873,0.30536063104530914,0.17184668373743822,1.4649723428645054,1.4548020473910586
