{"dpo_loss": 0.6919792868578285, "mean_logp_gap_policy_chosen_rejected": 1.914467494578173, "mean_logp_gap_base_chosen_rejected": 1.7909928483755637, "mean_gap_improvement": 0.12347464149098401, "top1_accuracy_on_chosen_policy": 0.4102360115652532, "top1_accuracy_on_chosen_base": 0.3998939274982886, "mean_p_chosen_policy": 0.3015935411190234, "mean_p_chosen_base": 0.3067649205288625, "mean_kl": 0.2047175128922732}