{"dpo_loss": 0.5983320374888408, "mean_logp_gap_policy_chosen_rejected": 4.82794576903864, "mean_logp_gap_base_chosen_rejected": 1.7909928483755637, "mean_gap_improvement": 3.0369529740559393, "top1_accuracy_on_chosen_policy": 0.38504375483780445, "top1_accuracy_on_chosen_base": 0.3998939274982886, "mean_p_chosen_policy": 0.3605727390486187, "mean_p_chosen_base": 0.3067649205288625, "mean_kl": 0.5534112977905699}