{"loss": 0.49890703569513917, "mean_logp_gap_policy_chosen_rejected": 4.0275773473112055, "mean_logp_gap_base_chosen_rejected": 1.8577811326721245, "mean_gap_improvement": 2.1697962783521776, "top1_accuracy_on_chosen_policy": 0.3974151857835218, "top1_accuracy_on_chosen_base": 0.39768443726440494, "mean_p_chosen_policy": 0.3684688069901289, "mean_p_chosen_base": 0.30536063104530914, "mean_kl": 0.29400844664569176, "mean_ent_pi": 0.7590934412737462, "mean_ent_ref": 1.4548020473910586, "top1_precision": 0.3974151857835218, "top1_recall": 0.3974151857835218, "top1_f1": 0.3974151857835218, "top3_precision": 0.7288637587506731, "top3_recall": 0.7288637587506731, "top3_f1": 0.7288637587506731, "top5_precision": 0.8486806677436726, "top5_recall": 0.8486806677436726, "top5_f1": 0.8486806677436726, "top10_precision": 0.9553042541733979, "top10_recall": 0.9553042541733979, "top10_f1": 0.9553042541733978, "mean_logp_gap_policy_chosen_rejected_cond_on_not_in_top_ten": 2.4494049528115234, "mean_logp_gap_base_chosen_rejected_cond_on_not_in_top_ten": 1.142885342450209, "mean_gap_improvement_cond_on_not_in_top_ten": 1.306519609102061, "top1_accuracy_on_chosen_policy_cond_on_not_in_top_ten": 0.16901408450704225, "top1_accuracy_on_chosen_base_cond_on_not_in_top_ten": 0.18309859154929578, "mean_p_chosen_policy_cond_on_not_in_top_ten": 0.16594917856238953, "mean_p_chosen_base_cond_on_not_in_top_ten": 0.15010908650879493, "mean_kl_cond_on_not_in_top_ten": 0.2997889197365919, "mean_ent_pi_cond_on_not_in_top_ten": 0.9965514118429011, "mean_ent_ref_cond_on_not_in_top_ten": 1.7854393124580383, "top1_precision_cond_on_not_in_top_ten": 0.16901408450704225, "top1_recall_cond_on_not_in_top_ten": 0.16901408450704225, "top1_f1_cond_on_not_in_top_ten": 0.16901408450704225, "top3_precision_cond_on_not_in_top_ten": 0.49295774647887325, "top3_recall_cond_on_not_in_top_ten": 0.49295774647887325, "top3_f1_cond_on_not_in_top_ten": 0.49295774647887325, "top5_precision_cond_on_not_in_top_ten": 0.6549295774647887, "top5_recall_cond_on_not_in_top_ten": 0.6549295774647887, "top5_f1_cond_on_not_in_top_ten": 0.6549295774647887, "top10_precision_cond_on_not_in_top_ten": 0.852112676056338, "top10_recall_cond_on_not_in_top_ten": 0.852112676056338, "top10_f1_cond_on_not_in_top_ten": 0.852112676056338, "mean_logp_gap_policy_chosen_rejected_cond_on_in_top_ten": 4.090315473606979, "mean_logp_gap_base_chosen_rejected_cond_on_in_top_ten": 1.8862008410031423, "mean_gap_improvement_cond_on_in_top_ten": 2.2041146341640365, "top1_accuracy_on_chosen_policy_cond_on_in_top_ten": 0.406494960806271, "top1_accuracy_on_chosen_base_cond_on_in_top_ten": 0.4062150055991041, "mean_p_chosen_policy_cond_on_in_top_ten": 0.37651970152027264, "mean_p_chosen_base_cond_on_in_top_ten": 0.3115324466093396, "mean_kl_cond_on_in_top_ten": 0.2937786519354018, "mean_ent_pi_cond_on_in_top_ten": 0.749653621680369, "mean_ent_ref_cond_on_in_top_ten": 1.4416580215226316, "top1_precision_cond_on_in_top_ten": 0.406494960806271, "top1_recall_cond_on_in_top_ten": 0.406494960806271, "top1_f1_cond_on_in_top_ten": 0.406494960806271, "top3_precision_cond_on_in_top_ten": 0.7382418812989922, "top3_recall_cond_on_in_top_ten": 0.7382418812989922, "top3_f1_cond_on_in_top_ten": 0.7382418812989922, "top5_precision_cond_on_in_top_ten": 0.8563829787234043, "top5_recall_cond_on_in_top_ten": 0.8563829787234043, "top5_f1_cond_on_in_top_ten": 0.8563829787234043, "top10_precision_cond_on_in_top_ten": 0.9594064949608063, "top10_recall_cond_on_in_top_ten": 0.9594064949608063, "top10_f1_cond_on_in_top_ten": 0.9594064949608062}