{"loss": 1.9270688267118776, "mean_logp_gap_policy_chosen_rejected": 1.8577811326721245, "mean_logp_gap_base_chosen_rejected": 1.8577811326721245, "mean_gap_improvement": 0.0, "top1_accuracy_on_chosen_policy": 0.39768443726440494, "top1_accuracy_on_chosen_base": 0.39768443726440494, "mean_p_chosen_policy": 0.30536063104530914, "mean_p_chosen_base": 0.30536063104530914, "mean_kl": 0.0, "mean_ent_pi": 1.4548020473910586, "mean_ent_ref": 1.4548020473910586, "top1_precision": 0.39768443726440494, "top1_recall": 0.39768443726440494, "top1_f1": 0.39768443726440494, "top3_precision": 0.7234787291330103, "top3_recall": 0.7234787291330103, "top3_f1": 0.7234787291330103, "top5_precision": 0.8354873451803985, "top5_recall": 0.8354873451803985, "top5_f1": 0.8354873451803985, "top10_precision": 0.9480344641895531, "top10_recall": 0.9480344641895531, "top10_f1": 0.9480344641895531, "mean_logp_gap_policy_chosen_rejected_cond_on_not_in_top_ten": 1.142885342450209, "mean_logp_gap_base_chosen_rejected_cond_on_not_in_top_ten": 1.142885342450209, "mean_gap_improvement_cond_on_not_in_top_ten": 0.0, "top1_accuracy_on_chosen_policy_cond_on_not_in_top_ten": 0.18309859154929578, "top1_accuracy_on_chosen_base_cond_on_not_in_top_ten": 0.18309859154929578, "mean_p_chosen_policy_cond_on_not_in_top_ten": 0.15010908650879493, "mean_p_chosen_base_cond_on_not_in_top_ten": 0.15010908650879493, "mean_kl_cond_on_not_in_top_ten": 0.0, "mean_ent_pi_cond_on_not_in_top_ten": 1.7854393124580383, "mean_ent_ref_cond_on_not_in_top_ten": 1.7854393124580383, "top1_precision_cond_on_not_in_top_ten": 0.18309859154929578, "top1_recall_cond_on_not_in_top_ten": 0.18309859154929578, "top1_f1_cond_on_not_in_top_ten": 0.18309859154929578, "top3_precision_cond_on_not_in_top_ten": 0.5140845070422535, "top3_recall_cond_on_not_in_top_ten": 0.5140845070422535, "top3_f1_cond_on_not_in_top_ten": 0.5140845070422535, "top5_precision_cond_on_not_in_top_ten": 0.6408450704225352, "top5_recall_cond_on_not_in_top_ten": 0.6408450704225352, "top5_f1_cond_on_not_in_top_ten": 0.6408450704225352, "top10_precision_cond_on_not_in_top_ten": 0.8380281690140845, "top10_recall_cond_on_not_in_top_ten": 0.8380281690140845, "top10_f1_cond_on_not_in_top_ten": 0.8380281690140845, "mean_logp_gap_policy_chosen_rejected_cond_on_in_top_ten": 1.8862008410031423, "mean_logp_gap_base_chosen_rejected_cond_on_in_top_ten": 1.8862008410031423, "mean_gap_improvement_cond_on_in_top_ten": 0.0, "top1_accuracy_on_chosen_policy_cond_on_in_top_ten": 0.4062150055991041, "top1_accuracy_on_chosen_base_cond_on_in_top_ten": 0.4062150055991041, "mean_p_chosen_policy_cond_on_in_top_ten": 0.3115324466093396, "mean_p_chosen_base_cond_on_in_top_ten": 0.3115324466093396, "mean_kl_cond_on_in_top_ten": 0.0, "mean_ent_pi_cond_on_in_top_ten": 1.4416580215226316, "mean_ent_ref_cond_on_in_top_ten": 1.4416580215226316, "top1_precision_cond_on_in_top_ten": 0.4062150055991041, "top1_recall_cond_on_in_top_ten": 0.4062150055991041, "top1_f1_cond_on_in_top_ten": 0.4062150055991041, "top3_precision_cond_on_in_top_ten": 0.7318029115341546, "top3_recall_cond_on_in_top_ten": 0.7318029115341546, "top3_f1_cond_on_in_top_ten": 0.7318029115341546, "top5_precision_cond_on_in_top_ten": 0.8432250839865622, "top5_recall_cond_on_in_top_ten": 0.8432250839865622, "top5_f1_cond_on_in_top_ten": 0.8432250839865622, "top10_precision_cond_on_in_top_ten": 0.9524076147816349, "top10_recall_cond_on_in_top_ten": 0.9524076147816349, "top10_f1_cond_on_in_top_ten": 0.9524076147816349}