{"loss": 0.4865141312281291, "mean_logp_gap_policy_chosen_rejected": 1.7584520871111573, "mean_logp_gap_base_chosen_rejected": 1.8577811326721245, "mean_gap_improvement": -0.09932903731196685, "top1_accuracy_on_chosen_policy": 0.41383952611739366, "top1_accuracy_on_chosen_base": 0.39768443726440494, "mean_p_chosen_policy": 0.2943062261830239, "mean_p_chosen_base": 0.30536063104530914, "mean_kl": 0.15324629315234797, "mean_ent_pi": 1.6686495730616293, "mean_ent_ref": 1.4548020473910586, "top1_precision": 0.41383952611739366, "top1_recall": 0.41383952611739366, "top1_f1": 0.41383952611739366, "top3_precision": 0.7460958535271944, "top3_recall": 0.7460958535271944, "top3_f1": 0.7460958535271944, "top5_precision": 0.8629509962304792, "top5_recall": 0.8629509962304792, "top5_f1": 0.8629509962304792, "top10_precision": 0.9652665589660743, "top10_recall": 0.9652665589660743, "top10_f1": 0.9652665589660743, "mean_logp_gap_policy_chosen_rejected_cond_on_not_in_top_ten": 1.0440762517317919, "mean_logp_gap_base_chosen_rejected_cond_on_not_in_top_ten": 1.142885342450209, "mean_gap_improvement_cond_on_not_in_top_ten": -0.0988090907184171, "top1_accuracy_on_chosen_policy_cond_on_not_in_top_ten": 0.16901408450704225, "top1_accuracy_on_chosen_base_cond_on_not_in_top_ten": 0.18309859154929578, "mean_p_chosen_policy_cond_on_not_in_top_ten": 0.137314872604075, "mean_p_chosen_base_cond_on_not_in_top_ten": 0.15010908650879493, "mean_kl_cond_on_not_in_top_ten": 0.09017861202936357, "mean_ent_pi_cond_on_not_in_top_ten": 2.045510730273287, "mean_ent_ref_cond_on_not_in_top_ten": 1.7854393124580383, "top1_precision_cond_on_not_in_top_ten": 0.16901408450704225, "top1_recall_cond_on_not_in_top_ten": 0.16901408450704225, "top1_f1_cond_on_not_in_top_ten": 0.16901408450704225, "top3_precision_cond_on_not_in_top_ten": 0.528169014084507, "top3_recall_cond_on_not_in_top_ten": 0.528169014084507, "top3_f1_cond_on_not_in_top_ten": 0.528169014084507, "top5_precision_cond_on_not_in_top_ten": 0.676056338028169, "top5_recall_cond_on_not_in_top_ten": 0.676056338028169, "top5_f1_cond_on_not_in_top_ten": 0.676056338028169, "top10_precision_cond_on_not_in_top_ten": 0.8732394366197183, "top10_recall_cond_on_not_in_top_ten": 0.8732394366197183, "top10_f1_cond_on_not_in_top_ten": 0.8732394366197183, "mean_logp_gap_policy_chosen_rejected_cond_on_in_top_ten": 1.7868511338216593, "mean_logp_gap_base_chosen_rejected_cond_on_in_top_ten": 1.8862008410031423, "mean_gap_improvement_cond_on_in_top_ten": -0.09934970624703175, "top1_accuracy_on_chosen_policy_cond_on_in_top_ten": 0.42357222844344905, "top1_accuracy_on_chosen_base_cond_on_in_top_ten": 0.4062150055991041, "mean_p_chosen_policy_cond_on_in_top_ten": 0.300547203500886, "mean_p_chosen_base_cond_on_in_top_ten": 0.3115324466093396, "mean_kl_cond_on_in_top_ten": 0.1557534627248713, "mean_ent_pi_cond_on_in_top_ten": 1.6536679685137716, "mean_ent_ref_cond_on_in_top_ten": 1.4416580215226316, "top1_precision_cond_on_in_top_ten": 0.42357222844344905, "top1_recall_cond_on_in_top_ten": 0.42357222844344905, "top1_f1_cond_on_in_top_ten": 0.423572228443449, "top3_precision_cond_on_in_top_ten": 0.7547592385218365, "top3_recall_cond_on_in_top_ten": 0.7547592385218365, "top3_f1_cond_on_in_top_ten": 0.7547592385218365, "top5_precision_cond_on_in_top_ten": 0.870380739081747, "top5_recall_cond_on_in_top_ten": 0.870380739081747, "top5_f1_cond_on_in_top_ten": 0.8703807390817468, "top10_precision_cond_on_in_top_ten": 0.9689249720044792, "top10_recall_cond_on_in_top_ten": 0.9689249720044792, "top10_f1_cond_on_in_top_ten": 0.9689249720044792}