{"loss": 0.5221283237781329, "mean_logp_gap_policy_chosen_rejected": 4.934960458249127, "mean_logp_gap_base_chosen_rejected": 1.8577811326721245, "mean_gap_improvement": 3.077179259841777, "top1_accuracy_on_chosen_policy": 0.3877221324717286, "top1_accuracy_on_chosen_base": 0.39768443726440494, "mean_p_chosen_policy": 0.37303089902936354, "mean_p_chosen_base": 0.30536063104530914, "mean_kl": 0.441685382491424, "mean_ent_pi": 0.6299242365726169, "mean_ent_ref": 1.4548020473910586, "top1_precision": 0.3877221324717286, "top1_recall": 0.3877221324717286, "top1_f1": 0.3877221324717286, "top3_precision": 0.7199784598815293, "top3_recall": 0.7199784598815293, "top3_f1": 0.7199784598815293, "top5_precision": 0.8384491114701131, "top5_recall": 0.8384491114701131, "top5_f1": 0.8384491114701131, "top10_precision": 0.9512654819601508, "top10_recall": 0.9512654819601508, "top10_f1": 0.9512654819601508, "mean_logp_gap_policy_chosen_rejected_cond_on_not_in_top_ten": 3.0177973231799164, "mean_logp_gap_base_chosen_rejected_cond_on_not_in_top_ten": 1.142885342450209, "mean_gap_improvement_cond_on_not_in_top_ten": 1.8749119769519484, "top1_accuracy_on_chosen_policy_cond_on_not_in_top_ten": 0.14788732394366197, "top1_accuracy_on_chosen_base_cond_on_not_in_top_ten": 0.18309859154929578, "mean_p_chosen_policy_cond_on_not_in_top_ten": 0.1590880144449793, "mean_p_chosen_base_cond_on_not_in_top_ten": 0.15010908650879493, "mean_kl_cond_on_not_in_top_ten": 0.46085397817824086, "mean_ent_pi_cond_on_not_in_top_ten": 0.8213105497944897, "mean_ent_ref_cond_on_not_in_top_ten": 1.7854393124580383, "top1_precision_cond_on_not_in_top_ten": 0.14788732394366197, "top1_recall_cond_on_not_in_top_ten": 0.14788732394366197, "top1_f1_cond_on_not_in_top_ten": 0.14788732394366197, "top3_precision_cond_on_not_in_top_ten": 0.47183098591549294, "top3_recall_cond_on_not_in_top_ten": 0.47183098591549294, "top3_f1_cond_on_not_in_top_ten": 0.471830985915493, "top5_precision_cond_on_not_in_top_ten": 0.6408450704225352, "top5_recall_cond_on_not_in_top_ten": 0.6408450704225352, "top5_f1_cond_on_not_in_top_ten": 0.6408450704225352, "top10_precision_cond_on_not_in_top_ten": 0.852112676056338, "top10_recall_cond_on_not_in_top_ten": 0.852112676056338, "top10_f1_cond_on_not_in_top_ten": 0.852112676056338, "mean_logp_gap_policy_chosen_rejected_cond_on_in_top_ten": 5.011174622176409, "mean_logp_gap_base_chosen_rejected_cond_on_in_top_ten": 1.8862008410031423, "mean_gap_improvement_cond_on_in_top_ten": 3.124973776692906, "top1_accuracy_on_chosen_policy_cond_on_in_top_ten": 0.3972564389697648, "top1_accuracy_on_chosen_base_cond_on_in_top_ten": 0.4062150055991041, "mean_p_chosen_policy_cond_on_in_top_ten": 0.3815359046699711, "mean_p_chosen_base_cond_on_in_top_ten": 0.3115324466093396, "mean_kl_cond_on_in_top_ten": 0.44092336146627403, "mean_ent_pi_cond_on_in_top_ten": 0.6223159408057354, "mean_ent_ref_cond_on_in_top_ten": 1.4416580215226316, "top1_precision_cond_on_in_top_ten": 0.3972564389697648, "top1_recall_cond_on_in_top_ten": 0.3972564389697648, "top1_f1_cond_on_in_top_ten": 0.3972564389697648, "top3_precision_cond_on_in_top_ten": 0.7298432250839866, "top3_recall_cond_on_in_top_ten": 0.7298432250839866, "top3_f1_cond_on_in_top_ten": 0.7298432250839866, "top5_precision_cond_on_in_top_ten": 0.8463045912653976, "top5_recall_cond_on_in_top_ten": 0.8463045912653976, "top5_f1_cond_on_in_top_ten": 0.8463045912653976, "top10_precision_cond_on_in_top_ten": 0.9552071668533034, "top10_recall_cond_on_in_top_ten": 0.9552071668533034, "top10_f1_cond_on_in_top_ten": 0.9552071668533034}