{"loss": 1.8150346051253614, "mean_logp_gap_policy_chosen_rejected": 2.054948683765927, "mean_logp_gap_base_chosen_rejected": 1.8577811326721245, "mean_gap_improvement": 0.1971675756963659, "top1_accuracy_on_chosen_policy": 0.42299407646742054, "top1_accuracy_on_chosen_base": 0.39768443726440494, "mean_p_chosen_policy": 0.32718115287502414, "mean_p_chosen_base": 0.30536063104530914, "mean_kl": 0.16787746712348767, "mean_ent_pi": 1.4713713409570706, "mean_ent_ref": 1.4548020473910586, "top1_precision": 0.42299407646742054, "top1_recall": 0.42299407646742054, "top1_f1": 0.42299407646742054, "top3_precision": 0.7541733979536888, "top3_recall": 0.7541733979536888, "top3_f1": 0.7541733979536888, "top5_precision": 0.8688745288099085, "top5_recall": 0.8688745288099085, "top5_f1": 0.8688745288099083, "top10_precision": 0.9655358104469575, "top10_recall": 0.9655358104469575, "top10_f1": 0.9655358104469575, "mean_logp_gap_policy_chosen_rejected_cond_on_not_in_top_ten": 1.0896323743000838, "mean_logp_gap_base_chosen_rejected_cond_on_not_in_top_ten": 1.142885342450209, "mean_gap_improvement_cond_on_not_in_top_ten": -0.053252968150125424, "top1_accuracy_on_chosen_policy_cond_on_not_in_top_ten": 0.16901408450704225, "top1_accuracy_on_chosen_base_cond_on_not_in_top_ten": 0.18309859154929578, "mean_p_chosen_policy_cond_on_not_in_top_ten": 0.1424517974526417, "mean_p_chosen_base_cond_on_not_in_top_ten": 0.15010908650879493, "mean_kl_cond_on_not_in_top_ten": 0.09925447080061364, "mean_ent_pi_cond_on_not_in_top_ten": 1.8690413757109305, "mean_ent_ref_cond_on_not_in_top_ten": 1.7854393124580383, "top1_precision_cond_on_not_in_top_ten": 0.16901408450704225, "top1_recall_cond_on_not_in_top_ten": 0.16901408450704225, "top1_f1_cond_on_not_in_top_ten": 0.16901408450704225, "top3_precision_cond_on_not_in_top_ten": 0.5070422535211268, "top3_recall_cond_on_not_in_top_ten": 0.5070422535211268, "top3_f1_cond_on_not_in_top_ten": 0.5070422535211268, "top5_precision_cond_on_not_in_top_ten": 0.6619718309859155, "top5_recall_cond_on_not_in_top_ten": 0.6619718309859155, "top5_f1_cond_on_not_in_top_ten": 0.6619718309859155, "top10_precision_cond_on_not_in_top_ten": 0.8591549295774648, "top10_recall_cond_on_not_in_top_ten": 0.8591549295774648, "top10_f1_cond_on_not_in_top_ten": 0.8591549295774649, "mean_logp_gap_policy_chosen_rejected_cond_on_in_top_ten": 2.093323542866835, "mean_logp_gap_base_chosen_rejected_cond_on_in_top_ten": 1.8862008410031423, "mean_gap_improvement_cond_on_in_top_ten": 0.20712270301507008, "top1_accuracy_on_chosen_policy_cond_on_in_top_ten": 0.4330907054871221, "top1_accuracy_on_chosen_base_cond_on_in_top_ten": 0.4062150055991041, "mean_p_chosen_policy_cond_on_in_top_ten": 0.33452481793990757, "mean_p_chosen_base_cond_on_in_top_ten": 0.3115324466093396, "mean_kl_cond_on_in_top_ten": 0.1706054820748364, "mean_ent_pi_cond_on_in_top_ten": 1.4555625289289826, "mean_ent_ref_cond_on_in_top_ten": 1.4416580215226316, "top1_precision_cond_on_in_top_ten": 0.4330907054871221, "top1_recall_cond_on_in_top_ten": 0.4330907054871221, "top1_f1_cond_on_in_top_ten": 0.4330907054871221, "top3_precision_cond_on_in_top_ten": 0.7639977603583427, "top3_recall_cond_on_in_top_ten": 0.7639977603583427, "top3_f1_cond_on_in_top_ten": 0.7639977603583427, "top5_precision_cond_on_in_top_ten": 0.8770996640537514, "top5_recall_cond_on_in_top_ten": 0.8770996640537514, "top5_f1_cond_on_in_top_ten": 0.8770996640537514, "top10_precision_cond_on_in_top_ten": 0.9697648376259799, "top10_recall_cond_on_in_top_ten": 0.9697648376259799, "top10_f1_cond_on_in_top_ten": 0.9697648376259798}