{"loss": 1.8957764006585411, "mean_logp_gap_policy_chosen_rejected": 2.15312176592965, "mean_logp_gap_base_chosen_rejected": 1.8577811326721245, "mean_gap_improvement": 0.29534061926311234, "top1_accuracy_on_chosen_policy": 0.41814754981152397, "top1_accuracy_on_chosen_base": 0.39768443726440494, "mean_p_chosen_policy": 0.33143811461485134, "mean_p_chosen_base": 0.30536063104530914, "mean_kl": 0.16440047468141517, "mean_ent_pi": 1.4289644236325834, "mean_ent_ref": 1.4548020473910586, "top1_precision": 0.41814754981152397, "top1_recall": 0.41814754981152397, "top1_f1": 0.41814754981152397, "top3_precision": 0.749057619816909, "top3_recall": 0.749057619816909, "top3_f1": 0.749057619816909, "top5_precision": 0.8688745288099085, "top5_recall": 0.8688745288099085, "top5_f1": 0.8688745288099083, "top10_precision": 0.964728056004308, "top10_recall": 0.964728056004308, "top10_f1": 0.964728056004308, "mean_logp_gap_policy_chosen_rejected_cond_on_not_in_top_ten": 1.1340133018896614, "mean_logp_gap_base_chosen_rejected_cond_on_not_in_top_ten": 1.142885342450209, "mean_gap_improvement_cond_on_not_in_top_ten": -0.008872040560547734, "top1_accuracy_on_chosen_policy_cond_on_not_in_top_ten": 0.16901408450704225, "top1_accuracy_on_chosen_base_cond_on_not_in_top_ten": 0.18309859154929578, "mean_p_chosen_policy_cond_on_not_in_top_ten": 0.14579323923334747, "mean_p_chosen_base_cond_on_not_in_top_ten": 0.15010908650879493, "mean_kl_cond_on_not_in_top_ten": 0.08236963759688004, "mean_ent_pi_cond_on_not_in_top_ten": 1.8219133833764305, "mean_ent_ref_cond_on_not_in_top_ten": 1.7854393124580383, "top1_precision_cond_on_not_in_top_ten": 0.16901408450704225, "top1_recall_cond_on_not_in_top_ten": 0.16901408450704225, "top1_f1_cond_on_not_in_top_ten": 0.16901408450704225, "top3_precision_cond_on_not_in_top_ten": 0.5070422535211268, "top3_recall_cond_on_not_in_top_ten": 0.5070422535211268, "top3_f1_cond_on_not_in_top_ten": 0.5070422535211268, "top5_precision_cond_on_not_in_top_ten": 0.647887323943662, "top5_recall_cond_on_not_in_top_ten": 0.647887323943662, "top5_f1_cond_on_not_in_top_ten": 0.647887323943662, "top10_precision_cond_on_not_in_top_ten": 0.8591549295774648, "top10_recall_cond_on_not_in_top_ten": 0.8591549295774648, "top10_f1_cond_on_not_in_top_ten": 0.8591549295774649, "mean_logp_gap_policy_chosen_rejected_cond_on_in_top_ten": 2.193635014694055, "mean_logp_gap_base_chosen_rejected_cond_on_in_top_ten": 1.8862008410031423, "mean_gap_improvement_cond_on_in_top_ten": 0.30743417447518395, "top1_accuracy_on_chosen_policy_cond_on_in_top_ten": 0.4280515117581187, "top1_accuracy_on_chosen_base_cond_on_in_top_ten": 0.4062150055991041, "mean_p_chosen_policy_cond_on_in_top_ten": 0.3388181728112314, "mean_p_chosen_base_cond_on_in_top_ten": 0.3115324466093396, "mean_kl_cond_on_in_top_ten": 0.16766149925250465, "mean_ent_pi_cond_on_in_top_ten": 1.4133432673705972, "mean_ent_ref_cond_on_in_top_ten": 1.4416580215226316, "top1_precision_cond_on_in_top_ten": 0.4280515117581187, "top1_recall_cond_on_in_top_ten": 0.4280515117581187, "top1_f1_cond_on_in_top_ten": 0.4280515117581187, "top3_precision_cond_on_in_top_ten": 0.7586786114221724, "top3_recall_cond_on_in_top_ten": 0.7586786114221724, "top3_f1_cond_on_in_top_ten": 0.7586786114221724, "top5_precision_cond_on_in_top_ten": 0.8776595744680851, "top5_recall_cond_on_in_top_ten": 0.8776595744680851, "top5_f1_cond_on_in_top_ten": 0.8776595744680851, "top10_precision_cond_on_in_top_ten": 0.9689249720044792, "top10_recall_cond_on_in_top_ten": 0.9689249720044792, "top10_f1_cond_on_in_top_ten": 0.9689249720044792}