dpo_loss,mean_logp_gap_policy_chosen_rejected,mean_logp_gap_base_chosen_rejected,mean_gap_improvement,top1_accuracy_on_chosen_policy,top1_accuracy_on_chosen_base,mean_p_chosen_policy,mean_p_chosen_base,mean_kl
0.5983320374888408,4.82794576903864,1.7909928483755637,3.0369529740559393,0.38504375483780445,0.3998939274982886,0.3605727390486187,0.3067649205288625,0.5534112977905699
