{"loss": 1.7380594879822122, "mean_logp_gap_policy_chosen_rejected": 1.9933548880059937, "mean_logp_gap_base_chosen_rejected": 1.8577811326721245, "mean_gap_improvement": 0.1355737605657254, "top1_accuracy_on_chosen_policy": 0.42218632202477113, "top1_accuracy_on_chosen_base": 0.39768443726440494, "mean_p_chosen_policy": 0.32205248918980117, "mean_p_chosen_base": 0.30536063104530914, "mean_kl": 0.16455458691990626, "mean_ent_pi": 1.5102275493777948, "mean_ent_ref": 1.4548020473910586, "top1_precision": 0.42218632202477113, "top1_recall": 0.42218632202477113, "top1_f1": 0.42218632202477113, "top3_precision": 0.7522886375875067, "top3_recall": 0.7522886375875067, "top3_f1": 0.7522886375875067, "top5_precision": 0.8667205169628432, "top5_recall": 0.8667205169628432, "top5_f1": 0.8667205169628432, "top10_precision": 0.9658050619278407, "top10_recall": 0.9658050619278407, "top10_f1": 0.9658050619278405, "mean_logp_gap_policy_chosen_rejected_cond_on_not_in_top_ten": 1.045766915653793, "mean_logp_gap_base_chosen_rejected_cond_on_not_in_top_ten": 1.142885342450209, "mean_gap_improvement_cond_on_not_in_top_ten": -0.09711842679641616, "top1_accuracy_on_chosen_policy_cond_on_not_in_top_ten": 0.1619718309859155, "top1_accuracy_on_chosen_base_cond_on_not_in_top_ten": 0.18309859154929578, "mean_p_chosen_policy_cond_on_not_in_top_ten": 0.13940879052873076, "mean_p_chosen_base_cond_on_not_in_top_ten": 0.15010908650879493, "mean_kl_cond_on_not_in_top_ten": 0.08815432686857144, "mean_ent_pi_cond_on_not_in_top_ten": 1.907876496583643, "mean_ent_ref_cond_on_not_in_top_ten": 1.7854393124580383, "top1_precision_cond_on_not_in_top_ten": 0.1619718309859155, "top1_recall_cond_on_not_in_top_ten": 0.1619718309859155, "top1_f1_cond_on_not_in_top_ten": 0.1619718309859155, "top3_precision_cond_on_not_in_top_ten": 0.5070422535211268, "top3_recall_cond_on_not_in_top_ten": 0.5070422535211268, "top3_f1_cond_on_not_in_top_ten": 0.5070422535211268, "top5_precision_cond_on_not_in_top_ten": 0.647887323943662, "top5_recall_cond_on_not_in_top_ten": 0.647887323943662, "top5_f1_cond_on_not_in_top_ten": 0.647887323943662, "top10_precision_cond_on_not_in_top_ten": 0.8591549295774648, "top10_recall_cond_on_not_in_top_ten": 0.8591549295774648, "top10_f1_cond_on_not_in_top_ten": 0.8591549295774649, "mean_logp_gap_policy_chosen_rejected_cond_on_in_top_ten": 2.031024961829319, "mean_logp_gap_base_chosen_rejected_cond_on_in_top_ten": 1.8862008410031423, "mean_gap_improvement_cond_on_in_top_ten": 0.14482412094298294, "top1_accuracy_on_chosen_policy_cond_on_in_top_ten": 0.43253079507278835, "top1_accuracy_on_chosen_base_cond_on_in_top_ten": 0.4062150055991041, "mean_p_chosen_policy_cond_on_in_top_ten": 0.329313236941991, "mean_p_chosen_base_cond_on_in_top_ten": 0.3115324466093396, "mean_kl_cond_on_in_top_ten": 0.16759177291045538, "mean_ent_pi_cond_on_in_top_ten": 1.4944195400071951, "mean_ent_ref_cond_on_in_top_ten": 1.4416580215226316, "top1_precision_cond_on_in_top_ten": 0.43253079507278835, "top1_recall_cond_on_in_top_ten": 0.43253079507278835, "top1_f1_cond_on_in_top_ten": 0.43253079507278835, "top3_precision_cond_on_in_top_ten": 0.7620380739081747, "top3_recall_cond_on_in_top_ten": 0.7620380739081747, "top3_f1_cond_on_in_top_ten": 0.7620380739081747, "top5_precision_cond_on_in_top_ten": 0.8754199328107503, "top5_recall_cond_on_in_top_ten": 0.8754199328107503, "top5_f1_cond_on_in_top_ten": 0.8754199328107501, "top10_precision_cond_on_in_top_ten": 0.9700447928331467, "top10_recall_cond_on_in_top_ten": 0.9700447928331467, "top10_f1_cond_on_in_top_ten": 0.9700447928331466}