{"loss": 2.031877364082624, "mean_logp_gap_policy_chosen_rejected": 2.248858422056988, "mean_logp_gap_base_chosen_rejected": 1.8577811326721245, "mean_gap_improvement": 0.3910772834147698, "top1_accuracy_on_chosen_policy": 0.4227248249865374, "top1_accuracy_on_chosen_base": 0.39768443726440494, "mean_p_chosen_policy": 0.33612198724050835, "mean_p_chosen_base": 0.30536063104530914, "mean_kl": 0.16178881479693025, "mean_ent_pi": 1.3744905374354424, "mean_ent_ref": 1.4548020473910586, "top1_precision": 0.4227248249865374, "top1_recall": 0.4227248249865374, "top1_f1": 0.4227248249865374, "top3_precision": 0.7517501346257405, "top3_recall": 0.7517501346257405, "top3_f1": 0.7517501346257406, "top5_precision": 0.8683360258481422, "top5_recall": 0.8683360258481422, "top5_f1": 0.8683360258481422, "top10_precision": 0.964728056004308, "top10_recall": 0.964728056004308, "top10_f1": 0.964728056004308, "mean_logp_gap_policy_chosen_rejected_cond_on_not_in_top_ten": 1.2301689163899758, "mean_logp_gap_base_chosen_rejected_cond_on_not_in_top_ten": 1.142885342450209, "mean_gap_improvement_cond_on_not_in_top_ten": 0.08728357393976668, "top1_accuracy_on_chosen_policy_cond_on_not_in_top_ten": 0.16901408450704225, "top1_accuracy_on_chosen_base_cond_on_not_in_top_ten": 0.18309859154929578, "mean_p_chosen_policy_cond_on_not_in_top_ten": 0.1473560253322132, "mean_p_chosen_base_cond_on_not_in_top_ten": 0.15010908650879493, "mean_kl_cond_on_not_in_top_ten": 0.08557719205879986, "mean_ent_pi_cond_on_not_in_top_ten": 1.7478872573291753, "mean_ent_ref_cond_on_not_in_top_ten": 1.7854393124580383, "top1_precision_cond_on_not_in_top_ten": 0.16901408450704225, "top1_recall_cond_on_not_in_top_ten": 0.16901408450704225, "top1_f1_cond_on_not_in_top_ten": 0.16901408450704225, "top3_precision_cond_on_not_in_top_ten": 0.5070422535211268, "top3_recall_cond_on_not_in_top_ten": 0.5070422535211268, "top3_f1_cond_on_not_in_top_ten": 0.5070422535211268, "top5_precision_cond_on_not_in_top_ten": 0.6619718309859155, "top5_recall_cond_on_not_in_top_ten": 0.6619718309859155, "top5_f1_cond_on_not_in_top_ten": 0.6619718309859155, "top10_precision_cond_on_not_in_top_ten": 0.852112676056338, "top10_recall_cond_on_not_in_top_ten": 0.852112676056338, "top10_f1_cond_on_not_in_top_ten": 0.852112676056338, "mean_logp_gap_policy_chosen_rejected_cond_on_in_top_ten": 2.2893550250541588, "mean_logp_gap_base_chosen_rejected_cond_on_in_top_ten": 1.8862008410031423, "mean_gap_improvement_cond_on_in_top_ten": 0.4031541846851085, "top1_accuracy_on_chosen_policy_cond_on_in_top_ten": 0.4328107502799552, "top1_accuracy_on_chosen_base_cond_on_in_top_ten": 0.4062150055991041, "mean_p_chosen_policy_cond_on_in_top_ten": 0.34362611892310213, "mean_p_chosen_base_cond_on_in_top_ten": 0.3115324466093396, "mean_kl_cond_on_in_top_ten": 0.1648185039254488, "mean_ent_pi_cond_on_in_top_ten": 1.359646660615617, "mean_ent_ref_cond_on_in_top_ten": 1.4416580215226316, "top1_precision_cond_on_in_top_ten": 0.4328107502799552, "top1_recall_cond_on_in_top_ten": 0.4328107502799552, "top1_f1_cond_on_in_top_ten": 0.4328107502799552, "top3_precision_cond_on_in_top_ten": 0.761478163493841, "top3_recall_cond_on_in_top_ten": 0.761478163493841, "top3_f1_cond_on_in_top_ten": 0.761478163493841, "top5_precision_cond_on_in_top_ten": 0.8765397536394177, "top5_recall_cond_on_in_top_ten": 0.8765397536394177, "top5_f1_cond_on_in_top_ten": 0.8765397536394176, "top10_precision_cond_on_in_top_ten": 0.9692049272116461, "top10_recall_cond_on_in_top_ten": 0.9692049272116461, "top10_f1_cond_on_in_top_ten": 0.9692049272116461}