loss,mean_logp_gap_policy_chosen_rejected,mean_logp_gap_base_chosen_rejected,mean_gap_improvement,top1_accuracy_on_chosen_policy,top1_accuracy_on_chosen_base,mean_p_chosen_policy,mean_p_chosen_base,mean_kl,mean_ent_pi,mean_ent_ref
0.5221283237781329,4.934960458249127,1.8577811326721245,3.077179259841777,0.3877221324717286,0.39768443726440494,0.37303089902936354,0.30536063104530914,0.441685382491424,0.6299242365726169,1.4548020473910586
