{
  "dpo_loss": 0.6919792868578285,
  "mean_logp_gap_policy_chosen_rejected": 1.914467494578173,
  "mean_logp_gap_base_chosen_rejected": 1.7909928483755637,
  "mean_gap_improvement": 0.12347464149098401,
  "top1_accuracy_on_chosen_policy": 0.4102360115652532,
  "top1_accuracy_on_chosen_base": 0.3998939274982886,
  "mean_p_chosen_policy": 0.3015935411190234,
  "mean_p_chosen_base": 0.3067649205288625,
  "mean_kl": 0.2047175128922732,
  "n_rows": 3771,
  "phase_summary": {
    "kl_pi_ref": {
      "opening": {
        "n": 913,
        "mean": 0.7090214169285844,
        "median": 0.06403164565563202,
        "p90": 3.5163686275482178,
        "p95": 4.965391635894775,
        "p99": 4.965391635894775
      },
      "middlegame": {
        "n": 1552,
        "mean": 0.04640719951979561,
        "median": 0.03929295018315315,
        "p90": 0.08650647103786469,
        "p95": 0.10607273876667023,
        "p99": 0.14734457433223724
      },
      "endgame": {
        "n": 1306,
        "mean": 0.04029801127944387,
        "median": 0.03422512114048004,
        "p90": 0.0752323642373085,
        "p95": 0.09605520218610764,
        "p99": 0.15232129395008087
      }
    },
    "logp_gap_pi": {
      "opening": {
        "n": 913,
        "mean": 3.1896447981304825,
        "median": 2.606411933898926,
        "p90": 8.046028137207031,
        "p95": 10.970141410827637,
        "p99": 16.04409408569336
      },
      "middlegame": {
        "n": 1552,
        "mean": 1.5084763730578508,
        "median": 1.365786075592041,
        "p90": 4.460084915161133,
        "p95": 5.560168743133545,
        "p99": 7.862468242645264
      },
      "endgame": {
        "n": 1306,
        "mean": 1.505479246423584,
        "median": 1.3998669981956482,
        "p90": 4.499899864196777,
        "p95": 5.487138748168945,
        "p99": 7.207568645477295
      }
    },
    "p_chosen_pi": {
      "opening": {
        "n": 913,
        "mean": 0.3701753880277393,
        "median": 0.2854452133178711,
        "p90": 0.8554170727729797,
        "p95": 0.9515446424484253,
        "p99": 0.9818421602249146
      },
      "middlegame": {
        "n": 1552,
        "mean": 0.2600609415619156,
        "median": 0.18105776607990265,
        "p90": 0.6439854502677917,
        "p95": 0.7656241655349731,
        "p99": 0.9020242094993591
      },
      "endgame": {
        "n": 1306,
        "mean": 0.30300500284975157,
        "median": 0.22607003897428513,
        "p90": 0.7168711423873901,
        "p95": 0.8459306359291077,
        "p99": 0.9561648368835449
      }
    },
    "correct_top1": {
      "opening": {
        "n": 913,
        "mean": 0.4644030668127054,
        "median": 0.0,
        "p90": 1.0,
        "p95": 1.0,
        "p99": 1.0
      },
      "middlegame": {
        "n": 1552,
        "mean": 0.37177835051546393,
        "median": 0.0,
        "p90": 1.0,
        "p95": 1.0,
        "p99": 1.0
      },
      "endgame": {
        "n": 1306,
        "mean": 0.41807044410413474,
        "median": 0.0,
        "p90": 1.0,
        "p95": 1.0,
        "p99": 1.0
      }
    }
  },
  "bootstrap_ci_row": {
    "accuracy_top1": {
      "mean": 0.41023601166799256,
      "lo": 0.3916732962079024,
      "hi": 0.4253513656854946
    },
    "mean_logp_gap_pi": {
      "mean": 1.9144674960244275,
      "lo": 1.8148561796848668,
      "hi": 2.0022697044964715
    },
    "mean_p_chosen_pi": {
      "mean": 0.30159354131402666,
      "lo": 0.2938805535113225,
      "hi": 0.30940978523301793
    },
    "mrr": {
      "mean": 0.6028503222231398,
      "lo": 0.5916042683530722,
      "hi": 0.6158494261993226
    }
  },
  "bootstrap_ci_cluster_by_game": {
    "accuracy_top1": {
      "mean": 0.41023601166799256,
      "lo": 0.3960588398556758,
      "hi": 0.4256961676316515,
      "n_clusters": 100
    },
    "mean_logp_gap_pi": {
      "mean": 1.9144674960244275,
      "lo": 1.840267337324055,
      "hi": 1.9752509356274444,
      "n_clusters": 100
    },
    "mean_p_chosen_pi": {
      "mean": 0.30159354131402666,
      "lo": 0.2933518767464536,
      "hi": 0.3117084162124947,
      "n_clusters": 100
    },
    "mrr": {
      "mean": 0.6028503222231398,
      "lo": 0.5937344171815286,
      "hi": 0.61179768130292,
      "n_clusters": 100
    }
  },
  "opening_family_counts_by_game": {
    "Indian Defense (1...Nf6)": 38,
    "Open Game (1...e5)": 25,
    "Sicilian": 21,
    "Caro-Kann": 6,
    "Other": 5,
    "French / e6": 3,
    "Queen's Pawn (1...d5)": 2
  },
  "notes": {
    "opening_family_is_coarse_heuristic": true,
    "precision_recall_f1_equals_accuracy_for_top1_hit": true
  }
}