loss,mean_logp_gap_policy_chosen_rejected,mean_logp_gap_base_chosen_rejected,mean_gap_improvement,top1_accuracy_on_chosen_policy,top1_accuracy_on_chosen_base,mean_p_chosen_policy,mean_p_chosen_base,mean_kl,mean_ent_pi,mean_ent_ref
2.038610061138114,2.2479837951187682,1.8577811326721245,0.39020266129114195,0.42299407646742054,0.39768443726440494,0.3367816037591196,0.30536063104530914,0.1560910984103437,1.3708096340772087,1.4548020473910586
