loss,mean_logp_gap_policy_chosen_rejected,mean_logp_gap_base_chosen_rejected,mean_gap_improvement,top1_accuracy_on_chosen_policy,top1_accuracy_on_chosen_base,mean_p_chosen_policy,mean_p_chosen_base,mean_kl,mean_ent_pi,mean_ent_ref
1.8107199980869817,2.0618372549276294,1.8577811326721245,0.20405611708784335,0.42380183091007,0.39768443726440494,0.32710942280953714,0.30536063104530914,0.17076430223003536,1.4757408647686163,1.4548020473910586
