{"loss": 0.5848011078215698, "mean_logp_gap_policy_chosen_rejected": 7.895864645896833, "mean_logp_gap_base_chosen_rejected": 1.8577811326721245, "mean_gap_improvement": 6.038083546124419, "top1_accuracy_on_chosen_policy": 0.3508346795907378, "top1_accuracy_on_chosen_base": 0.39768443726440494, "mean_p_chosen_policy": 0.3464334874494652, "mean_p_chosen_base": 0.30536063104530914, "mean_kl": 0.9051812735692621, "mean_ent_pi": 0.3650649776767516, "mean_ent_ref": 1.4548020473910586, "top1_precision": 0.3508346795907378, "top1_recall": 0.3508346795907378, "top1_f1": 0.3508346795907378, "top3_precision": 0.6620893914916532, "top3_recall": 0.6620893914916532, "top3_f1": 0.6620893914916532, "top5_precision": 0.791868605277329, "top5_recall": 0.791868605277329, "top5_f1": 0.791868605277329, "top10_precision": 0.9068389876144318, "top10_recall": 0.9068389876144318, "top10_f1": 0.9068389876144317, "mean_logp_gap_policy_chosen_rejected_cond_on_not_in_top_ten": 5.009913914640185, "mean_logp_gap_base_chosen_rejected_cond_on_not_in_top_ten": 1.142885342450209, "mean_gap_improvement_cond_on_not_in_top_ten": 3.8670286015725472, "top1_accuracy_on_chosen_policy_cond_on_not_in_top_ten": 0.14788732394366197, "top1_accuracy_on_chosen_base_cond_on_not_in_top_ten": 0.18309859154929578, "mean_p_chosen_policy_cond_on_not_in_top_ten": 0.146790707317526, "mean_p_chosen_base_cond_on_not_in_top_ten": 0.15010908650879493, "mean_kl_cond_on_not_in_top_ten": 1.0085190641103496, "mean_ent_pi_cond_on_not_in_top_ten": 0.41815591307418587, "mean_ent_ref_cond_on_not_in_top_ten": 1.7854393124580383, "top1_precision_cond_on_not_in_top_ten": 0.14788732394366197, "top1_recall_cond_on_not_in_top_ten": 0.14788732394366197, "top1_f1_cond_on_not_in_top_ten": 0.14788732394366197, "top3_precision_cond_on_not_in_top_ten": 0.4084507042253521, "top3_recall_cond_on_not_in_top_ten": 0.4084507042253521, "top3_f1_cond_on_not_in_top_ten": 0.4084507042253521, "top5_precision_cond_on_not_in_top_ten": 0.5352112676056338, "top5_recall_cond_on_not_in_top_ten": 0.5352112676056338, "top5_f1_cond_on_not_in_top_ten": 0.5352112676056338, "top10_precision_cond_on_not_in_top_ten": 0.7676056338028169, "top10_recall_cond_on_not_in_top_ten": 0.7676056338028169, "top10_f1_cond_on_not_in_top_ten": 0.7676056338028169, "mean_logp_gap_policy_chosen_rejected_cond_on_in_top_ten": 8.010591786659312, "mean_logp_gap_base_chosen_rejected_cond_on_in_top_ten": 1.8862008410031423, "mean_gap_improvement_cond_on_in_top_ten": 6.1243909396322955, "top1_accuracy_on_chosen_policy_cond_on_in_top_ten": 0.35890257558790595, "top1_accuracy_on_chosen_base_cond_on_in_top_ten": 0.4062150055991041, "mean_p_chosen_policy_cond_on_in_top_ten": 0.3543700181686753, "mean_p_chosen_base_cond_on_in_top_ten": 0.3115324466093396, "mean_kl_cond_on_in_top_ten": 0.9010732183742628, "mean_ent_pi_cond_on_in_top_ten": 0.36295442113755716, "mean_ent_ref_cond_on_in_top_ten": 1.4416580215226316, "top1_precision_cond_on_in_top_ten": 0.35890257558790595, "top1_recall_cond_on_in_top_ten": 0.35890257558790595, "top1_f1_cond_on_in_top_ten": 0.35890257558790595, "top3_precision_cond_on_in_top_ten": 0.6721724524076148, "top3_recall_cond_on_in_top_ten": 0.6721724524076148, "top3_f1_cond_on_in_top_ten": 0.6721724524076148, "top5_precision_cond_on_in_top_ten": 0.8020716685330347, "top5_recall_cond_on_in_top_ten": 0.8020716685330347, "top5_f1_cond_on_in_top_ten": 0.8020716685330347, "top10_precision_cond_on_in_top_ten": 0.9123740201567749, "top10_recall_cond_on_in_top_ten": 0.9123740201567749, "top10_f1_cond_on_in_top_ten": 0.912374020156775}