loss,mean_logp_gap_policy_chosen_rejected,mean_logp_gap_base_chosen_rejected,mean_gap_improvement,top1_accuracy_on_chosen_policy,top1_accuracy_on_chosen_base,mean_p_chosen_policy,mean_p_chosen_base,mean_kl,mean_ent_pi,mean_ent_ref
0.49890703569513917,4.0275773473112055,1.8577811326721245,2.1697962783521776,0.3974151857835218,0.39768443726440494,0.3684688069901289,0.30536063104530914,0.29400844664569176,0.7590934412737462,1.4548020473910586
