{"loss": 2.0373522482960853, "mean_logp_gap_policy_chosen_rejected": 2.2517968477198815, "mean_logp_gap_base_chosen_rejected": 1.8577811326721245, "mean_gap_improvement": 0.39401569758683813, "top1_accuracy_on_chosen_policy": 0.42326332794830374, "top1_accuracy_on_chosen_base": 0.39768443726440494, "mean_p_chosen_policy": 0.3373355477101455, "mean_p_chosen_base": 0.30536063104530914, "mean_kl": 0.16878754626728862, "mean_ent_pi": 1.367019530195155, "mean_ent_ref": 1.4548020473910586, "top1_precision": 0.42326332794830374, "top1_recall": 0.42326332794830374, "top1_f1": 0.42326332794830374, "top3_precision": 0.7504038772213247, "top3_recall": 0.7504038772213247, "top3_f1": 0.7504038772213247, "top5_precision": 0.868066774367259, "top5_recall": 0.868066774367259, "top5_f1": 0.868066774367259, "top10_precision": 0.9658050619278407, "top10_recall": 0.9658050619278407, "top10_f1": 0.9658050619278405, "mean_logp_gap_policy_chosen_rejected_cond_on_not_in_top_ten": 1.2343344583477773, "mean_logp_gap_base_chosen_rejected_cond_on_not_in_top_ten": 1.142885342450209, "mean_gap_improvement_cond_on_not_in_top_ten": 0.09144911589756818, "top1_accuracy_on_chosen_policy_cond_on_not_in_top_ten": 0.176056338028169, "top1_accuracy_on_chosen_base_cond_on_not_in_top_ten": 0.18309859154929578, "mean_p_chosen_policy_cond_on_not_in_top_ten": 0.14781947957567995, "mean_p_chosen_base_cond_on_not_in_top_ten": 0.15010908650879493, "mean_kl_cond_on_not_in_top_ten": 0.09193840941650347, "mean_ent_pi_cond_on_not_in_top_ten": 1.7430234289085362, "mean_ent_ref_cond_on_not_in_top_ten": 1.7854393124580383, "top1_precision_cond_on_not_in_top_ten": 0.176056338028169, "top1_recall_cond_on_not_in_top_ten": 0.176056338028169, "top1_f1_cond_on_not_in_top_ten": 0.176056338028169, "top3_precision_cond_on_not_in_top_ten": 0.5070422535211268, "top3_recall_cond_on_not_in_top_ten": 0.5070422535211268, "top3_f1_cond_on_not_in_top_ten": 0.5070422535211268, "top5_precision_cond_on_not_in_top_ten": 0.6549295774647887, "top5_recall_cond_on_not_in_top_ten": 0.6549295774647887, "top5_f1_cond_on_not_in_top_ten": 0.6549295774647887, "top10_precision_cond_on_not_in_top_ten": 0.852112676056338, "top10_recall_cond_on_not_in_top_ten": 0.852112676056338, "top10_f1_cond_on_not_in_top_ten": 0.852112676056338, "mean_logp_gap_policy_chosen_rejected_cond_on_in_top_ten": 2.292244663205486, "mean_logp_gap_base_chosen_rejected_cond_on_in_top_ten": 1.8862008410031423, "mean_gap_improvement_cond_on_in_top_ten": 0.4060438221439402, "top1_accuracy_on_chosen_policy_cond_on_in_top_ten": 0.4330907054871221, "top1_accuracy_on_chosen_base_cond_on_in_top_ten": 0.4062150055991041, "mean_p_chosen_policy_cond_on_in_top_ten": 0.3448695026611462, "mean_p_chosen_base_cond_on_in_top_ten": 0.3115324466093396, "mean_kl_cond_on_in_top_ten": 0.17184257821159574, "mean_ent_pi_cond_on_in_top_ten": 1.3520719942910944, "mean_ent_ref_cond_on_in_top_ten": 1.4416580215226316, "top1_precision_cond_on_in_top_ten": 0.4330907054871221, "top1_recall_cond_on_in_top_ten": 0.4330907054871221, "top1_f1_cond_on_in_top_ten": 0.4330907054871221, "top3_precision_cond_on_in_top_ten": 0.7600783874580067, "top3_recall_cond_on_in_top_ten": 0.7600783874580067, "top3_f1_cond_on_in_top_ten": 0.7600783874580067, "top5_precision_cond_on_in_top_ten": 0.8765397536394177, "top5_recall_cond_on_in_top_ten": 0.8765397536394177, "top5_f1_cond_on_in_top_ten": 0.8765397536394176, "top10_precision_cond_on_in_top_ten": 0.9703247480403135, "top10_recall_cond_on_in_top_ten": 0.9703247480403135, "top10_f1_cond_on_in_top_ten": 0.9703247480403135}