dpo_loss,mean_logp_gap_policy_chosen_rejected,mean_logp_gap_base_chosen_rejected,mean_gap_improvement,top1_accuracy_on_chosen_policy,top1_accuracy_on_chosen_base,mean_p_chosen_policy,mean_p_chosen_base,mean_kl
0.6873242204968856,1.9648708662092764,1.7909928483755637,0.17387802288572404,0.4285335456367135,0.3998939274982886,0.3269743018585312,0.3067649205288625,0.1811444053312285
