{"loss": 1.8154596451090175, "mean_logp_gap_policy_chosen_rejected": 2.0770251071767647, "mean_logp_gap_base_chosen_rejected": 1.8577811326721245, "mean_gap_improvement": 0.21924396779630925, "top1_accuracy_on_chosen_policy": 0.42299407646742054, "top1_accuracy_on_chosen_base": 0.39768443726440494, "mean_p_chosen_policy": 0.3276806261889961, "mean_p_chosen_base": 0.30536063104530914, "mean_kl": 0.18201213272656558, "mean_ent_pi": 1.4683926488098817, "mean_ent_ref": 1.4548020473910586, "top1_precision": 0.42299407646742054, "top1_recall": 0.42299407646742054, "top1_f1": 0.42299407646742054, "top3_precision": 0.7520193861066236, "top3_recall": 0.7520193861066236, "top3_f1": 0.7520193861066236, "top5_precision": 0.8675282714054927, "top5_recall": 0.8675282714054927, "top5_f1": 0.8675282714054927, "top10_precision": 0.9655358104469575, "top10_recall": 0.9655358104469575, "top10_f1": 0.9655358104469575, "mean_logp_gap_policy_chosen_rejected_cond_on_not_in_top_ten": 1.1118232116732798, "mean_logp_gap_base_chosen_rejected_cond_on_not_in_top_ten": 1.142885342450209, "mean_gap_improvement_cond_on_not_in_top_ten": -0.031062130776929184, "top1_accuracy_on_chosen_policy_cond_on_not_in_top_ten": 0.16901408450704225, "top1_accuracy_on_chosen_base_cond_on_not_in_top_ten": 0.18309859154929578, "mean_p_chosen_policy_cond_on_not_in_top_ten": 0.14379806989756752, "mean_p_chosen_base_cond_on_not_in_top_ten": 0.15010908650879493, "mean_kl_cond_on_not_in_top_ten": 0.09782063563413342, "mean_ent_pi_cond_on_not_in_top_ten": 1.8652657215863886, "mean_ent_ref_cond_on_not_in_top_ten": 1.7854393124580383, "top1_precision_cond_on_not_in_top_ten": 0.16901408450704225, "top1_recall_cond_on_not_in_top_ten": 0.16901408450704225, "top1_f1_cond_on_not_in_top_ten": 0.16901408450704225, "top3_precision_cond_on_not_in_top_ten": 0.5211267605633803, "top3_recall_cond_on_not_in_top_ten": 0.5211267605633803, "top3_f1_cond_on_not_in_top_ten": 0.5211267605633803, "top5_precision_cond_on_not_in_top_ten": 0.6619718309859155, "top5_recall_cond_on_not_in_top_ten": 0.6619718309859155, "top5_f1_cond_on_not_in_top_ten": 0.6619718309859155, "top10_precision_cond_on_not_in_top_ten": 0.8591549295774648, "top10_recall_cond_on_not_in_top_ten": 0.8591549295774648, "top10_f1_cond_on_not_in_top_ten": 0.8591549295774649, "mean_logp_gap_policy_chosen_rejected_cond_on_in_top_ten": 2.1153953862016706, "mean_logp_gap_base_chosen_rejected_cond_on_in_top_ten": 1.8862008410031423, "mean_gap_improvement_cond_on_in_top_ten": 0.22919454609960618, "top1_accuracy_on_chosen_policy_cond_on_in_top_ten": 0.4330907054871221, "top1_accuracy_on_chosen_base_cond_on_in_top_ten": 0.4062150055991041, "mean_p_chosen_policy_cond_on_in_top_ten": 0.33499062829817766, "mean_p_chosen_base_cond_on_in_top_ten": 0.3115324466093396, "mean_kl_cond_on_in_top_ten": 0.18535904746174484, "mean_ent_pi_cond_on_in_top_ten": 1.452615509894447, "mean_ent_ref_cond_on_in_top_ten": 1.4416580215226316, "top1_precision_cond_on_in_top_ten": 0.4330907054871221, "top1_recall_cond_on_in_top_ten": 0.4330907054871221, "top1_f1_cond_on_in_top_ten": 0.4330907054871221, "top3_precision_cond_on_in_top_ten": 0.7611982082866742, "top3_recall_cond_on_in_top_ten": 0.7611982082866742, "top3_f1_cond_on_in_top_ten": 0.7611982082866742, "top5_precision_cond_on_in_top_ten": 0.8756998880179171, "top5_recall_cond_on_in_top_ten": 0.8756998880179171, "top5_f1_cond_on_in_top_ten": 0.8756998880179171, "top10_precision_cond_on_in_top_ten": 0.9697648376259799, "top10_recall_cond_on_in_top_ten": 0.9697648376259799, "top10_f1_cond_on_in_top_ten": 0.9697648376259798}