{"loss": 1.8871599600144338, "mean_logp_gap_policy_chosen_rejected": 2.1094811886115683, "mean_logp_gap_base_chosen_rejected": 1.8577811326721245, "mean_gap_improvement": 0.2517000737213357, "top1_accuracy_on_chosen_policy": 0.42649434571890144, "top1_accuracy_on_chosen_base": 0.39768443726440494, "mean_p_chosen_policy": 0.3293373156248657, "mean_p_chosen_base": 0.30536063104530914, "mean_kl": 0.16033785949487742, "mean_ent_pi": 1.4437016346920672, "mean_ent_ref": 1.4548020473910586, "top1_precision": 0.42649434571890144, "top1_recall": 0.42649434571890144, "top1_f1": 0.42649434571890144, "top3_precision": 0.752827140549273, "top3_recall": 0.752827140549273, "top3_f1": 0.752827140549273, "top5_precision": 0.8694130317716747, "top5_recall": 0.8694130317716747, "top5_f1": 0.8694130317716747, "top10_precision": 0.9663435648896069, "top10_recall": 0.9663435648896069, "top10_f1": 0.9663435648896068, "mean_logp_gap_policy_chosen_rejected_cond_on_not_in_top_ten": 1.155308961448535, "mean_logp_gap_base_chosen_rejected_cond_on_not_in_top_ten": 1.142885342450209, "mean_gap_improvement_cond_on_not_in_top_ten": 0.012423618998326046, "top1_accuracy_on_chosen_policy_cond_on_not_in_top_ten": 0.176056338028169, "top1_accuracy_on_chosen_base_cond_on_not_in_top_ten": 0.18309859154929578, "mean_p_chosen_policy_cond_on_not_in_top_ten": 0.14410118738355074, "mean_p_chosen_base_cond_on_not_in_top_ten": 0.15010908650879493, "mean_kl_cond_on_not_in_top_ten": 0.09460716550549965, "mean_ent_pi_cond_on_not_in_top_ten": 1.8287898738619308, "mean_ent_ref_cond_on_not_in_top_ten": 1.7854393124580383, "top1_precision_cond_on_not_in_top_ten": 0.176056338028169, "top1_recall_cond_on_not_in_top_ten": 0.176056338028169, "top1_f1_cond_on_not_in_top_ten": 0.176056338028169, "top3_precision_cond_on_not_in_top_ten": 0.5, "top3_recall_cond_on_not_in_top_ten": 0.5, "top3_f1_cond_on_not_in_top_ten": 0.5, "top5_precision_cond_on_not_in_top_ten": 0.676056338028169, "top5_recall_cond_on_not_in_top_ten": 0.676056338028169, "top5_f1_cond_on_not_in_top_ten": 0.676056338028169, "top10_precision_cond_on_not_in_top_ten": 0.8591549295774648, "top10_recall_cond_on_not_in_top_ten": 0.8591549295774648, "top10_f1_cond_on_not_in_top_ten": 0.8591549295774649, "mean_logp_gap_policy_chosen_rejected_cond_on_in_top_ten": 2.1474130235086766, "mean_logp_gap_base_chosen_rejected_cond_on_in_top_ten": 1.8862008410031423, "mean_gap_improvement_cond_on_in_top_ten": 0.2612121834232986, "top1_accuracy_on_chosen_policy_cond_on_in_top_ten": 0.4364501679731243, "top1_accuracy_on_chosen_base_cond_on_in_top_ten": 0.4062150055991041, "mean_p_chosen_policy_cond_on_in_top_ten": 0.33670112464082286, "mean_p_chosen_base_cond_on_in_top_ten": 0.3115324466093396, "mean_kl_cond_on_in_top_ten": 0.16295089347057579, "mean_ent_pi_cond_on_in_top_ten": 1.4283929694507038, "mean_ent_ref_cond_on_in_top_ten": 1.4416580215226316, "top1_precision_cond_on_in_top_ten": 0.4364501679731243, "top1_recall_cond_on_in_top_ten": 0.4364501679731243, "top1_f1_cond_on_in_top_ten": 0.4364501679731243, "top3_precision_cond_on_in_top_ten": 0.7628779395296752, "top3_recall_cond_on_in_top_ten": 0.7628779395296752, "top3_f1_cond_on_in_top_ten": 0.7628779395296752, "top5_precision_cond_on_in_top_ten": 0.8770996640537514, "top5_recall_cond_on_in_top_ten": 0.8770996640537514, "top5_f1_cond_on_in_top_ten": 0.8770996640537514, "top10_precision_cond_on_in_top_ten": 0.9706047032474804, "top10_recall_cond_on_in_top_ten": 0.9706047032474804, "top10_f1_cond_on_in_top_ten": 0.9706047032474805}