{"loss": 1.887945334373396, "mean_logp_gap_policy_chosen_rejected": 2.1464784821644867, "mean_logp_gap_base_chosen_rejected": 1.8577811326721245, "mean_gap_improvement": 0.2886973604375339, "top1_accuracy_on_chosen_policy": 0.4227248249865374, "top1_accuracy_on_chosen_base": 0.39768443726440494, "mean_p_chosen_policy": 0.33142971472516775, "mean_p_chosen_base": 0.30536063104530914, "mean_kl": 0.16303231276262814, "mean_ent_pi": 1.4326209557204075, "mean_ent_ref": 1.4548020473910586, "top1_precision": 0.4227248249865374, "top1_recall": 0.4227248249865374, "top1_f1": 0.4227248249865374, "top3_precision": 0.7533656435110393, "top3_recall": 0.7533656435110393, "top3_f1": 0.7533656435110393, "top5_precision": 0.8686052773290253, "top5_recall": 0.8686052773290253, "top5_f1": 0.8686052773290254, "top10_precision": 0.9660743134087237, "top10_recall": 0.9660743134087237, "top10_f1": 0.9660743134087236, "mean_logp_gap_policy_chosen_rejected_cond_on_not_in_top_ten": 1.150510032412032, "mean_logp_gap_base_chosen_rejected_cond_on_not_in_top_ten": 1.142885342450209, "mean_gap_improvement_cond_on_not_in_top_ten": 0.0076246899618229395, "top1_accuracy_on_chosen_policy_cond_on_not_in_top_ten": 0.16901408450704225, "top1_accuracy_on_chosen_base_cond_on_not_in_top_ten": 0.18309859154929578, "mean_p_chosen_policy_cond_on_not_in_top_ten": 0.14436469436267205, "mean_p_chosen_base_cond_on_not_in_top_ten": 0.15010908650879493, "mean_kl_cond_on_not_in_top_ten": 0.09041660079325904, "mean_ent_pi_cond_on_not_in_top_ten": 1.8241714747019218, "mean_ent_ref_cond_on_not_in_top_ten": 1.7854393124580383, "top1_precision_cond_on_not_in_top_ten": 0.16901408450704225, "top1_recall_cond_on_not_in_top_ten": 0.16901408450704225, "top1_f1_cond_on_not_in_top_ten": 0.16901408450704225, "top3_precision_cond_on_not_in_top_ten": 0.5070422535211268, "top3_recall_cond_on_not_in_top_ten": 0.5070422535211268, "top3_f1_cond_on_not_in_top_ten": 0.5070422535211268, "top5_precision_cond_on_not_in_top_ten": 0.6619718309859155, "top5_recall_cond_on_not_in_top_ten": 0.6619718309859155, "top5_f1_cond_on_not_in_top_ten": 0.6619718309859155, "top10_precision_cond_on_not_in_top_ten": 0.8591549295774648, "top10_recall_cond_on_not_in_top_ten": 0.8591549295774648, "top10_f1_cond_on_not_in_top_ten": 0.8591549295774649, "mean_logp_gap_policy_chosen_rejected_cond_on_in_top_ten": 2.1860718655526172, "mean_logp_gap_base_chosen_rejected_cond_on_in_top_ten": 1.8862008410031423, "mean_gap_improvement_cond_on_in_top_ten": 0.2998710242824886, "top1_accuracy_on_chosen_policy_cond_on_in_top_ten": 0.4328107502799552, "top1_accuracy_on_chosen_base_cond_on_in_top_ten": 0.4062150055991041, "mean_p_chosen_policy_cond_on_in_top_ten": 0.3388662288971257, "mean_p_chosen_base_cond_on_in_top_ten": 0.3115324466093396, "mean_kl_cond_on_in_top_ten": 0.16591905078142508, "mean_ent_pi_cond_on_in_top_ten": 1.4170553968016846, "mean_ent_ref_cond_on_in_top_ten": 1.4416580215226316, "top1_precision_cond_on_in_top_ten": 0.4328107502799552, "top1_recall_cond_on_in_top_ten": 0.4328107502799552, "top1_f1_cond_on_in_top_ten": 0.4328107502799552, "top3_precision_cond_on_in_top_ten": 0.7631578947368421, "top3_recall_cond_on_in_top_ten": 0.7631578947368421, "top3_f1_cond_on_in_top_ten": 0.7631578947368421, "top5_precision_cond_on_in_top_ten": 0.8768197088465846, "top5_recall_cond_on_in_top_ten": 0.8768197088465846, "top5_f1_cond_on_in_top_ten": 0.8768197088465846, "top10_precision_cond_on_in_top_ten": 0.9703247480403135, "top10_recall_cond_on_in_top_ten": 0.9703247480403135, "top10_f1_cond_on_in_top_ten": 0.9703247480403135}