{"loss": 2.038610061138114, "mean_logp_gap_policy_chosen_rejected": 2.2479837951187682, "mean_logp_gap_base_chosen_rejected": 1.8577811326721245, "mean_gap_improvement": 0.39020266129114195, "top1_accuracy_on_chosen_policy": 0.42299407646742054, "top1_accuracy_on_chosen_base": 0.39768443726440494, "mean_p_chosen_policy": 0.3367816037591196, "mean_p_chosen_base": 0.30536063104530914, "mean_kl": 0.1560910984103437, "mean_ent_pi": 1.3708096340772087, "mean_ent_ref": 1.4548020473910586, "top1_precision": 0.42299407646742054, "top1_recall": 0.42299407646742054, "top1_f1": 0.42299407646742054, "top3_precision": 0.752827140549273, "top3_recall": 0.752827140549273, "top3_f1": 0.752827140549273, "top5_precision": 0.868066774367259, "top5_recall": 0.868066774367259, "top5_f1": 0.868066774367259, "top10_precision": 0.9652665589660743, "top10_recall": 0.9652665589660743, "top10_f1": 0.9652665589660743, "mean_logp_gap_policy_chosen_rejected_cond_on_not_in_top_ten": 1.234571252490433, "mean_logp_gap_base_chosen_rejected_cond_on_not_in_top_ten": 1.142885342450209, "mean_gap_improvement_cond_on_not_in_top_ten": 0.0916859100402241, "top1_accuracy_on_chosen_policy_cond_on_not_in_top_ten": 0.1619718309859155, "top1_accuracy_on_chosen_base_cond_on_not_in_top_ten": 0.18309859154929578, "mean_p_chosen_policy_cond_on_not_in_top_ten": 0.14701575026475425, "mean_p_chosen_base_cond_on_not_in_top_ten": 0.15010908650879493, "mean_kl_cond_on_not_in_top_ten": 0.08437856126570104, "mean_ent_pi_cond_on_not_in_top_ten": 1.7469374799812343, "mean_ent_ref_cond_on_not_in_top_ten": 1.7854393124580383, "top1_precision_cond_on_not_in_top_ten": 0.1619718309859155, "top1_recall_cond_on_not_in_top_ten": 0.1619718309859155, "top1_f1_cond_on_not_in_top_ten": 0.1619718309859155, "top3_precision_cond_on_not_in_top_ten": 0.5, "top3_recall_cond_on_not_in_top_ten": 0.5, "top3_f1_cond_on_not_in_top_ten": 0.5, "top5_precision_cond_on_not_in_top_ten": 0.6619718309859155, "top5_recall_cond_on_not_in_top_ten": 0.6619718309859155, "top5_f1_cond_on_not_in_top_ten": 0.6619718309859155, "top10_precision_cond_on_not_in_top_ten": 0.8591549295774648, "top10_recall_cond_on_not_in_top_ten": 0.8591549295774648, "top10_f1_cond_on_not_in_top_ten": 0.8591549295774649, "mean_logp_gap_policy_chosen_rejected_cond_on_in_top_ten": 2.288270626413195, "mean_logp_gap_base_chosen_rejected_cond_on_in_top_ten": 1.8862008410031423, "mean_gap_improvement_cond_on_in_top_ten": 0.4020697862861004, "top1_accuracy_on_chosen_policy_cond_on_in_top_ten": 0.4333706606942889, "top1_accuracy_on_chosen_base_cond_on_in_top_ten": 0.4062150055991041, "mean_p_chosen_policy_cond_on_in_top_ten": 0.3443254907711453, "mean_p_chosen_base_cond_on_in_top_ten": 0.3115324466093396, "mean_kl_cond_on_in_top_ten": 0.1589419314239509, "mean_ent_pi_cond_on_in_top_ten": 1.3558571915861066, "mean_ent_ref_cond_on_in_top_ten": 1.4416580215226316, "top1_precision_cond_on_in_top_ten": 0.4333706606942889, "top1_recall_cond_on_in_top_ten": 0.4333706606942889, "top1_f1_cond_on_in_top_ten": 0.4333706606942889, "top3_precision_cond_on_in_top_ten": 0.7628779395296752, "top3_recall_cond_on_in_top_ten": 0.7628779395296752, "top3_f1_cond_on_in_top_ten": 0.7628779395296752, "top5_precision_cond_on_in_top_ten": 0.8762597984322509, "top5_recall_cond_on_in_top_ten": 0.8762597984322509, "top5_f1_cond_on_in_top_ten": 0.8762597984322509, "top10_precision_cond_on_in_top_ten": 0.969484882418813, "top10_recall_cond_on_in_top_ten": 0.969484882418813, "top10_f1_cond_on_in_top_ten": 0.9694848824188131}