{"loss": 2.03594926582207, "mean_logp_gap_policy_chosen_rejected": 2.250387283185508, "mean_logp_gap_base_chosen_rejected": 1.8577811326721245, "mean_gap_improvement": 0.3926061516046909, "top1_accuracy_on_chosen_policy": 0.42380183091007, "top1_accuracy_on_chosen_base": 0.39768443726440494, "mean_p_chosen_policy": 0.33676467819052097, "mean_p_chosen_base": 0.30536063104530914, "mean_kl": 0.15898268311959027, "mean_ent_pi": 1.37081393825796, "mean_ent_ref": 1.4548020473910586, "top1_precision": 0.42380183091007, "top1_recall": 0.42380183091007, "top1_f1": 0.42380183091007, "top3_precision": 0.7525578890683898, "top3_recall": 0.7525578890683898, "top3_f1": 0.7525578890683898, "top5_precision": 0.8675282714054927, "top5_recall": 0.8675282714054927, "top5_f1": 0.8675282714054927, "top10_precision": 0.964728056004308, "top10_recall": 0.964728056004308, "top10_f1": 0.964728056004308, "mean_logp_gap_policy_chosen_rejected_cond_on_not_in_top_ten": 1.2330358162732191, "mean_logp_gap_base_chosen_rejected_cond_on_not_in_top_ten": 1.142885342450209, "mean_gap_improvement_cond_on_not_in_top_ten": 0.09015047382301009, "top1_accuracy_on_chosen_policy_cond_on_not_in_top_ten": 0.15492957746478872, "top1_accuracy_on_chosen_base_cond_on_not_in_top_ten": 0.18309859154929578, "mean_p_chosen_policy_cond_on_not_in_top_ten": 0.14862233749800893, "mean_p_chosen_base_cond_on_not_in_top_ten": 0.15010908650879493, "mean_kl_cond_on_not_in_top_ten": 0.08716464678192852, "mean_ent_pi_cond_on_not_in_top_ten": 1.7483748955206133, "mean_ent_ref_cond_on_not_in_top_ten": 1.7854393124580383, "top1_precision_cond_on_not_in_top_ten": 0.15492957746478872, "top1_recall_cond_on_not_in_top_ten": 0.15492957746478872, "top1_f1_cond_on_not_in_top_ten": 0.15492957746478872, "top3_precision_cond_on_not_in_top_ten": 0.5140845070422535, "top3_recall_cond_on_not_in_top_ten": 0.5140845070422535, "top3_f1_cond_on_not_in_top_ten": 0.5140845070422535, "top5_precision_cond_on_not_in_top_ten": 0.647887323943662, "top5_recall_cond_on_not_in_top_ten": 0.647887323943662, "top5_f1_cond_on_not_in_top_ten": 0.647887323943662, "top10_precision_cond_on_not_in_top_ten": 0.8591549295774648, "top10_recall_cond_on_not_in_top_ten": 0.8591549295774648, "top10_f1_cond_on_not_in_top_ten": 0.8591549295774649, "mean_logp_gap_policy_chosen_rejected_cond_on_in_top_ten": 2.290830707530025, "mean_logp_gap_base_chosen_rejected_cond_on_in_top_ten": 1.8862008410031423, "mean_gap_improvement_cond_on_in_top_ten": 0.4046298670775412, "top1_accuracy_on_chosen_policy_cond_on_in_top_ten": 0.43449048152295633, "top1_accuracy_on_chosen_base_cond_on_in_top_ten": 0.4062150055991041, "mean_p_chosen_policy_cond_on_in_top_ten": 0.34424402469985815, "mean_p_chosen_base_cond_on_in_top_ten": 0.3115324466093396, "mean_kl_cond_on_in_top_ten": 0.1618377139053532, "mean_ent_pi_cond_on_in_top_ten": 1.3558045201263498, "mean_ent_ref_cond_on_in_top_ten": 1.4416580215226316, "top1_precision_cond_on_in_top_ten": 0.43449048152295633, "top1_recall_cond_on_in_top_ten": 0.43449048152295633, "top1_f1_cond_on_in_top_ten": 0.4344904815229564, "top3_precision_cond_on_in_top_ten": 0.7620380739081747, "top3_recall_cond_on_in_top_ten": 0.7620380739081747, "top3_f1_cond_on_in_top_ten": 0.7620380739081747, "top5_precision_cond_on_in_top_ten": 0.8762597984322509, "top5_recall_cond_on_in_top_ten": 0.8762597984322509, "top5_f1_cond_on_in_top_ten": 0.8762597984322509, "top10_precision_cond_on_in_top_ten": 0.9689249720044792, "top10_recall_cond_on_in_top_ten": 0.9689249720044792, "top10_f1_cond_on_in_top_ten": 0.9689249720044792}