{"loss": 1.8103372644980107, "mean_logp_gap_policy_chosen_rejected": 2.0632952190434093, "mean_logp_gap_base_chosen_rejected": 1.8577811326721245, "mean_gap_improvement": 0.20551407723960918, "top1_accuracy_on_chosen_policy": 0.4246095853527194, "top1_accuracy_on_chosen_base": 0.39768443726440494, "mean_p_chosen_policy": 0.3264320168080481, "mean_p_chosen_base": 0.30536063104530914, "mean_kl": 0.16623979361550295, "mean_ent_pi": 1.476485550756665, "mean_ent_ref": 1.4548020473910586, "top1_precision": 0.4246095853527194, "top1_recall": 0.4246095853527194, "top1_f1": 0.4246095853527194, "top3_precision": 0.7536348949919225, "top3_recall": 0.7536348949919225, "top3_f1": 0.7536348949919225, "top5_precision": 0.868066774367259, "top5_recall": 0.868066774367259, "top5_f1": 0.868066774367259, "top10_precision": 0.9671513193322563, "top10_recall": 0.9671513193322563, "top10_f1": 0.9671513193322563, "mean_logp_gap_policy_chosen_rejected_cond_on_not_in_top_ten": 1.1050156140831155, "mean_logp_gap_base_chosen_rejected_cond_on_not_in_top_ten": 1.142885342450209, "mean_gap_improvement_cond_on_not_in_top_ten": -0.03786972836709358, "top1_accuracy_on_chosen_policy_cond_on_not_in_top_ten": 0.1619718309859155, "top1_accuracy_on_chosen_base_cond_on_not_in_top_ten": 0.18309859154929578, "mean_p_chosen_policy_cond_on_not_in_top_ten": 0.14227821887069195, "mean_p_chosen_base_cond_on_not_in_top_ten": 0.15010908650879493, "mean_kl_cond_on_not_in_top_ten": 0.09614349403713739, "mean_ent_pi_cond_on_not_in_top_ten": 1.871767519225537, "mean_ent_ref_cond_on_not_in_top_ten": 1.7854393124580383, "top1_precision_cond_on_not_in_top_ten": 0.1619718309859155, "top1_recall_cond_on_not_in_top_ten": 0.1619718309859155, "top1_f1_cond_on_not_in_top_ten": 0.1619718309859155, "top3_precision_cond_on_not_in_top_ten": 0.5211267605633803, "top3_recall_cond_on_not_in_top_ten": 0.5211267605633803, "top3_f1_cond_on_not_in_top_ten": 0.5211267605633803, "top5_precision_cond_on_not_in_top_ten": 0.6549295774647887, "top5_recall_cond_on_not_in_top_ten": 0.6549295774647887, "top5_f1_cond_on_not_in_top_ten": 0.6549295774647887, "top10_precision_cond_on_not_in_top_ten": 0.8591549295774648, "top10_recall_cond_on_not_in_top_ten": 0.8591549295774648, "top10_f1_cond_on_not_in_top_ten": 0.8591549295774649, "mean_logp_gap_policy_chosen_rejected_cond_on_in_top_ten": 2.1013903123600888, "mean_logp_gap_base_chosen_rejected_cond_on_in_top_ten": 1.8862008410031423, "mean_gap_improvement_cond_on_in_top_ten": 0.21518947174073869, "top1_accuracy_on_chosen_policy_cond_on_in_top_ten": 0.43505039193729006, "top1_accuracy_on_chosen_base_cond_on_in_top_ten": 0.4062150055991041, "mean_p_chosen_policy_cond_on_in_top_ten": 0.3337528031262445, "mean_p_chosen_base_cond_on_in_top_ten": 0.3115324466093396, "mean_kl_cond_on_in_top_ten": 0.16902637406591722, "mean_ent_pi_cond_on_in_top_ten": 1.4607716558142883, "mean_ent_ref_cond_on_in_top_ten": 1.4416580215226316, "top1_precision_cond_on_in_top_ten": 0.43505039193729006, "top1_recall_cond_on_in_top_ten": 0.43505039193729006, "top1_f1_cond_on_in_top_ten": 0.43505039193729006, "top3_precision_cond_on_in_top_ten": 0.7628779395296752, "top3_recall_cond_on_in_top_ten": 0.7628779395296752, "top3_f1_cond_on_in_top_ten": 0.7628779395296752, "top5_precision_cond_on_in_top_ten": 0.8765397536394177, "top5_recall_cond_on_in_top_ten": 0.8765397536394177, "top5_f1_cond_on_in_top_ten": 0.8765397536394176, "top10_precision_cond_on_in_top_ten": 0.971444568868981, "top10_recall_cond_on_in_top_ten": 0.971444568868981, "top10_f1_cond_on_in_top_ten": 0.9714445688689811}