{"loss": 1.893603405004942, "mean_logp_gap_policy_chosen_rejected": 2.1438650209286165, "mean_logp_gap_base_chosen_rejected": 1.8577811326721245, "mean_gap_improvement": 0.2860838858170989, "top1_accuracy_on_chosen_policy": 0.4246095853527194, "top1_accuracy_on_chosen_base": 0.39768443726440494, "mean_p_chosen_policy": 0.3314414926928478, "mean_p_chosen_base": 0.30536063104530914, "mean_kl": 0.16165930109161744, "mean_ent_pi": 1.4319091519811298, "mean_ent_ref": 1.4548020473910586, "top1_precision": 0.4246095853527194, "top1_recall": 0.4246095853527194, "top1_f1": 0.4246095853527194, "top3_precision": 0.752827140549273, "top3_recall": 0.752827140549273, "top3_f1": 0.752827140549273, "top5_precision": 0.8669897684437264, "top5_recall": 0.8669897684437264, "top5_f1": 0.8669897684437264, "top10_precision": 0.9649973074851912, "top10_recall": 0.9649973074851912, "top10_f1": 0.9649973074851912, "mean_logp_gap_policy_chosen_rejected_cond_on_not_in_top_ten": 1.1485981659989961, "mean_logp_gap_base_chosen_rejected_cond_on_not_in_top_ten": 1.142885342450209, "mean_gap_improvement_cond_on_not_in_top_ten": 0.005712823548787077, "top1_accuracy_on_chosen_policy_cond_on_not_in_top_ten": 0.16901408450704225, "top1_accuracy_on_chosen_base_cond_on_not_in_top_ten": 0.18309859154929578, "mean_p_chosen_policy_cond_on_not_in_top_ten": 0.14341376483079152, "mean_p_chosen_base_cond_on_not_in_top_ten": 0.15010908650879493, "mean_kl_cond_on_not_in_top_ten": 0.08415789654212807, "mean_ent_pi_cond_on_not_in_top_ten": 1.8242161022105687, "mean_ent_ref_cond_on_not_in_top_ten": 1.7854393124580383, "top1_precision_cond_on_not_in_top_ten": 0.16901408450704225, "top1_recall_cond_on_not_in_top_ten": 0.16901408450704225, "top1_f1_cond_on_not_in_top_ten": 0.16901408450704225, "top3_precision_cond_on_not_in_top_ten": 0.5070422535211268, "top3_recall_cond_on_not_in_top_ten": 0.5070422535211268, "top3_f1_cond_on_not_in_top_ten": 0.5070422535211268, "top5_precision_cond_on_not_in_top_ten": 0.6619718309859155, "top5_recall_cond_on_not_in_top_ten": 0.6619718309859155, "top5_f1_cond_on_not_in_top_ten": 0.6619718309859155, "top10_precision_cond_on_not_in_top_ten": 0.8591549295774648, "top10_recall_cond_on_not_in_top_ten": 0.8591549295774648, "top10_f1_cond_on_not_in_top_ten": 0.8591549295774649, "mean_logp_gap_policy_chosen_rejected_cond_on_in_top_ten": 2.183430497825546, "mean_logp_gap_base_chosen_rejected_cond_on_in_top_ten": 1.8862008410031423, "mean_gap_improvement_cond_on_in_top_ten": 0.29722965753992886, "top1_accuracy_on_chosen_policy_cond_on_in_top_ten": 0.43477043673012317, "top1_accuracy_on_chosen_base_cond_on_in_top_ten": 0.4062150055991041, "mean_p_chosen_policy_cond_on_in_top_ten": 0.33891627905229954, "mean_p_chosen_base_cond_on_in_top_ten": 0.3115324466093396, "mean_kl_cond_on_in_top_ten": 0.16474026417677506, "mean_ent_pi_cond_on_in_top_ten": 1.4163135221846712, "mean_ent_ref_cond_on_in_top_ten": 1.4416580215226316, "top1_precision_cond_on_in_top_ten": 0.43477043673012317, "top1_recall_cond_on_in_top_ten": 0.43477043673012317, "top1_f1_cond_on_in_top_ten": 0.4347704367301232, "top3_precision_cond_on_in_top_ten": 0.7625979843225084, "top3_recall_cond_on_in_top_ten": 0.7625979843225084, "top3_f1_cond_on_in_top_ten": 0.7625979843225084, "top5_precision_cond_on_in_top_ten": 0.8751399776035834, "top5_recall_cond_on_in_top_ten": 0.8751399776035834, "top5_f1_cond_on_in_top_ten": 0.8751399776035834, "top10_precision_cond_on_in_top_ten": 0.9692049272116461, "top10_recall_cond_on_in_top_ten": 0.9692049272116461, "top10_f1_cond_on_in_top_ten": 0.9692049272116461}