loss,mean_logp_gap_policy_chosen_rejected,mean_logp_gap_base_chosen_rejected,mean_gap_improvement,top1_accuracy_on_chosen_policy,top1_accuracy_on_chosen_base,mean_p_chosen_policy,mean_p_chosen_base,mean_kl,mean_ent_pi,mean_ent_ref
1.8828877844217329,2.12559310813456,1.8577811326721245,0.2678119910617124,0.425686591276252,0.39768443726440494,0.3300210079584445,0.30536063104530914,0.16232910582983306,1.4429207524113201,1.4548020473910586
