loss,mean_logp_gap_policy_chosen_rejected,mean_logp_gap_base_chosen_rejected,mean_gap_improvement,top1_accuracy_on_chosen_policy,top1_accuracy_on_chosen_base,mean_p_chosen_policy,mean_p_chosen_base,mean_kl,mean_ent_pi,mean_ent_ref
1.8150346051253614,2.054948683765927,1.8577811326721245,0.1971675756963659,0.42299407646742054,0.39768443726440494,0.32718115287502414,0.30536063104530914,0.16787746712348767,1.4713713409570706,1.4548020473910586
