loss,mean_logp_gap_policy_chosen_rejected,mean_logp_gap_base_chosen_rejected,mean_gap_improvement,top1_accuracy_on_chosen_policy,top1_accuracy_on_chosen_base,mean_p_chosen_policy,mean_p_chosen_base,mean_kl,mean_ent_pi,mean_ent_ref
0.4865141312281291,1.7584520871111573,1.8577811326721245,-0.09932903731196685,0.41383952611739366,0.39768443726440494,0.2943062261830239,0.30536063104530914,0.15324629315234797,1.6686495730616293,1.4548020473910586
