{"loss": 0.49138575846877997, "mean_logp_gap_policy_chosen_rejected": 3.590685262048379, "mean_logp_gap_base_chosen_rejected": 1.8577811326721245, "mean_gap_improvement": 1.7329041396473837, "top1_accuracy_on_chosen_policy": 0.3949919224555735, "top1_accuracy_on_chosen_base": 0.39768443726440494, "mean_p_chosen_policy": 0.36241181784569737, "mean_p_chosen_base": 0.30536063104530914, "mean_kl": 0.22412517863412537, "mean_ent_pi": 0.8432339888846418, "mean_ent_ref": 1.4548020473910586, "top1_precision": 0.3949919224555735, "top1_recall": 0.3949919224555735, "top1_f1": 0.3949919224555735, "top3_precision": 0.7326332794830371, "top3_recall": 0.7326332794830371, "top3_f1": 0.7326332794830371, "top5_precision": 0.8543349488422186, "top5_recall": 0.8543349488422186, "top5_f1": 0.8543349488422186, "top10_precision": 0.9606892837910609, "top10_recall": 0.9606892837910609, "top10_f1": 0.9606892837910608, "mean_logp_gap_policy_chosen_rejected_cond_on_not_in_top_ten": 2.200674537621753, "mean_logp_gap_base_chosen_rejected_cond_on_not_in_top_ten": 1.142885342450209, "mean_gap_improvement_cond_on_not_in_top_ten": 1.0577891939122912, "top1_accuracy_on_chosen_policy_cond_on_not_in_top_ten": 0.16901408450704225, "top1_accuracy_on_chosen_base_cond_on_not_in_top_ten": 0.18309859154929578, "mean_p_chosen_policy_cond_on_not_in_top_ten": 0.16576374467592875, "mean_p_chosen_base_cond_on_not_in_top_ten": 0.15010908650879493, "mean_kl_cond_on_not_in_top_ten": 0.21440925051681173, "mean_ent_pi_cond_on_not_in_top_ten": 1.0974998641759157, "mean_ent_ref_cond_on_not_in_top_ten": 1.7854393124580383, "top1_precision_cond_on_not_in_top_ten": 0.16901408450704225, "top1_recall_cond_on_not_in_top_ten": 0.16901408450704225, "top1_f1_cond_on_not_in_top_ten": 0.16901408450704225, "top3_precision_cond_on_not_in_top_ten": 0.49295774647887325, "top3_recall_cond_on_not_in_top_ten": 0.49295774647887325, "top3_f1_cond_on_not_in_top_ten": 0.49295774647887325, "top5_precision_cond_on_not_in_top_ten": 0.6690140845070423, "top5_recall_cond_on_not_in_top_ten": 0.6690140845070423, "top5_f1_cond_on_not_in_top_ten": 0.6690140845070423, "top10_precision_cond_on_not_in_top_ten": 0.8591549295774648, "top10_recall_cond_on_not_in_top_ten": 0.8591549295774648, "top10_f1_cond_on_not_in_top_ten": 0.8591549295774649, "mean_logp_gap_policy_chosen_rejected_cond_on_in_top_ten": 3.6459432712193967, "mean_logp_gap_base_chosen_rejected_cond_on_in_top_ten": 1.8862008410031423, "mean_gap_improvement_cond_on_in_top_ten": 1.759742431617931, "top1_accuracy_on_chosen_policy_cond_on_in_top_ten": 0.4039753639417693, "top1_accuracy_on_chosen_base_cond_on_in_top_ten": 0.4062150055991041, "mean_p_chosen_policy_cond_on_in_top_ten": 0.37022929312637537, "mean_p_chosen_base_cond_on_in_top_ten": 0.3115324466093396, "mean_kl_cond_on_in_top_ten": 0.22451142242495367, "mean_ent_pi_cond_on_in_top_ten": 0.8331259981190667, "mean_ent_ref_cond_on_in_top_ten": 1.4416580215226316, "top1_precision_cond_on_in_top_ten": 0.4039753639417693, "top1_recall_cond_on_in_top_ten": 0.4039753639417693, "top1_f1_cond_on_in_top_ten": 0.4039753639417693, "top3_precision_cond_on_in_top_ten": 0.7421612541993281, "top3_recall_cond_on_in_top_ten": 0.7421612541993281, "top3_f1_cond_on_in_top_ten": 0.7421612541993281, "top5_precision_cond_on_in_top_ten": 0.8617021276595744, "top5_recall_cond_on_in_top_ten": 0.8617021276595744, "top5_f1_cond_on_in_top_ten": 0.8617021276595744, "top10_precision_cond_on_in_top_ten": 0.9647256438969765, "top10_recall_cond_on_in_top_ten": 0.9647256438969765, "top10_f1_cond_on_in_top_ten": 0.9647256438969765}