{
  "white_first_move_probs": {
    "e2e4": 0.696946382522583,
    "d2d4": 0.09203549474477768,
    "c2c4": 0.022332504391670227,
    "g1f3": 0.16020062565803528,
    "g2g3": 0.001901560346595943,
    "b2b3": 0.002951281610876322,
    "f2f4": 0.01758430339396,
    "b2b4": 0.0001898236369015649,
    "a2a4": 0.0002294370497111231
  },
  "white_other_mass": 0.0056285866448888555,
  "black_reply_probs_cond_on_white": {
    "e2e4": {
      "fen_after_white": "rnbqkbnr/pppppppp/8/8/4P3/8/PPPP1PPP/RNBQKBNR b KQkq - 0 1",
      "black_reply_probs": {
        "c7c5": 0.11211799085140228,
        "e7e5": 0.6365591287612915,
        "e7e6": 0.001827292493544519,
        "c7c6": 0.0006269289879128337,
        "d7d5": 0.07662484049797058,
        "g8f6": 0.1501130312681198,
        "g7g6": 0.006010049022734165,
        "d7d6": 0.001013777102343738
      },
      "other_mass": 0.015106961014680564
    },
    "d2d4": {
      "fen_after_white": "rnbqkbnr/pppppppp/8/8/3P4/8/PPP1PPPP/RNBQKBNR b KQkq - 0 1",
      "black_reply_probs": {
        "c7c5": 0.019787881523370743,
        "e7e5": 0.25393813848495483,
        "e7e6": 0.0034070885740220547,
        "c7c6": 0.0004678639234043658,
        "d7d5": 0.09229020029306412,
        "g8f6": 0.6009348630905151,
        "g7g6": 0.004345262423157692,
        "d7d6": 0.0003919805458281189
      },
      "other_mass": 0.024436721141682938
    },
    "c2c4": {
      "fen_after_white": "rnbqkbnr/pppppppp/8/8/2P5/8/PP1PPPPP/RNBQKBNR b KQkq - 0 1",
      "black_reply_probs": {
        "c7c5": 0.05240124464035034,
        "e7e5": 0.6940246820449829,
        "e7e6": 0.0015007846523076296,
        "c7c6": 0.0004570373857859522,
        "d7d5": 0.018669312819838524,
        "g8f6": 0.19339662790298462,
        "g7g6": 0.003136396175250411,
        "d7d6": 0.0007968380232341588
      },
      "other_mass": 0.03561707635526545
    },
    "g1f3": {
      "fen_after_white": "rnbqkbnr/pppppppp/8/8/8/5N2/PPPPPPPP/RNBQKB1R b KQkq - 1 1",
      "black_reply_probs": {
        "c7c5": 0.028634628280997276,
        "e7e5": 0.5535792708396912,
        "e7e6": 0.0008948710164986551,
        "c7c6": 0.0001152907861978747,
        "d7d5": 0.04433182626962662,
        "g8f6": 0.3510572016239166,
        "g7g6": 0.0028567705303430557,
        "d7d6": 0.0003187821130268276
      },
      "other_mass": 0.018211358539701905
    },
    "g2g3": {
      "fen_after_white": "rnbqkbnr/pppppppp/8/8/8/6P1/PPPPPP1P/RNBQKBNR b KQkq - 0 1",
      "black_reply_probs": {
        "c7c5": 0.016959846019744873,
        "e7e5": 0.7088117003440857,
        "e7e6": 0.0006350477924570441,
        "c7c6": 0.00015783427807036787,
        "d7d5": 0.060891442000865936,
        "g8f6": 0.19249674677848816,
        "g7g6": 0.0024220074992626905,
        "d7d6": 0.0003547344822436571
      },
      "other_mass": 0.01727064080478158
    },
    "b2b3": {
      "fen_after_white": "rnbqkbnr/pppppppp/8/8/8/1P6/P1PPPPPP/RNBQKBNR b KQkq - 0 1",
      "black_reply_probs": {
        "c7c5": 0.012659030966460705,
        "e7e5": 0.69198077917099,
        "e7e6": 0.0012033426901325583,
        "c7c6": 0.000223289112909697,
        "d7d5": 0.06457032263278961,
        "g8f6": 0.1948605626821518,
        "g7g6": 0.00600716145709157,
        "d7d6": 0.00029791382257826626
      },
      "other_mass": 0.028197597464895807
    },
    "f2f4": {
      "fen_after_white": "rnbqkbnr/pppppppp/8/8/5P2/8/PPPPP1PP/RNBQKBNR b KQkq - 0 1",
      "black_reply_probs": {
        "c7c5": 0.03293081745505333,
        "e7e5": 0.6230685114860535,
        "e7e6": 0.0027573213446885347,
        "c7c6": 0.0003932455147150904,
        "d7d5": 0.06746386736631393,
        "g8f6": 0.23780685663223267,
        "g7g6": 0.006097377743571997,
        "d7d6": 0.0007996215135790408
      },
      "other_mass": 0.02868238094379194
    },
    "b2b4": {
      "fen_after_white": "rnbqkbnr/pppppppp/8/8/1P6/8/P1PPPPPP/RNBQKBNR b KQkq - 0 1",
      "black_reply_probs": {
        "c7c5": 0.00267844763584435,
        "e7e5": 0.6552714109420776,
        "e7e6": 0.0030623185448348522,
        "c7c6": 0.0005771980504505336,
        "d7d5": 0.08045503497123718,
        "g8f6": 0.21571825444698334,
        "g7g6": 0.003916242625564337,
        "d7d6": 0.0007849339162930846
      },
      "other_mass": 0.037536158866714686
    },
    "a2a4": {
      "fen_after_white": "rnbqkbnr/pppppppp/8/8/P7/8/1PPPPPPP/RNBQKBNR b KQkq - 0 1",
      "black_reply_probs": {
        "c7c5": 0.010402466170489788,
        "e7e5": 0.6570954322814941,
        "e7e6": 0.0009005353203974664,
        "c7c6": 0.0001826410589274019,
        "d7d5": 0.06424614042043686,
        "g8f6": 0.23695196211338043,
        "g7g6": 0.0020509082823991776,
        "d7d6": 0.0005065178265795112
      },
      "other_mass": 0.027663396525895223
    }
  },
  "meta": {
    "elo_self": 2800,
    "elo_oppo": 2800,
    "temperature": 1.0,
    "maia_type": "blitz",
    "white_moves_probed": [
      "e2e4",
      "d2d4",
      "c2c4",
      "g1f3",
      "g2g3",
      "b2b3",
      "f2f4",
      "b2b4",
      "a2a4"
    ],
    "black_replies_probed": [
      "c7c5",
      "e7e5",
      "e7e6",
      "c7c6",
      "d7d5",
      "g8f6",
      "g7g6",
      "d7d6"
    ]
  }
}