{
  "white_first_move_probs": {
    "e2e4": 0.6815189123153687,
    "d2d4": 0.15085381269454956,
    "c2c4": 0.004627383314073086,
    "g1f3": 0.16170057654380798,
    "g2g3": 0.0004169405729044229,
    "b2b3": 2.238112938357517e-05,
    "f2f4": 0.00028691207990050316,
    "b2b4": 7.077968007251911e-07,
    "a2a4": 2.6146221898670774e-06
  },
  "white_other_mass": 0.0005697589310216244,
  "black_reply_probs_cond_on_white": {
    "e2e4": {
      "fen_after_white": "rnbqkbnr/pppppppp/8/8/4P3/8/PPPP1PPP/RNBQKBNR b KQkq - 0 1",
      "black_reply_probs": {
        "c7c5": 0.16385549306869507,
        "e7e5": 0.5808860063552856,
        "e7e6": 0.002157323993742466,
        "c7c6": 0.0008354915189556777,
        "d7d5": 0.03947177529335022,
        "g8f6": 0.19829389452934265,
        "g7g6": 0.009447567164897919,
        "d7d6": 0.0006593234720639884
      },
      "other_mass": 0.004393124603666365
    },
    "d2d4": {
      "fen_after_white": "rnbqkbnr/pppppppp/8/8/3P4/8/PPP1PPPP/RNBQKBNR b KQkq - 0 1",
      "black_reply_probs": {
        "c7c5": 0.0011776817264035344,
        "e7e5": 0.007144005503505468,
        "e7e6": 0.00037458230508491397,
        "c7c6": 1.050377613864839e-05,
        "d7d5": 0.018183037638664246,
        "g8f6": 0.9688200950622559,
        "g7g6": 0.0038753522094339132,
        "d7d6": 3.2745840144343674e-05
      },
      "other_mass": 0.000381995938369073
    },
    "c2c4": {
      "fen_after_white": "rnbqkbnr/pppppppp/8/8/2P5/8/PP1PPPPP/RNBQKBNR b KQkq - 0 1",
      "black_reply_probs": {
        "c7c5": 0.010249190032482147,
        "e7e5": 0.4730934202671051,
        "e7e6": 0.0004045650130137801,
        "c7c6": 3.295392889413051e-05,
        "d7d5": 0.0062211924232542515,
        "g8f6": 0.5054857134819031,
        "g7g6": 0.0030791377648711205,
        "d7d6": 0.0001474016607971862
      },
      "other_mass": 0.0012864254276792053
    },
    "g1f3": {
      "fen_after_white": "rnbqkbnr/pppppppp/8/8/8/5N2/PPPPPPPP/RNBQKB1R b KQkq - 1 1",
      "black_reply_probs": {
        "c7c5": 0.00802986416965723,
        "e7e5": 0.030866453424096107,
        "e7e6": 0.00012714428885374218,
        "c7c6": 8.941167834564112e-06,
        "d7d5": 0.043795835226774216,
        "g8f6": 0.9134388566017151,
        "g7g6": 0.002766875782981515,
        "d7d6": 3.8990187022136524e-05
      },
      "other_mass": 0.0009270391510654008
    },
    "g2g3": {
      "fen_after_white": "rnbqkbnr/pppppppp/8/8/8/6P1/PPPPPP1P/RNBQKBNR b KQkq - 0 1",
      "black_reply_probs": {
        "c7c5": 0.015634333714842796,
        "e7e5": 0.4496701657772064,
        "e7e6": 0.0003352576750330627,
        "c7c6": 6.827808829257265e-05,
        "d7d5": 0.16268494725227356,
        "g8f6": 0.3682849407196045,
        "g7g6": 0.0016021269839257002,
        "d7d6": 0.00014980587002355605
      },
      "other_mass": 0.0015701439187978394
    },
    "b2b3": {
      "fen_after_white": "rnbqkbnr/pppppppp/8/8/8/1P6/P1PPPPPP/RNBQKBNR b KQkq - 0 1",
      "black_reply_probs": {
        "c7c5": 0.005966479890048504,
        "e7e5": 0.6282045841217041,
        "e7e6": 0.0013694794615730643,
        "c7c6": 5.943263749941252e-05,
        "d7d5": 0.11105486750602722,
        "g8f6": 0.24451524019241333,
        "g7g6": 0.00659363716840744,
        "d7d6": 0.00024316657800227404
      },
      "other_mass": 0.0019931124443246517
    },
    "f2f4": {
      "fen_after_white": "rnbqkbnr/pppppppp/8/8/5P2/8/PPPPP1PP/RNBQKBNR b KQkq - 0 1",
      "black_reply_probs": {
        "c7c5": 0.04511804133653641,
        "e7e5": 0.21773312985897064,
        "e7e6": 0.0021666986867785454,
        "c7c6": 0.0001738756982376799,
        "d7d5": 0.21768993139266968,
        "g8f6": 0.5059560537338257,
        "g7g6": 0.007227330934256315,
        "d7d6": 0.0007831121911294758
      },
      "other_mass": 0.0031518261675955728
    },
    "b2b4": {
      "fen_after_white": "rnbqkbnr/pppppppp/8/8/1P6/8/P1PPPPPP/RNBQKBNR b KQkq - 0 1",
      "black_reply_probs": {
        "c7c5": 0.001547591877169907,
        "e7e5": 0.7153455018997192,
        "e7e6": 0.005490222945809364,
        "c7c6": 0.0002503854047972709,
        "d7d5": 0.09316752851009369,
        "g8f6": 0.1706232726573944,
        "g7g6": 0.008558894507586956,
        "d7d6": 0.0009656601469032466
      },
      "other_mass": 0.004050942050525919
    },
    "a2a4": {
      "fen_after_white": "rnbqkbnr/pppppppp/8/8/P7/8/1PPPPPPP/RNBQKBNR b KQkq - 0 1",
      "black_reply_probs": {
        "c7c5": 0.005044769961386919,
        "e7e5": 0.4810398817062378,
        "e7e6": 0.00036078711855225265,
        "c7c6": 3.996473242295906e-05,
        "d7d5": 0.13027942180633545,
        "g8f6": 0.3808475434780121,
        "g7g6": 0.0010150816524401307,
        "d7d6": 0.00027347897412255406
      },
      "other_mass": 0.0010990705704898573
    }
  },
  "meta": {
    "elo_self": 2800,
    "elo_oppo": 2800,
    "temperature": 1.0,
    "maia_type": "blitz",
    "white_moves_probed": [
      "e2e4",
      "d2d4",
      "c2c4",
      "g1f3",
      "g2g3",
      "b2b3",
      "f2f4",
      "b2b4",
      "a2a4"
    ],
    "black_replies_probed": [
      "c7c5",
      "e7e5",
      "e7e6",
      "c7c6",
      "d7d5",
      "g8f6",
      "g7g6",
      "d7d6"
    ]
  }
}