{
  "white_first_move_probs": {
    "e2e4": 0.8024594783782959,
    "d2d4": 0.07242993265390396,
    "c2c4": 0.008039968088269234,
    "g1f3": 0.11573828011751175,
    "g2g3": 0.0003111443074885756,
    "b2b3": 6.556212611030787e-05,
    "f2f4": 0.00035346049116924405,
    "b2b4": 2.2736921891919337e-06,
    "a2a4": 6.836214652139461e-06
  },
  "white_other_mass": 0.0005930639304096985,
  "black_reply_probs_cond_on_white": {
    "e2e4": {
      "fen_after_white": "rnbqkbnr/pppppppp/8/8/4P3/8/PPPP1PPP/RNBQKBNR b KQkq - 0 1",
      "black_reply_probs": {
        "c7c5": 0.18015950918197632,
        "e7e5": 0.6392645239830017,
        "e7e6": 0.0015371302142739296,
        "c7c6": 0.0008739171316847205,
        "d7d5": 0.04287014156579971,
        "g8f6": 0.1272578090429306,
        "g7g6": 0.0031927991658449173,
        "d7d6": 0.00046046797069720924
      },
      "other_mass": 0.00438370174379088
    },
    "d2d4": {
      "fen_after_white": "rnbqkbnr/pppppppp/8/8/3P4/8/PPP1PPPP/RNBQKBNR b KQkq - 0 1",
      "black_reply_probs": {
        "c7c5": 0.0032399713527411222,
        "e7e5": 0.011746956966817379,
        "e7e6": 0.0004778884758707136,
        "c7c6": 2.8726435630233027e-05,
        "d7d5": 0.014932791702449322,
        "g8f6": 0.9673008322715759,
        "g7g6": 0.0017237579450011253,
        "d7d6": 2.3967364541022107e-05
      },
      "other_mass": 0.0005251074853731552
    },
    "c2c4": {
      "fen_after_white": "rnbqkbnr/pppppppp/8/8/2P5/8/PP1PPPPP/RNBQKBNR b KQkq - 0 1",
      "black_reply_probs": {
        "c7c5": 0.014465710148215294,
        "e7e5": 0.5413070917129517,
        "e7e6": 0.0002811234153341502,
        "c7c6": 5.2814728405792266e-05,
        "d7d5": 0.004393687006086111,
        "g8f6": 0.4364883005619049,
        "g7g6": 0.0014403027016669512,
        "d7d6": 0.00010854824358830228
      },
      "other_mass": 0.0014624214818468317
    },
    "g1f3": {
      "fen_after_white": "rnbqkbnr/pppppppp/8/8/8/5N2/PPPPPPPP/RNBQKB1R b KQkq - 1 1",
      "black_reply_probs": {
        "c7c5": 0.02181355468928814,
        "e7e5": 0.07258693128824234,
        "e7e6": 0.0001395680010318756,
        "c7c6": 2.0239285731804557e-05,
        "d7d5": 0.027630142867565155,
        "g8f6": 0.8747580647468567,
        "g7g6": 0.0016436075093224645,
        "d7d6": 4.439069016370922e-05
      },
      "other_mass": 0.0013635009217978222
    },
    "g2g3": {
      "fen_after_white": "rnbqkbnr/pppppppp/8/8/8/6P1/PPPPPP1P/RNBQKBNR b KQkq - 0 1",
      "black_reply_probs": {
        "c7c5": 0.01815940998494625,
        "e7e5": 0.621276319026947,
        "e7e6": 0.0002463319106027484,
        "c7c6": 7.547895074822009e-05,
        "d7d5": 0.08035983890295029,
        "g8f6": 0.276904433965683,
        "g7g6": 0.0009660539799369872,
        "d7d6": 9.819509432418272e-05
      },
      "other_mass": 0.001913938183861319
    },
    "b2b3": {
      "fen_after_white": "rnbqkbnr/pppppppp/8/8/8/1P6/P1PPPPPP/RNBQKBNR b KQkq - 0 1",
      "black_reply_probs": {
        "c7c5": 0.0061109429225325584,
        "e7e5": 0.7094783186912537,
        "e7e6": 0.0006474449764937162,
        "c7c6": 5.343663360690698e-05,
        "d7d5": 0.06113271415233612,
        "g8f6": 0.21606193482875824,
        "g7g6": 0.004214602522552013,
        "d7d6": 8.888825686881319e-05
      },
      "other_mass": 0.0022117170155979693
    },
    "f2f4": {
      "fen_after_white": "rnbqkbnr/pppppppp/8/8/5P2/8/PPPPP1PP/RNBQKBNR b KQkq - 0 1",
      "black_reply_probs": {
        "c7c5": 0.06154400482773781,
        "e7e5": 0.30886611342430115,
        "e7e6": 0.0029724189080297947,
        "c7c6": 0.00043082766933366656,
        "d7d5": 0.14546677470207214,
        "g8f6": 0.4684087038040161,
        "g7g6": 0.007065600249916315,
        "d7d6": 0.0006510722450911999
      },
      "other_mass": 0.004594484169501811
    },
    "b2b4": {
      "fen_after_white": "rnbqkbnr/pppppppp/8/8/1P6/8/P1PPPPPP/RNBQKBNR b KQkq - 0 1",
      "black_reply_probs": {
        "c7c5": 0.0011253560660406947,
        "e7e5": 0.7318974733352661,
        "e7e6": 0.003891024272888899,
        "c7c6": 0.0003072359540965408,
        "d7d5": 0.06558994203805923,
        "g8f6": 0.1848491132259369,
        "g7g6": 0.006858211942017078,
        "d7d6": 0.0004785801575053483
      },
      "other_mass": 0.005003063008189201
    },
    "a2a4": {
      "fen_after_white": "rnbqkbnr/pppppppp/8/8/P7/8/1PPPPPPP/RNBQKBNR b KQkq - 0 1",
      "black_reply_probs": {
        "c7c5": 0.005113465245813131,
        "e7e5": 0.6260364651679993,
        "e7e6": 0.0002109391789417714,
        "c7c6": 3.839616329059936e-05,
        "d7d5": 0.062382981181144714,
        "g8f6": 0.30438271164894104,
        "g7g6": 0.0005177691928111017,
        "d7d6": 0.00010722325532697141
      },
      "other_mass": 0.0012100489657314029
    }
  },
  "meta": {
    "elo_self": 2800,
    "elo_oppo": 2800,
    "temperature": 1.0,
    "maia_type": "blitz",
    "white_moves_probed": [
      "e2e4",
      "d2d4",
      "c2c4",
      "g1f3",
      "g2g3",
      "b2b3",
      "f2f4",
      "b2b4",
      "a2a4"
    ],
    "black_replies_probed": [
      "c7c5",
      "e7e5",
      "e7e6",
      "c7c6",
      "d7d5",
      "g8f6",
      "g7g6",
      "d7d6"
    ]
  }
}