{
  "white_first_move_probs": {
    "e2e4": 0.006082172971218824,
    "d2d4": 0.023550981655716896,
    "c2c4": 5.576648618443869e-07,
    "g1f3": 0.9698479771614075,
    "g2g3": 2.436173781461548e-05,
    "b2b3": 1.4537828292304766e-06,
    "f2f4": 2.7065281756222248e-05,
    "b2b4": 6.163410670723124e-09,
    "a2a4": 1.1741063676851127e-09
  },
  "white_other_mass": 0.00046542240687785785,
  "black_reply_probs_cond_on_white": {
    "e2e4": {
      "fen_after_white": "rnbqkbnr/pppppppp/8/8/4P3/8/PPPP1PPP/RNBQKBNR b KQkq - 0 1",
      "black_reply_probs": {
        "c7c5": 8.630732190795243e-05,
        "e7e5": 0.031936533749103546,
        "e7e6": 7.89729892858304e-06,
        "c7c6": 3.657944205315289e-07,
        "d7d5": 0.005982754286378622,
        "g8f6": 0.9615194201469421,
        "g7g6": 0.00036068272311240435,
        "d7d6": 3.440798764131614e-06
      },
      "other_mass": 0.00010259788044209017
    },
    "d2d4": {
      "fen_after_white": "rnbqkbnr/pppppppp/8/8/3P4/8/PPP1PPPP/RNBQKBNR b KQkq - 0 1",
      "black_reply_probs": {
        "c7c5": 1.0871193012462754e-07,
        "e7e5": 0.0003892981621902436,
        "e7e6": 6.268498964345781e-07,
        "c7c6": 7.0065802049157355e-09,
        "d7d5": 0.002382071688771248,
        "g8f6": 0.9971627593040466,
        "g7g6": 3.236887278035283e-05,
        "d7d6": 4.029208184874733e-07
      },
      "other_mass": 3.235648298627325e-05
    },
    "c2c4": {
      "fen_after_white": "rnbqkbnr/pppppppp/8/8/2P5/8/PP1PPPPP/RNBQKBNR b KQkq - 0 1",
      "black_reply_probs": {
        "c7c5": 2.7291971491649747e-05,
        "e7e5": 0.005783769302070141,
        "e7e6": 1.1155291304021375e-06,
        "c7c6": 1.3482431882039236e-07,
        "d7d5": 0.0015001976862549782,
        "g8f6": 0.992455244064331,
        "g7g6": 9.786146983969957e-05,
        "d7d6": 4.808818175661145e-06
      },
      "other_mass": 0.0001295763343875933
    },
    "g1f3": {
      "fen_after_white": "rnbqkbnr/pppppppp/8/8/8/5N2/PPPPPPPP/RNBQKB1R b KQkq - 1 1",
      "black_reply_probs": {
        "c7c5": 3.2628997814754257e-07,
        "e7e5": 0.0005568981869146228,
        "e7e6": 1.3758224781668105e-07,
        "c7c6": 3.105260271141219e-09,
        "d7d5": 0.0021538271103054285,
        "g8f6": 0.9970439076423645,
        "g7g6": 9.569219400873408e-05,
        "d7d6": 2.4008070909076196e-07
      },
      "other_mass": 0.00014896780821138655
    },
    "g2g3": {
      "fen_after_white": "rnbqkbnr/pppppppp/8/8/8/6P1/PPPPPP1P/RNBQKBNR b KQkq - 0 1",
      "black_reply_probs": {
        "c7c5": 8.9886643763748e-06,
        "e7e5": 0.010832131840288639,
        "e7e6": 6.293681167335308e-07,
        "c7c6": 9.775990861271566e-08,
        "d7d5": 0.026923853904008865,
        "g8f6": 0.9618902206420898,
        "g7g6": 0.00014904241834301502,
        "d7d6": 2.9437737794069108e-06
      },
      "other_mass": 0.00019209162908850885
    },
    "b2b3": {
      "fen_after_white": "rnbqkbnr/pppppppp/8/8/8/1P6/P1PPPPPP/RNBQKBNR b KQkq - 0 1",
      "black_reply_probs": {
        "c7c5": 8.424478323831863e-07,
        "e7e5": 0.0058587524108588696,
        "e7e6": 1.3313599538378185e-06,
        "c7c6": 2.2007508704291467e-08,
        "d7d5": 0.01424060482531786,
        "g8f6": 0.9788601398468018,
        "g7g6": 0.0002040454128291458,
        "d7d6": 1.2434541076800087e-06
      },
      "other_mass": 0.0008330182347897619
    },
    "f2f4": {
      "fen_after_white": "rnbqkbnr/pppppppp/8/8/5P2/8/PPPPP1PP/RNBQKBNR b KQkq - 0 1",
      "black_reply_probs": {
        "c7c5": 4.671143415180268e-06,
        "e7e5": 0.009018642827868462,
        "e7e6": 2.9668324259546353e-06,
        "c7c6": 7.115261979606657e-08,
        "d7d5": 0.014655155129730701,
        "g8f6": 0.9755133390426636,
        "g7g6": 0.00016680607222951949,
        "d7d6": 5.095034339319682e-06
      },
      "other_mass": 0.0006332527647074926
    },
    "b2b4": {
      "fen_after_white": "rnbqkbnr/pppppppp/8/8/1P6/8/P1PPPPPP/RNBQKBNR b KQkq - 0 1",
      "black_reply_probs": {
        "c7c5": 1.0608081311147544e-06,
        "e7e5": 0.01558105368167162,
        "e7e6": 1.4406798982236069e-05,
        "c7c6": 3.5348958249414864e-07,
        "d7d5": 0.017130205407738686,
        "g8f6": 0.9664970636367798,
        "g7g6": 0.0002814996987581253,
        "d7d6": 4.926405836158665e-06
      },
      "other_mass": 0.0004894300725197809
    },
    "a2a4": {
      "fen_after_white": "rnbqkbnr/pppppppp/8/8/P7/8/1PPPPPPP/RNBQKBNR b KQkq - 0 1",
      "black_reply_probs": {
        "c7c5": 1.6452717090942315e-06,
        "e7e5": 0.005304631777107716,
        "e7e6": 8.975976015790366e-07,
        "c7c6": 4.2913807618560895e-08,
        "d7d5": 0.026643887162208557,
        "g8f6": 0.9677120447158813,
        "g7g6": 3.1468582164961845e-05,
        "d7d6": 4.966726919519715e-06
      },
      "other_mass": 0.0003004152525996062
    }
  },
  "meta": {
    "elo_self": 2800,
    "elo_oppo": 2800,
    "temperature": 1.0,
    "maia_type": "blitz",
    "white_moves_probed": [
      "e2e4",
      "d2d4",
      "c2c4",
      "g1f3",
      "g2g3",
      "b2b3",
      "f2f4",
      "b2b4",
      "a2a4"
    ],
    "black_replies_probed": [
      "c7c5",
      "e7e5",
      "e7e6",
      "c7c6",
      "d7d5",
      "g8f6",
      "g7g6",
      "d7d6"
    ]
  }
}