{
  "white_first_move_probs": {
    "e2e4": 0.7322015762329102,
    "d2d4": 0.16710297763347626,
    "c2c4": 0.0038347807712852955,
    "g1f3": 0.0959712415933609,
    "g2g3": 0.00011922970588784665,
    "b2b3": 1.0837249647011049e-05,
    "f2f4": 0.0002418329386273399,
    "b2b4": 4.1232900116483506e-07,
    "a2a4": 2.009700892813271e-06
  },
  "white_other_mass": 0.0005151018449112144,
  "black_reply_probs_cond_on_white": {
    "e2e4": {
      "fen_after_white": "rnbqkbnr/pppppppp/8/8/4P3/8/PPPP1PPP/RNBQKBNR b KQkq - 0 1",
      "black_reply_probs": {
        "c7c5": 0.11412055045366287,
        "e7e5": 0.7598519921302795,
        "e7e6": 0.000408725201850757,
        "c7c6": 0.00014483444101642817,
        "d7d5": 0.033075060695409775,
        "g8f6": 0.09019985049962997,
        "g7g6": 0.0007891190471127629,
        "d7d6": 0.00012948921357747167
      },
      "other_mass": 0.0012803783174604177
    },
    "d2d4": {
      "fen_after_white": "rnbqkbnr/pppppppp/8/8/3P4/8/PPP1PPPP/RNBQKBNR b KQkq - 0 1",
      "black_reply_probs": {
        "c7c5": 0.0021167395170778036,
        "e7e5": 0.011171557940542698,
        "e7e6": 0.0002458440139889717,
        "c7c6": 1.559631164127495e-05,
        "d7d5": 0.03715229406952858,
        "g8f6": 0.9478656053543091,
        "g7g6": 0.0009205818059854209,
        "d7d6": 2.5318595362477936e-05
      },
      "other_mass": 0.0004864623915636912
    },
    "c2c4": {
      "fen_after_white": "rnbqkbnr/pppppppp/8/8/2P5/8/PP1PPPPP/RNBQKBNR b KQkq - 0 1",
      "black_reply_probs": {
        "c7c5": 0.013958338648080826,
        "e7e5": 0.5878229737281799,
        "e7e6": 0.00015106888895388693,
        "c7c6": 2.911563751695212e-05,
        "d7d5": 0.00659906305372715,
        "g8f6": 0.38945096731185913,
        "g7g6": 0.0005807643756270409,
        "d7d6": 0.00011016993084922433
      },
      "other_mass": 0.0012975384252058575
    },
    "g1f3": {
      "fen_after_white": "rnbqkbnr/pppppppp/8/8/8/5N2/PPPPPPPP/RNBQKB1R b KQkq - 1 1",
      "black_reply_probs": {
        "c7c5": 0.009234124794602394,
        "e7e5": 0.07047407329082489,
        "e7e6": 7.085323886713013e-05,
        "c7c6": 6.3632751334807836e-06,
        "d7d5": 0.05364801734685898,
        "g8f6": 0.8642413020133972,
        "g7g6": 0.0010056212777271867,
        "d7d6": 4.207157689961605e-05
      },
      "other_mass": 0.001277573185689107
    },
    "g2g3": {
      "fen_after_white": "rnbqkbnr/pppppppp/8/8/8/6P1/PPPPPP1P/RNBQKBNR b KQkq - 0 1",
      "black_reply_probs": {
        "c7c5": 0.010438009165227413,
        "e7e5": 0.6465520262718201,
        "e7e6": 9.073138062376529e-05,
        "c7c6": 2.881893487938214e-05,
        "d7d5": 0.12546993792057037,
        "g8f6": 0.2160961776971817,
        "g7g6": 0.00042386126006022096,
        "d7d6": 7.263245788635686e-05
      },
      "other_mass": 0.000827804911750718
    },
    "b2b3": {
      "fen_after_white": "rnbqkbnr/pppppppp/8/8/8/1P6/P1PPPPPP/RNBQKBNR b KQkq - 0 1",
      "black_reply_probs": {
        "c7c5": 0.0035581113770604134,
        "e7e5": 0.7362558841705322,
        "e7e6": 0.00031458173179998994,
        "c7c6": 2.189013503084425e-05,
        "d7d5": 0.10840652137994766,
        "g8f6": 0.14823690056800842,
        "g7g6": 0.0014624116010963917,
        "d7d6": 8.593373058829457e-05
      },
      "other_mass": 0.0016577653059357544
    },
    "f2f4": {
      "fen_after_white": "rnbqkbnr/pppppppp/8/8/5P2/8/PPPPP1PP/RNBQKBNR b KQkq - 0 1",
      "black_reply_probs": {
        "c7c5": 0.03739069402217865,
        "e7e5": 0.4150434732437134,
        "e7e6": 0.0007618300733156502,
        "c7c6": 7.758048741379753e-05,
        "d7d5": 0.16423453390598297,
        "g8f6": 0.3775188624858856,
        "g7g6": 0.0022484278306365013,
        "d7d6": 0.000369387271348387
      },
      "other_mass": 0.002355210679525044
    },
    "b2b4": {
      "fen_after_white": "rnbqkbnr/pppppppp/8/8/1P6/8/P1PPPPPP/RNBQKBNR b KQkq - 0 1",
      "black_reply_probs": {
        "c7c5": 0.0008576412219554186,
        "e7e5": 0.7831596732139587,
        "e7e6": 0.0017561912536621094,
        "c7c6": 0.000124565907754004,
        "d7d5": 0.09031231701374054,
        "g8f6": 0.11948450654745102,
        "g7g6": 0.0018101062159985304,
        "d7d6": 0.0003865666512865573
      },
      "other_mass": 0.0021084319741930813
    },
    "a2a4": {
      "fen_after_white": "rnbqkbnr/pppppppp/8/8/P7/8/1PPPPPPP/RNBQKBNR b KQkq - 0 1",
      "black_reply_probs": {
        "c7c5": 0.0030192858539521694,
        "e7e5": 0.6109132170677185,
        "e7e6": 0.00011042086407542229,
        "c7c6": 1.5107711988093797e-05,
        "d7d5": 0.1333763599395752,
        "g8f6": 0.2513253688812256,
        "g7g6": 0.00022323631856124848,
        "d7d6": 0.0001344692864222452
      },
      "other_mass": 0.0008825340764815337
    }
  },
  "meta": {
    "elo_self": 2800,
    "elo_oppo": 2800,
    "temperature": 1.0,
    "maia_type": "blitz",
    "white_moves_probed": [
      "e2e4",
      "d2d4",
      "c2c4",
      "g1f3",
      "g2g3",
      "b2b3",
      "f2f4",
      "b2b4",
      "a2a4"
    ],
    "black_replies_probed": [
      "c7c5",
      "e7e5",
      "e7e6",
      "c7c6",
      "d7d5",
      "g8f6",
      "g7g6",
      "d7d6"
    ]
  }
}