{
  "white_first_move_probs": {
    "e2e4": 0.2680929899215698,
    "d2d4": 0.0031430015806108713,
    "c2c4": 9.512468324146539e-08,
    "g1f3": 0.7286480069160461,
    "g2g3": 3.249698773966081e-11,
    "b2b3": 3.904900708340264e-11,
    "f2f4": 4.27581836603963e-09,
    "b2b4": 3.303103623952808e-11,
    "a2a4": 6.459596583758415e-14
  },
  "white_other_mass": 0.00011590207662992569,
  "black_reply_probs_cond_on_white": {
    "e2e4": {
      "fen_after_white": "rnbqkbnr/pppppppp/8/8/4P3/8/PPPP1PPP/RNBQKBNR b KQkq - 0 1",
      "black_reply_probs": {
        "c7c5": 5.427233645605156e-06,
        "e7e5": 0.3857894837856293,
        "e7e6": 6.531002960663557e-10,
        "c7c6": 4.775981042939859e-13,
        "d7d5": 0.0007846770458854735,
        "g8f6": 0.6134085655212402,
        "g7g6": 3.489392108591005e-10,
        "d7d6": 1.625369699942425e-10
      },
      "other_mass": 1.1845248545361287e-05
    },
    "d2d4": {
      "fen_after_white": "rnbqkbnr/pppppppp/8/8/3P4/8/PPP1PPPP/RNBQKBNR b KQkq - 0 1",
      "black_reply_probs": {
        "c7c5": 1.735251231593793e-08,
        "e7e5": 0.038324203342199326,
        "e7e6": 2.0109330867157382e-10,
        "c7c6": 9.822604867340285e-15,
        "d7d5": 0.000347227236488834,
        "g8f6": 0.9613158106803894,
        "g7g6": 2.0293922792236074e-11,
        "d7d6": 3.040006787968785e-11
      },
      "other_mass": 1.2741136613092507e-05
    },
    "c2c4": {
      "fen_after_white": "rnbqkbnr/pppppppp/8/8/2P5/8/PP1PPPPP/RNBQKBNR b KQkq - 0 1",
      "black_reply_probs": {
        "c7c5": 1.0329613360227086e-06,
        "e7e5": 0.30171728134155273,
        "e7e6": 6.633449900483868e-10,
        "c7c6": 5.234118260338816e-13,
        "d7d5": 0.00041856965981423855,
        "g8f6": 0.6978171467781067,
        "g7g6": 1.1313159437031928e-10,
        "d7d6": 8.17312995060604e-10
      },
      "other_mass": 4.5967664877299974e-05
    },
    "g1f3": {
      "fen_after_white": "rnbqkbnr/pppppppp/8/8/8/5N2/PPPPPPPP/RNBQKB1R b KQkq - 1 1",
      "black_reply_probs": {
        "c7c5": 2.8621127512451494e-07,
        "e7e5": 0.0920925885438919,
        "e7e6": 7.155734338404329e-11,
        "c7c6": 4.303664290715957e-14,
        "d7d5": 0.0007457749452441931,
        "g8f6": 0.907120943069458,
        "g7g6": 7.828038911528168e-11,
        "d7d6": 5.442944359113078e-11
      },
      "other_mass": 4.040702582053246e-05
    },
    "g2g3": {
      "fen_after_white": "rnbqkbnr/pppppppp/8/8/8/6P1/PPPPPP1P/RNBQKBNR b KQkq - 0 1",
      "black_reply_probs": {
        "c7c5": 6.846605629107216e-07,
        "e7e5": 0.3153269588947296,
        "e7e6": 6.57080431731849e-11,
        "c7c6": 2.649232287536829e-13,
        "d7d5": 0.00405746279284358,
        "g8f6": 0.6805705428123474,
        "g7g6": 1.1506918334847072e-10,
        "d7d6": 2.2675512856284996e-10
      },
      "other_mass": 4.435043171913122e-05
    },
    "b2b3": {
      "fen_after_white": "rnbqkbnr/pppppppp/8/8/8/1P6/P1PPPPPP/RNBQKBNR b KQkq - 0 1",
      "black_reply_probs": {
        "c7c5": 2.545113231278151e-09,
        "e7e5": 0.3452923893928528,
        "e7e6": 4.19926801664694e-11,
        "c7c6": 8.806055745747574e-16,
        "d7d5": 0.00042942279833368957,
        "g8f6": 0.654218316078186,
        "g7g6": 4.8604890945380674e-11,
        "d7d6": 4.5873214081504354e-12
      },
      "other_mass": 5.986909032851262e-05
    },
    "f2f4": {
      "fen_after_white": "rnbqkbnr/pppppppp/8/8/5P2/8/PPPPP1PP/RNBQKBNR b KQkq - 0 1",
      "black_reply_probs": {
        "c7c5": 3.986517640441889e-07,
        "e7e5": 0.24611224234104156,
        "e7e6": 6.25108576013389e-10,
        "c7c6": 1.3134294812779806e-13,
        "d7d5": 0.007152236998081207,
        "g8f6": 0.7466294169425964,
        "g7g6": 2.147475253178044e-10,
        "d7d6": 6.642782435228867e-10
      },
      "other_mass": 0.00010570356225114708
    },
    "b2b4": {
      "fen_after_white": "rnbqkbnr/pppppppp/8/8/1P6/8/P1PPPPPP/RNBQKBNR b KQkq - 0 1",
      "black_reply_probs": {
        "c7c5": 7.400158263948242e-10,
        "e7e5": 0.399997740983963,
        "e7e6": 3.1464020278093585e-10,
        "c7c6": 3.4611259120380248e-15,
        "d7d5": 0.0005701459595002234,
        "g8f6": 0.5993852615356445,
        "g7g6": 8.854510874511945e-11,
        "d7d6": 1.5974069289548254e-11
      },
      "other_mass": 4.6850361713590694e-05
    },
    "a2a4": {
      "fen_after_white": "rnbqkbnr/pppppppp/8/8/P7/8/1PPPPPPP/RNBQKBNR b KQkq - 0 1",
      "black_reply_probs": {
        "c7c5": 2.91664576934636e-08,
        "e7e5": 0.28496137261390686,
        "e7e6": 1.1529974891510975e-10,
        "c7c6": 6.24290861519182e-14,
        "d7d5": 0.003178230719640851,
        "g8f6": 0.7118054628372192,
        "g7g6": 1.657534352828005e-11,
        "d7d6": 2.1072400768762378e-10
      },
      "other_mass": 5.4904320113902116e-05
    }
  },
  "meta": {
    "elo_self": 2800,
    "elo_oppo": 2800,
    "temperature": 1.0,
    "maia_type": "blitz",
    "white_moves_probed": [
      "e2e4",
      "d2d4",
      "c2c4",
      "g1f3",
      "g2g3",
      "b2b3",
      "f2f4",
      "b2b4",
      "a2a4"
    ],
    "black_replies_probed": [
      "c7c5",
      "e7e5",
      "e7e6",
      "c7c6",
      "d7d5",
      "g8f6",
      "g7g6",
      "d7d6"
    ]
  }
}