{
  "white_first_move_probs": {
    "e2e4": 0.6509052515029907,
    "d2d4": 0.1577274203300476,
    "c2c4": 0.00939728133380413,
    "g1f3": 0.180537611246109,
    "g2g3": 0.0004150191380176693,
    "b2b3": 3.910531449946575e-05,
    "f2f4": 0.00024194901925511658,
    "b2b4": 1.9775270629907027e-06,
    "a2a4": 6.528942776640179e-06
  },
  "white_other_mass": 0.000727855645436648,
  "black_reply_probs_cond_on_white": {
    "e2e4": {
      "fen_after_white": "rnbqkbnr/pppppppp/8/8/4P3/8/PPPP1PPP/RNBQKBNR b KQkq - 0 1",
      "black_reply_probs": {
        "c7c5": 0.1986931413412094,
        "e7e5": 0.5764309763908386,
        "e7e6": 0.0022041848860681057,
        "c7c6": 0.0011078878305852413,
        "d7d5": 0.04008660092949867,
        "g8f6": 0.16949672996997833,
        "g7g6": 0.005973658058792353,
        "d7d6": 0.0006717866053804755
      },
      "other_mass": 0.005335033987648785
    },
    "d2d4": {
      "fen_after_white": "rnbqkbnr/pppppppp/8/8/3P4/8/PPP1PPPP/RNBQKBNR b KQkq - 0 1",
      "black_reply_probs": {
        "c7c5": 0.001974751241505146,
        "e7e5": 0.009264273568987846,
        "e7e6": 0.00046350309276022017,
        "c7c6": 1.6855443391250446e-05,
        "d7d5": 0.0200839601457119,
        "g8f6": 0.9651003479957581,
        "g7g6": 0.002674173330888152,
        "d7d6": 2.8519167244667187e-05
      },
      "other_mass": 0.00039361601375276223
    },
    "c2c4": {
      "fen_after_white": "rnbqkbnr/pppppppp/8/8/2P5/8/PP1PPPPP/RNBQKBNR b KQkq - 0 1",
      "black_reply_probs": {
        "c7c5": 0.016870899125933647,
        "e7e5": 0.4802115857601166,
        "e7e6": 0.000459295348264277,
        "c7c6": 6.858923006802797e-05,
        "d7d5": 0.007419419474899769,
        "g8f6": 0.49128827452659607,
        "g7g6": 0.002111169509589672,
        "d7d6": 0.00013380145537666976
      },
      "other_mass": 0.0014369655691552907
    },
    "g1f3": {
      "fen_after_white": "rnbqkbnr/pppppppp/8/8/8/5N2/PPPPPPPP/RNBQKB1R b KQkq - 1 1",
      "black_reply_probs": {
        "c7c5": 0.012971383519470692,
        "e7e5": 0.052140746265649796,
        "e7e6": 0.00014085366274230182,
        "c7c6": 1.4948811440262944e-05,
        "d7d5": 0.04041532054543495,
        "g8f6": 0.8914166688919067,
        "g7g6": 0.0017723279306665063,
        "d7d6": 4.036756217828952e-05
      },
      "other_mass": 0.0010873828105104621
    },
    "g2g3": {
      "fen_after_white": "rnbqkbnr/pppppppp/8/8/8/6P1/PPPPPP1P/RNBQKBNR b KQkq - 0 1",
      "black_reply_probs": {
        "c7c5": 0.02642674744129181,
        "e7e5": 0.4822854995727539,
        "e7e6": 0.0004878125328104943,
        "c7c6": 0.000157429589307867,
        "d7d5": 0.1545816957950592,
        "g8f6": 0.3317580819129944,
        "g7g6": 0.00165459793061018,
        "d7d6": 0.00019036377489101142
      },
      "other_mass": 0.002457771450281143
    },
    "b2b3": {
      "fen_after_white": "rnbqkbnr/pppppppp/8/8/8/1P6/P1PPPPPP/RNBQKBNR b KQkq - 0 1",
      "black_reply_probs": {
        "c7c5": 0.009233721531927586,
        "e7e5": 0.6652690768241882,
        "e7e6": 0.0015282476088032126,
        "c7c6": 0.00010366287460783496,
        "d7d5": 0.11479651927947998,
        "g8f6": 0.20127633213996887,
        "g7g6": 0.00539421197026968,
        "d7d6": 0.0002403130492893979
      },
      "other_mass": 0.002157914721465204
    },
    "f2f4": {
      "fen_after_white": "rnbqkbnr/pppppppp/8/8/5P2/8/PPPPP1PP/RNBQKBNR b KQkq - 0 1",
      "black_reply_probs": {
        "c7c5": 0.06362581253051758,
        "e7e5": 0.3022788166999817,
        "e7e6": 0.0033043897710740566,
        "c7c6": 0.000422287528635934,
        "d7d5": 0.218871608376503,
        "g8f6": 0.4005322754383087,
        "g7g6": 0.006350478623062372,
        "d7d6": 0.0009453485254198313
      },
      "other_mass": 0.0036689825064968318
    },
    "b2b4": {
      "fen_after_white": "rnbqkbnr/pppppppp/8/8/1P6/8/P1PPPPPP/RNBQKBNR b KQkq - 0 1",
      "black_reply_probs": {
        "c7c5": 0.0023101414553821087,
        "e7e5": 0.7246760725975037,
        "e7e6": 0.00606647739186883,
        "c7c6": 0.0004567299911286682,
        "d7d5": 0.10178305208683014,
        "g8f6": 0.1505553424358368,
        "g7g6": 0.007762185297906399,
        "d7d6": 0.0008548976038582623
      },
      "other_mass": 0.005535101139685139
    },
    "a2a4": {
      "fen_after_white": "rnbqkbnr/pppppppp/8/8/P7/8/1PPPPPPP/RNBQKBNR b KQkq - 0 1",
      "black_reply_probs": {
        "c7c5": 0.008219062350690365,
        "e7e5": 0.5123213529586792,
        "e7e6": 0.0003658447531051934,
        "c7c6": 7.70032056607306e-05,
        "d7d5": 0.1380549520254135,
        "g8f6": 0.3386114835739136,
        "g7g6": 0.0007914064917713404,
        "d7d6": 0.00024188474344555289
      },
      "other_mass": 0.0013170098973205313
    }
  },
  "meta": {
    "elo_self": 2800,
    "elo_oppo": 2800,
    "temperature": 1.0,
    "maia_type": "blitz",
    "white_moves_probed": [
      "e2e4",
      "d2d4",
      "c2c4",
      "g1f3",
      "g2g3",
      "b2b3",
      "f2f4",
      "b2b4",
      "a2a4"
    ],
    "black_replies_probed": [
      "c7c5",
      "e7e5",
      "e7e6",
      "c7c6",
      "d7d5",
      "g8f6",
      "g7g6",
      "d7d6"
    ]
  }
}