{
  "white_first_move_probs": {
    "e2e4": 0.6694538593292236,
    "d2d4": 0.14318810403347015,
    "c2c4": 0.025250110775232315,
    "g1f3": 0.16034655272960663,
    "g2g3": 0.00047420363989658654,
    "b2b3": 5.817685087095015e-05,
    "f2f4": 0.00036689985427074134,
    "b2b4": 2.155270522052888e-06,
    "a2a4": 1.1820956387964543e-05
  },
  "white_other_mass": 0.0008481165605189744,
  "black_reply_probs_cond_on_white": {
    "e2e4": {
      "fen_after_white": "rnbqkbnr/pppppppp/8/8/4P3/8/PPPP1PPP/RNBQKBNR b KQkq - 0 1",
      "black_reply_probs": {
        "c7c5": 0.3021849989891052,
        "e7e5": 0.5151253938674927,
        "e7e6": 0.0028649833984673023,
        "c7c6": 0.0011135683162137866,
        "d7d5": 0.021231351420283318,
        "g8f6": 0.1440829634666443,
        "g7g6": 0.00744742713868618,
        "d7d6": 0.00054593087406829
      },
      "other_mass": 0.005403382529038936
    },
    "d2d4": {
      "fen_after_white": "rnbqkbnr/pppppppp/8/8/3P4/8/PPP1PPPP/RNBQKBNR b KQkq - 0 1",
      "black_reply_probs": {
        "c7c5": 0.006344568450003862,
        "e7e5": 0.011657255701720715,
        "e7e6": 0.0007623090641573071,
        "c7c6": 3.2469288271386176e-05,
        "d7d5": 0.01857863739132881,
        "g8f6": 0.9596161246299744,
        "g7g6": 0.002438911935314536,
        "d7d6": 3.06950205413159e-05
      },
      "other_mass": 0.0005390285186877009
    },
    "c2c4": {
      "fen_after_white": "rnbqkbnr/pppppppp/8/8/2P5/8/PP1PPPPP/RNBQKBNR b KQkq - 0 1",
      "black_reply_probs": {
        "c7c5": 0.032040078192949295,
        "e7e5": 0.5408181548118591,
        "e7e6": 0.0007140238885767758,
        "c7c6": 8.336809696629643e-05,
        "d7d5": 0.0056526269763708115,
        "g8f6": 0.41586992144584656,
        "g7g6": 0.003005668520927429,
        "d7d6": 0.0001352884282823652
      },
      "other_mass": 0.0016808696382213384
    },
    "g1f3": {
      "fen_after_white": "rnbqkbnr/pppppppp/8/8/8/5N2/PPPPPPPP/RNBQKB1R b KQkq - 1 1",
      "black_reply_probs": {
        "c7c5": 0.03498696908354759,
        "e7e5": 0.054772764444351196,
        "e7e6": 0.0002559554995968938,
        "c7c6": 2.6903335310635157e-05,
        "d7d5": 0.04460543021559715,
        "g8f6": 0.8617660403251648,
        "g7g6": 0.00223338115029037,
        "d7d6": 5.007397339795716e-05
      },
      "other_mass": 0.0013024819727434078
    },
    "g2g3": {
      "fen_after_white": "rnbqkbnr/pppppppp/8/8/8/6P1/PPPPPP1P/RNBQKBNR b KQkq - 0 1",
      "black_reply_probs": {
        "c7c5": 0.04245984926819801,
        "e7e5": 0.4952750504016876,
        "e7e6": 0.0005678970483131707,
        "c7c6": 0.0001642518036533147,
        "d7d5": 0.11194278299808502,
        "g8f6": 0.3453661799430847,
        "g7g6": 0.001804007333703339,
        "d7d6": 0.0001632974890526384
      },
      "other_mass": 0.002256683714222163
    },
    "b2b3": {
      "fen_after_white": "rnbqkbnr/pppppppp/8/8/8/1P6/P1PPPPPP/RNBQKBNR b KQkq - 0 1",
      "black_reply_probs": {
        "c7c5": 0.019220678135752678,
        "e7e5": 0.6544716358184814,
        "e7e6": 0.0019524932140484452,
        "c7c6": 0.00013668772589880973,
        "d7d5": 0.09098713099956512,
        "g8f6": 0.22267912328243256,
        "g7g6": 0.007900918833911419,
        "d7d6": 0.000264455535216257
      },
      "other_mass": 0.0023868764546932653
    },
    "f2f4": {
      "fen_after_white": "rnbqkbnr/pppppppp/8/8/5P2/8/PPPPP1PP/RNBQKBNR b KQkq - 0 1",
      "black_reply_probs": {
        "c7c5": 0.10085178911685944,
        "e7e5": 0.26541784405708313,
        "e7e6": 0.003710145829245448,
        "c7c6": 0.0003885421028826386,
        "d7d5": 0.17193925380706787,
        "g8f6": 0.4461270868778229,
        "g7g6": 0.007045509293675423,
        "d7d6": 0.0009562954073771834
      },
      "other_mass": 0.0035635335079859942
    },
    "b2b4": {
      "fen_after_white": "rnbqkbnr/pppppppp/8/8/1P6/8/P1PPPPPP/RNBQKBNR b KQkq - 0 1",
      "black_reply_probs": {
        "c7c5": 0.004095794633030891,
        "e7e5": 0.7200604677200317,
        "e7e6": 0.006988456007093191,
        "c7c6": 0.00045390627929009497,
        "d7d5": 0.08660983294248581,
        "g8f6": 0.16611041128635406,
        "g7g6": 0.008596086874604225,
        "d7d6": 0.0009516438585706055
      },
      "other_mass": 0.006133400398539379
    },
    "a2a4": {
      "fen_after_white": "rnbqkbnr/pppppppp/8/8/P7/8/1PPPPPPP/RNBQKBNR b KQkq - 0 1",
      "black_reply_probs": {
        "c7c5": 0.016462022438645363,
        "e7e5": 0.5504698157310486,
        "e7e6": 0.0005649753147736192,
        "c7c6": 7.379880844382569e-05,
        "d7d5": 0.09895052015781403,
        "g8f6": 0.3307904899120331,
        "g7g6": 0.0010669847251847386,
        "d7d6": 0.00025763941812328994
      },
      "other_mass": 0.0013637534939334728
    }
  },
  "meta": {
    "elo_self": 2800,
    "elo_oppo": 2800,
    "temperature": 1.0,
    "maia_type": "blitz",
    "white_moves_probed": [
      "e2e4",
      "d2d4",
      "c2c4",
      "g1f3",
      "g2g3",
      "b2b3",
      "f2f4",
      "b2b4",
      "a2a4"
    ],
    "black_replies_probed": [
      "c7c5",
      "e7e5",
      "e7e6",
      "c7c6",
      "d7d5",
      "g8f6",
      "g7g6",
      "d7d6"
    ]
  }
}