{
  "white_first_move_probs": {
    "e2e4": 0.8568634986877441,
    "d2d4": 0.10014897584915161,
    "c2c4": 0.003049706807360053,
    "g1f3": 0.03936098515987396,
    "g2g3": 9.889722423395142e-05,
    "b2b3": 7.154860213631764e-06,
    "f2f4": 0.00012913350656162947,
    "b2b4": 4.02623840045635e-07,
    "a2a4": 2.345973598494311e-06
  },
  "white_other_mass": 0.00033889930742248,
  "black_reply_probs_cond_on_white": {
    "e2e4": {
      "fen_after_white": "rnbqkbnr/pppppppp/8/8/4P3/8/PPPP1PPP/RNBQKBNR b KQkq - 0 1",
      "black_reply_probs": {
        "c7c5": 0.1406741589307785,
        "e7e5": 0.7297497987747192,
        "e7e6": 0.0014227795181795955,
        "c7c6": 0.0005780213396064937,
        "d7d5": 0.028225557878613472,
        "g8f6": 0.09295990318059921,
        "g7g6": 0.003084837459027767,
        "d7d6": 0.00040069001261144876
      },
      "other_mass": 0.0029042529058642685
    },
    "d2d4": {
      "fen_after_white": "rnbqkbnr/pppppppp/8/8/3P4/8/PPP1PPPP/RNBQKBNR b KQkq - 0 1",
      "black_reply_probs": {
        "c7c5": 0.003483489854261279,
        "e7e5": 0.03362277150154114,
        "e7e6": 0.0009002812439575791,
        "c7c6": 2.7824655262520537e-05,
        "d7d5": 0.038538407534360886,
        "g8f6": 0.9206140637397766,
        "g7g6": 0.002103622769936919,
        "d7d6": 3.944623676943593e-05
      },
      "other_mass": 0.0006700924641336314
    },
    "c2c4": {
      "fen_after_white": "rnbqkbnr/pppppppp/8/8/2P5/8/PP1PPPPP/RNBQKBNR b KQkq - 0 1",
      "black_reply_probs": {
        "c7c5": 0.0081520089879632,
        "e7e5": 0.7786309123039246,
        "e7e6": 0.00032946342253126204,
        "c7c6": 2.947895336546935e-05,
        "d7d5": 0.005428886506706476,
        "g8f6": 0.20551426708698273,
        "g7g6": 0.0009331899927929044,
        "d7d6": 8.6297768575605e-05
      },
      "other_mass": 0.0008954949771577958
    },
    "g1f3": {
      "fen_after_white": "rnbqkbnr/pppppppp/8/8/8/5N2/PPPPPPPP/RNBQKB1R b KQkq - 1 1",
      "black_reply_probs": {
        "c7c5": 0.016383331269025803,
        "e7e5": 0.21404819190502167,
        "e7e6": 0.00028507248498499393,
        "c7c6": 1.5909257854218595e-05,
        "d7d5": 0.07999708503484726,
        "g8f6": 0.6864844560623169,
        "g7g6": 0.0013155295746400952,
        "d7d6": 5.931346458964981e-05
      },
      "other_mass": 0.0014111109467194183
    },
    "g2g3": {
      "fen_after_white": "rnbqkbnr/pppppppp/8/8/8/6P1/PPPPPP1P/RNBQKBNR b KQkq - 0 1",
      "black_reply_probs": {
        "c7c5": 0.010991664603352547,
        "e7e5": 0.7267271280288696,
        "e7e6": 0.000259936205111444,
        "c7c6": 6.125745130702853e-05,
        "d7d5": 0.09800669550895691,
        "g8f6": 0.16226890683174133,
        "g7g6": 0.0005498537211678922,
        "d7d6": 9.023156599141657e-05
      },
      "other_mass": 0.001044326083501801
    },
    "b2b3": {
      "fen_after_white": "rnbqkbnr/pppppppp/8/8/8/1P6/P1PPPPPP/RNBQKBNR b KQkq - 0 1",
      "black_reply_probs": {
        "c7c5": 0.004505529999732971,
        "e7e5": 0.8306371569633484,
        "e7e6": 0.0009970301762223244,
        "c7c6": 4.4861328206025064e-05,
        "d7d5": 0.06769613176584244,
        "g8f6": 0.09267960488796234,
        "g7g6": 0.00211157463490963,
        "d7d6": 0.0001335069100605324
      },
      "other_mass": 0.0011946033337153494
    },
    "f2f4": {
      "fen_after_white": "rnbqkbnr/pppppppp/8/8/5P2/8/PPPPP1PP/RNBQKBNR b KQkq - 0 1",
      "black_reply_probs": {
        "c7c5": 0.03915711119771004,
        "e7e5": 0.5084930062294006,
        "e7e6": 0.003062295727431774,
        "c7c6": 0.0002130513166775927,
        "d7d5": 0.17726725339889526,
        "g8f6": 0.26489579677581787,
        "g7g6": 0.0035898040514439344,
        "d7d6": 0.0006676155608147383
      },
      "other_mass": 0.0026540657418081537
    },
    "b2b4": {
      "fen_after_white": "rnbqkbnr/pppppppp/8/8/1P6/8/P1PPPPPP/RNBQKBNR b KQkq - 0 1",
      "black_reply_probs": {
        "c7c5": 0.0010430203983560205,
        "e7e5": 0.8595593571662903,
        "e7e6": 0.003293028101325035,
        "c7c6": 0.00017644984473008662,
        "d7d5": 0.05835834890604019,
        "g8f6": 0.07104835659265518,
        "g7g6": 0.002940298058092594,
        "d7d6": 0.0005136758554726839
      },
      "other_mass": 0.003067465077037923
    },
    "a2a4": {
      "fen_after_white": "rnbqkbnr/pppppppp/8/8/P7/8/1PPPPPPP/RNBQKBNR b KQkq - 0 1",
      "black_reply_probs": {
        "c7c5": 0.003794820047914982,
        "e7e5": 0.7687000036239624,
        "e7e6": 0.0002728947438299656,
        "c7c6": 2.8611359084607102e-05,
        "d7d5": 0.081196129322052,
        "g8f6": 0.14489690959453583,
        "g7g6": 0.0003284175763837993,
        "d7d6": 0.00014509179163724184
      },
      "other_mass": 0.0006371219405991724
    }
  },
  "meta": {
    "elo_self": 2800,
    "elo_oppo": 2800,
    "temperature": 1.0,
    "maia_type": "blitz",
    "white_moves_probed": [
      "e2e4",
      "d2d4",
      "c2c4",
      "g1f3",
      "g2g3",
      "b2b3",
      "f2f4",
      "b2b4",
      "a2a4"
    ],
    "black_replies_probed": [
      "c7c5",
      "e7e5",
      "e7e6",
      "c7c6",
      "d7d5",
      "g8f6",
      "g7g6",
      "d7d6"
    ]
  }
}