{
  "white_first_move_probs": {
    "e2e4": 0.6971787214279175,
    "d2d4": 0.2960837185382843,
    "c2c4": 0.00281725125387311,
    "g1f3": 0.0030783929396420717,
    "g2g3": 0.00015167705714702606,
    "b2b3": 3.545858635334298e-05,
    "f2f4": 0.0004922746447846293,
    "b2b4": 9.183618772112823e-07,
    "a2a4": 4.100380010640947e-06
  },
  "white_other_mass": 0.00015748681011018562,
  "black_reply_probs_cond_on_white": {
    "e2e4": {
      "fen_after_white": "rnbqkbnr/pppppppp/8/8/4P3/8/PPPP1PPP/RNBQKBNR b KQkq - 0 1",
      "black_reply_probs": {
        "c7c5": 0.3150671124458313,
        "e7e5": 0.5935971736907959,
        "e7e6": 0.001106563489884138,
        "c7c6": 0.0015362438280135393,
        "d7d5": 0.019602525979280472,
        "g8f6": 0.0550910048186779,
        "g7g6": 0.006621151696890593,
        "d7d6": 0.0008568197372369468
      },
      "other_mass": 0.006521404313389212
    },
    "d2d4": {
      "fen_after_white": "rnbqkbnr/pppppppp/8/8/3P4/8/PPP1PPPP/RNBQKBNR b KQkq - 0 1",
      "black_reply_probs": {
        "c7c5": 0.0006744371494278312,
        "e7e5": 0.0005326025420799851,
        "e7e6": 0.00015680064097978175,
        "c7c6": 1.3353091162571218e-05,
        "d7d5": 0.0066892229951918125,
        "g8f6": 0.9885625839233398,
        "g7g6": 0.003030820982530713,
        "d7d6": 6.0485331232484896e-06
      },
      "other_mass": 0.0003341301421642129
    },
    "c2c4": {
      "fen_after_white": "rnbqkbnr/pppppppp/8/8/2P5/8/PP1PPPPP/RNBQKBNR b KQkq - 0 1",
      "black_reply_probs": {
        "c7c5": 0.02676483429968357,
        "e7e5": 0.671249270439148,
        "e7e6": 0.0002280401240568608,
        "c7c6": 0.00014794075104873627,
        "d7d5": 0.004428574349731207,
        "g8f6": 0.2941585183143616,
        "g7g6": 0.0016829519299790263,
        "d7d6": 0.00016104656970128417
      },
      "other_mass": 0.0011788232222897932
    },
    "g1f3": {
      "fen_after_white": "rnbqkbnr/pppppppp/8/8/8/5N2/PPPPPPPP/RNBQKB1R b KQkq - 1 1",
      "black_reply_probs": {
        "c7c5": 0.03142043203115463,
        "e7e5": 0.01017728354781866,
        "e7e6": 9.611427958589047e-05,
        "c7c6": 2.890292125812266e-05,
        "d7d5": 0.06062896177172661,
        "g8f6": 0.8915650248527527,
        "g7g6": 0.0038246172480285168,
        "d7d6": 6.41902515781112e-05
      },
      "other_mass": 0.0021944730960967718
    },
    "g2g3": {
      "fen_after_white": "rnbqkbnr/pppppppp/8/8/8/6P1/PPPPPP1P/RNBQKBNR b KQkq - 0 1",
      "black_reply_probs": {
        "c7c5": 0.010171613655984402,
        "e7e5": 0.7849264740943909,
        "e7e6": 8.643128967378289e-05,
        "c7c6": 3.161469430779107e-05,
        "d7d5": 0.15866772830486298,
        "g8f6": 0.04440736025571823,
        "g7g6": 0.0005449347663670778,
        "d7d6": 5.734845399274491e-05
      },
      "other_mass": 0.0011064944847021252
    },
    "b2b3": {
      "fen_after_white": "rnbqkbnr/pppppppp/8/8/8/1P6/P1PPPPPP/RNBQKBNR b KQkq - 0 1",
      "black_reply_probs": {
        "c7c5": 0.003197882091626525,
        "e7e5": 0.8168827891349792,
        "e7e6": 0.000310050614643842,
        "c7c6": 3.966641816077754e-05,
        "d7d5": 0.12507988512516022,
        "g8f6": 0.04946087300777435,
        "g7g6": 0.0028519118204712868,
        "d7d6": 6.61146332276985e-05
      },
      "other_mass": 0.002110827153956052
    },
    "f2f4": {
      "fen_after_white": "rnbqkbnr/pppppppp/8/8/5P2/8/PPPPP1PP/RNBQKBNR b KQkq - 0 1",
      "black_reply_probs": {
        "c7c5": 0.0814128965139389,
        "e7e5": 0.07528162002563477,
        "e7e6": 0.006899976637214422,
        "c7c6": 0.0014290042454376817,
        "d7d5": 0.4502885043621063,
        "g8f6": 0.33193105459213257,
        "g7g6": 0.03083888068795204,
        "d7d6": 0.002201490104198456
      },
      "other_mass": 0.019716572831384838
    },
    "b2b4": {
      "fen_after_white": "rnbqkbnr/pppppppp/8/8/1P6/8/P1PPPPPP/RNBQKBNR b KQkq - 0 1",
      "black_reply_probs": {
        "c7c5": 0.00018392049241811037,
        "e7e5": 0.7939631938934326,
        "e7e6": 0.003714189166203141,
        "c7c6": 0.0004730575892608613,
        "d7d5": 0.0924774706363678,
        "g8f6": 0.09440688043832779,
        "g7g6": 0.008111884817481041,
        "d7d6": 0.0003699019143823534
      },
      "other_mass": 0.006299501052126288
    },
    "a2a4": {
      "fen_after_white": "rnbqkbnr/pppppppp/8/8/P7/8/1PPPPPPP/RNBQKBNR b KQkq - 0 1",
      "black_reply_probs": {
        "c7c5": 0.0036326851695775986,
        "e7e5": 0.7384201288223267,
        "e7e6": 8.633498509880155e-05,
        "c7c6": 9.491480159340426e-05,
        "d7d5": 0.19297848641872406,
        "g8f6": 0.06279785931110382,
        "g7g6": 0.00037293779314495623,
        "d7d6": 0.0001292367378482595
      },
      "other_mass": 0.0014874159605824389
    }
  },
  "meta": {
    "elo_self": 2800,
    "elo_oppo": 2800,
    "temperature": 1.0,
    "maia_type": "blitz",
    "white_moves_probed": [
      "e2e4",
      "d2d4",
      "c2c4",
      "g1f3",
      "g2g3",
      "b2b3",
      "f2f4",
      "b2b4",
      "a2a4"
    ],
    "black_replies_probed": [
      "c7c5",
      "e7e5",
      "e7e6",
      "c7c6",
      "d7d5",
      "g8f6",
      "g7g6",
      "d7d6"
    ]
  }
}