{
  "white_first_move_probs": {
    "e2e4": 0.7037927508354187,
    "d2d4": 0.11749718338251114,
    "c2c4": 0.006930869538336992,
    "g1f3": 0.17071430385112762,
    "g2g3": 0.0002862763940356672,
    "b2b3": 2.0220515580149367e-05,
    "f2f4": 0.00022497214376926422,
    "b2b4": 7.764699603285408e-07,
    "a2a4": 2.515602091079927e-06
  },
  "white_other_mass": 0.0005301312671690539,
  "black_reply_probs_cond_on_white": {
    "e2e4": {
      "fen_after_white": "rnbqkbnr/pppppppp/8/8/4P3/8/PPPP1PPP/RNBQKBNR b KQkq - 0 1",
      "black_reply_probs": {
        "c7c5": 0.15353544056415558,
        "e7e5": 0.6159853339195251,
        "e7e6": 0.0013650177279487252,
        "c7c6": 0.0007551482412964106,
        "d7d5": 0.0441071018576622,
        "g8f6": 0.17672528326511383,
        "g7g6": 0.0037527913227677345,
        "d7d6": 0.0004796353750862181
      },
      "other_mass": 0.003294247726444155
    },
    "d2d4": {
      "fen_after_white": "rnbqkbnr/pppppppp/8/8/3P4/8/PPP1PPPP/RNBQKBNR b KQkq - 0 1",
      "black_reply_probs": {
        "c7c5": 0.0017025730339810252,
        "e7e5": 0.006246406584978104,
        "e7e6": 0.0002226062206318602,
        "c7c6": 1.695645732979756e-05,
        "d7d5": 0.02187645621597767,
        "g8f6": 0.9681297540664673,
        "g7g6": 0.001407634001225233,
        "d7d6": 2.3835731553845108e-05
      },
      "other_mass": 0.0003737776878551813
    },
    "c2c4": {
      "fen_after_white": "rnbqkbnr/pppppppp/8/8/2P5/8/PP1PPPPP/RNBQKBNR b KQkq - 0 1",
      "black_reply_probs": {
        "c7c5": 0.014350361190736294,
        "e7e5": 0.46790555119514465,
        "e7e6": 0.00018184063083026558,
        "c7c6": 4.510251892497763e-05,
        "d7d5": 0.006375639233738184,
        "g8f6": 0.5084804892539978,
        "g7g6": 0.0012995856814086437,
        "d7d6": 0.00010594822379061952
      },
      "other_mass": 0.0012554820714285597
    },
    "g1f3": {
      "fen_after_white": "rnbqkbnr/pppppppp/8/8/8/5N2/PPPPPPPP/RNBQKB1R b KQkq - 1 1",
      "black_reply_probs": {
        "c7c5": 0.010637739673256874,
        "e7e5": 0.037041012197732925,
        "e7e6": 6.250699516385794e-05,
        "c7c6": 1.1196407285751775e-05,
        "d7d5": 0.03855029121041298,
        "g8f6": 0.9114755988121033,
        "g7g6": 0.0012704894179478288,
        "d7d6": 3.4695720387389883e-05
      },
      "other_mass": 0.0009164695657091215
    },
    "g2g3": {
      "fen_after_white": "rnbqkbnr/pppppppp/8/8/8/6P1/PPPPPP1P/RNBQKBNR b KQkq - 0 1",
      "black_reply_probs": {
        "c7c5": 0.01750860922038555,
        "e7e5": 0.509250283241272,
        "e7e6": 0.00018136769358534366,
        "c7c6": 9.831644274527207e-05,
        "d7d5": 0.12316972017288208,
        "g8f6": 0.3471844792366028,
        "g7g6": 0.0009321788093075156,
        "d7d6": 0.00013099667557980865
      },
      "other_mass": 0.0015440485076396726
    },
    "b2b3": {
      "fen_after_white": "rnbqkbnr/pppppppp/8/8/8/1P6/P1PPPPPP/RNBQKBNR b KQkq - 0 1",
      "black_reply_probs": {
        "c7c5": 0.005747341085225344,
        "e7e5": 0.630892813205719,
        "e7e6": 0.0005918620154261589,
        "c7c6": 6.033757017576136e-05,
        "d7d5": 0.0965641587972641,
        "g8f6": 0.2596834897994995,
        "g7g6": 0.004296406637877226,
        "d7d6": 0.00013996927009429783
      },
      "other_mass": 0.0020236216187186074
    },
    "f2f4": {
      "fen_after_white": "rnbqkbnr/pppppppp/8/8/5P2/8/PPPPP1PP/RNBQKBNR b KQkq - 0 1",
      "black_reply_probs": {
        "c7c5": 0.04519186168909073,
        "e7e5": 0.2546423375606537,
        "e7e6": 0.0016699754633009434,
        "c7c6": 0.0003016458940692246,
        "d7d5": 0.2129426896572113,
        "g8f6": 0.47633737325668335,
        "g7g6": 0.004807747434824705,
        "d7d6": 0.0007793856202624738
      },
      "other_mass": 0.0033269834239035845
    },
    "b2b4": {
      "fen_after_white": "rnbqkbnr/pppppppp/8/8/1P6/8/P1PPPPPP/RNBQKBNR b KQkq - 0 1",
      "black_reply_probs": {
        "c7c5": 0.0013225050643086433,
        "e7e5": 0.7046506404876709,
        "e7e6": 0.003112545469775796,
        "c7c6": 0.00027972811949439347,
        "d7d5": 0.0928187221288681,
        "g8f6": 0.18765494227409363,
        "g7g6": 0.005349795334041119,
        "d7d6": 0.0006802357966080308
      },
      "other_mass": 0.0041308853251393884
    },
    "a2a4": {
      "fen_after_white": "rnbqkbnr/pppppppp/8/8/P7/8/1PPPPPPP/RNBQKBNR b KQkq - 0 1",
      "black_reply_probs": {
        "c7c5": 0.004888300318270922,
        "e7e5": 0.5091329216957092,
        "e7e6": 0.00015180371701717377,
        "c7c6": 4.240443740854971e-05,
        "d7d5": 0.11226826161146164,
        "g8f6": 0.37194931507110596,
        "g7g6": 0.0004468210390768945,
        "d7d6": 0.00014885877317283303
      },
      "other_mass": 0.0009713133367768023
    }
  },
  "meta": {
    "elo_self": 2800,
    "elo_oppo": 2800,
    "temperature": 1.0,
    "maia_type": "blitz",
    "white_moves_probed": [
      "e2e4",
      "d2d4",
      "c2c4",
      "g1f3",
      "g2g3",
      "b2b3",
      "f2f4",
      "b2b4",
      "a2a4"
    ],
    "black_replies_probed": [
      "c7c5",
      "e7e5",
      "e7e6",
      "c7c6",
      "d7d5",
      "g8f6",
      "g7g6",
      "d7d6"
    ]
  }
}