{
  "white_first_move_probs": {
    "e2e4": 0.6440044641494751,
    "d2d4": 0.11762423068284988,
    "c2c4": 0.020963657647371292,
    "g1f3": 0.21587789058685303,
    "g2g3": 0.0002984356542583555,
    "b2b3": 4.337438804213889e-05,
    "f2f4": 0.00021448313782457262,
    "b2b4": 1.3682350754606887e-06,
    "a2a4": 8.538749170838855e-06
  },
  "white_other_mass": 0.0009635567690793323,
  "black_reply_probs_cond_on_white": {
    "e2e4": {
      "fen_after_white": "rnbqkbnr/pppppppp/8/8/4P3/8/PPPP1PPP/RNBQKBNR b KQkq - 0 1",
      "black_reply_probs": {
        "c7c5": 0.3041395843029022,
        "e7e5": 0.4912017583847046,
        "e7e6": 0.002323705004528165,
        "c7c6": 0.0013972704764455557,
        "d7d5": 0.02628720924258232,
        "g8f6": 0.15957240760326385,
        "g7g6": 0.006019270978868008,
        "d7d6": 0.0007884165388531983
      },
      "other_mass": 0.008270377467852086
    },
    "d2d4": {
      "fen_after_white": "rnbqkbnr/pppppppp/8/8/3P4/8/PPP1PPPP/RNBQKBNR b KQkq - 0 1",
      "black_reply_probs": {
        "c7c5": 0.0034222465474158525,
        "e7e5": 0.004567617084830999,
        "e7e6": 0.0002187735663028434,
        "c7c6": 2.2706963136442937e-05,
        "d7d5": 0.014886614866554737,
        "g8f6": 0.9747037887573242,
        "g7g6": 0.0016195484204217792,
        "d7d6": 2.107050022459589e-05
      },
      "other_mass": 0.0005376332937885309
    },
    "c2c4": {
      "fen_after_white": "rnbqkbnr/pppppppp/8/8/2P5/8/PP1PPPPP/RNBQKBNR b KQkq - 0 1",
      "black_reply_probs": {
        "c7c5": 0.028327403590083122,
        "e7e5": 0.4021448791027069,
        "e7e6": 0.00023698086442891508,
        "c7c6": 7.155870844144374e-05,
        "d7d5": 0.005223278887569904,
        "g8f6": 0.5609176754951477,
        "g7g6": 0.001496277516707778,
        "d7d6": 0.00011533840006450191
      },
      "other_mass": 0.0014666074348497204
    },
    "g1f3": {
      "fen_after_white": "rnbqkbnr/pppppppp/8/8/8/5N2/PPPPPPPP/RNBQKB1R b KQkq - 1 1",
      "black_reply_probs": {
        "c7c5": 0.023559166118502617,
        "e7e5": 0.026522761210799217,
        "e7e6": 7.283380546141416e-05,
        "c7c6": 2.0908033548039384e-05,
        "d7d5": 0.02827148325741291,
        "g8f6": 0.9187769293785095,
        "g7g6": 0.0011569549096748233,
        "d7d6": 3.253926843171939e-05
      },
      "other_mass": 0.0015864240176597377
    },
    "g2g3": {
      "fen_after_white": "rnbqkbnr/pppppppp/8/8/8/6P1/PPPPPP1P/RNBQKBNR b KQkq - 0 1",
      "black_reply_probs": {
        "c7c5": 0.037665292620658875,
        "e7e5": 0.45418742299079895,
        "e7e6": 0.0003783131833188236,
        "c7c6": 0.00021938752615824342,
        "d7d5": 0.1307431161403656,
        "g8f6": 0.37215492129325867,
        "g7g6": 0.0013375490671023726,
        "d7d6": 0.0001958433713298291
      },
      "other_mass": 0.003118153807008639
    },
    "b2b3": {
      "fen_after_white": "rnbqkbnr/pppppppp/8/8/8/1P6/P1PPPPPP/RNBQKBNR b KQkq - 0 1",
      "black_reply_probs": {
        "c7c5": 0.015881245955824852,
        "e7e5": 0.6401183009147644,
        "e7e6": 0.0013113802997395396,
        "c7c6": 0.00014753507275599986,
        "d7d5": 0.09423627704381943,
        "g8f6": 0.2400420755147934,
        "g7g6": 0.005299347918480635,
        "d7d6": 0.00028441438917070627
      },
      "other_mass": 0.0026794228906510398
    },
    "f2f4": {
      "fen_after_white": "rnbqkbnr/pppppppp/8/8/5P2/8/PPPPP1PP/RNBQKBNR b KQkq - 0 1",
      "black_reply_probs": {
        "c7c5": 0.1010739803314209,
        "e7e5": 0.247421532869339,
        "e7e6": 0.0026807324029505253,
        "c7c6": 0.0005032174522057176,
        "d7d5": 0.2028517872095108,
        "g8f6": 0.4345548152923584,
        "g7g6": 0.0053235250525176525,
        "d7d6": 0.0009822816355153918
      },
      "other_mass": 0.0046081277541816235
    },
    "b2b4": {
      "fen_after_white": "rnbqkbnr/pppppppp/8/8/1P6/8/P1PPPPPP/RNBQKBNR b KQkq - 0 1",
      "black_reply_probs": {
        "c7c5": 0.0032159150578081608,
        "e7e5": 0.7315735816955566,
        "e7e6": 0.004133536480367184,
        "c7c6": 0.00043737085070461035,
        "d7d5": 0.08874198794364929,
        "g8f6": 0.15823742747306824,
        "g7g6": 0.006342179141938686,
        "d7d6": 0.0009097657748498023
      },
      "other_mass": 0.006408235582057387
    },
    "a2a4": {
      "fen_after_white": "rnbqkbnr/pppppppp/8/8/P7/8/1PPPPPPP/RNBQKBNR b KQkq - 0 1",
      "black_reply_probs": {
        "c7c5": 0.016043586656451225,
        "e7e5": 0.48036664724349976,
        "e7e6": 0.00027147302171215415,
        "c7c6": 0.00013204169226810336,
        "d7d5": 0.10825492441654205,
        "g8f6": 0.3923540711402893,
        "g7g6": 0.0006475363625213504,
        "d7d6": 0.0002645220956765115
      },
      "other_mass": 0.0016651973710395396
    }
  },
  "meta": {
    "elo_self": 2800,
    "elo_oppo": 2800,
    "temperature": 1.0,
    "maia_type": "blitz",
    "white_moves_probed": [
      "e2e4",
      "d2d4",
      "c2c4",
      "g1f3",
      "g2g3",
      "b2b3",
      "f2f4",
      "b2b4",
      "a2a4"
    ],
    "black_replies_probed": [
      "c7c5",
      "e7e5",
      "e7e6",
      "c7c6",
      "d7d5",
      "g8f6",
      "g7g6",
      "d7d6"
    ]
  }
}