{
  "white_first_move_probs": {
    "e2e4": 0.7946275472640991,
    "d2d4": 0.10312190651893616,
    "c2c4": 0.014655815437436104,
    "g1f3": 0.08609340339899063,
    "g2g3": 0.00018470990471541882,
    "b2b3": 5.152260564500466e-05,
    "f2f4": 0.0007227066089399159,
    "b2b4": 1.4876320619805483e-06,
    "a2a4": 6.36891627436853e-06
  },
  "white_other_mass": 0.0005345317129012983,
  "black_reply_probs_cond_on_white": {
    "e2e4": {
      "fen_after_white": "rnbqkbnr/pppppppp/8/8/4P3/8/PPPP1PPP/RNBQKBNR b KQkq - 0 1",
      "black_reply_probs": {
        "c7c5": 0.24172507226467133,
        "e7e5": 0.6141275763511658,
        "e7e6": 0.0009571838309057057,
        "c7c6": 0.0006962166517041624,
        "d7d5": 0.05425787717103958,
        "g8f6": 0.08251810818910599,
        "g7g6": 0.001775159384123981,
        "d7d6": 0.0003365787852089852
      },
      "other_mass": 0.0036062273720744997
    },
    "d2d4": {
      "fen_after_white": "rnbqkbnr/pppppppp/8/8/3P4/8/PPP1PPPP/RNBQKBNR b KQkq - 0 1",
      "black_reply_probs": {
        "c7c5": 0.005897527560591698,
        "e7e5": 0.0074761915020644665,
        "e7e6": 0.000518338696565479,
        "c7c6": 5.212273754295893e-05,
        "d7d5": 0.024765361100435257,
        "g8f6": 0.9584179520606995,
        "g7g6": 0.0018056961707770824,
        "d7d6": 3.5823944926960394e-05
      },
      "other_mass": 0.0010309862263966352
    },
    "c2c4": {
      "fen_after_white": "rnbqkbnr/pppppppp/8/8/2P5/8/PP1PPPPP/RNBQKBNR b KQkq - 0 1",
      "black_reply_probs": {
        "c7c5": 0.03114469349384308,
        "e7e5": 0.5638728737831116,
        "e7e6": 0.0002726592356339097,
        "c7c6": 7.423094939440489e-05,
        "d7d5": 0.0068630026653409,
        "g8f6": 0.39392685890197754,
        "g7g6": 0.001113134785555303,
        "d7d6": 0.0001307462516706437
      },
      "other_mass": 0.0026017999334726483
    },
    "g1f3": {
      "fen_after_white": "rnbqkbnr/pppppppp/8/8/8/5N2/PPPPPPPP/RNBQKB1R b KQkq - 1 1",
      "black_reply_probs": {
        "c7c5": 0.052822940051555634,
        "e7e5": 0.06612363457679749,
        "e7e6": 0.00016171425522770733,
        "c7c6": 3.506778011796996e-05,
        "d7d5": 0.06950227916240692,
        "g8f6": 0.8071518540382385,
        "g7g6": 0.0018310521263629198,
        "d7d6": 5.825267726322636e-05
      },
      "other_mass": 0.002313205332029611
    },
    "g2g3": {
      "fen_after_white": "rnbqkbnr/pppppppp/8/8/8/6P1/PPPPPP1P/RNBQKBNR b KQkq - 0 1",
      "black_reply_probs": {
        "c7c5": 0.027470193803310394,
        "e7e5": 0.6399489045143127,
        "e7e6": 0.00019762726151384413,
        "c7c6": 9.05881097423844e-05,
        "d7d5": 0.12591634690761566,
        "g8f6": 0.20351454615592957,
        "g7g6": 0.0006961172330193222,
        "d7d6": 8.444086415693164e-05
      },
      "other_mass": 0.002081235150399152
    },
    "b2b3": {
      "fen_after_white": "rnbqkbnr/pppppppp/8/8/8/1P6/P1PPPPPP/RNBQKBNR b KQkq - 0 1",
      "black_reply_probs": {
        "c7c5": 0.009872697293758392,
        "e7e5": 0.7199451923370361,
        "e7e6": 0.0005942414281889796,
        "c7c6": 7.012939022388309e-05,
        "d7d5": 0.09140462428331375,
        "g8f6": 0.1722261756658554,
        "g7g6": 0.002640220569446683,
        "d7d6": 9.43444756558165e-05
      },
      "other_mass": 0.0031523745565209538
    },
    "f2f4": {
      "fen_after_white": "rnbqkbnr/pppppppp/8/8/5P2/8/PPPPP1PP/RNBQKBNR b KQkq - 0 1",
      "black_reply_probs": {
        "c7c5": 0.10182683914899826,
        "e7e5": 0.24189558625221252,
        "e7e6": 0.0024974297266453505,
        "c7c6": 0.0004955606418661773,
        "d7d5": 0.23398195207118988,
        "g8f6": 0.40615883469581604,
        "g7g6": 0.0061999959871172905,
        "d7d6": 0.0006494197878055274
      },
      "other_mass": 0.006294381688348949
    },
    "b2b4": {
      "fen_after_white": "rnbqkbnr/pppppppp/8/8/1P6/8/P1PPPPPP/RNBQKBNR b KQkq - 0 1",
      "black_reply_probs": {
        "c7c5": 0.0015967844519764185,
        "e7e5": 0.7555992007255554,
        "e7e6": 0.004141712095588446,
        "c7c6": 0.0003785067528951913,
        "d7d5": 0.08291889727115631,
        "g8f6": 0.14442196488380432,
        "g7g6": 0.004363378509879112,
        "d7d6": 0.0005460501997731626
      },
      "other_mass": 0.0060335051093716174
    },
    "a2a4": {
      "fen_after_white": "rnbqkbnr/pppppppp/8/8/P7/8/1PPPPPPP/RNBQKBNR b KQkq - 0 1",
      "black_reply_probs": {
        "c7c5": 0.010702203027904034,
        "e7e5": 0.616205632686615,
        "e7e6": 0.00019933383737225085,
        "c7c6": 6.938903970876709e-05,
        "d7d5": 0.1024690717458725,
        "g8f6": 0.2678389847278595,
        "g7g6": 0.0003947468940168619,
        "d7d6": 0.0001307500060647726
      },
      "other_mass": 0.001989888034586329
    }
  },
  "meta": {
    "elo_self": 2800,
    "elo_oppo": 2800,
    "temperature": 1.0,
    "maia_type": "blitz",
    "white_moves_probed": [
      "e2e4",
      "d2d4",
      "c2c4",
      "g1f3",
      "g2g3",
      "b2b3",
      "f2f4",
      "b2b4",
      "a2a4"
    ],
    "black_replies_probed": [
      "c7c5",
      "e7e5",
      "e7e6",
      "c7c6",
      "d7d5",
      "g8f6",
      "g7g6",
      "d7d6"
    ]
  }
}