{
  "white_first_move_probs": {
    "e2e4": 0.5659924745559692,
    "d2d4": 0.2609744071960449,
    "c2c4": 0.012585445307195187,
    "g1f3": 0.15822890400886536,
    "g2g3": 0.0006560360197909176,
    "b2b3": 7.673931395402178e-05,
    "f2f4": 0.0003900929295923561,
    "b2b4": 2.244192728539929e-06,
    "a2a4": 1.083776351151755e-05
  },
  "white_other_mass": 0.0010828187123479438,
  "black_reply_probs_cond_on_white": {
    "e2e4": {
      "fen_after_white": "rnbqkbnr/pppppppp/8/8/4P3/8/PPPP1PPP/RNBQKBNR b KQkq - 0 1",
      "black_reply_probs": {
        "c7c5": 0.22742800414562225,
        "e7e5": 0.5745130777359009,
        "e7e6": 0.0037606372497975826,
        "c7c6": 0.0018016704125329852,
        "d7d5": 0.0451185442507267,
        "g8f6": 0.12249459326267242,
        "g7g6": 0.011417615227401257,
        "d7d6": 0.00141421880107373
      },
      "other_mass": 0.01205163891427219
    },
    "d2d4": {
      "fen_after_white": "rnbqkbnr/pppppppp/8/8/3P4/8/PPP1PPPP/RNBQKBNR b KQkq - 0 1",
      "black_reply_probs": {
        "c7c5": 0.003631151281297207,
        "e7e5": 0.005576046649366617,
        "e7e6": 0.0005094656953588128,
        "c7c6": 5.004082777304575e-05,
        "d7d5": 0.04307875409722328,
        "g8f6": 0.9424698948860168,
        "g7g6": 0.0037132222205400467,
        "d7d6": 6.375645898515359e-05
      },
      "other_mass": 0.0009076678834389895
    },
    "c2c4": {
      "fen_after_white": "rnbqkbnr/pppppppp/8/8/2P5/8/PP1PPPPP/RNBQKBNR b KQkq - 0 1",
      "black_reply_probs": {
        "c7c5": 0.02226150408387184,
        "e7e5": 0.41070258617401123,
        "e7e6": 0.0005100852577015758,
        "c7c6": 0.00016151118325069547,
        "d7d5": 0.01490470115095377,
        "g8f6": 0.5447820425033569,
        "g7g6": 0.0037499386817216873,
        "d7d6": 0.00027856402448378503
      },
      "other_mass": 0.0026490669406484812
    },
    "g1f3": {
      "fen_after_white": "rnbqkbnr/pppppppp/8/8/8/5N2/PPPPPPPP/RNBQKB1R b KQkq - 1 1",
      "black_reply_probs": {
        "c7c5": 0.019162384793162346,
        "e7e5": 0.03483513370156288,
        "e7e6": 0.00016531457367818803,
        "c7c6": 3.893033863278106e-05,
        "d7d5": 0.08856339007616043,
        "g8f6": 0.8524115681648254,
        "g7g6": 0.0026259515434503555,
        "d7d6": 8.349443669430912e-05
      },
      "other_mass": 0.0021138323718332686
    },
    "g2g3": {
      "fen_after_white": "rnbqkbnr/pppppppp/8/8/8/6P1/PPPPPP1P/RNBQKBNR b KQkq - 0 1",
      "black_reply_probs": {
        "c7c5": 0.03099881298840046,
        "e7e5": 0.4930504262447357,
        "e7e6": 0.0006064678309485316,
        "c7c6": 0.0002784676034934819,
        "d7d5": 0.2020493745803833,
        "g8f6": 0.2663736939430237,
        "g7g6": 0.002208530204370618,
        "d7d6": 0.0003246810520067811
      },
      "other_mass": 0.004109545552637428
    },
    "b2b3": {
      "fen_after_white": "rnbqkbnr/pppppppp/8/8/8/1P6/P1PPPPPP/RNBQKBNR b KQkq - 0 1",
      "black_reply_probs": {
        "c7c5": 0.012716011144220829,
        "e7e5": 0.6103915572166443,
        "e7e6": 0.002071959199383855,
        "c7c6": 0.00020937544468324631,
        "d7d5": 0.15206371247768402,
        "g8f6": 0.20965248346328735,
        "g7g6": 0.0090063801035285,
        "d7d6": 0.0004578355292323977
      },
      "other_mass": 0.003430685421335511
    },
    "f2f4": {
      "fen_after_white": "rnbqkbnr/pppppppp/8/8/5P2/8/PPPPP1PP/RNBQKBNR b KQkq - 0 1",
      "black_reply_probs": {
        "c7c5": 0.08363419771194458,
        "e7e5": 0.24170765280723572,
        "e7e6": 0.004623630549758673,
        "c7c6": 0.0007042194483801723,
        "d7d5": 0.3237744867801666,
        "g8f6": 0.33071815967559814,
        "g7g6": 0.007379625458270311,
        "d7d6": 0.0016612655017524958
      },
      "other_mass": 0.0057967620668932796
    },
    "b2b4": {
      "fen_after_white": "rnbqkbnr/pppppppp/8/8/1P6/8/P1PPPPPP/RNBQKBNR b KQkq - 0 1",
      "black_reply_probs": {
        "c7c5": 0.0023933290503919125,
        "e7e5": 0.7063096165657043,
        "e7e6": 0.006597098428755999,
        "c7c6": 0.000609316339250654,
        "d7d5": 0.13111723959445953,
        "g8f6": 0.13364975154399872,
        "g7g6": 0.009994864463806152,
        "d7d6": 0.0012924063485115767
      },
      "other_mass": 0.008036377665121108
    },
    "a2a4": {
      "fen_after_white": "rnbqkbnr/pppppppp/8/8/P7/8/1PPPPPPP/RNBQKBNR b KQkq - 0 1",
      "black_reply_probs": {
        "c7c5": 0.011179756373167038,
        "e7e5": 0.45230263471603394,
        "e7e6": 0.0004472465079743415,
        "c7c6": 0.000170891682500951,
        "d7d5": 0.20847898721694946,
        "g8f6": 0.3232720196247101,
        "g7g6": 0.0012994774151593447,
        "d7d6": 0.0004843318893108517
      },
      "other_mass": 0.0023646545741939917
    }
  },
  "meta": {
    "elo_self": 2800,
    "elo_oppo": 2800,
    "temperature": 1.0,
    "maia_type": "blitz",
    "white_moves_probed": [
      "e2e4",
      "d2d4",
      "c2c4",
      "g1f3",
      "g2g3",
      "b2b3",
      "f2f4",
      "b2b4",
      "a2a4"
    ],
    "black_replies_probed": [
      "c7c5",
      "e7e5",
      "e7e6",
      "c7c6",
      "d7d5",
      "g8f6",
      "g7g6",
      "d7d6"
    ]
  }
}