{
  "white_first_move_probs": {
    "e2e4": 0.15194030106067657,
    "d2d4": 4.184640189919264e-09,
    "c2c4": 1.4166114845209615e-17,
    "g1f3": 0.8480597138404846,
    "g2g3": 3.0902202699804235e-27,
    "b2b3": 7.094112777117697e-22,
    "f2f4": 4.857135073739924e-18,
    "b2b4": 6.132471088327012e-21,
    "a2a4": 7.416952660689573e-28
  },
  "white_other_mass": 0.0,
  "black_reply_probs_cond_on_white": {
    "e2e4": {
      "fen_after_white": "rnbqkbnr/pppppppp/8/8/4P3/8/PPPP1PPP/RNBQKBNR b KQkq - 0 1",
      "black_reply_probs": {
        "c7c5": 8.273774153643663e-17,
        "e7e5": 0.15210603177547455,
        "e7e6": 5.743551082574609e-17,
        "c7c6": 2.5138218654707625e-29,
        "d7d5": 3.813177551492686e-10,
        "g8f6": 0.847894012928009,
        "g7g6": 1.2276772329613601e-25,
        "d7d6": 1.0836513542080751e-20
      },
      "other_mass": 0.0
    },
    "d2d4": {
      "fen_after_white": "rnbqkbnr/pppppppp/8/8/3P4/8/PPP1PPPP/RNBQKBNR b KQkq - 0 1",
      "black_reply_probs": {
        "c7c5": 1.847134839680926e-18,
        "e7e5": 0.007190213073045015,
        "e7e6": 2.821492555339186e-17,
        "c7c6": 1.0025068154038664e-30,
        "d7d5": 3.6754013721385093e-10,
        "g8f6": 0.9928097724914551,
        "g7g6": 1.0423601822965179e-27,
        "d7d6": 4.646382552841894e-21
      },
      "other_mass": 1.406795968605934e-08
    },
    "c2c4": {
      "fen_after_white": "rnbqkbnr/pppppppp/8/8/2P5/8/PP1PPPPP/RNBQKBNR b KQkq - 0 1",
      "black_reply_probs": {
        "c7c5": 1.3196112897220937e-16,
        "e7e5": 0.10398048162460327,
        "e7e6": 5.433303758946795e-17,
        "c7c6": 6.524291112962137e-29,
        "d7d5": 7.033267857003977e-10,
        "g8f6": 0.8960195183753967,
        "g7g6": 1.428531881378802e-26,
        "d7d6": 1.3791874451250438e-19
      },
      "other_mass": 0.0
    },
    "g1f3": {
      "fen_after_white": "rnbqkbnr/pppppppp/8/8/8/5N2/PPPPPPPP/RNBQKB1R b KQkq - 1 1",
      "black_reply_probs": {
        "c7c5": 1.8870125552676173e-17,
        "e7e5": 0.031862735748291016,
        "e7e6": 9.153062016267734e-18,
        "c7c6": 1.5491340699486698e-30,
        "d7d5": 5.475341846583603e-10,
        "g8f6": 0.9681372046470642,
        "g7g6": 4.168539393972098e-27,
        "d7d6": 9.338524995664163e-21
      },
      "other_mass": 5.9057110535221113e-08
    },
    "g2g3": {
      "fen_after_white": "rnbqkbnr/pppppppp/8/8/8/6P1/PPPPPP1P/RNBQKBNR b KQkq - 0 1",
      "black_reply_probs": {
        "c7c5": 3.701826139693646e-17,
        "e7e5": 0.15713079273700714,
        "e7e6": 1.1525215835361579e-17,
        "c7c6": 2.561192218938843e-29,
        "d7d5": 4.055562108362665e-09,
        "g8f6": 0.842869222164154,
        "g7g6": 7.400162403434405e-26,
        "d7d6": 7.878507593655454e-20
      },
      "other_mass": 0.0
    },
    "b2b3": {
      "fen_after_white": "rnbqkbnr/pppppppp/8/8/8/1P6/P1PPPPPP/RNBQKBNR b KQkq - 0 1",
      "black_reply_probs": {
        "c7c5": 7.005750880314403e-19,
        "e7e5": 0.15360818803310394,
        "e7e6": 1.700909490588497e-17,
        "c7c6": 7.601085484987688e-31,
        "d7d5": 1.0650053061667109e-09,
        "g8f6": 0.8463917970657349,
        "g7g6": 2.6122521823275335e-26,
        "d7d6": 4.38411581156465e-21
      },
      "other_mass": 1.3836155887680945e-08
    },
    "f2f4": {
      "fen_after_white": "rnbqkbnr/pppppppp/8/8/5P2/8/PPPPP1PP/RNBQKBNR b KQkq - 0 1",
      "black_reply_probs": {
        "c7c5": 1.9105946473508916e-17,
        "e7e5": 0.07613462209701538,
        "e7e6": 3.507505201064934e-17,
        "c7c6": 6.184939322727207e-30,
        "d7d5": 4.3897254720093315e-09,
        "g8f6": 0.9238653779029846,
        "g7g6": 3.929595351710598e-26,
        "d7d6": 1.141598425732969e-19
      },
      "other_mass": 0.0
    },
    "b2b4": {
      "fen_after_white": "rnbqkbnr/pppppppp/8/8/1P6/8/P1PPPPPP/RNBQKBNR b KQkq - 0 1",
      "black_reply_probs": {
        "c7c5": 1.7352663391031892e-19,
        "e7e5": 0.24394693970680237,
        "e7e6": 1.7384293774699427e-16,
        "c7c6": 2.050513537664785e-30,
        "d7d5": 1.4384291535662896e-09,
        "g8f6": 0.7560530304908752,
        "g7g6": 3.5658509720156074e-26,
        "d7d6": 1.905976158071475e-20
      },
      "other_mass": 2.8363893012084418e-08
    },
    "a2a4": {
      "fen_after_white": "rnbqkbnr/pppppppp/8/8/P7/8/1PPPPPPP/RNBQKBNR b KQkq - 0 1",
      "black_reply_probs": {
        "c7c5": 1.3910636390709856e-18,
        "e7e5": 0.09154725819826126,
        "e7e6": 1.3708831204616826e-17,
        "c7c6": 2.5793468170036772e-30,
        "d7d5": 3.6207772335927757e-09,
        "g8f6": 0.9084527492523193,
        "g7g6": 1.1848429832912133e-27,
        "d7d6": 6.348181455166872e-20
      },
      "other_mass": 0.0
    }
  },
  "meta": {
    "elo_self": 2800,
    "elo_oppo": 2800,
    "temperature": 1.0,
    "maia_type": "blitz",
    "white_moves_probed": [
      "e2e4",
      "d2d4",
      "c2c4",
      "g1f3",
      "g2g3",
      "b2b3",
      "f2f4",
      "b2b4",
      "a2a4"
    ],
    "black_replies_probed": [
      "c7c5",
      "e7e5",
      "e7e6",
      "c7c6",
      "d7d5",
      "g8f6",
      "g7g6",
      "d7d6"
    ]
  }
}