{
  "white_first_move_probs": {
    "e2e4": 0.7789896726608276,
    "d2d4": 0.12767426669597626,
    "c2c4": 0.005688702687621117,
    "g1f3": 0.08654557168483734,
    "g2g3": 0.00022582875681109726,
    "b2b3": 2.7389160095481202e-05,
    "f2f4": 0.00034374205279164016,
    "b2b4": 9.670829967944883e-07,
    "a2a4": 3.185780087733292e-06
  },
  "white_other_mass": 0.0005006734379549016,
  "black_reply_probs_cond_on_white": {
    "e2e4": {
      "fen_after_white": "rnbqkbnr/pppppppp/8/8/4P3/8/PPPP1PPP/RNBQKBNR b KQkq - 0 1",
      "black_reply_probs": {
        "c7c5": 0.16567003726959229,
        "e7e5": 0.6219197511672974,
        "e7e6": 0.0019367568893358111,
        "c7c6": 0.0006490268278867006,
        "d7d5": 0.043099403381347656,
        "g8f6": 0.15897968411445618,
        "g7g6": 0.0033467093016952276,
        "d7d6": 0.0002713598369155079
      },
      "other_mass": 0.004127271211473271
    },
    "d2d4": {
      "fen_after_white": "rnbqkbnr/pppppppp/8/8/3P4/8/PPP1PPPP/RNBQKBNR b KQkq - 0 1",
      "black_reply_probs": {
        "c7c5": 0.0030557650607079268,
        "e7e5": 0.016039429232478142,
        "e7e6": 0.0004524376417975873,
        "c7c6": 1.5291308955056593e-05,
        "d7d5": 0.026611266657710075,
        "g8f6": 0.9514282941818237,
        "g7g6": 0.0018610046245157719,
        "d7d6": 1.5850089766900055e-05
      },
      "other_mass": 0.0005206612022448098
    },
    "c2c4": {
      "fen_after_white": "rnbqkbnr/pppppppp/8/8/2P5/8/PP1PPPPP/RNBQKBNR b KQkq - 0 1",
      "black_reply_probs": {
        "c7c5": 0.019397372379899025,
        "e7e5": 0.6700606346130371,
        "e7e6": 0.0003321403928566724,
        "c7c6": 3.9371898310491815e-05,
        "d7d5": 0.00761066609993577,
        "g8f6": 0.29914596676826477,
        "g7g6": 0.0011420196387916803,
        "d7d6": 9.63613492785953e-05
      },
      "other_mass": 0.0021754668596258853
    },
    "g1f3": {
      "fen_after_white": "rnbqkbnr/pppppppp/8/8/8/5N2/PPPPPPPP/RNBQKB1R b KQkq - 1 1",
      "black_reply_probs": {
        "c7c5": 0.016077039763331413,
        "e7e5": 0.0755438581109047,
        "e7e6": 0.00011289925168966874,
        "c7c6": 7.3735209298320115e-06,
        "d7d5": 0.04817887023091316,
        "g8f6": 0.8575001358985901,
        "g7g6": 0.0011856923811137676,
        "d7d6": 2.614658842503559e-05
      },
      "other_mass": 0.001367984254102339
    },
    "g2g3": {
      "fen_after_white": "rnbqkbnr/pppppppp/8/8/8/6P1/PPPPPP1P/RNBQKBNR b KQkq - 0 1",
      "black_reply_probs": {
        "c7c5": 0.012054648250341415,
        "e7e5": 0.6180862188339233,
        "e7e6": 0.00020224039326421916,
        "c7c6": 4.6141423808876425e-05,
        "d7d5": 0.11914259195327759,
        "g8f6": 0.24821551144123077,
        "g7g6": 0.0007077022455632687,
        "d7d6": 6.857417611172423e-05
      },
      "other_mass": 0.0014763712824787945
    },
    "b2b3": {
      "fen_after_white": "rnbqkbnr/pppppppp/8/8/8/1P6/P1PPPPPP/RNBQKBNR b KQkq - 0 1",
      "black_reply_probs": {
        "c7c5": 0.004020935855805874,
        "e7e5": 0.77275151014328,
        "e7e6": 0.0006031608209013939,
        "c7c6": 2.3932536350912414e-05,
        "d7d5": 0.08727887272834778,
        "g8f6": 0.13143685460090637,
        "g7g6": 0.0018843768630176783,
        "d7d6": 7.175000064307824e-05
      },
      "other_mass": 0.0019286064507468836
    },
    "f2f4": {
      "fen_after_white": "rnbqkbnr/pppppppp/8/8/5P2/8/PPPPP1PP/RNBQKBNR b KQkq - 0 1",
      "black_reply_probs": {
        "c7c5": 0.03595757856965065,
        "e7e5": 0.31389763951301575,
        "e7e6": 0.001994156977161765,
        "c7c6": 0.00017343132640235126,
        "d7d5": 0.2317756563425064,
        "g8f6": 0.4072905480861664,
        "g7g6": 0.0050258091650903225,
        "d7d6": 0.0004783485201187432
      },
      "other_mass": 0.0034068314998876303
    },
    "b2b4": {
      "fen_after_white": "rnbqkbnr/pppppppp/8/8/1P6/8/P1PPPPPP/RNBQKBNR b KQkq - 0 1",
      "black_reply_probs": {
        "c7c5": 0.0006462680175900459,
        "e7e5": 0.7907009720802307,
        "e7e6": 0.0033556013368070126,
        "c7c6": 0.00013633268827106804,
        "d7d5": 0.08599293977022171,
        "g8f6": 0.11343580484390259,
        "g7g6": 0.0024247707333415747,
        "d7d6": 0.0003892552631441504
      },
      "other_mass": 0.0029180552664911374
    },
    "a2a4": {
      "fen_after_white": "rnbqkbnr/pppppppp/8/8/P7/8/1PPPPPPP/RNBQKBNR b KQkq - 0 1",
      "black_reply_probs": {
        "c7c5": 0.004550502169877291,
        "e7e5": 0.6453046202659607,
        "e7e6": 0.000187527752132155,
        "c7c6": 2.0705956558231264e-05,
        "d7d5": 0.11923032253980637,
        "g8f6": 0.22919690608978271,
        "g7g6": 0.0003041908494196832,
        "d7d6": 0.00010090319847222418
      },
      "other_mass": 0.0011043211779906414
    }
  },
  "meta": {
    "elo_self": 2800,
    "elo_oppo": 2800,
    "temperature": 1.0,
    "maia_type": "blitz",
    "white_moves_probed": [
      "e2e4",
      "d2d4",
      "c2c4",
      "g1f3",
      "g2g3",
      "b2b3",
      "f2f4",
      "b2b4",
      "a2a4"
    ],
    "black_replies_probed": [
      "c7c5",
      "e7e5",
      "e7e6",
      "c7c6",
      "d7d5",
      "g8f6",
      "g7g6",
      "d7d6"
    ]
  }
}