{
  "white_first_move_probs": {
    "e2e4": 0.17257757484912872,
    "d2d4": 0.0267782099545002,
    "c2c4": 4.205822278890992e-06,
    "g1f3": 0.7922836542129517,
    "g2g3": 9.483938470111752e-07,
    "b2b3": 1.9584432209285296e-07,
    "f2f4": 8.964098924479913e-06,
    "b2b4": 3.605576992526949e-08,
    "a2a4": 7.400005053170844e-10
  },
  "white_other_mass": 0.008346210028276513,
  "black_reply_probs_cond_on_white": {
    "e2e4": {
      "fen_after_white": "rnbqkbnr/pppppppp/8/8/4P3/8/PPPP1PPP/RNBQKBNR b KQkq - 0 1",
      "black_reply_probs": {
        "c7c5": 0.00014580479182768613,
        "e7e5": 0.18749520182609558,
        "e7e6": 2.621083297071891e-07,
        "c7c6": 7.3465096228630955e-09,
        "d7d5": 0.0027709330897778273,
        "g8f6": 0.8093827366828918,
        "g7g6": 1.78779248471983e-06,
        "d7d6": 7.92392356174787e-08
      },
      "other_mass": 0.0002031871228473925
    },
    "d2d4": {
      "fen_after_white": "rnbqkbnr/pppppppp/8/8/3P4/8/PPP1PPPP/RNBQKBNR b KQkq - 0 1",
      "black_reply_probs": {
        "c7c5": 5.690886268894246e-07,
        "e7e5": 0.03118121437728405,
        "e7e6": 9.606768713865677e-08,
        "c7c6": 2.5033689010633964e-10,
        "d7d5": 0.002193670254200697,
        "g8f6": 0.9657620191574097,
        "g7g6": 8.748243658374122e-07,
        "d7d6": 6.200041013926239e-08
      },
      "other_mass": 0.000861493979678718
    },
    "c2c4": {
      "fen_after_white": "rnbqkbnr/pppppppp/8/8/2P5/8/PP1PPPPP/RNBQKBNR b KQkq - 0 1",
      "black_reply_probs": {
        "c7c5": 2.0154611775069498e-05,
        "e7e5": 0.2137085199356079,
        "e7e6": 1.3566246082064026e-07,
        "c7c6": 2.6331603564244688e-09,
        "d7d5": 0.004450420383363962,
        "g8f6": 0.7803874611854553,
        "g7g6": 1.1916281437152065e-06,
        "d7d6": 5.995563583383046e-07
      },
      "other_mass": 0.0014315144036745053
    },
    "g1f3": {
      "fen_after_white": "rnbqkbnr/pppppppp/8/8/8/5N2/PPPPPPPP/RNBQKB1R b KQkq - 1 1",
      "black_reply_probs": {
        "c7c5": 3.248536131650326e-06,
        "e7e5": 0.05596446245908737,
        "e7e6": 4.5194976650009266e-08,
        "c7c6": 5.218629972603139e-10,
        "d7d5": 0.004907452967017889,
        "g8f6": 0.9369125366210938,
        "g7g6": 2.1753451164840953e-06,
        "d7d6": 8.62236007037609e-08
      },
      "other_mass": 0.0022099921311125037
    },
    "g2g3": {
      "fen_after_white": "rnbqkbnr/pppppppp/8/8/8/6P1/PPPPPP1P/RNBQKBNR b KQkq - 0 1",
      "black_reply_probs": {
        "c7c5": 1.744273140502628e-05,
        "e7e5": 0.3231809139251709,
        "e7e6": 5.8004335556915976e-08,
        "c7c6": 3.216121591265164e-09,
        "d7d5": 0.027919180691242218,
        "g8f6": 0.647544264793396,
        "g7g6": 1.3058403283139342e-06,
        "d7d6": 3.479523513760796e-07
      },
      "other_mass": 0.001336482845649023
    },
    "b2b3": {
      "fen_after_white": "rnbqkbnr/pppppppp/8/8/8/1P6/P1PPPPPP/RNBQKBNR b KQkq - 0 1",
      "black_reply_probs": {
        "c7c5": 6.849112423878978e-07,
        "e7e5": 0.32342496514320374,
        "e7e6": 9.078312501742403e-08,
        "c7c6": 1.7862095136322864e-10,
        "d7d5": 0.012837251648306847,
        "g8f6": 0.658022403717041,
        "g7g6": 2.60649517258571e-06,
        "d7d6": 9.389823674155195e-08
      },
      "other_mass": 0.005711903225050774
    },
    "f2f4": {
      "fen_after_white": "rnbqkbnr/pppppppp/8/8/5P2/8/PPPPP1PP/RNBQKBNR b KQkq - 0 1",
      "black_reply_probs": {
        "c7c5": 8.039922249736264e-06,
        "e7e5": 0.34610241651535034,
        "e7e6": 1.2672443006067624e-07,
        "c7c6": 1.0593806942793549e-09,
        "d7d5": 0.02677221968770027,
        "g8f6": 0.6248485445976257,
        "g7g6": 5.428099143500731e-07,
        "d7d6": 4.170565262029413e-07
      },
      "other_mass": 0.00226769162682261
    },
    "b2b4": {
      "fen_after_white": "rnbqkbnr/pppppppp/8/8/1P6/8/P1PPPPPP/RNBQKBNR b KQkq - 0 1",
      "black_reply_probs": {
        "c7c5": 3.6787739077226433e-07,
        "e7e5": 0.7070778608322144,
        "e7e6": 3.911712269655254e-07,
        "c7c6": 4.816627097170567e-10,
        "d7d5": 0.012354468926787376,
        "g8f6": 0.279925137758255,
        "g7g6": 1.6260499933196115e-06,
        "d7d6": 2.1717872300541785e-07
      },
      "other_mass": 0.0006399297237464907
    },
    "a2a4": {
      "fen_after_white": "rnbqkbnr/pppppppp/8/8/P7/8/1PPPPPPP/RNBQKBNR b KQkq - 0 1",
      "black_reply_probs": {
        "c7c5": 6.415130428649718e-06,
        "e7e5": 0.30016249418258667,
        "e7e6": 2.0081658647086442e-07,
        "c7c6": 5.909931211078856e-09,
        "d7d5": 0.05002860724925995,
        "g8f6": 0.646748423576355,
        "g7g6": 7.552929446319467e-07,
        "d7d6": 1.7326411807516706e-06
      },
      "other_mass": 0.0030513652007266856
    }
  },
  "meta": {
    "elo_self": 2800,
    "elo_oppo": 2800,
    "temperature": 1.0,
    "maia_type": "blitz",
    "white_moves_probed": [
      "e2e4",
      "d2d4",
      "c2c4",
      "g1f3",
      "g2g3",
      "b2b3",
      "f2f4",
      "b2b4",
      "a2a4"
    ],
    "black_replies_probed": [
      "c7c5",
      "e7e5",
      "e7e6",
      "c7c6",
      "d7d5",
      "g8f6",
      "g7g6",
      "d7d6"
    ]
  }
}