{
  "white_first_move_probs": {
    "e2e4": 0.9867691993713379,
    "d2d4": 1.4768125765840523e-05,
    "c2c4": 4.531401024809173e-13,
    "g1f3": 0.013215932063758373,
    "g2g3": 1.9636883930204652e-17,
    "b2b3": 3.9795839264427453e-16,
    "f2f4": 1.1491607361871492e-12,
    "b2b4": 5.047836944987484e-14,
    "a2a4": 5.2914518791890566e-17
  },
  "white_other_mass": 1.0043748455146329e-07,
  "black_reply_probs_cond_on_white": {
    "e2e4": {
      "fen_after_white": "rnbqkbnr/pppppppp/8/8/4P3/8/PPPP1PPP/RNBQKBNR b KQkq - 0 1",
      "black_reply_probs": {
        "c7c5": 2.1237973157894885e-08,
        "e7e5": 0.9781603217124939,
        "e7e6": 4.9688727219961756e-15,
        "c7c6": 1.0654573292268637e-18,
        "d7d5": 1.8030332284979522e-06,
        "g8f6": 0.021837854757905006,
        "g7g6": 1.1595045661667142e-15,
        "d7d6": 9.02216812895673e-17
      },
      "other_mass": 0.0
    },
    "d2d4": {
      "fen_after_white": "rnbqkbnr/pppppppp/8/8/3P4/8/PPP1PPPP/RNBQKBNR b KQkq - 0 1",
      "black_reply_probs": {
        "c7c5": 5.736577391498437e-14,
        "e7e5": 0.12579578161239624,
        "e7e6": 4.053527838095237e-15,
        "c7c6": 2.104307164387202e-22,
        "d7d5": 1.8252059135193122e-06,
        "g8f6": 0.8742023706436157,
        "g7g6": 3.766843859329294e-17,
        "d7d6": 4.656770422683654e-19
      },
      "other_mass": 2.253801312246395e-08
    },
    "c2c4": {
      "fen_after_white": "rnbqkbnr/pppppppp/8/8/2P5/8/PP1PPPPP/RNBQKBNR b KQkq - 0 1",
      "black_reply_probs": {
        "c7c5": 4.360234742706304e-11,
        "e7e5": 0.9662274718284607,
        "e7e6": 3.1492322872329935e-15,
        "c7c6": 4.2910194608992913e-20,
        "d7d5": 4.3416045514277357e-07,
        "g8f6": 0.033772122114896774,
        "g7g6": 6.327830439123685e-17,
        "d7d6": 7.25417412525406e-17
      },
      "other_mass": 0.0
    },
    "g1f3": {
      "fen_after_white": "rnbqkbnr/pppppppp/8/8/8/5N2/PPPPPPPP/RNBQKB1R b KQkq - 1 1",
      "black_reply_probs": {
        "c7c5": 4.4691153555653784e-11,
        "e7e5": 0.8444309830665588,
        "e7e6": 6.415569949918328e-16,
        "c7c6": 2.5016080357072047e-21,
        "d7d5": 3.0495464216073742e-06,
        "g8f6": 0.15556597709655762,
        "g7g6": 1.5398247682338388e-16,
        "d7d6": 3.723511341196214e-18
      },
      "other_mass": 0.0
    },
    "g2g3": {
      "fen_after_white": "rnbqkbnr/pppppppp/8/8/8/6P1/PPPPPP1P/RNBQKBNR b KQkq - 0 1",
      "black_reply_probs": {
        "c7c5": 6.614448572195286e-12,
        "e7e5": 0.9808915257453918,
        "e7e6": 4.651236849083471e-16,
        "c7c6": 1.2712594714267963e-20,
        "d7d5": 1.1238678780500777e-05,
        "g8f6": 0.0190972201526165,
        "g7g6": 1.3037396128262222e-16,
        "d7d6": 4.428412987081855e-17
      },
      "other_mass": 1.5416596110817693e-08
    },
    "b2b3": {
      "fen_after_white": "rnbqkbnr/pppppppp/8/8/8/1P6/P1PPPPPP/RNBQKBNR b KQkq - 0 1",
      "black_reply_probs": {
        "c7c5": 1.4014570923301817e-14,
        "e7e5": 0.992232084274292,
        "e7e6": 2.5765903163462443e-16,
        "c7c6": 6.662422593796303e-23,
        "d7d5": 1.0226075346508878e-06,
        "g8f6": 0.007766897790133953,
        "g7g6": 1.0126511156741165e-16,
        "d7d6": 6.634512221400605e-19
      },
      "other_mass": 0.0
    },
    "f2f4": {
      "fen_after_white": "rnbqkbnr/pppppppp/8/8/5P2/8/PPPPP1PP/RNBQKBNR b KQkq - 0 1",
      "black_reply_probs": {
        "c7c5": 2.674394906920785e-11,
        "e7e5": 0.9005107283592224,
        "e7e6": 3.651853803078933e-15,
        "c7c6": 7.105857893632705e-21,
        "d7d5": 3.685235060402192e-05,
        "g8f6": 0.09945216774940491,
        "g7g6": 5.027837755948981e-16,
        "d7d6": 1.6195602147236224e-16
      },
      "other_mass": 2.515140203884769e-07
    },
    "b2b4": {
      "fen_after_white": "rnbqkbnr/pppppppp/8/8/1P6/8/P1PPPPPP/RNBQKBNR b KQkq - 0 1",
      "black_reply_probs": {
        "c7c5": 3.7899994240015117e-16,
        "e7e5": 0.9877234697341919,
        "e7e6": 2.2125781719615047e-15,
        "c7c6": 7.224439288200684e-23,
        "d7d5": 6.22150707840774e-07,
        "g8f6": 0.012275910004973412,
        "g7g6": 8.983992751070673e-17,
        "d7d6": 1.287519961726165e-18
      },
      "other_mass": 0.0
    },
    "a2a4": {
      "fen_after_white": "rnbqkbnr/pppppppp/8/8/P7/8/1PPPPPPP/RNBQKBNR b KQkq - 0 1",
      "black_reply_probs": {
        "c7c5": 3.9770685117575255e-13,
        "e7e5": 0.9733397364616394,
        "e7e6": 6.789202535699304e-16,
        "c7c6": 8.973646257061646e-21,
        "d7d5": 9.612510439183097e-06,
        "g8f6": 0.026650656014680862,
        "g7g6": 1.5900605056253683e-17,
        "d7d6": 5.990670297958091e-17
      },
      "other_mass": 0.0
    }
  },
  "meta": {
    "elo_self": 2800,
    "elo_oppo": 2800,
    "temperature": 1.0,
    "maia_type": "blitz",
    "white_moves_probed": [
      "e2e4",
      "d2d4",
      "c2c4",
      "g1f3",
      "g2g3",
      "b2b3",
      "f2f4",
      "b2b4",
      "a2a4"
    ],
    "black_replies_probed": [
      "c7c5",
      "e7e5",
      "e7e6",
      "c7c6",
      "d7d5",
      "g8f6",
      "g7g6",
      "d7d6"
    ]
  }
}