{
  "white_first_move_probs": {
    "e2e4": 0.22407940030097961,
    "d2d4": 1.1513757272041403e-05,
    "c2c4": 8.057920650172967e-12,
    "g1f3": 0.7759090662002563,
    "g2g3": 4.68187380331099e-19,
    "b2b3": 2.226920822038684e-16,
    "f2f4": 1.907887232531144e-13,
    "b2b4": 6.002351279347422e-16,
    "a2a4": 5.937251617003096e-21
  },
  "white_other_mass": 1.9733242595521006e-08,
  "black_reply_probs_cond_on_white": {
    "e2e4": {
      "fen_after_white": "rnbqkbnr/pppppppp/8/8/4P3/8/PPPP1PPP/RNBQKBNR b KQkq - 0 1",
      "black_reply_probs": {
        "c7c5": 4.402171682738043e-11,
        "e7e5": 0.2909433841705322,
        "e7e6": 2.986487061340873e-14,
        "c7c6": 2.802818100950147e-21,
        "d7d5": 1.5969336573107284e-06,
        "g8f6": 0.7090549468994141,
        "g7g6": 2.052193740713434e-17,
        "d7d6": 1.1892341520659193e-15
      },
      "other_mass": 7.195234352774804e-08
    },
    "d2d4": {
      "fen_after_white": "rnbqkbnr/pppppppp/8/8/3P4/8/PPP1PPPP/RNBQKBNR b KQkq - 0 1",
      "black_reply_probs": {
        "c7c5": 5.035996576349677e-13,
        "e7e5": 0.011722556315362453,
        "e7e6": 5.7013038055528636e-15,
        "c7c6": 6.302034329145342e-23,
        "d7d5": 4.6832406042085495e-07,
        "g8f6": 0.988277018070221,
        "g7g6": 5.0109522296256976e-20,
        "d7d6": 8.013663570431668e-17
      },
      "other_mass": 0.0
    },
    "c2c4": {
      "fen_after_white": "rnbqkbnr/pppppppp/8/8/2P5/8/PP1PPPPP/RNBQKBNR b KQkq - 0 1",
      "black_reply_probs": {
        "c7c5": 9.262723921210636e-11,
        "e7e5": 0.21742865443229675,
        "e7e6": 2.673370151553417e-14,
        "c7c6": 1.2454978036658846e-20,
        "d7d5": 1.7073779190468485e-06,
        "g8f6": 0.7825696468353271,
        "g7g6": 1.1498524991741177e-18,
        "d7d6": 9.216568040172884e-15
      },
      "other_mass": 0.0
    },
    "g1f3": {
      "fen_after_white": "rnbqkbnr/pppppppp/8/8/8/5N2/PPPPPPPP/RNBQKB1R b KQkq - 1 1",
      "black_reply_probs": {
        "c7c5": 8.56389265058155e-12,
        "e7e5": 0.05967767909169197,
        "e7e6": 3.81347192457979e-15,
        "c7c6": 2.2362219995711976e-22,
        "d7d5": 1.3835879144608043e-06,
        "g8f6": 0.9403209686279297,
        "g7g6": 5.723770340355353e-19,
        "d7d6": 3.959365249991785e-16
      },
      "other_mass": 0.0
    },
    "g2g3": {
      "fen_after_white": "rnbqkbnr/pppppppp/8/8/8/6P1/PPPPPP1P/RNBQKBNR b KQkq - 0 1",
      "black_reply_probs": {
        "c7c5": 2.0912903353487167e-11,
        "e7e5": 0.1988428384065628,
        "e7e6": 5.429496862009589e-15,
        "c7c6": 5.057319661147773e-21,
        "d7d5": 8.280310794361867e-06,
        "g8f6": 0.8011487126350403,
        "g7g6": 6.58383117546221e-18,
        "d7d6": 3.795000253582542e-15
      },
      "other_mass": 1.6862668039685502e-07
    },
    "b2b3": {
      "fen_after_white": "rnbqkbnr/pppppppp/8/8/8/1P6/P1PPPPPP/RNBQKBNR b KQkq - 0 1",
      "black_reply_probs": {
        "c7c5": 1.997374433817395e-13,
        "e7e5": 0.2347891926765442,
        "e7e6": 2.7614963911219963e-15,
        "c7c6": 2.4640927077521374e-23,
        "d7d5": 1.3899280020268634e-06,
        "g8f6": 0.7652093172073364,
        "g7g6": 7.117466274930635e-19,
        "d7d6": 5.5248759614788656e-17
      },
      "other_mass": 1.0018791485322254e-07
    },
    "f2f4": {
      "fen_after_white": "rnbqkbnr/pppppppp/8/8/5P2/8/PPPPP1PP/RNBQKBNR b KQkq - 0 1",
      "black_reply_probs": {
        "c7c5": 5.637997447377474e-12,
        "e7e5": 0.11837125569581985,
        "e7e6": 1.1349995006619974e-14,
        "c7c6": 3.677720027238291e-22,
        "d7d5": 9.110334758588579e-06,
        "g8f6": 0.8816194534301758,
        "g7g6": 3.7278139211524084e-18,
        "d7d6": 3.372856820362891e-15
      },
      "other_mass": 1.8053359307490524e-07
    },
    "b2b4": {
      "fen_after_white": "rnbqkbnr/pppppppp/8/8/1P6/8/P1PPPPPP/RNBQKBNR b KQkq - 0 1",
      "black_reply_probs": {
        "c7c5": 6.404836920157961e-14,
        "e7e5": 0.31773650646209717,
        "e7e6": 1.7714223642627258e-14,
        "c7c6": 1.3863533687307791e-22,
        "d7d5": 1.8415140630168025e-06,
        "g8f6": 0.68226158618927,
        "g7g6": 1.0819918424911862e-18,
        "d7d6": 2.4487111053213024e-16
      },
      "other_mass": 6.583448786123824e-08
    },
    "a2a4": {
      "fen_after_white": "rnbqkbnr/pppppppp/8/8/P7/8/1PPPPPPP/RNBQKBNR b KQkq - 0 1",
      "black_reply_probs": {
        "c7c5": 1.1376981171387635e-12,
        "e7e5": 0.20530012249946594,
        "e7e6": 4.776816048019262e-15,
        "c7c6": 5.581704610660138e-22,
        "d7d5": 8.153822818712797e-06,
        "g8f6": 0.7946916818618774,
        "g7g6": 9.221379095703035e-20,
        "d7d6": 2.7045050498154116e-15
      },
      "other_mass": 4.181469281938632e-08
    }
  },
  "meta": {
    "elo_self": 2800,
    "elo_oppo": 2800,
    "temperature": 1.0,
    "maia_type": "blitz",
    "white_moves_probed": [
      "e2e4",
      "d2d4",
      "c2c4",
      "g1f3",
      "g2g3",
      "b2b3",
      "f2f4",
      "b2b4",
      "a2a4"
    ],
    "black_replies_probed": [
      "c7c5",
      "e7e5",
      "e7e6",
      "c7c6",
      "d7d5",
      "g8f6",
      "g7g6",
      "d7d6"
    ]
  }
}