{
  "white_first_move_probs": {
    "e2e4": 0.6668031811714172,
    "d2d4": 0.24679507315158844,
    "c2c4": 0.005958113819360733,
    "g1f3": 0.0788039043545723,
    "g2g3": 0.00020811155263800174,
    "b2b3": 3.260889934608713e-05,
    "f2f4": 0.0005826933193020523,
    "b2b4": 1.1939276873818017e-06,
    "a2a4": 1.0902622307185084e-05
  },
  "white_other_mass": 0.0008042171817805865,
  "black_reply_probs_cond_on_white": {
    "e2e4": {
      "fen_after_white": "rnbqkbnr/pppppppp/8/8/4P3/8/PPPP1PPP/RNBQKBNR b KQkq - 0 1",
      "black_reply_probs": {
        "c7c5": 0.1506500542163849,
        "e7e5": 0.6545150876045227,
        "e7e6": 0.0014548475155606866,
        "c7c6": 0.0008791287546046078,
        "d7d5": 0.10135911405086517,
        "g8f6": 0.08415123075246811,
        "g7g6": 0.002187741454690695,
        "d7d6": 0.0010743046877905726
      },
      "other_mass": 0.003728490963112563
    },
    "d2d4": {
      "fen_after_white": "rnbqkbnr/pppppppp/8/8/3P4/8/PPP1PPPP/RNBQKBNR b KQkq - 0 1",
      "black_reply_probs": {
        "c7c5": 0.0031646215356886387,
        "e7e5": 0.013089899905025959,
        "e7e6": 0.000603957858402282,
        "c7c6": 7.576148345833644e-05,
        "d7d5": 0.07862047851085663,
        "g8f6": 0.9017240405082703,
        "g7g6": 0.0013834439450874925,
        "d7d6": 0.00010839370952453464
      },
      "other_mass": 0.0012294025436858647
    },
    "c2c4": {
      "fen_after_white": "rnbqkbnr/pppppppp/8/8/2P5/8/PP1PPPPP/RNBQKBNR b KQkq - 0 1",
      "black_reply_probs": {
        "c7c5": 0.014528053812682629,
        "e7e5": 0.5776882767677307,
        "e7e6": 0.0004063829255755991,
        "c7c6": 0.000110275337647181,
        "d7d5": 0.017612071707844734,
        "g8f6": 0.38545143604278564,
        "g7g6": 0.0011464868439361453,
        "d7d6": 0.00038338536978699267
      },
      "other_mass": 0.0026736311920103617
    },
    "g1f3": {
      "fen_after_white": "rnbqkbnr/pppppppp/8/8/8/5N2/PPPPPPPP/RNBQKB1R b KQkq - 1 1",
      "black_reply_probs": {
        "c7c5": 0.02020762860774994,
        "e7e5": 0.08309554308652878,
        "e7e6": 0.00026780535699799657,
        "c7c6": 6.80061275488697e-05,
        "d7d5": 0.16066867113113403,
        "g8f6": 0.7310256958007812,
        "g7g6": 0.001744923647493124,
        "d7d6": 0.0002050217881333083
      },
      "other_mass": 0.002716704453632701
    },
    "g2g3": {
      "fen_after_white": "rnbqkbnr/pppppppp/8/8/8/6P1/PPPPPP1P/RNBQKBNR b KQkq - 0 1",
      "black_reply_probs": {
        "c7c5": 0.015547004528343678,
        "e7e5": 0.5715154409408569,
        "e7e6": 0.00033866899320855737,
        "c7c6": 0.00016752496594563127,
        "d7d5": 0.22435103356838226,
        "g8f6": 0.1848219335079193,
        "g7g6": 0.00076547876233235,
        "d7d6": 0.00029064054251648486
      },
      "other_mass": 0.0022022741904947907
    },
    "b2b3": {
      "fen_after_white": "rnbqkbnr/pppppppp/8/8/8/1P6/P1PPPPPP/RNBQKBNR b KQkq - 0 1",
      "black_reply_probs": {
        "c7c5": 0.005390476435422897,
        "e7e5": 0.680050253868103,
        "e7e6": 0.000920032849535346,
        "c7c6": 0.00011499955144245178,
        "d7d5": 0.17607353627681732,
        "g8f6": 0.13175256550312042,
        "g7g6": 0.0026333164423704147,
        "d7d6": 0.0003262392128817737
      },
      "other_mass": 0.002738579860306345
    },
    "f2f4": {
      "fen_after_white": "rnbqkbnr/pppppppp/8/8/5P2/8/PPPPP1PP/RNBQKBNR b KQkq - 0 1",
      "black_reply_probs": {
        "c7c5": 0.044268153607845306,
        "e7e5": 0.28303977847099304,
        "e7e6": 0.0025128505658358335,
        "c7c6": 0.00044153720955364406,
        "d7d5": 0.31818830966949463,
        "g8f6": 0.3411449193954468,
        "g7g6": 0.004384926520287991,
        "d7d6": 0.0013103780802339315
      },
      "other_mass": 0.004709146480308846
    },
    "b2b4": {
      "fen_after_white": "rnbqkbnr/pppppppp/8/8/1P6/8/P1PPPPPP/RNBQKBNR b KQkq - 0 1",
      "black_reply_probs": {
        "c7c5": 0.0009086055215448141,
        "e7e5": 0.7433464527130127,
        "e7e6": 0.00379090360365808,
        "c7c6": 0.0003433077363297343,
        "d7d5": 0.14997370541095734,
        "g8f6": 0.09154202044010162,
        "g7g6": 0.003425446106120944,
        "d7d6": 0.0011180463479831815
      },
      "other_mass": 0.005551512120291591
    },
    "a2a4": {
      "fen_after_white": "rnbqkbnr/pppppppp/8/8/P7/8/1PPPPPPP/RNBQKBNR b KQkq - 0 1",
      "black_reply_probs": {
        "c7c5": 0.005571496672928333,
        "e7e5": 0.588699221611023,
        "e7e6": 0.0003540900070220232,
        "c7c6": 8.396662451559678e-05,
        "d7d5": 0.19821256399154663,
        "g8f6": 0.2044031322002411,
        "g7g6": 0.0004562390095088631,
        "d7d6": 0.0004335812118370086
      },
      "other_mass": 0.001785708671377506
    }
  },
  "meta": {
    "elo_self": 2800,
    "elo_oppo": 2800,
    "temperature": 1.0,
    "maia_type": "blitz",
    "white_moves_probed": [
      "e2e4",
      "d2d4",
      "c2c4",
      "g1f3",
      "g2g3",
      "b2b3",
      "f2f4",
      "b2b4",
      "a2a4"
    ],
    "black_replies_probed": [
      "c7c5",
      "e7e5",
      "e7e6",
      "c7c6",
      "d7d5",
      "g8f6",
      "g7g6",
      "d7d6"
    ]
  }
}