{
  "white_first_move_probs": {
    "e2e4": 0.567762017250061,
    "d2d4": 0.28898176550865173,
    "c2c4": 0.022739998996257782,
    "g1f3": 0.11887666583061218,
    "g2g3": 0.0003923797921743244,
    "b2b3": 4.824768257094547e-05,
    "f2f4": 0.00046418223064392805,
    "b2b4": 1.9063629679294536e-06,
    "a2a4": 3.8985308492556214e-06
  },
  "white_other_mass": 0.0007289378152108839,
  "black_reply_probs_cond_on_white": {
    "e2e4": {
      "fen_after_white": "rnbqkbnr/pppppppp/8/8/4P3/8/PPPP1PPP/RNBQKBNR b KQkq - 0 1",
      "black_reply_probs": {
        "c7c5": 0.3398072123527527,
        "e7e5": 0.4849405884742737,
        "e7e6": 0.0007860683836042881,
        "c7c6": 0.0005428267759270966,
        "d7d5": 0.07269937545061111,
        "g8f6": 0.09438246488571167,
        "g7g6": 0.0028323635924607515,
        "d7d6": 0.00040232957690022886
      },
      "other_mass": 0.0036067705077584833
    },
    "d2d4": {
      "fen_after_white": "rnbqkbnr/pppppppp/8/8/3P4/8/PPP1PPPP/RNBQKBNR b KQkq - 0 1",
      "black_reply_probs": {
        "c7c5": 0.006208576261997223,
        "e7e5": 0.006616019643843174,
        "e7e6": 0.0002195791166741401,
        "c7c6": 2.141864570148755e-05,
        "d7d5": 0.04114702716469765,
        "g8f6": 0.9426848292350769,
        "g7g6": 0.00251273182220757,
        "d7d6": 2.7101383238914423e-05
      },
      "other_mass": 0.0005627167265629396
    },
    "c2c4": {
      "fen_after_white": "rnbqkbnr/pppppppp/8/8/2P5/8/PP1PPPPP/RNBQKBNR b KQkq - 0 1",
      "black_reply_probs": {
        "c7c5": 0.03066420368850231,
        "e7e5": 0.4734741747379303,
        "e7e6": 0.0001677105901762843,
        "c7c6": 4.613303462974727e-05,
        "d7d5": 0.01353659201413393,
        "g8f6": 0.4780850410461426,
        "g7g6": 0.002114345319569111,
        "d7d6": 0.00015037450066301972
      },
      "other_mass": 0.00176142506825272
    },
    "g1f3": {
      "fen_after_white": "rnbqkbnr/pppppppp/8/8/8/5N2/PPPPPPPP/RNBQKB1R b KQkq - 1 1",
      "black_reply_probs": {
        "c7c5": 0.041439637541770935,
        "e7e5": 0.04764499515295029,
        "e7e6": 7.250157068483531e-05,
        "c7c6": 1.3985436453367583e-05,
        "d7d5": 0.10291682183742523,
        "g8f6": 0.8037249445915222,
        "g7g6": 0.0024515241384506226,
        "d7d6": 4.732502929982729e-05
      },
      "other_mass": 0.0016882647014426766
    },
    "g2g3": {
      "fen_after_white": "rnbqkbnr/pppppppp/8/8/8/6P1/PPPPPP1P/RNBQKBNR b KQkq - 0 1",
      "black_reply_probs": {
        "c7c5": 0.03784290328621864,
        "e7e5": 0.5047433972358704,
        "e7e6": 0.00016266206512227654,
        "c7c6": 7.929043204057962e-05,
        "d7d5": 0.22897273302078247,
        "g8f6": 0.22502076625823975,
        "g7g6": 0.0010705057065933943,
        "d7d6": 0.00013558159116655588
      },
      "other_mass": 0.0019721604039659724
    },
    "b2b3": {
      "fen_after_white": "rnbqkbnr/pppppppp/8/8/8/1P6/P1PPPPPP/RNBQKBNR b KQkq - 0 1",
      "black_reply_probs": {
        "c7c5": 0.01469386462122202,
        "e7e5": 0.6234205365180969,
        "e7e6": 0.000535990169737488,
        "c7c6": 6.528675294248387e-05,
        "d7d5": 0.16453498601913452,
        "g8f6": 0.1892327517271042,
        "g7g6": 0.005227350164204836,
        "d7d6": 0.00018207385437563062
      },
      "other_mass": 0.00210716017318191
    },
    "f2f4": {
      "fen_after_white": "rnbqkbnr/pppppppp/8/8/5P2/8/PPPPP1PP/RNBQKBNR b KQkq - 0 1",
      "black_reply_probs": {
        "c7c5": 0.10243546962738037,
        "e7e5": 0.21350687742233276,
        "e7e6": 0.0013338702265173197,
        "c7c6": 0.0002158459828933701,
        "d7d5": 0.33260130882263184,
        "g8f6": 0.34143364429473877,
        "g7g6": 0.0046463762409985065,
        "d7d6": 0.0007149006123654544
      },
      "other_mass": 0.003111706770141609
    },
    "b2b4": {
      "fen_after_white": "rnbqkbnr/pppppppp/8/8/1P6/8/P1PPPPPP/RNBQKBNR b KQkq - 0 1",
      "black_reply_probs": {
        "c7c5": 0.002166199963539839,
        "e7e5": 0.7152787446975708,
        "e7e6": 0.0023058902006596327,
        "c7c6": 0.00020666485943365842,
        "d7d5": 0.14339667558670044,
        "g8f6": 0.12621253728866577,
        "g7g6": 0.005603989586234093,
        "d7d6": 0.0006835017120465636
      },
      "other_mass": 0.004145796105149202
    },
    "a2a4": {
      "fen_after_white": "rnbqkbnr/pppppppp/8/8/P7/8/1PPPPPPP/RNBQKBNR b KQkq - 0 1",
      "black_reply_probs": {
        "c7c5": 0.016273371875286102,
        "e7e5": 0.501640796661377,
        "e7e6": 0.00014685915084555745,
        "c7c6": 5.9184152632951736e-05,
        "d7d5": 0.2072123885154724,
        "g8f6": 0.27254965901374817,
        "g7g6": 0.0006651249132119119,
        "d7d6": 0.00022734908270649612
      },
      "other_mass": 0.0012252666347194463
    }
  },
  "meta": {
    "elo_self": 2800,
    "elo_oppo": 2800,
    "temperature": 1.0,
    "maia_type": "blitz",
    "white_moves_probed": [
      "e2e4",
      "d2d4",
      "c2c4",
      "g1f3",
      "g2g3",
      "b2b3",
      "f2f4",
      "b2b4",
      "a2a4"
    ],
    "black_replies_probed": [
      "c7c5",
      "e7e5",
      "e7e6",
      "c7c6",
      "d7d5",
      "g8f6",
      "g7g6",
      "d7d6"
    ]
  }
}