{
  "white_first_move_probs": {
    "e2e4": 0.6825838685035706,
    "d2d4": 0.11460157483816147,
    "c2c4": 0.013791163451969624,
    "g1f3": 0.187811017036438,
    "g2g3": 0.0002422881661914289,
    "b2b3": 2.6142575734411366e-05,
    "f2f4": 0.00025003691553138196,
    "b2b4": 1.6850729025463806e-06,
    "a2a4": 6.631718406424625e-06
  },
  "white_other_mass": 0.0006855917210941698,
  "black_reply_probs_cond_on_white": {
    "e2e4": {
      "fen_after_white": "rnbqkbnr/pppppppp/8/8/4P3/8/PPPP1PPP/RNBQKBNR b KQkq - 0 1",
      "black_reply_probs": {
        "c7c5": 0.2997928559780121,
        "e7e5": 0.47993186116218567,
        "e7e6": 0.0017014533514156938,
        "c7c6": 0.001176407327875495,
        "d7d5": 0.027592450380325317,
        "g8f6": 0.1806340515613556,
        "g7g6": 0.0037095064762979746,
        "d7d6": 0.0004239038680680096
      },
      "other_mass": 0.005037509894464165
    },
    "d2d4": {
      "fen_after_white": "rnbqkbnr/pppppppp/8/8/3P4/8/PPP1PPPP/RNBQKBNR b KQkq - 0 1",
      "black_reply_probs": {
        "c7c5": 0.0028303887229412794,
        "e7e5": 0.013642694801092148,
        "e7e6": 0.0003275297349318862,
        "c7c6": 1.5063909813761711e-05,
        "d7d5": 0.015482569113373756,
        "g8f6": 0.965972900390625,
        "g7g6": 0.0012673198943957686,
        "d7d6": 2.0839406715822406e-05
      },
      "other_mass": 0.0004406940261105774
    },
    "c2c4": {
      "fen_after_white": "rnbqkbnr/pppppppp/8/8/2P5/8/PP1PPPPP/RNBQKBNR b KQkq - 0 1",
      "black_reply_probs": {
        "c7c5": 0.02302861213684082,
        "e7e5": 0.4292919635772705,
        "e7e6": 0.0003020697913598269,
        "c7c6": 5.328691622707993e-05,
        "d7d5": 0.004319296218454838,
        "g8f6": 0.5400304794311523,
        "g7g6": 0.001209251000545919,
        "d7d6": 0.0001092246820917353
      },
      "other_mass": 0.0016558162460569292
    },
    "g1f3": {
      "fen_after_white": "rnbqkbnr/pppppppp/8/8/8/5N2/PPPPPPPP/RNBQKB1R b KQkq - 1 1",
      "black_reply_probs": {
        "c7c5": 0.019392937421798706,
        "e7e5": 0.055082254111766815,
        "e7e6": 0.0001045845274347812,
        "c7c6": 1.1052117770304903e-05,
        "d7d5": 0.026871686801314354,
        "g8f6": 0.8963514566421509,
        "g7g6": 0.0009346494916826487,
        "d7d6": 2.9568791433121078e-05
      },
      "other_mass": 0.00122181009464839
    },
    "g2g3": {
      "fen_after_white": "rnbqkbnr/pppppppp/8/8/8/6P1/PPPPPP1P/RNBQKBNR b KQkq - 0 1",
      "black_reply_probs": {
        "c7c5": 0.03877255693078041,
        "e7e5": 0.47240951657295227,
        "e7e6": 0.0003326522128190845,
        "c7c6": 0.00014050485333427787,
        "d7d5": 0.11842776834964752,
        "g8f6": 0.3665148913860321,
        "g7g6": 0.0009329782915301621,
        "d7d6": 0.00015810015611350536
      },
      "other_mass": 0.0023110312467906624
    },
    "b2b3": {
      "fen_after_white": "rnbqkbnr/pppppppp/8/8/8/1P6/P1PPPPPP/RNBQKBNR b KQkq - 0 1",
      "black_reply_probs": {
        "c7c5": 0.010529554449021816,
        "e7e5": 0.6877985000610352,
        "e7e6": 0.0010757367126643658,
        "c7c6": 6.81944948155433e-05,
        "d7d5": 0.07744798809289932,
        "g8f6": 0.21796481311321259,
        "g7g6": 0.003003393765538931,
        "d7d6": 0.000183271273272112
      },
      "other_mass": 0.0019285480375401676
    },
    "f2f4": {
      "fen_after_white": "rnbqkbnr/pppppppp/8/8/5P2/8/PPPPP1PP/RNBQKBNR b KQkq - 0 1",
      "black_reply_probs": {
        "c7c5": 0.08157441020011902,
        "e7e5": 0.34779247641563416,
        "e7e6": 0.002168711507692933,
        "c7c6": 0.00029342257766984403,
        "d7d5": 0.14375227689743042,
        "g8f6": 0.4172387421131134,
        "g7g6": 0.0033522779121994972,
        "d7d6": 0.0007025550585240126
      },
      "other_mass": 0.003125127317616716
    },
    "b2b4": {
      "fen_after_white": "rnbqkbnr/pppppppp/8/8/1P6/8/P1PPPPPP/RNBQKBNR b KQkq - 0 1",
      "black_reply_probs": {
        "c7c5": 0.00278968783095479,
        "e7e5": 0.768110454082489,
        "e7e6": 0.003969330806285143,
        "c7c6": 0.0002950587368104607,
        "d7d5": 0.06541808694601059,
        "g8f6": 0.1512216478586197,
        "g7g6": 0.0038509294390678406,
        "d7d6": 0.0007420514011755586
      },
      "other_mass": 0.003602752898586914
    },
    "a2a4": {
      "fen_after_white": "rnbqkbnr/pppppppp/8/8/P7/8/1PPPPPPP/RNBQKBNR b KQkq - 0 1",
      "black_reply_probs": {
        "c7c5": 0.009899594821035862,
        "e7e5": 0.5111328363418579,
        "e7e6": 0.00025308423209935427,
        "c7c6": 5.4380958317779005e-05,
        "d7d5": 0.09924309700727463,
        "g8f6": 0.3777053952217102,
        "g7g6": 0.00038489841972477734,
        "d7d6": 0.00020650970691349357
      },
      "other_mass": 0.001120203291065991
    }
  },
  "meta": {
    "elo_self": 2800,
    "elo_oppo": 2800,
    "temperature": 1.0,
    "maia_type": "blitz",
    "white_moves_probed": [
      "e2e4",
      "d2d4",
      "c2c4",
      "g1f3",
      "g2g3",
      "b2b3",
      "f2f4",
      "b2b4",
      "a2a4"
    ],
    "black_replies_probed": [
      "c7c5",
      "e7e5",
      "e7e6",
      "c7c6",
      "d7d5",
      "g8f6",
      "g7g6",
      "d7d6"
    ]
  }
}