{
  "white_first_move_probs": {
    "e2e4": 0.981842041015625,
    "d2d4": 0.009691094048321247,
    "c2c4": 0.0002153011446353048,
    "g1f3": 0.007933361455798149,
    "g2g3": 1.7054558156814892e-06,
    "b2b3": 9.83777340479719e-07,
    "f2f4": 0.00023347415844909847,
    "b2b4": 4.743552395325423e-08,
    "a2a4": 2.6582551981846336e-07
  },
  "white_other_mass": 8.172568297126759e-05,
  "black_reply_probs_cond_on_white": {
    "e2e4": {
      "fen_after_white": "rnbqkbnr/pppppppp/8/8/4P3/8/PPPP1PPP/RNBQKBNR b KQkq - 0 1",
      "black_reply_probs": {
        "c7c5": 0.03787936642765999,
        "e7e5": 0.9236932396888733,
        "e7e6": 6.26723112873151e-06,
        "c7c6": 2.4338369257748127e-06,
        "d7d5": 0.00958937592804432,
        "g8f6": 0.02864125929772854,
        "g7g6": 2.0910443708999082e-05,
        "d7d6": 1.0396528296041652e-06
      },
      "other_mass": 0.00016610749310075335
    },
    "d2d4": {
      "fen_after_white": "rnbqkbnr/pppppppp/8/8/3P4/8/PPP1PPPP/RNBQKBNR b KQkq - 0 1",
      "black_reply_probs": {
        "c7c5": 0.000637335644569248,
        "e7e5": 0.5446814298629761,
        "e7e6": 3.6503646697383374e-05,
        "c7c6": 2.108778744513984e-06,
        "d7d5": 0.02206271141767502,
        "g8f6": 0.43157264590263367,
        "g7g6": 5.805893670185469e-05,
        "d7d6": 3.2862445209502766e-07
      },
      "other_mass": 0.0009488771855501454
    },
    "c2c4": {
      "fen_after_white": "rnbqkbnr/pppppppp/8/8/2P5/8/PP1PPPPP/RNBQKBNR b KQkq - 0 1",
      "black_reply_probs": {
        "c7c5": 0.0010857152519747615,
        "e7e5": 0.9690718650817871,
        "e7e6": 2.3841059828555444e-06,
        "c7c6": 7.503575147893571e-07,
        "d7d5": 0.0005818158388137817,
        "g8f6": 0.02904035709798336,
        "g7g6": 1.0106543413712643e-05,
        "d7d6": 5.412627501755196e-07
      },
      "other_mass": 0.00020646445977945405
    },
    "g1f3": {
      "fen_after_white": "rnbqkbnr/pppppppp/8/8/8/5N2/PPPPPPPP/RNBQKB1R b KQkq - 1 1",
      "black_reply_probs": {
        "c7c5": 0.0007345736376009881,
        "e7e5": 0.9359939694404602,
        "e7e6": 1.952507773239631e-06,
        "c7c6": 1.2116673531181732e-07,
        "d7d5": 0.003396090120077133,
        "g8f6": 0.05953998118638992,
        "g7g6": 1.8505981643102132e-05,
        "d7d6": 1.6491063092871627e-07
      },
      "other_mass": 0.0003146410486891682
    },
    "g2g3": {
      "fen_after_white": "rnbqkbnr/pppppppp/8/8/8/6P1/PPPPPP1P/RNBQKBNR b KQkq - 0 1",
      "black_reply_probs": {
        "c7c5": 0.0004157543589826673,
        "e7e5": 0.9685307145118713,
        "e7e6": 1.2391097925501526e-06,
        "c7c6": 3.4484520483601955e-07,
        "d7d5": 0.00556750874966383,
        "g8f6": 0.025313615798950195,
        "g7g6": 1.1577249097172171e-05,
        "d7d6": 1.730353034190557e-07
      },
      "other_mass": 0.00015907234113399227
    },
    "b2b3": {
      "fen_after_white": "rnbqkbnr/pppppppp/8/8/8/1P6/P1PPPPPP/RNBQKBNR b KQkq - 0 1",
      "black_reply_probs": {
        "c7c5": 0.00012735494237858802,
        "e7e5": 0.9750890135765076,
        "e7e6": 2.406181693004328e-06,
        "c7c6": 2.0419392399162462e-07,
        "d7d5": 0.004369114059954882,
        "g8f6": 0.01994270086288452,
        "g7g6": 3.0561979656340554e-05,
        "d7d6": 1.3003366916564119e-07
      },
      "other_mass": 0.0004385141693319383
    },
    "f2f4": {
      "fen_after_white": "rnbqkbnr/pppppppp/8/8/5P2/8/PPPPP1PP/RNBQKBNR b KQkq - 0 1",
      "black_reply_probs": {
        "c7c5": 0.000869888230226934,
        "e7e5": 0.9623475074768066,
        "e7e6": 5.186558155401144e-06,
        "c7c6": 3.051555381716753e-07,
        "d7d5": 0.003764443565160036,
        "g8f6": 0.03255235031247139,
        "g7g6": 5.05516400153283e-05,
        "d7d6": 2.9795501177432016e-07
      },
      "other_mass": 0.0004094691066143241
    },
    "b2b4": {
      "fen_after_white": "rnbqkbnr/pppppppp/8/8/1P6/8/P1PPPPPP/RNBQKBNR b KQkq - 0 1",
      "black_reply_probs": {
        "c7c5": 1.1806374459411018e-05,
        "e7e5": 0.9606240391731262,
        "e7e6": 1.0195246431976557e-05,
        "c7c6": 6.997817649789795e-07,
        "d7d5": 0.006440934259444475,
        "g8f6": 0.03217342495918274,
        "g7g6": 2.5868801458273083e-05,
        "d7d6": 6.084014785301406e-07
      },
      "other_mass": 0.0007124230026533951
    },
    "a2a4": {
      "fen_after_white": "rnbqkbnr/pppppppp/8/8/P7/8/1PPPPPPP/RNBQKBNR b KQkq - 0 1",
      "black_reply_probs": {
        "c7c5": 0.00014635220577474684,
        "e7e5": 0.9686288833618164,
        "e7e6": 1.1830020412162412e-06,
        "c7c6": 2.3916871327855915e-07,
        "d7d5": 0.0054379478096961975,
        "g8f6": 0.025511380285024643,
        "g7g6": 3.6545311559166294e-06,
        "d7d6": 3.0376182280633657e-07
      },
      "other_mass": 0.0002700558739547887
    }
  },
  "meta": {
    "elo_self": 2800,
    "elo_oppo": 2800,
    "temperature": 1.0,
    "maia_type": "blitz",
    "white_moves_probed": [
      "e2e4",
      "d2d4",
      "c2c4",
      "g1f3",
      "g2g3",
      "b2b3",
      "f2f4",
      "b2b4",
      "a2a4"
    ],
    "black_replies_probed": [
      "c7c5",
      "e7e5",
      "e7e6",
      "c7c6",
      "d7d5",
      "g8f6",
      "g7g6",
      "d7d6"
    ]
  }
}