{
  "white_first_move_probs": {
    "e2e4": 0.667381763458252,
    "d2d4": 0.13566210865974426,
    "c2c4": 0.009500516578555107,
    "g1f3": 0.18602359294891357,
    "g2g3": 0.000382112804800272,
    "b2b3": 4.693221126217395e-05,
    "f2f4": 0.00034013408003374934,
    "b2b4": 1.334501803285093e-06,
    "a2a4": 4.238833753333893e-06
  },
  "white_other_mass": 0.0006572659228822886,
  "black_reply_probs_cond_on_white": {
    "e2e4": {
      "fen_after_white": "rnbqkbnr/pppppppp/8/8/4P3/8/PPPP1PPP/RNBQKBNR b KQkq - 0 1",
      "black_reply_probs": {
        "c7c5": 0.17842604219913483,
        "e7e5": 0.5644373297691345,
        "e7e6": 0.0014691095566377044,
        "c7c6": 0.0007289124769158661,
        "d7d5": 0.045877642929553986,
        "g8f6": 0.20014236867427826,
        "g7g6": 0.004643014166504145,
        "d7d6": 0.00039798824582248926
      },
      "other_mass": 0.0038775919820182025
    },
    "d2d4": {
      "fen_after_white": "rnbqkbnr/pppppppp/8/8/3P4/8/PPP1PPPP/RNBQKBNR b KQkq - 0 1",
      "black_reply_probs": {
        "c7c5": 0.0019280134001746774,
        "e7e5": 0.00818951427936554,
        "e7e6": 0.0002587036869954318,
        "c7c6": 1.271378368983278e-05,
        "d7d5": 0.016133777797222137,
        "g8f6": 0.971048891544342,
        "g7g6": 0.002027861075475812,
        "d7d6": 1.770738344930578e-05
      },
      "other_mass": 0.0003828170492852223
    },
    "c2c4": {
      "fen_after_white": "rnbqkbnr/pppppppp/8/8/2P5/8/PP1PPPPP/RNBQKBNR b KQkq - 0 1",
      "black_reply_probs": {
        "c7c5": 0.012725061737000942,
        "e7e5": 0.4737206697463989,
        "e7e6": 0.0002564254973549396,
        "c7c6": 4.031199205201119e-05,
        "d7d5": 0.007059568073600531,
        "g8f6": 0.5029148459434509,
        "g7g6": 0.0016253706999123096,
        "d7d6": 0.00010075860336655751
      },
      "other_mass": 0.0015569877068628557
    },
    "g1f3": {
      "fen_after_white": "rnbqkbnr/pppppppp/8/8/8/5N2/PPPPPPPP/RNBQKB1R b KQkq - 1 1",
      "black_reply_probs": {
        "c7c5": 0.01123190950602293,
        "e7e5": 0.04325558990240097,
        "e7e6": 7.183432171586901e-05,
        "c7c6": 7.737506166449748e-06,
        "d7d5": 0.031160825863480568,
        "g8f6": 0.9118677377700806,
        "g7g6": 0.0014145274180918932,
        "d7d6": 2.4209439288824797e-05
      },
      "other_mass": 0.0009656282727519283
    },
    "g2g3": {
      "fen_after_white": "rnbqkbnr/pppppppp/8/8/8/6P1/PPPPPP1P/RNBQKBNR b KQkq - 0 1",
      "black_reply_probs": {
        "c7c5": 0.016661442816257477,
        "e7e5": 0.5041500329971313,
        "e7e6": 0.00018845095473807305,
        "c7c6": 6.389027112163603e-05,
        "d7d5": 0.12886962294578552,
        "g8f6": 0.3473498523235321,
        "g7g6": 0.0010210303589701653,
        "d7d6": 9.166699601337314e-05
      },
      "other_mass": 0.0016040103364503011
    },
    "b2b3": {
      "fen_after_white": "rnbqkbnr/pppppppp/8/8/8/1P6/P1PPPPPP/RNBQKBNR b KQkq - 0 1",
      "black_reply_probs": {
        "c7c5": 0.005868479609489441,
        "e7e5": 0.6668021082878113,
        "e7e6": 0.0006346122827380896,
        "c7c6": 4.267357871867716e-05,
        "d7d5": 0.09460385888814926,
        "g8f6": 0.22603049874305725,
        "g7g6": 0.0037761619314551353,
        "d7d6": 0.00011096882371930405
      },
      "other_mass": 0.002130637854861561
    },
    "f2f4": {
      "fen_after_white": "rnbqkbnr/pppppppp/8/8/5P2/8/PPPPP1PP/RNBQKBNR b KQkq - 0 1",
      "black_reply_probs": {
        "c7c5": 0.04226560890674591,
        "e7e5": 0.26334935426712036,
        "e7e6": 0.0013920468045398593,
        "c7c6": 0.00018508831271901727,
        "d7d5": 0.2030903548002243,
        "g8f6": 0.48121047019958496,
        "g7g6": 0.0049047223292291164,
        "d7d6": 0.0004938956117257476
      },
      "other_mass": 0.0031084587681107223
    },
    "b2b4": {
      "fen_after_white": "rnbqkbnr/pppppppp/8/8/1P6/8/P1PPPPPP/RNBQKBNR b KQkq - 0 1",
      "black_reply_probs": {
        "c7c5": 0.0012181773781776428,
        "e7e5": 0.7265310287475586,
        "e7e6": 0.0033904158044606447,
        "c7c6": 0.00020597207185346633,
        "d7d5": 0.08744414150714874,
        "g8f6": 0.17247706651687622,
        "g7g6": 0.004938495345413685,
        "d7d6": 0.0004972030874341726
      },
      "other_mass": 0.0032974995410768315
    },
    "a2a4": {
      "fen_after_white": "rnbqkbnr/pppppppp/8/8/P7/8/1PPPPPPP/RNBQKBNR b KQkq - 0 1",
      "black_reply_probs": {
        "c7c5": 0.005682035814970732,
        "e7e5": 0.5109705924987793,
        "e7e6": 0.0001719516731100157,
        "c7c6": 3.249115979997441e-05,
        "d7d5": 0.11824419349431992,
        "g8f6": 0.3630206882953644,
        "g7g6": 0.000563843350391835,
        "d7d6": 0.00013453283463604748
      },
      "other_mass": 0.0011796708786278032
    }
  },
  "meta": {
    "elo_self": 2800,
    "elo_oppo": 2800,
    "temperature": 1.0,
    "maia_type": "blitz",
    "white_moves_probed": [
      "e2e4",
      "d2d4",
      "c2c4",
      "g1f3",
      "g2g3",
      "b2b3",
      "f2f4",
      "b2b4",
      "a2a4"
    ],
    "black_replies_probed": [
      "c7c5",
      "e7e5",
      "e7e6",
      "c7c6",
      "d7d5",
      "g8f6",
      "g7g6",
      "d7d6"
    ]
  }
}