{
  "white_first_move_probs": {
    "e2e4": 0.019959399476647377,
    "d2d4": 0.04086686670780182,
    "c2c4": 2.14091824091156e-06,
    "g1f3": 0.9381629824638367,
    "g2g3": 8.62744764162926e-06,
    "b2b3": 5.634178137370327e-07,
    "f2f4": 3.919899609172717e-05,
    "b2b4": 6.719905076835175e-09,
    "a2a4": 4.886068771803309e-10
  },
  "white_other_mass": 0.0009602133634141197,
  "black_reply_probs_cond_on_white": {
    "e2e4": {
      "fen_after_white": "rnbqkbnr/pppppppp/8/8/4P3/8/PPPP1PPP/RNBQKBNR b KQkq - 0 1",
      "black_reply_probs": {
        "c7c5": 5.585855615208857e-05,
        "e7e5": 0.030729150399565697,
        "e7e6": 1.7231498361525155e-07,
        "c7c6": 1.4102182532838015e-08,
        "d7d5": 0.003673925995826721,
        "g8f6": 0.9654936790466309,
        "g7g6": 1.9964561943197623e-05,
        "d7d6": 1.1216761208743264e-07
      },
      "other_mass": 2.7122855103201005e-05
    },
    "d2d4": {
      "fen_after_white": "rnbqkbnr/pppppppp/8/8/3P4/8/PPP1PPPP/RNBQKBNR b KQkq - 0 1",
      "black_reply_probs": {
        "c7c5": 1.3873517445972539e-07,
        "e7e5": 0.0009984243661165237,
        "e7e6": 3.9670659646162676e-08,
        "c7c6": 7.815069702488131e-10,
        "d7d5": 0.002791644772514701,
        "g8f6": 0.9961394667625427,
        "g7g6": 1.0960663530568127e-05,
        "d7d6": 4.767094097246627e-08
      },
      "other_mass": 5.927657701343403e-05
    },
    "c2c4": {
      "fen_after_white": "rnbqkbnr/pppppppp/8/8/2P5/8/PP1PPPPP/RNBQKBNR b KQkq - 0 1",
      "black_reply_probs": {
        "c7c5": 2.134640271833632e-05,
        "e7e5": 0.01702730357646942,
        "e7e6": 6.272671271290164e-08,
        "c7c6": 1.0464427546708066e-08,
        "d7d5": 0.0020951922051608562,
        "g8f6": 0.9806937575340271,
        "g7g6": 1.4135428500594571e-05,
        "d7d6": 6.958358085284999e-07
      },
      "other_mass": 0.00014749582617490375
    },
    "g1f3": {
      "fen_after_white": "rnbqkbnr/pppppppp/8/8/8/5N2/PPPPPPPP/RNBQKB1R b KQkq - 1 1",
      "black_reply_probs": {
        "c7c5": 6.144183544165571e-07,
        "e7e5": 0.0020095317158848047,
        "e7e6": 1.3957469846559434e-08,
        "c7c6": 6.755169756900159e-10,
        "d7d5": 0.003892552573233843,
        "g8f6": 0.9938228130340576,
        "g7g6": 2.341455729037989e-05,
        "d7d6": 6.24609981514368e-08
      },
      "other_mass": 0.0002509966071939651
    },
    "g2g3": {
      "fen_after_white": "rnbqkbnr/pppppppp/8/8/8/6P1/PPPPPP1P/RNBQKBNR b KQkq - 0 1",
      "black_reply_probs": {
        "c7c5": 6.261142516450491e-06,
        "e7e5": 0.022865917533636093,
        "e7e6": 3.027811601441499e-08,
        "c7c6": 7.813186542193762e-09,
        "d7d5": 0.03101220168173313,
        "g8f6": 0.9458900690078735,
        "g7g6": 2.1725258193328045e-05,
        "d7d6": 3.553971055225702e-07
      },
      "other_mass": 0.00020343188763938258
    },
    "b2b3": {
      "fen_after_white": "rnbqkbnr/pppppppp/8/8/8/1P6/P1PPPPPP/RNBQKBNR b KQkq - 0 1",
      "black_reply_probs": {
        "c7c5": 5.989283522467304e-07,
        "e7e5": 0.017538418993353844,
        "e7e6": 5.895059373983713e-08,
        "c7c6": 1.3966271472654057e-09,
        "d7d5": 0.019854651764035225,
        "g8f6": 0.9614853858947754,
        "g7g6": 4.061412255396135e-05,
        "d7d6": 1.6286267623399908e-07
      },
      "other_mass": 0.0010801070870322116
    },
    "f2f4": {
      "fen_after_white": "rnbqkbnr/pppppppp/8/8/5P2/8/PPPPP1PP/RNBQKBNR b KQkq - 0 1",
      "black_reply_probs": {
        "c7c5": 2.253701040899614e-06,
        "e7e5": 0.01892956905066967,
        "e7e6": 9.37266904088574e-08,
        "c7c6": 2.6099227223852495e-09,
        "d7d5": 0.01878802478313446,
        "g8f6": 0.9616607427597046,
        "g7g6": 1.8260383512824774e-05,
        "d7d6": 3.7085146686877124e-07
      },
      "other_mass": 0.0006006821338575552
    },
    "b2b4": {
      "fen_after_white": "rnbqkbnr/pppppppp/8/8/1P6/8/P1PPPPPP/RNBQKBNR b KQkq - 0 1",
      "black_reply_probs": {
        "c7c5": 3.58907840336542e-07,
        "e7e5": 0.03047027252614498,
        "e7e6": 3.259545167111355e-07,
        "c7c6": 7.938273149932229e-09,
        "d7d5": 0.021972380578517914,
        "g8f6": 0.9471812844276428,
        "g7g6": 3.0047876862226985e-05,
        "d7d6": 3.795582870225189e-07
      },
      "other_mass": 0.0003449422319148354
    },
    "a2a4": {
      "fen_after_white": "rnbqkbnr/pppppppp/8/8/P7/8/1PPPPPPP/RNBQKBNR b KQkq - 0 1",
      "black_reply_probs": {
        "c7c5": 3.4160789255111013e-06,
        "e7e5": 0.016407949849963188,
        "e7e6": 7.872735352520976e-08,
        "c7c6": 1.251577774752377e-08,
        "d7d5": 0.03855429217219353,
        "g8f6": 0.9444271922111511,
        "g7g6": 8.671381692693103e-06,
        "d7d6": 1.3045987543591764e-06
      },
      "other_mass": 0.0005970824641883254
    }
  },
  "meta": {
    "elo_self": 2800,
    "elo_oppo": 2800,
    "temperature": 1.0,
    "maia_type": "blitz",
    "white_moves_probed": [
      "e2e4",
      "d2d4",
      "c2c4",
      "g1f3",
      "g2g3",
      "b2b3",
      "f2f4",
      "b2b4",
      "a2a4"
    ],
    "black_replies_probed": [
      "c7c5",
      "e7e5",
      "e7e6",
      "c7c6",
      "d7d5",
      "g8f6",
      "g7g6",
      "d7d6"
    ]
  }
}