{
  "white_first_move_probs": {
    "e2e4": 0.6879914999008179,
    "d2d4": 0.1316937357187271,
    "c2c4": 0.009783115237951279,
    "g1f3": 0.16951532661914825,
    "g2g3": 0.00023511506151407957,
    "b2b3": 2.121582110703457e-05,
    "f2f4": 0.0002898052625823766,
    "b2b4": 1.0498772553546587e-06,
    "a2a4": 3.1862891773926094e-06
  },
  "white_other_mass": 0.000465950211719246,
  "black_reply_probs_cond_on_white": {
    "e2e4": {
      "fen_after_white": "rnbqkbnr/pppppppp/8/8/4P3/8/PPPP1PPP/RNBQKBNR b KQkq - 0 1",
      "black_reply_probs": {
        "c7c5": 0.2027253955602646,
        "e7e5": 0.5613358020782471,
        "e7e6": 0.0014028444420546293,
        "c7c6": 0.0009373555658385158,
        "d7d5": 0.04949896037578583,
        "g8f6": 0.17608585953712463,
        "g7g6": 0.003090992569923401,
        "d7d6": 0.00037831434747204185
      },
      "other_mass": 0.004544475523289293
    },
    "d2d4": {
      "fen_after_white": "rnbqkbnr/pppppppp/8/8/3P4/8/PPP1PPPP/RNBQKBNR b KQkq - 0 1",
      "black_reply_probs": {
        "c7c5": 0.002132466295734048,
        "e7e5": 0.004820816684514284,
        "e7e6": 0.00017588617629371583,
        "c7c6": 9.793476237973664e-06,
        "d7d5": 0.015175718814134598,
        "g8f6": 0.9761406183242798,
        "g7g6": 0.0011899289675056934,
        "d7d6": 1.0579592526482884e-05
      },
      "other_mass": 0.0003441916687734192
    },
    "c2c4": {
      "fen_after_white": "rnbqkbnr/pppppppp/8/8/2P5/8/PP1PPPPP/RNBQKBNR b KQkq - 0 1",
      "black_reply_probs": {
        "c7c5": 0.015498772263526917,
        "e7e5": 0.42587417364120483,
        "e7e6": 0.00020575032976921648,
        "c7c6": 5.11952348460909e-05,
        "d7d5": 0.00665127020329237,
        "g8f6": 0.5487955212593079,
        "g7g6": 0.001490873983129859,
        "d7d6": 7.256933895405382e-05
      },
      "other_mass": 0.0013598737459687982
    },
    "g1f3": {
      "fen_after_white": "rnbqkbnr/pppppppp/8/8/8/5N2/PPPPPPPP/RNBQKB1R b KQkq - 1 1",
      "black_reply_probs": {
        "c7c5": 0.016182947903871536,
        "e7e5": 0.026173796504735947,
        "e7e6": 4.3666943383868784e-05,
        "c7c6": 8.366959264094476e-06,
        "d7d5": 0.033991266041994095,
        "g8f6": 0.9216010570526123,
        "g7g6": 0.0010500035714358091,
        "d7d6": 1.4919900422682986e-05
      },
      "other_mass": 0.0009339751222796622
    },
    "g2g3": {
      "fen_after_white": "rnbqkbnr/pppppppp/8/8/8/6P1/PPPPPP1P/RNBQKBNR b KQkq - 0 1",
      "black_reply_probs": {
        "c7c5": 0.021829016506671906,
        "e7e5": 0.4711928069591522,
        "e7e6": 0.00018276923219673336,
        "c7c6": 8.799657371127978e-05,
        "d7d5": 0.13677255809307098,
        "g8f6": 0.367123544216156,
        "g7g6": 0.0008797865593805909,
        "d7d6": 6.997650052653626e-05
      },
      "other_mass": 0.0018615453591337427
    },
    "b2b3": {
      "fen_after_white": "rnbqkbnr/pppppppp/8/8/8/1P6/P1PPPPPP/RNBQKBNR b KQkq - 0 1",
      "black_reply_probs": {
        "c7c5": 0.007797440979629755,
        "e7e5": 0.6668824553489685,
        "e7e6": 0.0006928599905222654,
        "c7c6": 4.934659227728844e-05,
        "d7d5": 0.10454892367124557,
        "g8f6": 0.21453969180583954,
        "g7g6": 0.0033997606951743364,
        "d7d6": 9.633265290176496e-05
      },
      "other_mass": 0.0019931882634409703
    },
    "f2f4": {
      "fen_after_white": "rnbqkbnr/pppppppp/8/8/5P2/8/PPPPP1PP/RNBQKBNR b KQkq - 0 1",
      "black_reply_probs": {
        "c7c5": 0.061838239431381226,
        "e7e5": 0.20445296168327332,
        "e7e6": 0.0018835861701518297,
        "c7c6": 0.00028929286054335535,
        "d7d5": 0.2299511581659317,
        "g8f6": 0.49307504296302795,
        "g7g6": 0.004350318107753992,
        "d7d6": 0.00048677518498152494
      },
      "other_mass": 0.003672625432955101
    },
    "b2b4": {
      "fen_after_white": "rnbqkbnr/pppppppp/8/8/1P6/8/P1PPPPPP/RNBQKBNR b KQkq - 0 1",
      "black_reply_probs": {
        "c7c5": 0.0015898165293037891,
        "e7e5": 0.7204955816268921,
        "e7e6": 0.00433031190186739,
        "c7c6": 0.00030783985857851803,
        "d7d5": 0.09460169076919556,
        "g8f6": 0.16782301664352417,
        "g7g6": 0.005938300397247076,
        "d7d6": 0.0005657168221659958
      },
      "other_mass": 0.004347725451225415
    },
    "a2a4": {
      "fen_after_white": "rnbqkbnr/pppppppp/8/8/P7/8/1PPPPPPP/RNBQKBNR b KQkq - 0 1",
      "black_reply_probs": {
        "c7c5": 0.008910738863050938,
        "e7e5": 0.4765806198120117,
        "e7e6": 0.0001388670934829861,
        "c7c6": 5.565407991525717e-05,
        "d7d5": 0.13066518306732178,
        "g8f6": 0.3819614350795746,
        "g7g6": 0.0004093384777661413,
        "d7d6": 0.0001099984219763428
      },
      "other_mass": 0.001168165104900254
    }
  },
  "meta": {
    "elo_self": 2800,
    "elo_oppo": 2800,
    "temperature": 1.0,
    "maia_type": "blitz",
    "white_moves_probed": [
      "e2e4",
      "d2d4",
      "c2c4",
      "g1f3",
      "g2g3",
      "b2b3",
      "f2f4",
      "b2b4",
      "a2a4"
    ],
    "black_replies_probed": [
      "c7c5",
      "e7e5",
      "e7e6",
      "c7c6",
      "d7d5",
      "g8f6",
      "g7g6",
      "d7d6"
    ]
  }
}