loss,mean_logp_gap_policy_chosen_rejected,mean_logp_gap_base_chosen_rejected,mean_gap_improvement,top1_accuracy_on_chosen_policy,top1_accuracy_on_chosen_base,mean_p_chosen_policy,mean_p_chosen_base,mean_kl,mean_ent_pi,mean_ent_ref
1.6965781133073496,1.9871368119604844,1.862305135997327,0.1248316744681663,0.44629225739345946,0.4130316248311861,0.3289616329264355,0.31362040209276204,0.2011156263095992,1.5641732496679674,1.5045474811884674
