{"loss": 1.9845967204386172, "mean_logp_gap_policy_chosen_rejected": 2.270360085280407, "mean_logp_gap_base_chosen_rejected": 1.862305135997327, "mean_gap_improvement": 0.408054947414341, "top1_accuracy_on_chosen_policy": 0.4482006542425249, "top1_accuracy_on_chosen_base": 0.4130316248311861, "mean_p_chosen_policy": 0.3464200567523162, "mean_p_chosen_base": 0.31362040209276204, "mean_kl": 0.19311839331148625, "mean_ent_pi": 1.4198043273605463, "mean_ent_ref": 1.5045474811884674, "top1_precision": 0.44820065430752454, "top1_recall": 0.44820065430752454, "top1_f1": 0.44820065430752454, "top3_precision": 0.7535441657579062, "top3_recall": 0.7535441657579062, "top3_f1": 0.7535441657579062, "top5_precision": 0.8696837513631407, "top5_recall": 0.8696837513631407, "top5_f1": 0.8696837513631407, "top10_precision": 0.9629225736095965, "top10_recall": 0.9629225736095965, "top10_f1": 0.9629225736095965, "mean_logp_gap_policy_chosen_rejected_cond_on_not_in_top_ten": 1.3808403587808795, "mean_logp_gap_base_chosen_rejected_cond_on_not_in_top_ten": 1.3845151577120514, "mean_gap_improvement_cond_on_not_in_top_ten": -0.0036747989311716914, "top1_accuracy_on_chosen_policy_cond_on_not_in_top_ten": 0.19607843137254902, "top1_accuracy_on_chosen_base_cond_on_not_in_top_ten": 0.1830065359477124, "mean_p_chosen_policy_cond_on_not_in_top_ten": 0.17146989602779703, "mean_p_chosen_base_cond_on_not_in_top_ten": 0.17126650386546993, "mean_kl_cond_on_not_in_top_ten": 0.05872483718440277, "mean_ent_pi_cond_on_not_in_top_ten": 1.8627446811962751, "mean_ent_ref_cond_on_not_in_top_ten": 1.873818260197546, "top1_precision_cond_on_not_in_top_ten": 0.19607843137254902, "top1_recall_cond_on_not_in_top_ten": 0.19607843137254902, "top1_f1_cond_on_not_in_top_ten": 0.19607843137254904, "top3_precision_cond_on_not_in_top_ten": 0.5294117647058824, "top3_recall_cond_on_not_in_top_ten": 0.5294117647058824, "top3_f1_cond_on_not_in_top_ten": 0.5294117647058824, "top5_precision_cond_on_not_in_top_ten": 0.6993464052287581, "top5_recall_cond_on_not_in_top_ten": 0.6993464052287581, "top5_f1_cond_on_not_in_top_ten": 0.6993464052287581, "top10_precision_cond_on_not_in_top_ten": 0.8431372549019608, "top10_recall_cond_on_not_in_top_ten": 0.8431372549019608, "top10_f1_cond_on_not_in_top_ten": 0.8431372549019609, "mean_logp_gap_policy_chosen_rejected_cond_on_in_top_ten": 2.309078862733217, "mean_logp_gap_base_chosen_rejected_cond_on_in_top_ten": 1.883102253490627, "mean_gap_improvement_cond_on_in_top_ten": 0.42597660966652046, "top1_accuracy_on_chosen_policy_cond_on_in_top_ten": 0.45917496443812233, "top1_accuracy_on_chosen_base_cond_on_in_top_ten": 0.42304409672830723, "mean_p_chosen_policy_cond_on_in_top_ten": 0.35403524318349255, "mean_p_chosen_base_cond_on_in_top_ten": 0.3198167474759876, "mean_kl_cond_on_in_top_ten": 0.1989682405422554, "mean_ent_pi_cond_on_in_top_ten": 1.400524125949799, "mean_ent_ref_cond_on_in_top_ten": 1.4884739570566061, "top1_precision_cond_on_in_top_ten": 0.45917496443812233, "top1_recall_cond_on_in_top_ten": 0.45917496443812233, "top1_f1_cond_on_in_top_ten": 0.45917496443812233, "top3_precision_cond_on_in_top_ten": 0.7633001422475106, "top3_recall_cond_on_in_top_ten": 0.7633001422475106, "top3_f1_cond_on_in_top_ten": 0.7633001422475106, "top5_precision_cond_on_in_top_ten": 0.8770981507823613, "top5_recall_cond_on_in_top_ten": 0.8770981507823613, "top5_f1_cond_on_in_top_ten": 0.8770981507823612, "top10_precision_cond_on_in_top_ten": 0.9681365576102419, "top10_recall_cond_on_in_top_ten": 0.9681365576102419, "top10_f1_cond_on_in_top_ten": 0.9681365576102419}