{"loss": 0.6347388088898155, "mean_logp_gap_policy_chosen_rejected": 8.84665175326648, "mean_logp_gap_base_chosen_rejected": 1.862305135997327, "mean_gap_improvement": 6.984346688248729, "top1_accuracy_on_chosen_policy": 0.338604144012655, "top1_accuracy_on_chosen_base": 0.4130316248311861, "mean_p_chosen_policy": 0.3332596234692872, "mean_p_chosen_base": 0.31362040209276204, "mean_kl": 1.0985816126951344, "mean_ent_pi": 0.3333516111485701, "mean_ent_ref": 1.5045474811884674, "top1_precision": 0.3386041439476554, "top1_recall": 0.3386041439476554, "top1_f1": 0.3386041439476554, "top3_precision": 0.6297709923664122, "top3_recall": 0.6297709923664122, "top3_f1": 0.6297709923664122, "top5_precision": 0.7565430752453653, "top5_recall": 0.7565430752453653, "top5_f1": 0.7565430752453653, "top10_precision": 0.888495092693566, "top10_recall": 0.888495092693566, "top10_f1": 0.8884950926935661, "mean_logp_gap_policy_chosen_rejected_cond_on_not_in_top_ten": 7.167417949321223, "mean_logp_gap_base_chosen_rejected_cond_on_not_in_top_ten": 1.3845151577120514, "mean_gap_improvement_cond_on_not_in_top_ten": 5.7829028243332905, "top1_accuracy_on_chosen_policy_cond_on_not_in_top_ten": 0.1568627450980392, "top1_accuracy_on_chosen_base_cond_on_not_in_top_ten": 0.1830065359477124, "mean_p_chosen_policy_cond_on_not_in_top_ten": 0.1525599150860839, "mean_p_chosen_base_cond_on_not_in_top_ten": 0.17126650386546993, "mean_kl_cond_on_not_in_top_ten": 1.204337160669121, "mean_ent_pi_cond_on_not_in_top_ten": 0.39043759574532777, "mean_ent_ref_cond_on_not_in_top_ten": 1.873818260197546, "top1_precision_cond_on_not_in_top_ten": 0.1568627450980392, "top1_recall_cond_on_not_in_top_ten": 0.1568627450980392, "top1_f1_cond_on_not_in_top_ten": 0.1568627450980392, "top3_precision_cond_on_not_in_top_ten": 0.39869281045751637, "top3_recall_cond_on_not_in_top_ten": 0.39869281045751637, "top3_f1_cond_on_not_in_top_ten": 0.39869281045751637, "top5_precision_cond_on_not_in_top_ten": 0.5686274509803921, "top5_recall_cond_on_not_in_top_ten": 0.5686274509803921, "top5_f1_cond_on_not_in_top_ten": 0.5686274509803921, "top10_precision_cond_on_not_in_top_ten": 0.7712418300653595, "top10_recall_cond_on_not_in_top_ten": 0.7712418300653595, "top10_f1_cond_on_not_in_top_ten": 0.7712418300653595, "mean_logp_gap_policy_chosen_rejected_cond_on_in_top_ten": 8.919745048215006, "mean_logp_gap_base_chosen_rejected_cond_on_in_top_ten": 1.883102253490627, "mean_gap_improvement_cond_on_in_top_ten": 7.036642790942918, "top1_accuracy_on_chosen_policy_cond_on_in_top_ten": 0.3465149359886202, "top1_accuracy_on_chosen_base_cond_on_in_top_ten": 0.42304409672830723, "mean_p_chosen_policy_cond_on_in_top_ten": 0.3411250763654317, "mean_p_chosen_base_cond_on_in_top_ten": 0.3198167474759876, "mean_kl_cond_on_in_top_ten": 1.0939783188729193, "mean_ent_pi_cond_on_in_top_ten": 0.33086678900713634, "mean_ent_ref_cond_on_in_top_ten": 1.4884739570566061, "top1_precision_cond_on_in_top_ten": 0.3465149359886202, "top1_recall_cond_on_in_top_ten": 0.3465149359886202, "top1_f1_cond_on_in_top_ten": 0.3465149359886202, "top3_precision_cond_on_in_top_ten": 0.6398293029871978, "top3_recall_cond_on_in_top_ten": 0.6398293029871978, "top3_f1_cond_on_in_top_ten": 0.6398293029871978, "top5_precision_cond_on_in_top_ten": 0.7647226173541963, "top5_recall_cond_on_in_top_ten": 0.7647226173541963, "top5_f1_cond_on_in_top_ten": 0.7647226173541963, "top10_precision_cond_on_in_top_ten": 0.8935988620199147, "top10_recall_cond_on_in_top_ten": 0.8935988620199147, "top10_f1_cond_on_in_top_ten": 0.8935988620199148}