{"loss": 0.4981739626325984, "mean_logp_gap_policy_chosen_rejected": 3.670051449907775, "mean_logp_gap_base_chosen_rejected": 1.862305135997327, "mean_gap_improvement": 1.8077462941505658, "top1_accuracy_on_chosen_policy": 0.4187568157358804, "top1_accuracy_on_chosen_base": 0.4130316248311861, "mean_p_chosen_policy": 0.3780318172963391, "mean_p_chosen_base": 0.31362040209276204, "mean_kl": 0.2395060005208788, "mean_ent_pi": 0.8844597766677582, "mean_ent_ref": 1.5045474811884674, "top1_precision": 0.4187568157033806, "top1_recall": 0.4187568157033806, "top1_f1": 0.4187568157033806, "top3_precision": 0.7284623773173392, "top3_recall": 0.7284623773173392, "top3_f1": 0.7284623773173392, "top5_precision": 0.8604143947655398, "top5_recall": 0.8604143947655398, "top5_f1": 0.8604143947655398, "top10_precision": 0.9580152671755725, "top10_recall": 0.9580152671755725, "top10_f1": 0.9580152671755725, "mean_logp_gap_policy_chosen_rejected_cond_on_not_in_top_ten": 2.5104236688489228, "mean_logp_gap_base_chosen_rejected_cond_on_not_in_top_ten": 1.3845151577120514, "mean_gap_improvement_cond_on_not_in_top_ten": 1.1259085095785801, "top1_accuracy_on_chosen_policy_cond_on_not_in_top_ten": 0.1830065359477124, "top1_accuracy_on_chosen_base_cond_on_not_in_top_ten": 0.1830065359477124, "mean_p_chosen_policy_cond_on_not_in_top_ten": 0.19556373441778335, "mean_p_chosen_base_cond_on_not_in_top_ten": 0.17126650386546993, "mean_kl_cond_on_not_in_top_ten": 0.2173669012811254, "mean_ent_pi_cond_on_not_in_top_ten": 1.1945617320868218, "mean_ent_ref_cond_on_not_in_top_ten": 1.873818260197546, "top1_precision_cond_on_not_in_top_ten": 0.1830065359477124, "top1_recall_cond_on_not_in_top_ten": 0.1830065359477124, "top1_f1_cond_on_not_in_top_ten": 0.1830065359477124, "top3_precision_cond_on_not_in_top_ten": 0.47058823529411764, "top3_recall_cond_on_not_in_top_ten": 0.47058823529411764, "top3_f1_cond_on_not_in_top_ten": 0.47058823529411764, "top5_precision_cond_on_not_in_top_ten": 0.6993464052287581, "top5_recall_cond_on_not_in_top_ten": 0.6993464052287581, "top5_f1_cond_on_not_in_top_ten": 0.6993464052287581, "top10_precision_cond_on_not_in_top_ten": 0.8627450980392157, "top10_recall_cond_on_not_in_top_ten": 0.8627450980392157, "top10_f1_cond_on_not_in_top_ten": 0.8627450980392158, "mean_logp_gap_policy_chosen_rejected_cond_on_in_top_ten": 3.720527402325341, "mean_logp_gap_base_chosen_rejected_cond_on_in_top_ten": 1.883102253490627, "mean_gap_improvement_cond_on_in_top_ten": 1.8374251505134793, "top1_accuracy_on_chosen_policy_cond_on_in_top_ten": 0.42901849217638693, "top1_accuracy_on_chosen_base_cond_on_in_top_ten": 0.42304409672830723, "mean_p_chosen_policy_cond_on_in_top_ten": 0.3859742384641305, "mean_p_chosen_base_cond_on_in_top_ten": 0.3198167474759876, "mean_kl_cond_on_in_top_ten": 0.2404696640633391, "mean_ent_pi_cond_on_in_top_ten": 0.8709617315587623, "mean_ent_ref_cond_on_in_top_ten": 1.4884739570566061, "top1_precision_cond_on_in_top_ten": 0.42901849217638693, "top1_recall_cond_on_in_top_ten": 0.42901849217638693, "top1_f1_cond_on_in_top_ten": 0.42901849217638693, "top3_precision_cond_on_in_top_ten": 0.7396870554765291, "top3_recall_cond_on_in_top_ten": 0.7396870554765291, "top3_f1_cond_on_in_top_ten": 0.7396870554765291, "top5_precision_cond_on_in_top_ten": 0.867425320056899, "top5_recall_cond_on_in_top_ten": 0.867425320056899, "top5_f1_cond_on_in_top_ten": 0.8674253200568991, "top10_precision_cond_on_in_top_ten": 0.9621621621621622, "top10_recall_cond_on_in_top_ten": 0.9621621621621622, "top10_f1_cond_on_in_top_ten": 0.9621621621621622}