{"loss": 1.8482887167707005, "mean_logp_gap_policy_chosen_rejected": 2.146081889988682, "mean_logp_gap_base_chosen_rejected": 1.862305135997327, "mean_gap_improvement": 0.28377676351379805, "top1_accuracy_on_chosen_policy": 0.45119956372998404, "top1_accuracy_on_chosen_base": 0.4130316248311861, "mean_p_chosen_policy": 0.3386293650323458, "mean_p_chosen_base": 0.31362040209276204, "mean_kl": 0.1943517458485998, "mean_ent_pi": 1.4868901064507705, "mean_ent_ref": 1.5045474811884674, "top1_precision": 0.45119956379498366, "top1_recall": 0.45119956379498366, "top1_f1": 0.45119956379498366, "top3_precision": 0.7557251908396947, "top3_recall": 0.7557251908396947, "top3_f1": 0.7557251908396947, "top5_precision": 0.8710468920392584, "top5_recall": 0.8710468920392584, "top5_f1": 0.8710468920392584, "top10_precision": 0.9629225736095965, "top10_recall": 0.9629225736095965, "top10_f1": 0.9629225736095965, "mean_logp_gap_policy_chosen_rejected_cond_on_not_in_top_ten": 1.2768770090115615, "mean_logp_gap_base_chosen_rejected_cond_on_not_in_top_ten": 1.3845151577120514, "mean_gap_improvement_cond_on_not_in_top_ten": -0.10763814870048971, "top1_accuracy_on_chosen_policy_cond_on_not_in_top_ten": 0.20261437908496732, "top1_accuracy_on_chosen_base_cond_on_not_in_top_ten": 0.1830065359477124, "mean_p_chosen_policy_cond_on_not_in_top_ten": 0.1667727976769218, "mean_p_chosen_base_cond_on_not_in_top_ten": 0.17126650386546993, "mean_kl_cond_on_not_in_top_ten": 0.06593675558071803, "mean_ent_pi_cond_on_not_in_top_ten": 1.9447906691264483, "mean_ent_ref_cond_on_not_in_top_ten": 1.873818260197546, "top1_precision_cond_on_not_in_top_ten": 0.20261437908496732, "top1_recall_cond_on_not_in_top_ten": 0.20261437908496732, "top1_f1_cond_on_not_in_top_ten": 0.20261437908496732, "top3_precision_cond_on_not_in_top_ten": 0.5163398692810458, "top3_recall_cond_on_not_in_top_ten": 0.5163398692810458, "top3_f1_cond_on_not_in_top_ten": 0.5163398692810458, "top5_precision_cond_on_not_in_top_ten": 0.6993464052287581, "top5_recall_cond_on_not_in_top_ten": 0.6993464052287581, "top5_f1_cond_on_not_in_top_ten": 0.6993464052287581, "top10_precision_cond_on_not_in_top_ten": 0.8431372549019608, "top10_recall_cond_on_not_in_top_ten": 0.8431372549019608, "top10_f1_cond_on_not_in_top_ten": 0.8431372549019609, "mean_logp_gap_policy_chosen_rejected_cond_on_in_top_ten": 2.1839164223304683, "mean_logp_gap_base_chosen_rejected_cond_on_in_top_ten": 1.883102253490627, "mean_gap_improvement_cond_on_in_top_ten": 0.3008141705694782, "top1_accuracy_on_chosen_policy_cond_on_in_top_ten": 0.4620199146514936, "top1_accuracy_on_chosen_base_cond_on_in_top_ten": 0.42304409672830723, "mean_p_chosen_policy_cond_on_in_top_ten": 0.3461098903028387, "mean_p_chosen_base_cond_on_in_top_ten": 0.3198167474759876, "mean_kl_cond_on_in_top_ten": 0.19994135799903934, "mean_ent_pi_cond_on_in_top_ten": 1.4669587077209951, "mean_ent_ref_cond_on_in_top_ten": 1.4884739570566061, "top1_precision_cond_on_in_top_ten": 0.4620199146514936, "top1_recall_cond_on_in_top_ten": 0.4620199146514936, "top1_f1_cond_on_in_top_ten": 0.4620199146514936, "top3_precision_cond_on_in_top_ten": 0.7661450924608819, "top3_recall_cond_on_in_top_ten": 0.7661450924608819, "top3_f1_cond_on_in_top_ten": 0.7661450924608819, "top5_precision_cond_on_in_top_ten": 0.8785206258890469, "top5_recall_cond_on_in_top_ten": 0.8785206258890469, "top5_f1_cond_on_in_top_ten": 0.8785206258890469, "top10_precision_cond_on_in_top_ten": 0.9681365576102419, "top10_recall_cond_on_in_top_ten": 0.9681365576102419, "top10_f1_cond_on_in_top_ten": 0.9681365576102419}