{"loss": 1.7748977815571891, "mean_logp_gap_policy_chosen_rejected": 2.0680429182759807, "mean_logp_gap_base_chosen_rejected": 1.862305135997327, "mean_gap_improvement": 0.20573777109872035, "top1_accuracy_on_chosen_policy": 0.4476553979720778, "top1_accuracy_on_chosen_base": 0.4130316248311861, "mean_p_chosen_policy": 0.334268505694172, "mean_p_chosen_base": 0.31362040209276204, "mean_kl": 0.20183812697278894, "mean_ent_pi": 1.5247597301799312, "mean_ent_ref": 1.5045474811884674, "top1_precision": 0.44765539803707743, "top1_recall": 0.44765539803707743, "top1_f1": 0.44765539803707743, "top3_precision": 0.754907306434024, "top3_recall": 0.754907306434024, "top3_f1": 0.754907306434024, "top5_precision": 0.8715921483097055, "top5_recall": 0.8715921483097055, "top5_f1": 0.8715921483097055, "top10_precision": 0.962649945474373, "top10_recall": 0.962649945474373, "top10_f1": 0.9626499454743729, "mean_logp_gap_policy_chosen_rejected_cond_on_not_in_top_ten": 1.231721220842374, "mean_logp_gap_base_chosen_rejected_cond_on_not_in_top_ten": 1.3845151577120514, "mean_gap_improvement_cond_on_not_in_top_ten": -0.15279393686967738, "top1_accuracy_on_chosen_policy_cond_on_not_in_top_ten": 0.20915032679738563, "top1_accuracy_on_chosen_base_cond_on_not_in_top_ten": 0.1830065359477124, "mean_p_chosen_policy_cond_on_not_in_top_ten": 0.16445618624048722, "mean_p_chosen_base_cond_on_not_in_top_ten": 0.17126650386546993, "mean_kl_cond_on_not_in_top_ten": 0.06904052800705864, "mean_ent_pi_cond_on_not_in_top_ten": 1.985282220482047, "mean_ent_ref_cond_on_not_in_top_ten": 1.873818260197546, "top1_precision_cond_on_not_in_top_ten": 0.20915032679738563, "top1_recall_cond_on_not_in_top_ten": 0.20915032679738563, "top1_f1_cond_on_not_in_top_ten": 0.20915032679738563, "top3_precision_cond_on_not_in_top_ten": 0.5228758169934641, "top3_recall_cond_on_not_in_top_ten": 0.5228758169934641, "top3_f1_cond_on_not_in_top_ten": 0.5228758169934641, "top5_precision_cond_on_not_in_top_ten": 0.6993464052287581, "top5_recall_cond_on_not_in_top_ten": 0.6993464052287581, "top5_f1_cond_on_not_in_top_ten": 0.6993464052287581, "top10_precision_cond_on_not_in_top_ten": 0.8431372549019608, "top10_recall_cond_on_not_in_top_ten": 0.8431372549019608, "top10_f1_cond_on_not_in_top_ten": 0.8431372549019609, "mean_logp_gap_policy_chosen_rejected_cond_on_in_top_ten": 2.104446100612114, "mean_logp_gap_base_chosen_rejected_cond_on_in_top_ten": 1.883102253490627, "mean_gap_improvement_cond_on_in_top_ten": 0.2213438482491424, "top1_accuracy_on_chosen_policy_cond_on_in_top_ten": 0.45803698435277385, "top1_accuracy_on_chosen_base_cond_on_in_top_ten": 0.42304409672830723, "mean_p_chosen_policy_cond_on_in_top_ten": 0.34166005393957183, "mean_p_chosen_base_cond_on_in_top_ten": 0.3198167474759876, "mean_kl_cond_on_in_top_ten": 0.20761850560940126, "mean_ent_pi_cond_on_in_top_ten": 1.5047142440185566, "mean_ent_ref_cond_on_in_top_ten": 1.4884739570566061, "top1_precision_cond_on_in_top_ten": 0.45803698435277385, "top1_recall_cond_on_in_top_ten": 0.45803698435277385, "top1_f1_cond_on_in_top_ten": 0.4580369843527739, "top3_precision_cond_on_in_top_ten": 0.7650071123755334, "top3_recall_cond_on_in_top_ten": 0.7650071123755334, "top3_f1_cond_on_in_top_ten": 0.7650071123755334, "top5_precision_cond_on_in_top_ten": 0.8790896159317212, "top5_recall_cond_on_in_top_ten": 0.8790896159317212, "top5_f1_cond_on_in_top_ten": 0.8790896159317211, "top10_precision_cond_on_in_top_ten": 0.9678520625889047, "top10_recall_cond_on_in_top_ten": 0.9678520625889047, "top10_f1_cond_on_in_top_ten": 0.9678520625889047}