{"loss": 1.8461687037052998, "mean_logp_gap_policy_chosen_rejected": 2.1399529214253734, "mean_logp_gap_base_chosen_rejected": 1.862305135997327, "mean_gap_improvement": 0.2776477744756114, "top1_accuracy_on_chosen_policy": 0.4509269355947605, "top1_accuracy_on_chosen_base": 0.4130316248311861, "mean_p_chosen_policy": 0.33852383081629595, "mean_p_chosen_base": 0.31362040209276204, "mean_kl": 0.2061103924686412, "mean_ent_pi": 1.486353567148373, "mean_ent_ref": 1.5045474811884674, "top1_precision": 0.4509269356597601, "top1_recall": 0.4509269356597601, "top1_f1": 0.45092693565976016, "top3_precision": 0.7570883315158125, "top3_recall": 0.7570883315158125, "top3_f1": 0.7570883315158125, "top5_precision": 0.8694111232279171, "top5_recall": 0.8694111232279171, "top5_f1": 0.8694111232279171, "top10_precision": 0.962649945474373, "top10_recall": 0.962649945474373, "top10_f1": 0.9626499454743729, "mean_logp_gap_policy_chosen_rejected_cond_on_not_in_top_ten": 1.2793979730481415, "mean_logp_gap_base_chosen_rejected_cond_on_not_in_top_ten": 1.3845151577120514, "mean_gap_improvement_cond_on_not_in_top_ten": -0.10511718466390971, "top1_accuracy_on_chosen_policy_cond_on_not_in_top_ten": 0.20261437908496732, "top1_accuracy_on_chosen_base_cond_on_not_in_top_ten": 0.1830065359477124, "mean_p_chosen_policy_cond_on_not_in_top_ten": 0.16643785054166194, "mean_p_chosen_base_cond_on_not_in_top_ten": 0.17126650386546993, "mean_kl_cond_on_not_in_top_ten": 0.06350984782577047, "mean_ent_pi_cond_on_not_in_top_ten": 1.942980074025447, "mean_ent_ref_cond_on_not_in_top_ten": 1.873818260197546, "top1_precision_cond_on_not_in_top_ten": 0.20261437908496732, "top1_recall_cond_on_not_in_top_ten": 0.20261437908496732, "top1_f1_cond_on_not_in_top_ten": 0.20261437908496732, "top3_precision_cond_on_not_in_top_ten": 0.5098039215686274, "top3_recall_cond_on_not_in_top_ten": 0.5098039215686274, "top3_f1_cond_on_not_in_top_ten": 0.5098039215686274, "top5_precision_cond_on_not_in_top_ten": 0.6993464052287581, "top5_recall_cond_on_not_in_top_ten": 0.6993464052287581, "top5_f1_cond_on_not_in_top_ten": 0.6993464052287581, "top10_precision_cond_on_not_in_top_ten": 0.8431372549019608, "top10_recall_cond_on_not_in_top_ten": 0.8431372549019608, "top10_f1_cond_on_not_in_top_ten": 0.8431372549019609, "mean_logp_gap_policy_chosen_rejected_cond_on_in_top_ten": 2.1774109238242016, "mean_logp_gap_base_chosen_rejected_cond_on_in_top_ten": 1.883102253490627, "mean_gap_improvement_cond_on_in_top_ten": 0.2943086710966498, "top1_accuracy_on_chosen_policy_cond_on_in_top_ten": 0.46173541963015646, "top1_accuracy_on_chosen_base_cond_on_in_top_ten": 0.42304409672830723, "mean_p_chosen_policy_cond_on_in_top_ten": 0.34601434142767673, "mean_p_chosen_base_cond_on_in_top_ten": 0.3198167474759876, "mean_kl_cond_on_in_top_ten": 0.21231747351967778, "mean_ent_pi_cond_on_in_top_ten": 1.466477652447322, "mean_ent_ref_cond_on_in_top_ten": 1.4884739570566061, "top1_precision_cond_on_in_top_ten": 0.46173541963015646, "top1_recall_cond_on_in_top_ten": 0.46173541963015646, "top1_f1_cond_on_in_top_ten": 0.46173541963015646, "top3_precision_cond_on_in_top_ten": 0.7678520625889047, "top3_recall_cond_on_in_top_ten": 0.7678520625889047, "top3_f1_cond_on_in_top_ten": 0.7678520625889047, "top5_precision_cond_on_in_top_ten": 0.8768136557610242, "top5_recall_cond_on_in_top_ten": 0.8768136557610242, "top5_f1_cond_on_in_top_ten": 0.8768136557610242, "top10_precision_cond_on_in_top_ten": 0.9678520625889047, "top10_recall_cond_on_in_top_ten": 0.9678520625889047, "top10_f1_cond_on_in_top_ten": 0.9678520625889047}