{"loss": 1.9792253846300598, "mean_logp_gap_policy_chosen_rejected": 2.250947450863496, "mean_logp_gap_base_chosen_rejected": 1.862305135997327, "mean_gap_improvement": 0.38864227788951433, "top1_accuracy_on_chosen_policy": 0.4465648854311836, "top1_accuracy_on_chosen_base": 0.4130316248311861, "mean_p_chosen_policy": 0.3451490204947855, "mean_p_chosen_base": 0.31362040209276204, "mean_kl": 0.18748308777922892, "mean_ent_pi": 1.4310669354290062, "mean_ent_ref": 1.5045474811884674, "top1_precision": 0.44656488549618323, "top1_recall": 0.44656488549618323, "top1_f1": 0.4465648854961832, "top3_precision": 0.7565430752453653, "top3_recall": 0.7565430752453653, "top3_f1": 0.7565430752453653, "top5_precision": 0.8694111232279171, "top5_recall": 0.8694111232279171, "top5_f1": 0.8694111232279171, "top10_precision": 0.9631952017448201, "top10_recall": 0.9631952017448201, "top10_f1": 0.96319520174482, "mean_logp_gap_policy_chosen_rejected_cond_on_not_in_top_ten": 1.3669457829076481, "mean_logp_gap_base_chosen_rejected_cond_on_not_in_top_ten": 1.3845151577120514, "mean_gap_improvement_cond_on_not_in_top_ten": -0.01756937480440327, "top1_accuracy_on_chosen_policy_cond_on_not_in_top_ten": 0.20261437908496732, "top1_accuracy_on_chosen_base_cond_on_not_in_top_ten": 0.1830065359477124, "mean_p_chosen_policy_cond_on_not_in_top_ten": 0.17061591136753954, "mean_p_chosen_base_cond_on_not_in_top_ten": 0.17126650386546993, "mean_kl_cond_on_not_in_top_ten": 0.05535991548931871, "mean_ent_pi_cond_on_not_in_top_ten": 1.8781094032954546, "mean_ent_ref_cond_on_not_in_top_ten": 1.873818260197546, "top1_precision_cond_on_not_in_top_ten": 0.20261437908496732, "top1_recall_cond_on_not_in_top_ten": 0.20261437908496732, "top1_f1_cond_on_not_in_top_ten": 0.20261437908496732, "top3_precision_cond_on_not_in_top_ten": 0.5294117647058824, "top3_recall_cond_on_not_in_top_ten": 0.5294117647058824, "top3_f1_cond_on_not_in_top_ten": 0.5294117647058824, "top5_precision_cond_on_not_in_top_ten": 0.7058823529411765, "top5_recall_cond_on_not_in_top_ten": 0.7058823529411765, "top5_f1_cond_on_not_in_top_ten": 0.7058823529411765, "top10_precision_cond_on_not_in_top_ten": 0.8431372549019608, "top10_recall_cond_on_not_in_top_ten": 0.8431372549019608, "top10_f1_cond_on_not_in_top_ten": 0.8431372549019609, "mean_logp_gap_policy_chosen_rejected_cond_on_in_top_ten": 2.289426012941309, "mean_logp_gap_base_chosen_rejected_cond_on_in_top_ten": 1.883102253490627, "mean_gap_improvement_cond_on_in_top_ten": 0.4063237598237408, "top1_accuracy_on_chosen_policy_cond_on_in_top_ten": 0.45718349928876245, "top1_accuracy_on_chosen_base_cond_on_in_top_ten": 0.42304409672830723, "mean_p_chosen_policy_cond_on_in_top_ten": 0.35274605151844585, "mean_p_chosen_base_cond_on_in_top_ten": 0.3198167474759876, "mean_kl_cond_on_in_top_ten": 0.19323410997612894, "mean_ent_pi_cond_on_in_top_ten": 1.4116081697360254, "mean_ent_ref_cond_on_in_top_ten": 1.4884739570566061, "top1_precision_cond_on_in_top_ten": 0.45718349928876245, "top1_recall_cond_on_in_top_ten": 0.45718349928876245, "top1_f1_cond_on_in_top_ten": 0.45718349928876245, "top3_precision_cond_on_in_top_ten": 0.766429587482219, "top3_recall_cond_on_in_top_ten": 0.766429587482219, "top3_f1_cond_on_in_top_ten": 0.766429587482219, "top5_precision_cond_on_in_top_ten": 0.876529160739687, "top5_recall_cond_on_in_top_ten": 0.876529160739687, "top5_f1_cond_on_in_top_ten": 0.876529160739687, "top10_precision_cond_on_in_top_ten": 0.968421052631579, "top10_recall_cond_on_in_top_ten": 0.968421052631579, "top10_f1_cond_on_in_top_ten": 0.9684210526315791}