{"loss": 1.8544413333630745, "mean_logp_gap_policy_chosen_rejected": 2.1268634433444737, "mean_logp_gap_base_chosen_rejected": 1.862305135997327, "mean_gap_improvement": 0.26455831552084813, "top1_accuracy_on_chosen_policy": 0.44383860407894804, "top1_accuracy_on_chosen_base": 0.4130316248311861, "mean_p_chosen_policy": 0.3386982720316821, "mean_p_chosen_base": 0.31362040209276204, "mean_kl": 0.19913849895139557, "mean_ent_pi": 1.4860218187454872, "mean_ent_ref": 1.5045474811884674, "top1_precision": 0.44383860414394766, "top1_recall": 0.44383860414394766, "top1_f1": 0.44383860414394766, "top3_precision": 0.7505452562704471, "top3_recall": 0.7505452562704471, "top3_f1": 0.7505452562704471, "top5_precision": 0.86886586695747, "top5_recall": 0.86886586695747, "top5_f1": 0.8688658669574699, "top10_precision": 0.9631952017448201, "top10_recall": 0.9631952017448201, "top10_f1": 0.96319520174482, "mean_logp_gap_policy_chosen_rejected_cond_on_not_in_top_ten": 1.271850032354492, "mean_logp_gap_base_chosen_rejected_cond_on_not_in_top_ten": 1.3845151577120514, "mean_gap_improvement_cond_on_not_in_top_ten": -0.1126651253575593, "top1_accuracy_on_chosen_policy_cond_on_not_in_top_ten": 0.19607843137254902, "top1_accuracy_on_chosen_base_cond_on_not_in_top_ten": 0.1830065359477124, "mean_p_chosen_policy_cond_on_not_in_top_ten": 0.1664129623582471, "mean_p_chosen_base_cond_on_not_in_top_ten": 0.17126650386546993, "mean_kl_cond_on_not_in_top_ten": 0.061804016787266616, "mean_ent_pi_cond_on_not_in_top_ten": 1.9478618194854338, "mean_ent_ref_cond_on_not_in_top_ten": 1.873818260197546, "top1_precision_cond_on_not_in_top_ten": 0.19607843137254902, "top1_recall_cond_on_not_in_top_ten": 0.19607843137254902, "top1_f1_cond_on_not_in_top_ten": 0.19607843137254904, "top3_precision_cond_on_not_in_top_ten": 0.5228758169934641, "top3_recall_cond_on_not_in_top_ten": 0.5228758169934641, "top3_f1_cond_on_not_in_top_ten": 0.5228758169934641, "top5_precision_cond_on_not_in_top_ten": 0.7124183006535948, "top5_recall_cond_on_not_in_top_ten": 0.7124183006535948, "top5_f1_cond_on_not_in_top_ten": 0.7124183006535948, "top10_precision_cond_on_not_in_top_ten": 0.8431372549019608, "top10_recall_cond_on_not_in_top_ten": 0.8431372549019608, "top10_f1_cond_on_not_in_top_ten": 0.8431372549019609, "mean_logp_gap_policy_chosen_rejected_cond_on_in_top_ten": 2.1640802505854015, "mean_logp_gap_base_chosen_rejected_cond_on_in_top_ten": 1.883102253490627, "mean_gap_improvement_cond_on_in_top_ten": 0.2809779985191812, "top1_accuracy_on_chosen_policy_cond_on_in_top_ten": 0.4546230440967283, "top1_accuracy_on_chosen_base_cond_on_in_top_ten": 0.42304409672830723, "mean_p_chosen_policy_cond_on_in_top_ten": 0.34619746367424264, "mean_p_chosen_base_cond_on_in_top_ten": 0.3198167474759876, "mean_kl_cond_on_in_top_ten": 0.20511635881382062, "mean_ent_pi_cond_on_in_top_ten": 1.4659189770008791, "mean_ent_ref_cond_on_in_top_ten": 1.4884739570566061, "top1_precision_cond_on_in_top_ten": 0.4546230440967283, "top1_recall_cond_on_in_top_ten": 0.4546230440967283, "top1_f1_cond_on_in_top_ten": 0.45462304409672827, "top3_precision_cond_on_in_top_ten": 0.7604551920341394, "top3_recall_cond_on_in_top_ten": 0.7604551920341394, "top3_f1_cond_on_in_top_ten": 0.7604551920341394, "top5_precision_cond_on_in_top_ten": 0.8756756756756757, "top5_recall_cond_on_in_top_ten": 0.8756756756756757, "top5_f1_cond_on_in_top_ten": 0.8756756756756757, "top10_precision_cond_on_in_top_ten": 0.968421052631579, "top10_recall_cond_on_in_top_ten": 0.968421052631579, "top10_f1_cond_on_in_top_ten": 0.9684210526315791}