{"loss": 1.7756822187221948, "mean_logp_gap_policy_chosen_rejected": 2.0603079949236487, "mean_logp_gap_base_chosen_rejected": 1.862305135997327, "mean_gap_improvement": 0.19800286935875955, "top1_accuracy_on_chosen_policy": 0.44738276983685427, "top1_accuracy_on_chosen_base": 0.4130316248311861, "mean_p_chosen_policy": 0.3333349874651419, "mean_p_chosen_base": 0.31362040209276204, "mean_kl": 0.19545911768026805, "mean_ent_pi": 1.5275894944254418, "mean_ent_ref": 1.5045474811884674, "top1_precision": 0.4473827699018539, "top1_recall": 0.4473827699018539, "top1_f1": 0.4473827699018539, "top3_precision": 0.7543620501635769, "top3_recall": 0.7543620501635769, "top3_f1": 0.7543620501635768, "top5_precision": 0.8691384950926936, "top5_recall": 0.8691384950926936, "top5_f1": 0.8691384950926937, "top10_precision": 0.9621046892039259, "top10_recall": 0.9621046892039259, "top10_f1": 0.9621046892039259, "mean_logp_gap_policy_chosen_rejected_cond_on_not_in_top_ten": 1.2150920123056648, "mean_logp_gap_base_chosen_rejected_cond_on_not_in_top_ten": 1.3845151577120514, "mean_gap_improvement_cond_on_not_in_top_ten": -0.16942314540638642, "top1_accuracy_on_chosen_policy_cond_on_not_in_top_ten": 0.20261437908496732, "top1_accuracy_on_chosen_base_cond_on_not_in_top_ten": 0.1830065359477124, "mean_p_chosen_policy_cond_on_not_in_top_ten": 0.16360368120432314, "mean_p_chosen_base_cond_on_not_in_top_ten": 0.17126650386546993, "mean_kl_cond_on_not_in_top_ten": 0.0693869440104155, "mean_ent_pi_cond_on_not_in_top_ten": 1.9924802347725512, "mean_ent_ref_cond_on_not_in_top_ten": 1.873818260197546, "top1_precision_cond_on_not_in_top_ten": 0.20261437908496732, "top1_recall_cond_on_not_in_top_ten": 0.20261437908496732, "top1_f1_cond_on_not_in_top_ten": 0.20261437908496732, "top3_precision_cond_on_not_in_top_ten": 0.5032679738562091, "top3_recall_cond_on_not_in_top_ten": 0.5032679738562091, "top3_f1_cond_on_not_in_top_ten": 0.5032679738562091, "top5_precision_cond_on_not_in_top_ten": 0.6928104575163399, "top5_recall_cond_on_not_in_top_ten": 0.6928104575163399, "top5_f1_cond_on_not_in_top_ten": 0.6928104575163399, "top10_precision_cond_on_not_in_top_ten": 0.8431372549019608, "top10_recall_cond_on_not_in_top_ten": 0.8431372549019608, "top10_f1_cond_on_not_in_top_ten": 0.8431372549019609, "mean_logp_gap_policy_chosen_rejected_cond_on_in_top_ten": 2.0970983470232354, "mean_logp_gap_base_chosen_rejected_cond_on_in_top_ten": 1.883102253490627, "mean_gap_improvement_cond_on_in_top_ten": 0.21399609321042112, "top1_accuracy_on_chosen_policy_cond_on_in_top_ten": 0.45803698435277385, "top1_accuracy_on_chosen_base_cond_on_in_top_ten": 0.42304409672830723, "mean_p_chosen_policy_cond_on_in_top_ten": 0.3407230079818093, "mean_p_chosen_base_cond_on_in_top_ten": 0.3198167474759876, "mean_kl_cond_on_in_top_ten": 0.20094675411827762, "mean_ent_pi_cond_on_in_top_ten": 1.5073538532149402, "mean_ent_ref_cond_on_in_top_ten": 1.4884739570566061, "top1_precision_cond_on_in_top_ten": 0.45803698435277385, "top1_recall_cond_on_in_top_ten": 0.45803698435277385, "top1_f1_cond_on_in_top_ten": 0.4580369843527739, "top3_precision_cond_on_in_top_ten": 0.7652916073968705, "top3_recall_cond_on_in_top_ten": 0.7652916073968705, "top3_f1_cond_on_in_top_ten": 0.7652916073968705, "top5_precision_cond_on_in_top_ten": 0.8768136557610242, "top5_recall_cond_on_in_top_ten": 0.8768136557610242, "top5_f1_cond_on_in_top_ten": 0.8768136557610242, "top10_precision_cond_on_in_top_ten": 0.9672830725462305, "top10_recall_cond_on_in_top_ten": 0.9672830725462305, "top10_f1_cond_on_in_top_ten": 0.9672830725462306}