{"loss": 1.8467241589349646, "mean_logp_gap_policy_chosen_rejected": 2.148335252749361, "mean_logp_gap_base_chosen_rejected": 1.862305135997327, "mean_gap_improvement": 0.28603010469460566, "top1_accuracy_on_chosen_policy": 0.4457470010255129, "top1_accuracy_on_chosen_base": 0.4130316248311861, "mean_p_chosen_policy": 0.3398869865398241, "mean_p_chosen_base": 0.31362040209276204, "mean_kl": 0.20421014801724008, "mean_ent_pi": 1.4783897485701833, "mean_ent_ref": 1.5045474811884674, "top1_precision": 0.4457470010905125, "top1_recall": 0.4457470010905125, "top1_f1": 0.4457470010905125, "top3_precision": 0.757360959651036, "top3_recall": 0.757360959651036, "top3_f1": 0.7573609596510359, "top5_precision": 0.8718647764449291, "top5_recall": 0.8718647764449291, "top5_f1": 0.8718647764449291, "top10_precision": 0.9623773173391494, "top10_recall": 0.9623773173391494, "top10_f1": 0.9623773173391494, "mean_logp_gap_policy_chosen_rejected_cond_on_not_in_top_ten": 1.3037914536357704, "mean_logp_gap_base_chosen_rejected_cond_on_not_in_top_ten": 1.3845151577120514, "mean_gap_improvement_cond_on_not_in_top_ten": -0.08072370407628078, "top1_accuracy_on_chosen_policy_cond_on_not_in_top_ten": 0.20915032679738563, "top1_accuracy_on_chosen_base_cond_on_not_in_top_ten": 0.1830065359477124, "mean_p_chosen_policy_cond_on_not_in_top_ten": 0.16816604087887077, "mean_p_chosen_base_cond_on_not_in_top_ten": 0.17126650386546993, "mean_kl_cond_on_not_in_top_ten": 0.06140304828866148, "mean_ent_pi_cond_on_not_in_top_ten": 1.9374461824597875, "mean_ent_ref_cond_on_not_in_top_ten": 1.873818260197546, "top1_precision_cond_on_not_in_top_ten": 0.20915032679738563, "top1_recall_cond_on_not_in_top_ten": 0.20915032679738563, "top1_f1_cond_on_not_in_top_ten": 0.20915032679738563, "top3_precision_cond_on_not_in_top_ten": 0.5228758169934641, "top3_recall_cond_on_not_in_top_ten": 0.5228758169934641, "top3_f1_cond_on_not_in_top_ten": 0.5228758169934641, "top5_precision_cond_on_not_in_top_ten": 0.7058823529411765, "top5_recall_cond_on_not_in_top_ten": 0.7058823529411765, "top5_f1_cond_on_not_in_top_ten": 0.7058823529411765, "top10_precision_cond_on_not_in_top_ten": 0.8431372549019608, "top10_recall_cond_on_not_in_top_ten": 0.8431372549019608, "top10_f1_cond_on_not_in_top_ten": 0.8431372549019609, "mean_logp_gap_policy_chosen_rejected_cond_on_in_top_ten": 2.1850963235071, "mean_logp_gap_base_chosen_rejected_cond_on_in_top_ten": 1.883102253490627, "mean_gap_improvement_cond_on_in_top_ten": 0.3019940711356498, "top1_accuracy_on_chosen_policy_cond_on_in_top_ten": 0.45604551920341396, "top1_accuracy_on_chosen_base_cond_on_in_top_ten": 0.42304409672830723, "mean_p_chosen_policy_cond_on_in_top_ten": 0.3473616121679233, "mean_p_chosen_base_cond_on_in_top_ten": 0.3198167474759876, "mean_kl_cond_on_in_top_ten": 0.21042621646945292, "mean_ent_pi_cond_on_in_top_ten": 1.4584080479029635, "mean_ent_ref_cond_on_in_top_ten": 1.4884739570566061, "top1_precision_cond_on_in_top_ten": 0.45604551920341396, "top1_recall_cond_on_in_top_ten": 0.45604551920341396, "top1_f1_cond_on_in_top_ten": 0.45604551920341396, "top3_precision_cond_on_in_top_ten": 0.7675675675675676, "top3_recall_cond_on_in_top_ten": 0.7675675675675676, "top3_f1_cond_on_in_top_ten": 0.7675675675675677, "top5_precision_cond_on_in_top_ten": 0.8790896159317212, "top5_recall_cond_on_in_top_ten": 0.8790896159317212, "top5_f1_cond_on_in_top_ten": 0.8790896159317211, "top10_precision_cond_on_in_top_ten": 0.9675675675675676, "top10_recall_cond_on_in_top_ten": 0.9675675675675676, "top10_f1_cond_on_in_top_ten": 0.9675675675675675}