loss,mean_logp_gap_policy_chosen_rejected,mean_logp_gap_base_chosen_rejected,mean_gap_improvement,top1_accuracy_on_chosen_policy,top1_accuracy_on_chosen_base,mean_p_chosen_policy,mean_p_chosen_base,mean_kl,mean_ent_pi,mean_ent_ref
1.7775680939529819,2.007796423515811,1.862305135997327,0.14549128098602254,0.4454743729877888,0.4130316248311861,0.32907411452858115,0.31362040209276204,0.16699726182475866,1.5430812877293112,1.5045474811884674
