loss,mean_logp_gap_policy_chosen_rejected,mean_logp_gap_base_chosen_rejected,mean_gap_improvement,top1_accuracy_on_chosen_policy,top1_accuracy_on_chosen_base,mean_p_chosen_policy,mean_p_chosen_base,mean_kl,mean_ent_pi,mean_ent_ref
1.9821096660006656,2.267960482101274,1.862305135997327,0.40565533705275086,0.4476553979720778,0.4130316248311861,0.34618473215477547,0.31362040209276204,0.1891740672655948,1.4195800127873894,1.5045474811884674
