{"loss": 1.7736449662835674, "mean_logp_gap_policy_chosen_rejected": 2.0582133007673558, "mean_logp_gap_base_chosen_rejected": 1.862305135997327, "mean_gap_improvement": 0.19590817391872406, "top1_accuracy_on_chosen_policy": 0.44683751356640716, "top1_accuracy_on_chosen_base": 0.4130316248311861, "mean_p_chosen_policy": 0.33354081237849126, "mean_p_chosen_base": 0.31362040209276204, "mean_kl": 0.19181946695923416, "mean_ent_pi": 1.5291092255383307, "mean_ent_ref": 1.5045474811884674, "top1_precision": 0.4468375136314068, "top1_recall": 0.4468375136314068, "top1_f1": 0.44683751363140684, "top3_precision": 0.7554525627044711, "top3_recall": 0.7554525627044711, "top3_f1": 0.7554525627044711, "top5_precision": 0.8702290076335878, "top5_recall": 0.8702290076335878, "top5_f1": 0.8702290076335878, "top10_precision": 0.9629225736095965, "top10_recall": 0.9629225736095965, "top10_f1": 0.9629225736095965, "mean_logp_gap_policy_chosen_rejected_cond_on_not_in_top_ten": 1.2249343769223082, "mean_logp_gap_base_chosen_rejected_cond_on_not_in_top_ten": 1.3845151577120514, "mean_gap_improvement_cond_on_not_in_top_ten": -0.15958078078974305, "top1_accuracy_on_chosen_policy_cond_on_not_in_top_ten": 0.20261437908496732, "top1_accuracy_on_chosen_base_cond_on_not_in_top_ten": 0.1830065359477124, "mean_p_chosen_policy_cond_on_not_in_top_ten": 0.16354752084836852, "mean_p_chosen_base_cond_on_not_in_top_ten": 0.17126650386546993, "mean_kl_cond_on_not_in_top_ten": 0.06668786334446053, "mean_ent_pi_cond_on_not_in_top_ten": 1.9929965231932847, "mean_ent_ref_cond_on_not_in_top_ten": 1.873818260197546, "top1_precision_cond_on_not_in_top_ten": 0.20261437908496732, "top1_recall_cond_on_not_in_top_ten": 0.20261437908496732, "top1_f1_cond_on_not_in_top_ten": 0.20261437908496732, "top3_precision_cond_on_not_in_top_ten": 0.49673202614379086, "top3_recall_cond_on_not_in_top_ten": 0.49673202614379086, "top3_f1_cond_on_not_in_top_ten": 0.49673202614379086, "top5_precision_cond_on_not_in_top_ten": 0.7058823529411765, "top5_recall_cond_on_not_in_top_ten": 0.7058823529411765, "top5_f1_cond_on_not_in_top_ten": 0.7058823529411765, "top10_precision_cond_on_not_in_top_ten": 0.8431372549019608, "top10_recall_cond_on_not_in_top_ten": 0.8431372549019608, "top10_f1_cond_on_not_in_top_ten": 0.8431372549019609, "mean_logp_gap_policy_chosen_rejected_cond_on_in_top_ten": 2.094484057424757, "mean_logp_gap_base_chosen_rejected_cond_on_in_top_ten": 1.883102253490627, "mean_gap_improvement_cond_on_in_top_ten": 0.21138180522287892, "top1_accuracy_on_chosen_policy_cond_on_in_top_ten": 0.45746799431009955, "top1_accuracy_on_chosen_base_cond_on_in_top_ten": 0.42304409672830723, "mean_p_chosen_policy_cond_on_in_top_ten": 0.3409402281724037, "mean_p_chosen_base_cond_on_in_top_ten": 0.3198167474759876, "mean_kl_cond_on_in_top_ten": 0.19726616566542704, "mean_ent_pi_cond_on_in_top_ten": 1.508917266248088, "mean_ent_ref_cond_on_in_top_ten": 1.4884739570566061, "top1_precision_cond_on_in_top_ten": 0.45746799431009955, "top1_recall_cond_on_in_top_ten": 0.45746799431009955, "top1_f1_cond_on_in_top_ten": 0.45746799431009955, "top3_precision_cond_on_in_top_ten": 0.7667140825035562, "top3_recall_cond_on_in_top_ten": 0.7667140825035562, "top3_f1_cond_on_in_top_ten": 0.7667140825035562, "top5_precision_cond_on_in_top_ten": 0.8773826458036984, "top5_recall_cond_on_in_top_ten": 0.8773826458036984, "top5_f1_cond_on_in_top_ten": 0.8773826458036985, "top10_precision_cond_on_in_top_ten": 0.9681365576102419, "top10_recall_cond_on_in_top_ten": 0.9681365576102419, "top10_f1_cond_on_in_top_ten": 0.9681365576102419}