{"loss": 1.7775680939529819, "mean_logp_gap_policy_chosen_rejected": 2.007796423515811, "mean_logp_gap_base_chosen_rejected": 1.862305135997327, "mean_gap_improvement": 0.14549128098602254, "top1_accuracy_on_chosen_policy": 0.4454743729877888, "top1_accuracy_on_chosen_base": 0.4130316248311861, "mean_p_chosen_policy": 0.32907411452858115, "mean_p_chosen_base": 0.31362040209276204, "mean_kl": 0.16699726182475866, "mean_ent_pi": 1.5430812877293112, "mean_ent_ref": 1.5045474811884674, "top1_precision": 0.44547437295528897, "top1_recall": 0.44547437295528897, "top1_f1": 0.44547437295528897, "top3_precision": 0.7532715376226826, "top3_recall": 0.7532715376226826, "top3_f1": 0.7532715376226826, "top5_precision": 0.8694111232279171, "top5_recall": 0.8694111232279171, "top5_f1": 0.8694111232279171, "top10_precision": 0.9629225736095965, "top10_recall": 0.9629225736095965, "top10_f1": 0.9629225736095965, "mean_logp_gap_policy_chosen_rejected_cond_on_not_in_top_ten": 1.2279217757430732, "mean_logp_gap_base_chosen_rejected_cond_on_not_in_top_ten": 1.3845151577120514, "mean_gap_improvement_cond_on_not_in_top_ten": -0.15659338196897818, "top1_accuracy_on_chosen_policy_cond_on_not_in_top_ten": 0.19607843137254902, "top1_accuracy_on_chosen_base_cond_on_not_in_top_ten": 0.1830065359477124, "mean_p_chosen_policy_cond_on_not_in_top_ten": 0.16462081488491237, "mean_p_chosen_base_cond_on_not_in_top_ten": 0.17126650386546993, "mean_kl_cond_on_not_in_top_ten": 0.05237731059063591, "mean_ent_pi_cond_on_not_in_top_ten": 1.989651952693665, "mean_ent_ref_cond_on_not_in_top_ten": 1.873818260197546, "top1_precision_cond_on_not_in_top_ten": 0.19607843137254902, "top1_recall_cond_on_not_in_top_ten": 0.19607843137254902, "top1_f1_cond_on_not_in_top_ten": 0.19607843137254904, "top3_precision_cond_on_not_in_top_ten": 0.5294117647058824, "top3_recall_cond_on_not_in_top_ten": 0.5294117647058824, "top3_f1_cond_on_not_in_top_ten": 0.5294117647058824, "top5_precision_cond_on_not_in_top_ten": 0.6993464052287581, "top5_recall_cond_on_not_in_top_ten": 0.6993464052287581, "top5_f1_cond_on_not_in_top_ten": 0.6993464052287581, "top10_precision_cond_on_not_in_top_ten": 0.8366013071895425, "top10_recall_cond_on_not_in_top_ten": 0.8366013071895425, "top10_f1_cond_on_not_in_top_ten": 0.8366013071895425, "mean_logp_gap_policy_chosen_rejected_cond_on_in_top_ten": 2.041742594694854, "mean_logp_gap_base_chosen_rejected_cond_on_in_top_ten": 1.883102253490627, "mean_gap_improvement_cond_on_in_top_ten": 0.15864034164511462, "top1_accuracy_on_chosen_policy_cond_on_in_top_ten": 0.45633001422475106, "top1_accuracy_on_chosen_base_cond_on_in_top_ten": 0.42304409672830723, "mean_p_chosen_policy_cond_on_in_top_ten": 0.3362323929528349, "mean_p_chosen_base_cond_on_in_top_ten": 0.3198167474759876, "mean_kl_cond_on_in_top_ten": 0.17198640962289075, "mean_ent_pi_cond_on_in_top_ten": 1.523643092240391, "mean_ent_ref_cond_on_in_top_ten": 1.4884739570566061, "top1_precision_cond_on_in_top_ten": 0.45633001422475106, "top1_recall_cond_on_in_top_ten": 0.45633001422475106, "top1_f1_cond_on_in_top_ten": 0.45633001422475106, "top3_precision_cond_on_in_top_ten": 0.7630156472261735, "top3_recall_cond_on_in_top_ten": 0.7630156472261735, "top3_f1_cond_on_in_top_ten": 0.7630156472261734, "top5_precision_cond_on_in_top_ten": 0.8768136557610242, "top5_recall_cond_on_in_top_ten": 0.8768136557610242, "top5_f1_cond_on_in_top_ten": 0.8768136557610242, "top10_precision_cond_on_in_top_ten": 0.968421052631579, "top10_recall_cond_on_in_top_ten": 0.968421052631579, "top10_f1_cond_on_in_top_ten": 0.9684210526315791}