{"loss": 0.5042473951368841, "mean_logp_gap_policy_chosen_rejected": 4.142968602892877, "mean_logp_gap_base_chosen_rejected": 1.862305135997327, "mean_gap_improvement": 2.280663494195387, "top1_accuracy_on_chosen_policy": 0.4201199564119982, "top1_accuracy_on_chosen_base": 0.4130316248311861, "mean_p_chosen_policy": 0.38402287501155224, "mean_p_chosen_base": 0.31362040209276204, "mean_kl": 0.3111288504778624, "mean_ent_pi": 0.7928409384017162, "mean_ent_ref": 1.5045474811884674, "top1_precision": 0.42011995637949834, "top1_recall": 0.42011995637949834, "top1_f1": 0.42011995637949834, "top3_precision": 0.7241003271537623, "top3_recall": 0.7241003271537623, "top3_f1": 0.7241003271537623, "top5_precision": 0.8544165757906216, "top5_recall": 0.8544165757906216, "top5_f1": 0.8544165757906217, "top10_precision": 0.9539258451472192, "top10_recall": 0.9539258451472192, "top10_f1": 0.9539258451472191, "mean_logp_gap_policy_chosen_rejected_cond_on_not_in_top_ten": 2.873338028106814, "mean_logp_gap_base_chosen_rejected_cond_on_not_in_top_ten": 1.3845151577120514, "mean_gap_improvement_cond_on_not_in_top_ten": 1.4888228664990344, "top1_accuracy_on_chosen_policy_cond_on_not_in_top_ten": 0.1830065359477124, "top1_accuracy_on_chosen_base_cond_on_not_in_top_ten": 0.1830065359477124, "mean_p_chosen_policy_cond_on_not_in_top_ten": 0.19598015705912622, "mean_p_chosen_base_cond_on_not_in_top_ten": 0.17126650386546993, "mean_kl_cond_on_not_in_top_ten": 0.29436587603166214, "mean_ent_pi_cond_on_not_in_top_ten": 1.0685677138047622, "mean_ent_ref_cond_on_not_in_top_ten": 1.873818260197546, "top1_precision_cond_on_not_in_top_ten": 0.1830065359477124, "top1_recall_cond_on_not_in_top_ten": 0.1830065359477124, "top1_f1_cond_on_not_in_top_ten": 0.1830065359477124, "top3_precision_cond_on_not_in_top_ten": 0.46405228758169936, "top3_recall_cond_on_not_in_top_ten": 0.46405228758169936, "top3_f1_cond_on_not_in_top_ten": 0.4640522875816994, "top5_precision_cond_on_not_in_top_ten": 0.6666666666666666, "top5_recall_cond_on_not_in_top_ten": 0.6666666666666666, "top5_f1_cond_on_not_in_top_ten": 0.6666666666666666, "top10_precision_cond_on_not_in_top_ten": 0.869281045751634, "top10_recall_cond_on_not_in_top_ten": 0.869281045751634, "top10_f1_cond_on_not_in_top_ten": 0.869281045751634, "mean_logp_gap_policy_chosen_rejected_cond_on_in_top_ten": 4.1982327536024036, "mean_logp_gap_base_chosen_rejected_cond_on_in_top_ten": 1.883102253490627, "mean_gap_improvement_cond_on_in_top_ten": 2.3151305007222365, "top1_accuracy_on_chosen_policy_cond_on_in_top_ten": 0.4304409672830726, "top1_accuracy_on_chosen_base_cond_on_in_top_ten": 0.42304409672830723, "mean_p_chosen_policy_cond_on_in_top_ten": 0.3922079482915189, "mean_p_chosen_base_cond_on_in_top_ten": 0.3198167474759876, "mean_kl_cond_on_in_top_ten": 0.31185850307847485, "mean_ent_pi_cond_on_in_top_ten": 0.7808391752756002, "mean_ent_ref_cond_on_in_top_ten": 1.4884739570566061, "top1_precision_cond_on_in_top_ten": 0.4304409672830726, "top1_recall_cond_on_in_top_ten": 0.4304409672830726, "top1_f1_cond_on_in_top_ten": 0.4304409672830726, "top3_precision_cond_on_in_top_ten": 0.7354196301564723, "top3_recall_cond_on_in_top_ten": 0.7354196301564723, "top3_f1_cond_on_in_top_ten": 0.7354196301564723, "top5_precision_cond_on_in_top_ten": 0.8625889046941678, "top5_recall_cond_on_in_top_ten": 0.8625889046941678, "top5_f1_cond_on_in_top_ten": 0.8625889046941679, "top10_precision_cond_on_in_top_ten": 0.9576102418207681, "top10_recall_cond_on_in_top_ten": 0.9576102418207681, "top10_f1_cond_on_in_top_ten": 0.9576102418207681}