{"loss": 1.9929896565794034, "mean_logp_gap_policy_chosen_rejected": 2.253166959745933, "mean_logp_gap_base_chosen_rejected": 1.862305135997327, "mean_gap_improvement": 0.39086183731727536, "top1_accuracy_on_chosen_policy": 0.4471101417016307, "top1_accuracy_on_chosen_base": 0.4130316248311861, "mean_p_chosen_policy": 0.3454618562203847, "mean_p_chosen_base": 0.31362040209276204, "mean_kl": 0.19575566950791404, "mean_ent_pi": 1.4220470747744893, "mean_ent_ref": 1.5045474811884674, "top1_precision": 0.44711014176663033, "top1_recall": 0.44711014176663033, "top1_f1": 0.4471101417666304, "top3_precision": 0.7546346782988005, "top3_recall": 0.7546346782988005, "top3_f1": 0.7546346782988004, "top5_precision": 0.8691384950926936, "top5_recall": 0.8691384950926936, "top5_f1": 0.8691384950926937, "top10_precision": 0.9618320610687023, "top10_recall": 0.9618320610687023, "top10_f1": 0.9618320610687024, "mean_logp_gap_policy_chosen_rejected_cond_on_not_in_top_ten": 1.356891103429732, "mean_logp_gap_base_chosen_rejected_cond_on_not_in_top_ten": 1.3845151577120514, "mean_gap_improvement_cond_on_not_in_top_ten": -0.027624054282319312, "top1_accuracy_on_chosen_policy_cond_on_not_in_top_ten": 0.1895424836601307, "top1_accuracy_on_chosen_base_cond_on_not_in_top_ten": 0.1830065359477124, "mean_p_chosen_policy_cond_on_not_in_top_ten": 0.1700078418179342, "mean_p_chosen_base_cond_on_not_in_top_ten": 0.17126650386546993, "mean_kl_cond_on_not_in_top_ten": 0.06006115900194333, "mean_ent_pi_cond_on_not_in_top_ten": 1.8653218761768215, "mean_ent_ref_cond_on_not_in_top_ten": 1.873818260197546, "top1_precision_cond_on_not_in_top_ten": 0.1895424836601307, "top1_recall_cond_on_not_in_top_ten": 0.1895424836601307, "top1_f1_cond_on_not_in_top_ten": 0.1895424836601307, "top3_precision_cond_on_not_in_top_ten": 0.5163398692810458, "top3_recall_cond_on_not_in_top_ten": 0.5163398692810458, "top3_f1_cond_on_not_in_top_ten": 0.5163398692810458, "top5_precision_cond_on_not_in_top_ten": 0.6928104575163399, "top5_recall_cond_on_not_in_top_ten": 0.6928104575163399, "top5_f1_cond_on_not_in_top_ten": 0.6928104575163399, "top10_precision_cond_on_not_in_top_ten": 0.8431372549019608, "top10_recall_cond_on_not_in_top_ten": 0.8431372549019608, "top10_f1_cond_on_not_in_top_ten": 0.8431372549019609, "mean_logp_gap_policy_chosen_rejected_cond_on_in_top_ten": 2.292179839285475, "mean_logp_gap_base_chosen_rejected_cond_on_in_top_ten": 1.883102253490627, "mean_gap_improvement_cond_on_in_top_ten": 0.40907758543874595, "top1_accuracy_on_chosen_policy_cond_on_in_top_ten": 0.45832147937411094, "top1_accuracy_on_chosen_base_cond_on_in_top_ten": 0.42304409672830723, "mean_p_chosen_policy_cond_on_in_top_ten": 0.3530989748340499, "mean_p_chosen_base_cond_on_in_top_ten": 0.3198167474759876, "mean_kl_cond_on_in_top_ten": 0.20166214367654306, "mean_ent_pi_cond_on_in_top_ten": 1.4027523275941696, "mean_ent_ref_cond_on_in_top_ten": 1.4884739570566061, "top1_precision_cond_on_in_top_ten": 0.45832147937411094, "top1_recall_cond_on_in_top_ten": 0.45832147937411094, "top1_f1_cond_on_in_top_ten": 0.45832147937411094, "top3_precision_cond_on_in_top_ten": 0.7650071123755334, "top3_recall_cond_on_in_top_ten": 0.7650071123755334, "top3_f1_cond_on_in_top_ten": 0.7650071123755334, "top5_precision_cond_on_in_top_ten": 0.8768136557610242, "top5_recall_cond_on_in_top_ten": 0.8768136557610242, "top5_f1_cond_on_in_top_ten": 0.8768136557610242, "top10_precision_cond_on_in_top_ten": 0.9669985775248933, "top10_recall_cond_on_in_top_ten": 0.9669985775248933, "top10_f1_cond_on_in_top_ten": 0.9669985775248933}