loss,mean_logp_gap_policy_chosen_rejected,mean_logp_gap_base_chosen_rejected,mean_gap_improvement,top1_accuracy_on_chosen_policy,top1_accuracy_on_chosen_base,mean_p_chosen_policy,mean_p_chosen_base,mean_kl,mean_ent_pi,mean_ent_ref
0.502372304056827,1.7594532923714026,1.862305135997327,-0.10285183611846932,0.43675027266063504,0.4130316248311861,0.2967733580907533,0.31362040209276204,0.18160741597479016,1.7246743518627587,1.5045474811884674
