loss,mean_logp_gap_policy_chosen_rejected,mean_logp_gap_base_chosen_rejected,mean_gap_improvement,top1_accuracy_on_chosen_policy,top1_accuracy_on_chosen_base,mean_p_chosen_policy,mean_p_chosen_base,mean_kl,mean_ent_pi,mean_ent_ref
0.5042473951368841,4.142968602892877,1.862305135997327,2.280663494195387,0.4201199564119982,0.4130316248311861,0.38402287501155224,0.31362040209276204,0.3111288504778624,0.7928409384017162,1.5045474811884674
