{"loss": 1.7746834348046272, "mean_logp_gap_policy_chosen_rejected": 1.9989325712915336, "mean_logp_gap_base_chosen_rejected": 1.862305135997327, "mean_gap_improvement": 0.13662744624664117, "top1_accuracy_on_chosen_policy": 0.4419302072298826, "top1_accuracy_on_chosen_base": 0.4130316248311861, "mean_p_chosen_policy": 0.3291002866551036, "mean_p_chosen_base": 0.31362040209276204, "mean_kl": 0.157585488484041, "mean_ent_pi": 1.5473193073220706, "mean_ent_ref": 1.5045474811884674, "top1_precision": 0.4419302071973828, "top1_recall": 0.4419302071973828, "top1_f1": 0.44193020719738285, "top3_precision": 0.7551799345692476, "top3_recall": 0.7551799345692476, "top3_f1": 0.7551799345692476, "top5_precision": 0.8696837513631407, "top5_recall": 0.8696837513631407, "top5_f1": 0.8696837513631407, "top10_precision": 0.962649945474373, "top10_recall": 0.962649945474373, "top10_f1": 0.9626499454743729, "mean_logp_gap_policy_chosen_rejected_cond_on_not_in_top_ten": 1.219451651074528, "mean_logp_gap_base_chosen_rejected_cond_on_not_in_top_ten": 1.3845151577120514, "mean_gap_improvement_cond_on_not_in_top_ten": -0.16506350663752337, "top1_accuracy_on_chosen_policy_cond_on_not_in_top_ten": 0.19607843137254902, "top1_accuracy_on_chosen_base_cond_on_not_in_top_ten": 0.1830065359477124, "mean_p_chosen_policy_cond_on_not_in_top_ten": 0.16383666814657938, "mean_p_chosen_base_cond_on_not_in_top_ten": 0.17126650386546993, "mean_kl_cond_on_not_in_top_ten": 0.05105759563941046, "mean_ent_pi_cond_on_not_in_top_ten": 1.9931728154226067, "mean_ent_ref_cond_on_not_in_top_ten": 1.873818260197546, "top1_precision_cond_on_not_in_top_ten": 0.19607843137254902, "top1_recall_cond_on_not_in_top_ten": 0.19607843137254902, "top1_f1_cond_on_not_in_top_ten": 0.19607843137254904, "top3_precision_cond_on_not_in_top_ten": 0.5098039215686274, "top3_recall_cond_on_not_in_top_ten": 0.5098039215686274, "top3_f1_cond_on_not_in_top_ten": 0.5098039215686274, "top5_precision_cond_on_not_in_top_ten": 0.7058823529411765, "top5_recall_cond_on_not_in_top_ten": 0.7058823529411765, "top5_f1_cond_on_not_in_top_ten": 0.7058823529411765, "top10_precision_cond_on_not_in_top_ten": 0.8431372549019608, "top10_recall_cond_on_not_in_top_ten": 0.8431372549019608, "top10_f1_cond_on_not_in_top_ten": 0.8431372549019609, "mean_logp_gap_policy_chosen_rejected_cond_on_in_top_ten": 2.0328616232485386, "mean_logp_gap_base_chosen_rejected_cond_on_in_top_ten": 1.883102253490627, "mean_gap_improvement_cond_on_in_top_ten": 0.14975936994444086, "top1_accuracy_on_chosen_policy_cond_on_in_top_ten": 0.45263157894736844, "top1_accuracy_on_chosen_base_cond_on_in_top_ten": 0.42304409672830723, "mean_p_chosen_policy_cond_on_in_top_ten": 0.33629384008290875, "mean_p_chosen_base_cond_on_in_top_ten": 0.3198167474759876, "mean_kl_cond_on_in_top_ten": 0.16222241019401903, "mean_ent_pi_cond_on_in_top_ten": 1.5279123003142827, "mean_ent_ref_cond_on_in_top_ten": 1.4884739570566061, "top1_precision_cond_on_in_top_ten": 0.45263157894736844, "top1_recall_cond_on_in_top_ten": 0.45263157894736844, "top1_f1_cond_on_in_top_ten": 0.45263157894736844, "top3_precision_cond_on_in_top_ten": 0.7658605974395448, "top3_recall_cond_on_in_top_ten": 0.7658605974395448, "top3_f1_cond_on_in_top_ten": 0.7658605974395448, "top5_precision_cond_on_in_top_ten": 0.8768136557610242, "top5_recall_cond_on_in_top_ten": 0.8768136557610242, "top5_f1_cond_on_in_top_ten": 0.8768136557610242, "top10_precision_cond_on_in_top_ten": 0.9678520625889047, "top10_recall_cond_on_in_top_ten": 0.9678520625889047, "top10_f1_cond_on_in_top_ten": 0.9678520625889047}