{"loss": 1.772586529491512, "mean_logp_gap_policy_chosen_rejected": 2.074154153774973, "mean_logp_gap_base_chosen_rejected": 1.862305135997327, "mean_gap_improvement": 0.21184901101768602, "top1_accuracy_on_chosen_policy": 0.4484732823777485, "top1_accuracy_on_chosen_base": 0.4130316248311861, "mean_p_chosen_policy": 0.3350654812519527, "mean_p_chosen_base": 0.31362040209276204, "mean_kl": 0.20129481165577437, "mean_ent_pi": 1.517514792887439, "mean_ent_ref": 1.5045474811884674, "top1_precision": 0.4484732824427481, "top1_recall": 0.4484732824427481, "top1_f1": 0.4484732824427481, "top3_precision": 0.7551799345692476, "top3_recall": 0.7551799345692476, "top3_f1": 0.7551799345692476, "top5_precision": 0.8710468920392584, "top5_recall": 0.8710468920392584, "top5_f1": 0.8710468920392584, "top10_precision": 0.9629225736095965, "top10_recall": 0.9629225736095965, "top10_f1": 0.9629225736095965, "mean_logp_gap_policy_chosen_rejected_cond_on_not_in_top_ten": 1.236720850265104, "mean_logp_gap_base_chosen_rejected_cond_on_not_in_top_ten": 1.3845151577120514, "mean_gap_improvement_cond_on_not_in_top_ten": -0.1477943074469473, "top1_accuracy_on_chosen_policy_cond_on_not_in_top_ten": 0.20261437908496732, "top1_accuracy_on_chosen_base_cond_on_not_in_top_ten": 0.1830065359477124, "mean_p_chosen_policy_cond_on_not_in_top_ten": 0.16482439772241134, "mean_p_chosen_base_cond_on_not_in_top_ten": 0.17126650386546993, "mean_kl_cond_on_not_in_top_ten": 0.06738975954552491, "mean_ent_pi_cond_on_not_in_top_ten": 1.9753151204850938, "mean_ent_ref_cond_on_not_in_top_ten": 1.873818260197546, "top1_precision_cond_on_not_in_top_ten": 0.20261437908496732, "top1_recall_cond_on_not_in_top_ten": 0.20261437908496732, "top1_f1_cond_on_not_in_top_ten": 0.20261437908496732, "top3_precision_cond_on_not_in_top_ten": 0.5098039215686274, "top3_recall_cond_on_not_in_top_ten": 0.5098039215686274, "top3_f1_cond_on_not_in_top_ten": 0.5098039215686274, "top5_precision_cond_on_not_in_top_ten": 0.7058823529411765, "top5_recall_cond_on_not_in_top_ten": 0.7058823529411765, "top5_f1_cond_on_not_in_top_ten": 0.7058823529411765, "top10_precision_cond_on_not_in_top_ten": 0.8431372549019608, "top10_recall_cond_on_not_in_top_ten": 0.8431372549019608, "top10_f1_cond_on_not_in_top_ten": 0.8431372549019609, "mean_logp_gap_policy_chosen_rejected_cond_on_in_top_ten": 2.110605725896138, "mean_logp_gap_base_chosen_rejected_cond_on_in_top_ten": 1.883102253490627, "mean_gap_improvement_cond_on_in_top_ten": 0.22750347355860226, "top1_accuracy_on_chosen_policy_cond_on_in_top_ten": 0.45917496443812233, "top1_accuracy_on_chosen_base_cond_on_in_top_ten": 0.42304409672830723, "mean_p_chosen_policy_cond_on_in_top_ten": 0.34247568958175384, "mean_p_chosen_base_cond_on_in_top_ten": 0.3198167474759876, "mean_kl_cond_on_in_top_ten": 0.20712339405109426, "mean_ent_pi_cond_on_in_top_ten": 1.497587781432873, "mean_ent_ref_cond_on_in_top_ten": 1.4884739570566061, "top1_precision_cond_on_in_top_ten": 0.45917496443812233, "top1_recall_cond_on_in_top_ten": 0.45917496443812233, "top1_f1_cond_on_in_top_ten": 0.45917496443812233, "top3_precision_cond_on_in_top_ten": 0.7658605974395448, "top3_recall_cond_on_in_top_ten": 0.7658605974395448, "top3_f1_cond_on_in_top_ten": 0.7658605974395448, "top5_precision_cond_on_in_top_ten": 0.8782361308677098, "top5_recall_cond_on_in_top_ten": 0.8782361308677098, "top5_f1_cond_on_in_top_ten": 0.8782361308677099, "top10_precision_cond_on_in_top_ten": 0.9681365576102419, "top10_recall_cond_on_in_top_ten": 0.9681365576102419, "top10_f1_cond_on_in_top_ten": 0.9681365576102419}