{"loss": 1.9821096660006656, "mean_logp_gap_policy_chosen_rejected": 2.267960482101274, "mean_logp_gap_base_chosen_rejected": 1.862305135997327, "mean_gap_improvement": 0.40565533705275086, "top1_accuracy_on_chosen_policy": 0.4476553979720778, "top1_accuracy_on_chosen_base": 0.4130316248311861, "mean_p_chosen_policy": 0.34618473215477547, "mean_p_chosen_base": 0.31362040209276204, "mean_kl": 0.1891740672655948, "mean_ent_pi": 1.4195800127873894, "mean_ent_ref": 1.5045474811884674, "top1_precision": 0.44765539803707743, "top1_recall": 0.44765539803707743, "top1_f1": 0.44765539803707743, "top3_precision": 0.7538167938931297, "top3_recall": 0.7538167938931297, "top3_f1": 0.7538167938931296, "top5_precision": 0.8699563794983642, "top5_recall": 0.8699563794983642, "top5_f1": 0.8699563794983641, "top10_precision": 0.962649945474373, "top10_recall": 0.962649945474373, "top10_f1": 0.9626499454743729, "mean_logp_gap_policy_chosen_rejected_cond_on_not_in_top_ten": 1.3884973039034925, "mean_logp_gap_base_chosen_rejected_cond_on_not_in_top_ten": 1.3845151577120514, "mean_gap_improvement_cond_on_not_in_top_ten": 0.003982146191441156, "top1_accuracy_on_chosen_policy_cond_on_not_in_top_ten": 0.1895424836601307, "top1_accuracy_on_chosen_base_cond_on_not_in_top_ten": 0.1830065359477124, "mean_p_chosen_policy_cond_on_not_in_top_ten": 0.1716533331727393, "mean_p_chosen_base_cond_on_not_in_top_ten": 0.17126650386546993, "mean_kl_cond_on_not_in_top_ten": 0.05832093777865464, "mean_ent_pi_cond_on_not_in_top_ten": 1.861882901269626, "mean_ent_ref_cond_on_not_in_top_ten": 1.873818260197546, "top1_precision_cond_on_not_in_top_ten": 0.1895424836601307, "top1_recall_cond_on_not_in_top_ten": 0.1895424836601307, "top1_f1_cond_on_not_in_top_ten": 0.1895424836601307, "top3_precision_cond_on_not_in_top_ten": 0.5228758169934641, "top3_recall_cond_on_not_in_top_ten": 0.5228758169934641, "top3_f1_cond_on_not_in_top_ten": 0.5228758169934641, "top5_precision_cond_on_not_in_top_ten": 0.7058823529411765, "top5_recall_cond_on_not_in_top_ten": 0.7058823529411765, "top5_f1_cond_on_not_in_top_ten": 0.7058823529411765, "top10_precision_cond_on_not_in_top_ten": 0.8496732026143791, "top10_recall_cond_on_not_in_top_ten": 0.8496732026143791, "top10_f1_cond_on_not_in_top_ten": 0.8496732026143791, "mean_logp_gap_policy_chosen_rejected_cond_on_in_top_ten": 2.3062415136212473, "mean_logp_gap_base_chosen_rejected_cond_on_in_top_ten": 1.883102253490627, "mean_gap_improvement_cond_on_in_top_ten": 0.42313925992713375, "top1_accuracy_on_chosen_policy_cond_on_in_top_ten": 0.4588904694167852, "top1_accuracy_on_chosen_base_cond_on_in_top_ten": 0.42304409672830723, "mean_p_chosen_policy_cond_on_in_top_ten": 0.35378168769416796, "mean_p_chosen_base_cond_on_in_top_ten": 0.3198167474759876, "mean_kl_cond_on_in_top_ten": 0.19486980667232992, "mean_ent_pi_cond_on_in_top_ten": 1.4003275650292424, "mean_ent_ref_cond_on_in_top_ten": 1.4884739570566061, "top1_precision_cond_on_in_top_ten": 0.4588904694167852, "top1_recall_cond_on_in_top_ten": 0.4588904694167852, "top1_f1_cond_on_in_top_ten": 0.4588904694167852, "top3_precision_cond_on_in_top_ten": 0.7638691322901849, "top3_recall_cond_on_in_top_ten": 0.7638691322901849, "top3_f1_cond_on_in_top_ten": 0.7638691322901849, "top5_precision_cond_on_in_top_ten": 0.8770981507823613, "top5_recall_cond_on_in_top_ten": 0.8770981507823613, "top5_f1_cond_on_in_top_ten": 0.8770981507823612, "top10_precision_cond_on_in_top_ten": 0.9675675675675676, "top10_recall_cond_on_in_top_ten": 0.9675675675675676, "top10_f1_cond_on_in_top_ten": 0.9675675675675675}