{"loss": 1.7674451422925344, "mean_logp_gap_policy_chosen_rejected": 2.065125537412637, "mean_logp_gap_base_chosen_rejected": 1.862305135997327, "mean_gap_improvement": 0.2028204117502485, "top1_accuracy_on_chosen_policy": 0.4484732823777485, "top1_accuracy_on_chosen_base": 0.4130316248311861, "mean_p_chosen_policy": 0.3339770213988251, "mean_p_chosen_base": 0.31362040209276204, "mean_kl": 0.19108967406669125, "mean_ent_pi": 1.5266830486975684, "mean_ent_ref": 1.5045474811884674, "top1_precision": 0.4484732824427481, "top1_recall": 0.4484732824427481, "top1_f1": 0.4484732824427481, "top3_precision": 0.7565430752453653, "top3_recall": 0.7565430752453653, "top3_f1": 0.7565430752453653, "top5_precision": 0.8705016357688113, "top5_recall": 0.8705016357688113, "top5_f1": 0.8705016357688115, "top10_precision": 0.9623773173391494, "top10_recall": 0.9623773173391494, "top10_f1": 0.9623773173391494, "mean_logp_gap_policy_chosen_rejected_cond_on_not_in_top_ten": 1.2325407348427118, "mean_logp_gap_base_chosen_rejected_cond_on_not_in_top_ten": 1.3845151577120514, "mean_gap_improvement_cond_on_not_in_top_ten": -0.1519744228693395, "top1_accuracy_on_chosen_policy_cond_on_not_in_top_ten": 0.20261437908496732, "top1_accuracy_on_chosen_base_cond_on_not_in_top_ten": 0.1830065359477124, "mean_p_chosen_policy_cond_on_not_in_top_ten": 0.16423502745064206, "mean_p_chosen_base_cond_on_not_in_top_ten": 0.17126650386546993, "mean_kl_cond_on_not_in_top_ten": 0.06643112008672913, "mean_ent_pi_cond_on_not_in_top_ten": 1.9845836287230447, "mean_ent_ref_cond_on_not_in_top_ten": 1.873818260197546, "top1_precision_cond_on_not_in_top_ten": 0.20261437908496732, "top1_recall_cond_on_not_in_top_ten": 0.20261437908496732, "top1_f1_cond_on_not_in_top_ten": 0.20261437908496732, "top3_precision_cond_on_not_in_top_ten": 0.5228758169934641, "top3_recall_cond_on_not_in_top_ten": 0.5228758169934641, "top3_f1_cond_on_not_in_top_ten": 0.5228758169934641, "top5_precision_cond_on_not_in_top_ten": 0.7058823529411765, "top5_recall_cond_on_not_in_top_ten": 0.7058823529411765, "top5_f1_cond_on_not_in_top_ten": 0.7058823529411765, "top10_precision_cond_on_not_in_top_ten": 0.8431372549019608, "top10_recall_cond_on_not_in_top_ten": 0.8431372549019608, "top10_f1_cond_on_not_in_top_ten": 0.8431372549019609, "mean_logp_gap_policy_chosen_rejected_cond_on_in_top_ten": 2.1013660795742894, "mean_logp_gap_base_chosen_rejected_cond_on_in_top_ten": 1.883102253490627, "mean_gap_improvement_cond_on_in_top_ten": 0.21826382767764127, "top1_accuracy_on_chosen_policy_cond_on_in_top_ten": 0.45917496443812233, "top1_accuracy_on_chosen_base_cond_on_in_top_ten": 0.42304409672830723, "mean_p_chosen_policy_cond_on_in_top_ten": 0.3413655056520865, "mean_p_chosen_base_cond_on_in_top_ten": 0.3198167474759876, "mean_kl_cond_on_in_top_ten": 0.19651578080360052, "mean_ent_pi_cond_on_in_top_ten": 1.5067516606634914, "mean_ent_ref_cond_on_in_top_ten": 1.4884739570566061, "top1_precision_cond_on_in_top_ten": 0.45917496443812233, "top1_recall_cond_on_in_top_ten": 0.45917496443812233, "top1_f1_cond_on_in_top_ten": 0.45917496443812233, "top3_precision_cond_on_in_top_ten": 0.7667140825035562, "top3_recall_cond_on_in_top_ten": 0.7667140825035562, "top3_f1_cond_on_in_top_ten": 0.7667140825035562, "top5_precision_cond_on_in_top_ten": 0.8776671408250356, "top5_recall_cond_on_in_top_ten": 0.8776671408250356, "top5_f1_cond_on_in_top_ten": 0.8776671408250355, "top10_precision_cond_on_in_top_ten": 0.9675675675675676, "top10_recall_cond_on_in_top_ten": 0.9675675675675676, "top10_f1_cond_on_in_top_ten": 0.9675675675675675}