{"loss": 1.8489173717041183, "mean_logp_gap_policy_chosen_rejected": 2.0594820776058516, "mean_logp_gap_base_chosen_rejected": 1.862305135997327, "mean_gap_improvement": 0.19717691963865558, "top1_accuracy_on_chosen_policy": 0.4465648854311836, "top1_accuracy_on_chosen_base": 0.4130316248311861, "mean_p_chosen_policy": 0.33318778037244906, "mean_p_chosen_base": 0.31362040209276204, "mean_kl": 0.17682494893020087, "mean_ent_pi": 1.5123103929839972, "mean_ent_ref": 1.5045474811884674, "top1_precision": 0.44656488549618323, "top1_recall": 0.44656488549618323, "top1_f1": 0.4465648854961832, "top3_precision": 0.7535441657579062, "top3_recall": 0.7535441657579062, "top3_f1": 0.7535441657579062, "top5_precision": 0.8691384950926936, "top5_recall": 0.8691384950926936, "top5_f1": 0.8691384950926937, "top10_precision": 0.962649945474373, "top10_recall": 0.962649945474373, "top10_f1": 0.9626499454743729, "mean_logp_gap_policy_chosen_rejected_cond_on_not_in_top_ten": 1.2630817103230096, "mean_logp_gap_base_chosen_rejected_cond_on_not_in_top_ten": 1.3845151577120514, "mean_gap_improvement_cond_on_not_in_top_ten": -0.12143344738904167, "top1_accuracy_on_chosen_policy_cond_on_not_in_top_ten": 0.1895424836601307, "top1_accuracy_on_chosen_base_cond_on_not_in_top_ten": 0.1830065359477124, "mean_p_chosen_policy_cond_on_not_in_top_ten": 0.1660465127967292, "mean_p_chosen_base_cond_on_not_in_top_ten": 0.17126650386546993, "mean_kl_cond_on_not_in_top_ten": 0.04593514908695581, "mean_ent_pi_cond_on_not_in_top_ten": 1.9583741936808319, "mean_ent_ref_cond_on_not_in_top_ten": 1.873818260197546, "top1_precision_cond_on_not_in_top_ten": 0.1895424836601307, "top1_recall_cond_on_not_in_top_ten": 0.1895424836601307, "top1_f1_cond_on_not_in_top_ten": 0.1895424836601307, "top3_precision_cond_on_not_in_top_ten": 0.5228758169934641, "top3_recall_cond_on_not_in_top_ten": 0.5228758169934641, "top3_f1_cond_on_not_in_top_ten": 0.5228758169934641, "top5_precision_cond_on_not_in_top_ten": 0.6993464052287581, "top5_recall_cond_on_not_in_top_ten": 0.6993464052287581, "top5_f1_cond_on_not_in_top_ten": 0.6993464052287581, "top10_precision_cond_on_not_in_top_ten": 0.8431372549019608, "top10_recall_cond_on_not_in_top_ten": 0.8431372549019608, "top10_f1_cond_on_not_in_top_ten": 0.8431372549019609, "mean_logp_gap_policy_chosen_rejected_cond_on_in_top_ten": 2.0941475600385733, "mean_logp_gap_base_chosen_rejected_cond_on_in_top_ten": 1.883102253490627, "mean_gap_improvement_cond_on_in_top_ten": 0.21104530753146533, "top1_accuracy_on_chosen_policy_cond_on_in_top_ten": 0.4577524893314367, "top1_accuracy_on_chosen_base_cond_on_in_top_ten": 0.42304409672830723, "mean_p_chosen_policy_cond_on_in_top_ten": 0.34046306077355803, "mean_p_chosen_base_cond_on_in_top_ten": 0.3198167474759876, "mean_kl_cond_on_in_top_ten": 0.18252228735321865, "mean_ent_pi_cond_on_in_top_ten": 1.4928942470327762, "mean_ent_ref_cond_on_in_top_ten": 1.4884739570566061, "top1_precision_cond_on_in_top_ten": 0.4577524893314367, "top1_recall_cond_on_in_top_ten": 0.4577524893314367, "top1_f1_cond_on_in_top_ten": 0.4577524893314367, "top3_precision_cond_on_in_top_ten": 0.7635846372688478, "top3_recall_cond_on_in_top_ten": 0.7635846372688478, "top3_f1_cond_on_in_top_ten": 0.7635846372688478, "top5_precision_cond_on_in_top_ten": 0.876529160739687, "top5_recall_cond_on_in_top_ten": 0.876529160739687, "top5_f1_cond_on_in_top_ten": 0.876529160739687, "top10_precision_cond_on_in_top_ten": 0.9678520625889047, "top10_recall_cond_on_in_top_ten": 0.9678520625889047, "top10_f1_cond_on_in_top_ten": 0.9678520625889047}