{"loss": 1.8575637980141841, "mean_logp_gap_policy_chosen_rejected": 1.862305135997327, "mean_logp_gap_base_chosen_rejected": 1.862305135997327, "mean_gap_improvement": 0.0, "top1_accuracy_on_chosen_policy": 0.4130316248311861, "top1_accuracy_on_chosen_base": 0.4130316248311861, "mean_p_chosen_policy": 0.31362040209276204, "mean_p_chosen_base": 0.31362040209276204, "mean_kl": 0.0, "mean_ent_pi": 1.5045474811884674, "mean_ent_ref": 1.5045474811884674, "top1_precision": 0.41303162486368594, "top1_recall": 0.41303162486368594, "top1_f1": 0.41303162486368594, "top3_precision": 0.7290076335877863, "top3_recall": 0.7290076335877863, "top3_f1": 0.7290076335877863, "top5_precision": 0.8435114503816794, "top5_recall": 0.8435114503816794, "top5_f1": 0.8435114503816794, "top10_precision": 0.9498364231188658, "top10_recall": 0.9498364231188658, "top10_f1": 0.9498364231188657, "mean_logp_gap_policy_chosen_rejected_cond_on_not_in_top_ten": 1.3845151577120514, "mean_logp_gap_base_chosen_rejected_cond_on_not_in_top_ten": 1.3845151577120514, "mean_gap_improvement_cond_on_not_in_top_ten": 0.0, "top1_accuracy_on_chosen_policy_cond_on_not_in_top_ten": 0.1830065359477124, "top1_accuracy_on_chosen_base_cond_on_not_in_top_ten": 0.1830065359477124, "mean_p_chosen_policy_cond_on_not_in_top_ten": 0.17126650386546993, "mean_p_chosen_base_cond_on_not_in_top_ten": 0.17126650386546993, "mean_kl_cond_on_not_in_top_ten": 0.0, "mean_ent_pi_cond_on_not_in_top_ten": 1.873818260197546, "mean_ent_ref_cond_on_not_in_top_ten": 1.873818260197546, "top1_precision_cond_on_not_in_top_ten": 0.1830065359477124, "top1_recall_cond_on_not_in_top_ten": 0.1830065359477124, "top1_f1_cond_on_not_in_top_ten": 0.1830065359477124, "top3_precision_cond_on_not_in_top_ten": 0.5359477124183006, "top3_recall_cond_on_not_in_top_ten": 0.5359477124183006, "top3_f1_cond_on_not_in_top_ten": 0.5359477124183006, "top5_precision_cond_on_not_in_top_ten": 0.6797385620915033, "top5_recall_cond_on_not_in_top_ten": 0.6797385620915033, "top5_f1_cond_on_not_in_top_ten": 0.6797385620915033, "top10_precision_cond_on_not_in_top_ten": 0.8431372549019608, "top10_recall_cond_on_not_in_top_ten": 0.8431372549019608, "top10_f1_cond_on_not_in_top_ten": 0.8431372549019609, "mean_logp_gap_policy_chosen_rejected_cond_on_in_top_ten": 1.883102253490627, "mean_logp_gap_base_chosen_rejected_cond_on_in_top_ten": 1.883102253490627, "mean_gap_improvement_cond_on_in_top_ten": 0.0, "top1_accuracy_on_chosen_policy_cond_on_in_top_ten": 0.42304409672830723, "top1_accuracy_on_chosen_base_cond_on_in_top_ten": 0.42304409672830723, "mean_p_chosen_policy_cond_on_in_top_ten": 0.3198167474759876, "mean_p_chosen_base_cond_on_in_top_ten": 0.3198167474759876, "mean_kl_cond_on_in_top_ten": 0.0, "mean_ent_pi_cond_on_in_top_ten": 1.4884739570566061, "mean_ent_ref_cond_on_in_top_ten": 1.4884739570566061, "top1_precision_cond_on_in_top_ten": 0.42304409672830723, "top1_recall_cond_on_in_top_ten": 0.42304409672830723, "top1_f1_cond_on_in_top_ten": 0.4230440967283073, "top3_precision_cond_on_in_top_ten": 0.7374110953058322, "top3_recall_cond_on_in_top_ten": 0.7374110953058322, "top3_f1_cond_on_in_top_ten": 0.7374110953058322, "top5_precision_cond_on_in_top_ten": 0.8506401137980085, "top5_recall_cond_on_in_top_ten": 0.8506401137980085, "top5_f1_cond_on_in_top_ten": 0.8506401137980085, "top10_precision_cond_on_in_top_ten": 0.9544807965860598, "top10_recall_cond_on_in_top_ten": 0.9544807965860598, "top10_f1_cond_on_in_top_ten": 0.9544807965860598}