{"loss": 0.5835550141438534, "mean_logp_gap_policy_chosen_rejected": 8.137113087569874, "mean_logp_gap_base_chosen_rejected": 1.862305135997327, "mean_gap_improvement": 6.2748079091928, "top1_accuracy_on_chosen_policy": 0.36205016364188075, "top1_accuracy_on_chosen_base": 0.4130316248311861, "mean_p_chosen_policy": 0.3551693557717938, "mean_p_chosen_base": 0.31362040209276204, "mean_kl": 0.9301976996393734, "mean_ent_pi": 0.36776707515591756, "mean_ent_ref": 1.5045474811884674, "top1_precision": 0.36205016357688113, "top1_recall": 0.36205016357688113, "top1_f1": 0.36205016357688113, "top3_precision": 0.6646673936750273, "top3_recall": 0.6646673936750273, "top3_f1": 0.6646673936750273, "top5_precision": 0.7958015267175572, "top5_recall": 0.7958015267175572, "top5_f1": 0.7958015267175573, "top10_precision": 0.9124863685932388, "top10_recall": 0.9124863685932388, "top10_f1": 0.9124863685932388, "mean_logp_gap_policy_chosen_rejected_cond_on_not_in_top_ten": 6.602569165572621, "mean_logp_gap_base_chosen_rejected_cond_on_not_in_top_ten": 1.3845151577120514, "mean_gap_improvement_cond_on_not_in_top_ten": 5.218054065517351, "top1_accuracy_on_chosen_policy_cond_on_not_in_top_ten": 0.1568627450980392, "top1_accuracy_on_chosen_base_cond_on_not_in_top_ten": 0.1830065359477124, "mean_p_chosen_policy_cond_on_not_in_top_ten": 0.1574618310879548, "mean_p_chosen_base_cond_on_not_in_top_ten": 0.17126650386546993, "mean_kl_cond_on_not_in_top_ten": 1.0404507256313866, "mean_ent_pi_cond_on_not_in_top_ten": 0.46286916726665345, "mean_ent_ref_cond_on_not_in_top_ten": 1.873818260197546, "top1_precision_cond_on_not_in_top_ten": 0.1568627450980392, "top1_recall_cond_on_not_in_top_ten": 0.1568627450980392, "top1_f1_cond_on_not_in_top_ten": 0.1568627450980392, "top3_precision_cond_on_not_in_top_ten": 0.4444444444444444, "top3_recall_cond_on_not_in_top_ten": 0.4444444444444444, "top3_f1_cond_on_not_in_top_ten": 0.4444444444444444, "top5_precision_cond_on_not_in_top_ten": 0.5882352941176471, "top5_recall_cond_on_not_in_top_ten": 0.5882352941176471, "top5_f1_cond_on_not_in_top_ten": 0.5882352941176471, "top10_precision_cond_on_not_in_top_ten": 0.8104575163398693, "top10_recall_cond_on_not_in_top_ten": 0.8104575163398693, "top10_f1_cond_on_not_in_top_ten": 0.8104575163398693, "mean_logp_gap_policy_chosen_rejected_cond_on_in_top_ten": 8.20390832295289, "mean_logp_gap_base_chosen_rejected_cond_on_in_top_ten": 1.883102253490627, "mean_gap_improvement_cond_on_in_top_ten": 6.3208060715310435, "top1_accuracy_on_chosen_policy_cond_on_in_top_ten": 0.3709815078236131, "top1_accuracy_on_chosen_base_cond_on_in_top_ten": 0.42304409672830723, "mean_p_chosen_policy_cond_on_in_top_ten": 0.36377512035797355, "mean_p_chosen_base_cond_on_in_top_ten": 0.3198167474759876, "mean_kl_cond_on_in_top_ten": 0.9253986439220196, "mean_ent_pi_cond_on_in_top_ten": 0.3636274900695937, "mean_ent_ref_cond_on_in_top_ten": 1.4884739570566061, "top1_precision_cond_on_in_top_ten": 0.3709815078236131, "top1_recall_cond_on_in_top_ten": 0.3709815078236131, "top1_f1_cond_on_in_top_ten": 0.3709815078236131, "top3_precision_cond_on_in_top_ten": 0.6742532005689901, "top3_recall_cond_on_in_top_ten": 0.6742532005689901, "top3_f1_cond_on_in_top_ten": 0.6742532005689901, "top5_precision_cond_on_in_top_ten": 0.8048364153627312, "top5_recall_cond_on_in_top_ten": 0.8048364153627312, "top5_f1_cond_on_in_top_ten": 0.8048364153627312, "top10_precision_cond_on_in_top_ten": 0.9169274537695591, "top10_recall_cond_on_in_top_ten": 0.9169274537695591, "top10_f1_cond_on_in_top_ten": 0.9169274537695592}