loss,mean_logp_gap_policy_chosen_rejected,mean_logp_gap_base_chosen_rejected,mean_gap_improvement,top1_accuracy_on_chosen_policy,top1_accuracy_on_chosen_base,mean_p_chosen_policy,mean_p_chosen_base,mean_kl,mean_ent_pi,mean_ent_ref
1.8482887167707005,2.146081889988682,1.862305135997327,0.28377676351379805,0.45119956372998404,0.4130316248311861,0.3386293650323458,0.31362040209276204,0.1943517458485998,1.4868901064507705,1.5045474811884674
