loss,mean_logp_gap_policy_chosen_rejected,mean_logp_gap_base_chosen_rejected,mean_gap_improvement,top1_accuracy_on_chosen_policy,top1_accuracy_on_chosen_base,mean_p_chosen_policy,mean_p_chosen_base,mean_kl,mean_ent_pi,mean_ent_ref
1.8461687037052998,2.1399529214253734,1.862305135997327,0.2776477744756114,0.4509269355947605,0.4130316248311861,0.33852383081629595,0.31362040209276204,0.2061103924686412,1.486353567148373,1.5045474811884674
