{"loss": 1.6965781133073496, "mean_logp_gap_policy_chosen_rejected": 1.9871368119604844, "mean_logp_gap_base_chosen_rejected": 1.862305135997327, "mean_gap_improvement": 0.1248316744681663, "top1_accuracy_on_chosen_policy": 0.44629225739345946, "top1_accuracy_on_chosen_base": 0.4130316248311861, "mean_p_chosen_policy": 0.3289616329264355, "mean_p_chosen_base": 0.31362040209276204, "mean_kl": 0.2011156263095992, "mean_ent_pi": 1.5641732496679674, "mean_ent_ref": 1.5045474811884674, "top1_precision": 0.4462922573609597, "top1_recall": 0.4462922573609597, "top1_f1": 0.4462922573609596, "top3_precision": 0.7570883315158125, "top3_recall": 0.7570883315158125, "top3_f1": 0.7570883315158125, "top5_precision": 0.8683206106870229, "top5_recall": 0.8683206106870229, "top5_f1": 0.8683206106870229, "top10_precision": 0.9642857142857143, "top10_recall": 0.9642857142857143, "top10_f1": 0.9642857142857143, "mean_logp_gap_policy_chosen_rejected_cond_on_not_in_top_ten": 1.181583553747414, "mean_logp_gap_base_chosen_rejected_cond_on_not_in_top_ten": 1.3845151577120514, "mean_gap_improvement_cond_on_not_in_top_ten": -0.2029316039646373, "top1_accuracy_on_chosen_policy_cond_on_not_in_top_ten": 0.20261437908496732, "top1_accuracy_on_chosen_base_cond_on_not_in_top_ten": 0.1830065359477124, "mean_p_chosen_policy_cond_on_not_in_top_ten": 0.16128707689033772, "mean_p_chosen_base_cond_on_not_in_top_ten": 0.17126650386546993, "mean_kl_cond_on_not_in_top_ten": 0.06858148087071729, "mean_ent_pi_cond_on_not_in_top_ten": 2.02392836957196, "mean_ent_ref_cond_on_not_in_top_ten": 1.873818260197546, "top1_precision_cond_on_not_in_top_ten": 0.20261437908496732, "top1_recall_cond_on_not_in_top_ten": 0.20261437908496732, "top1_f1_cond_on_not_in_top_ten": 0.20261437908496732, "top3_precision_cond_on_not_in_top_ten": 0.49019607843137253, "top3_recall_cond_on_not_in_top_ten": 0.49019607843137253, "top3_f1_cond_on_not_in_top_ten": 0.49019607843137253, "top5_precision_cond_on_not_in_top_ten": 0.6862745098039216, "top5_recall_cond_on_not_in_top_ten": 0.6862745098039216, "top5_f1_cond_on_not_in_top_ten": 0.6862745098039216, "top10_precision_cond_on_not_in_top_ten": 0.8431372549019608, "top10_recall_cond_on_not_in_top_ten": 0.8431372549019608, "top10_f1_cond_on_not_in_top_ten": 0.8431372549019609, "mean_logp_gap_policy_chosen_rejected_cond_on_in_top_ten": 2.0222007217990554, "mean_logp_gap_base_chosen_rejected_cond_on_in_top_ten": 1.883102253490627, "mean_gap_improvement_cond_on_in_top_ten": 0.13909846961413475, "top1_accuracy_on_chosen_policy_cond_on_in_top_ten": 0.4568990042674253, "top1_accuracy_on_chosen_base_cond_on_in_top_ten": 0.42304409672830723, "mean_p_chosen_policy_cond_on_in_top_ten": 0.3362601258383453, "mean_p_chosen_base_cond_on_in_top_ten": 0.3198167474759876, "mean_kl_cond_on_in_top_ten": 0.20688453960822337, "mean_ent_pi_cond_on_in_top_ten": 1.5441611514338007, "mean_ent_ref_cond_on_in_top_ten": 1.4884739570566061, "top1_precision_cond_on_in_top_ten": 0.4568990042674253, "top1_recall_cond_on_in_top_ten": 0.4568990042674253, "top1_f1_cond_on_in_top_ten": 0.4568990042674253, "top3_precision_cond_on_in_top_ten": 0.7687055476529161, "top3_recall_cond_on_in_top_ten": 0.7687055476529161, "top3_f1_cond_on_in_top_ten": 0.768705547652916, "top5_precision_cond_on_in_top_ten": 0.8762446657183499, "top5_recall_cond_on_in_top_ten": 0.8762446657183499, "top5_f1_cond_on_in_top_ten": 0.87624466571835, "top10_precision_cond_on_in_top_ten": 0.9695590327169274, "top10_recall_cond_on_in_top_ten": 0.9695590327169274, "top10_f1_cond_on_in_top_ten": 0.9695590327169274}