{"loss": 1.846597901087421, "mean_logp_gap_policy_chosen_rejected": 2.1321058161516095, "mean_logp_gap_base_chosen_rejected": 1.862305135997327, "mean_gap_improvement": 0.26980069167546383, "top1_accuracy_on_chosen_policy": 0.4484732823777485, "top1_accuracy_on_chosen_base": 0.4130316248311861, "mean_p_chosen_policy": 0.33822017004601695, "mean_p_chosen_base": 0.31362040209276204, "mean_kl": 0.1944768783375377, "mean_ent_pi": 1.4892865325788376, "mean_ent_ref": 1.5045474811884674, "top1_precision": 0.4484732824427481, "top1_recall": 0.4484732824427481, "top1_f1": 0.4484732824427481, "top3_precision": 0.757360959651036, "top3_recall": 0.757360959651036, "top3_f1": 0.7573609596510359, "top5_precision": 0.8710468920392584, "top5_recall": 0.8710468920392584, "top5_f1": 0.8710468920392584, "top10_precision": 0.9621046892039259, "top10_recall": 0.9621046892039259, "top10_f1": 0.9621046892039259, "mean_logp_gap_policy_chosen_rejected_cond_on_not_in_top_ten": 1.2681965722757227, "mean_logp_gap_base_chosen_rejected_cond_on_not_in_top_ten": 1.3845151577120514, "mean_gap_improvement_cond_on_not_in_top_ten": -0.11631858543632856, "top1_accuracy_on_chosen_policy_cond_on_not_in_top_ten": 0.20915032679738563, "top1_accuracy_on_chosen_base_cond_on_not_in_top_ten": 0.1830065359477124, "mean_p_chosen_policy_cond_on_not_in_top_ten": 0.16624521568236458, "mean_p_chosen_base_cond_on_not_in_top_ten": 0.17126650386546993, "mean_kl_cond_on_not_in_top_ten": 0.06797590092725418, "mean_ent_pi_cond_on_not_in_top_ten": 1.9475748986979715, "mean_ent_ref_cond_on_not_in_top_ten": 1.873818260197546, "top1_precision_cond_on_not_in_top_ten": 0.20915032679738563, "top1_recall_cond_on_not_in_top_ten": 0.20915032679738563, "top1_f1_cond_on_not_in_top_ten": 0.20915032679738563, "top3_precision_cond_on_not_in_top_ten": 0.5032679738562091, "top3_recall_cond_on_not_in_top_ten": 0.5032679738562091, "top3_f1_cond_on_not_in_top_ten": 0.5032679738562091, "top5_precision_cond_on_not_in_top_ten": 0.6928104575163399, "top5_recall_cond_on_not_in_top_ten": 0.6928104575163399, "top5_f1_cond_on_not_in_top_ten": 0.6928104575163399, "top10_precision_cond_on_not_in_top_ten": 0.8366013071895425, "top10_recall_cond_on_not_in_top_ten": 0.8366013071895425, "top10_f1_cond_on_not_in_top_ten": 0.8366013071895425, "mean_logp_gap_policy_chosen_rejected_cond_on_in_top_ten": 2.1697098429138597, "mean_logp_gap_base_chosen_rejected_cond_on_in_top_ten": 1.883102253490627, "mean_gap_improvement_cond_on_in_top_ten": 0.28660758888060134, "top1_accuracy_on_chosen_policy_cond_on_in_top_ten": 0.4588904694167852, "top1_accuracy_on_chosen_base_cond_on_in_top_ten": 0.42304409672830723, "mean_p_chosen_policy_cond_on_in_top_ten": 0.34570584311413727, "mean_p_chosen_base_cond_on_in_top_ten": 0.3198167474759876, "mean_kl_cond_on_in_top_ten": 0.199983180172828, "mean_ent_pi_cond_on_in_top_ten": 1.4693382695955814, "mean_ent_ref_cond_on_in_top_ten": 1.4884739570566061, "top1_precision_cond_on_in_top_ten": 0.4588904694167852, "top1_recall_cond_on_in_top_ten": 0.4588904694167852, "top1_f1_cond_on_in_top_ten": 0.4588904694167852, "top3_precision_cond_on_in_top_ten": 0.7684210526315789, "top3_recall_cond_on_in_top_ten": 0.7684210526315789, "top3_f1_cond_on_in_top_ten": 0.7684210526315789, "top5_precision_cond_on_in_top_ten": 0.8788051209103841, "top5_recall_cond_on_in_top_ten": 0.8788051209103841, "top5_f1_cond_on_in_top_ten": 0.8788051209103842, "top10_precision_cond_on_in_top_ten": 0.9675675675675676, "top10_recall_cond_on_in_top_ten": 0.9675675675675676, "top10_f1_cond_on_in_top_ten": 0.9675675675675675}