{
  "white_first_move_probs": {
    "e2e4": 0.9468613266944885,
    "d2d4": 0.02179884724318981,
    "c2c4": 0.00535197090357542,
    "g1f3": 0.02503610961139202,
    "g2g3": 2.7957230486208573e-05,
    "b2b3": 4.179799361736514e-06,
    "f2f4": 1.2622732356248889e-05,
    "b2b4": 3.1620652407582384e-07,
    "a2a4": 9.364217135043873e-07
  },
  "white_other_mass": 0.0009057331569124472,
  "black_reply_probs_cond_on_white": {
    "e2e4": {
      "fen_after_white": "rnbqkbnr/pppppppp/8/8/4P3/8/PPPP1PPP/RNBQKBNR b KQkq - 0 1",
      "black_reply_probs": {
        "c7c5": 0.6154395341873169,
        "e7e5": 0.22772763669490814,
        "e7e6": 0.0015775134088471532,
        "c7c6": 0.01482857670634985,
        "d7d5": 0.10293170809745789,
        "g8f6": 0.02317044883966446,
        "g7g6": 0.0008799337665550411,
        "d7d6": 0.004654867574572563
      },
      "other_mass": 0.008789780724328011
    },
    "d2d4": {
      "fen_after_white": "rnbqkbnr/pppppppp/8/8/3P4/8/PPP1PPPP/RNBQKBNR b KQkq - 0 1",
      "black_reply_probs": {
        "c7c5": 0.0021003992296755314,
        "e7e5": 0.02841448225080967,
        "e7e6": 0.0004009320109616965,
        "c7c6": 4.482086296775378e-05,
        "d7d5": 0.025613171979784966,
        "g8f6": 0.93997722864151,
        "g7g6": 0.0020824086386710405,
        "d7d6": 0.00010256887617288157
      },
      "other_mass": 0.0012639875094464514
    },
    "c2c4": {
      "fen_after_white": "rnbqkbnr/pppppppp/8/8/2P5/8/PP1PPPPP/RNBQKBNR b KQkq - 0 1",
      "black_reply_probs": {
        "c7c5": 0.0024055226240307093,
        "e7e5": 0.6774352788925171,
        "e7e6": 0.0001213515643030405,
        "c7c6": 4.2101677536265925e-05,
        "d7d5": 0.0038346336223185062,
        "g8f6": 0.3137025237083435,
        "g7g6": 0.000882878783158958,
        "d7d6": 0.0002551318611949682
      },
      "other_mass": 0.0013205772665969562
    },
    "g1f3": {
      "fen_after_white": "rnbqkbnr/pppppppp/8/8/8/5N2/PPPPPPPP/RNBQKB1R b KQkq - 1 1",
      "black_reply_probs": {
        "c7c5": 0.04270804673433304,
        "e7e5": 0.233851358294487,
        "e7e6": 0.00015548965893685818,
        "c7c6": 0.0001069164281943813,
        "d7d5": 0.11136562377214432,
        "g8f6": 0.5991535186767578,
        "g7g6": 0.0011721433838829398,
        "d7d6": 0.00034416973358020186
      },
      "other_mass": 0.011142733317683451
    },
    "g2g3": {
      "fen_after_white": "rnbqkbnr/pppppppp/8/8/8/6P1/PPPPPP1P/RNBQKBNR b KQkq - 0 1",
      "black_reply_probs": {
        "c7c5": 0.013010925613343716,
        "e7e5": 0.7888418436050415,
        "e7e6": 0.00014962606655899435,
        "c7c6": 0.00015059078577905893,
        "d7d5": 0.08935574442148209,
        "g8f6": 0.10454577952623367,
        "g7g6": 0.00035735665005631745,
        "d7d6": 0.00026919596712104976
      },
      "other_mass": 0.0033189373643836007
    },
    "b2b3": {
      "fen_after_white": "rnbqkbnr/pppppppp/8/8/8/1P6/P1PPPPPP/RNBQKBNR b KQkq - 0 1",
      "black_reply_probs": {
        "c7c5": 0.002932559000328183,
        "e7e5": 0.9119648337364197,
        "e7e6": 0.0005844921106472611,
        "c7c6": 7.070098945405334e-05,
        "d7d5": 0.02633424662053585,
        "g8f6": 0.05489565059542656,
        "g7g6": 0.001216674456372857,
        "d7d6": 0.0001752501557348296
      },
      "other_mass": 0.001825592335080728
    },
    "f2f4": {
      "fen_after_white": "rnbqkbnr/pppppppp/8/8/5P2/8/PPPPP1PP/RNBQKBNR b KQkq - 0 1",
      "black_reply_probs": {
        "c7c5": 0.05118698999285698,
        "e7e5": 0.6640132069587708,
        "e7e6": 0.0034456762950867414,
        "c7c6": 0.0007262348663061857,
        "d7d5": 0.14149311184883118,
        "g8f6": 0.1322324126958847,
        "g7g6": 0.0012971240794286132,
        "d7d6": 0.001469724695198238
      },
      "other_mass": 0.004135518567636609
    },
    "b2b4": {
      "fen_after_white": "rnbqkbnr/pppppppp/8/8/1P6/8/P1PPPPPP/RNBQKBNR b KQkq - 0 1",
      "black_reply_probs": {
        "c7c5": 0.000764121999964118,
        "e7e5": 0.9067413806915283,
        "e7e6": 0.0024455261882394552,
        "c7c6": 0.0002873982593882829,
        "d7d5": 0.03124249167740345,
        "g8f6": 0.05178292468190193,
        "g7g6": 0.0032626441679894924,
        "d7d6": 0.0008846750715747476
      },
      "other_mass": 0.002588837262010202
    },
    "a2a4": {
      "fen_after_white": "rnbqkbnr/pppppppp/8/8/P7/8/1PPPPPPP/RNBQKBNR b KQkq - 0 1",
      "black_reply_probs": {
        "c7c5": 0.006398163735866547,
        "e7e5": 0.8531621694564819,
        "e7e6": 0.00013052189024165273,
        "c7c6": 0.00014697352889925241,
        "d7d5": 0.04144090786576271,
        "g8f6": 0.09673288464546204,
        "g7g6": 0.00013752112863585353,
        "d7d6": 0.00030820773099549115
      },
      "other_mass": 0.0015426500176545233
    }
  },
  "meta": {
    "elo_self": 2800,
    "elo_oppo": 2800,
    "temperature": 1.0,
    "maia_type": "blitz",
    "white_moves_probed": [
      "e2e4",
      "d2d4",
      "c2c4",
      "g1f3",
      "g2g3",
      "b2b3",
      "f2f4",
      "b2b4",
      "a2a4"
    ],
    "black_replies_probed": [
      "c7c5",
      "e7e5",
      "e7e6",
      "c7c6",
      "d7d5",
      "g8f6",
      "g7g6",
      "d7d6"
    ]
  }
}