{
  "white_first_move_probs": {
    "e2e4": 0.8284332156181335,
    "d2d4": 0.047204747796058655,
    "c2c4": 0.014621814712882042,
    "g1f3": 0.10739463567733765,
    "g2g3": 6.0879589000251144e-05,
    "b2b3": 1.4582300536858384e-05,
    "f2f4": 5.753463119617663e-05,
    "b2b4": 1.6811685554785072e-06,
    "a2a4": 4.629273462342098e-06
  },
  "white_other_mass": 0.002206279232837005,
  "black_reply_probs_cond_on_white": {
    "e2e4": {
      "fen_after_white": "rnbqkbnr/pppppppp/8/8/4P3/8/PPPP1PPP/RNBQKBNR b KQkq - 0 1",
      "black_reply_probs": {
        "c7c5": 0.6835653185844421,
        "e7e5": 0.17287325859069824,
        "e7e6": 0.0013196002691984177,
        "c7c6": 0.011181539855897427,
        "d7d5": 0.09060101211071014,
        "g8f6": 0.02533635124564171,
        "g7g6": 0.000344987929565832,
        "d7d6": 0.004438424948602915
      },
      "other_mass": 0.010339506465243176
    },
    "d2d4": {
      "fen_after_white": "rnbqkbnr/pppppppp/8/8/3P4/8/PPP1PPPP/RNBQKBNR b KQkq - 0 1",
      "black_reply_probs": {
        "c7c5": 0.0019751456566154957,
        "e7e5": 0.010430848225951195,
        "e7e6": 0.0003646321129053831,
        "c7c6": 6.031484736013226e-05,
        "d7d5": 0.02357097528874874,
        "g8f6": 0.961421549320221,
        "g7g6": 0.0009971944382414222,
        "d7d6": 0.00016621632676105946
      },
      "other_mass": 0.0010131237831956241
    },
    "c2c4": {
      "fen_after_white": "rnbqkbnr/pppppppp/8/8/2P5/8/PP1PPPPP/RNBQKBNR b KQkq - 0 1",
      "black_reply_probs": {
        "c7c5": 0.005173676647245884,
        "e7e5": 0.37277713418006897,
        "e7e6": 0.0001670667843427509,
        "c7c6": 8.269427780760452e-05,
        "d7d5": 0.004705764818936586,
        "g8f6": 0.6131560206413269,
        "g7g6": 0.000688853207975626,
        "d7d6": 0.0006018411950208247
      },
      "other_mass": 0.0026469482472748496
    },
    "g1f3": {
      "fen_after_white": "rnbqkbnr/pppppppp/8/8/8/5N2/PPPPPPPP/RNBQKB1R b KQkq - 1 1",
      "black_reply_probs": {
        "c7c5": 0.04681673273444176,
        "e7e5": 0.11238636821508408,
        "e7e6": 0.00015646356041543186,
        "c7c6": 0.00011663867917377502,
        "d7d5": 0.10416485369205475,
        "g8f6": 0.723956823348999,
        "g7g6": 0.0006972685805521905,
        "d7d6": 0.0005303624202497303
      },
      "other_mass": 0.011174488769029267
    },
    "g2g3": {
      "fen_after_white": "rnbqkbnr/pppppppp/8/8/8/6P1/PPPPPP1P/RNBQKBNR b KQkq - 0 1",
      "black_reply_probs": {
        "c7c5": 0.02404237538576126,
        "e7e5": 0.6432996392250061,
        "e7e6": 0.00023151905043050647,
        "c7c6": 0.00027845840668305755,
        "d7d5": 0.11276330798864365,
        "g8f6": 0.21209968626499176,
        "g7g6": 0.0003868346684612334,
        "d7d6": 0.0005594200338236988
      },
      "other_mass": 0.006338758976198733
    },
    "b2b3": {
      "fen_after_white": "rnbqkbnr/pppppppp/8/8/8/1P6/P1PPPPPP/RNBQKBNR b KQkq - 0 1",
      "black_reply_probs": {
        "c7c5": 0.007454658392816782,
        "e7e5": 0.7819280624389648,
        "e7e6": 0.0007094088941812515,
        "c7c6": 0.0001692495570750907,
        "d7d5": 0.05085413157939911,
        "g8f6": 0.15299679338932037,
        "g7g6": 0.0013094074092805386,
        "d7d6": 0.0003304234123788774
      },
      "other_mass": 0.004247864926583134
    },
    "f2f4": {
      "fen_after_white": "rnbqkbnr/pppppppp/8/8/5P2/8/PPPPP1PP/RNBQKBNR b KQkq - 0 1",
      "black_reply_probs": {
        "c7c5": 0.07065267115831375,
        "e7e5": 0.5369082689285278,
        "e7e6": 0.004344135522842407,
        "c7c6": 0.0011496157385408878,
        "d7d5": 0.1419077068567276,
        "g8f6": 0.23463794589042664,
        "g7g6": 0.0012162969214841723,
        "d7d6": 0.0022243736311793327
      },
      "other_mass": 0.006958985351957381
    },
    "b2b4": {
      "fen_after_white": "rnbqkbnr/pppppppp/8/8/1P6/8/P1PPPPPP/RNBQKBNR b KQkq - 0 1",
      "black_reply_probs": {
        "c7c5": 0.001452305936254561,
        "e7e5": 0.8026268482208252,
        "e7e6": 0.004077410791069269,
        "c7c6": 0.0007855461444705725,
        "d7d5": 0.0587938018143177,
        "g8f6": 0.12034403532743454,
        "g7g6": 0.004614454694092274,
        "d7d6": 0.0017349267145618796
      },
      "other_mass": 0.005570670356974006
    },
    "a2a4": {
      "fen_after_white": "rnbqkbnr/pppppppp/8/8/P7/8/1PPPPPPP/RNBQKBNR b KQkq - 0 1",
      "black_reply_probs": {
        "c7c5": 0.014659739099442959,
        "e7e5": 0.6745438575744629,
        "e7e6": 0.00021650857524946332,
        "c7c6": 0.0003097032895311713,
        "d7d5": 0.06053781136870384,
        "g8f6": 0.24525603652000427,
        "g7g6": 0.00018589898536447436,
        "d7d6": 0.0006705610430799425
      },
      "other_mass": 0.0036198835441609845
    }
  },
  "meta": {
    "elo_self": 2800,
    "elo_oppo": 2800,
    "temperature": 1.0,
    "maia_type": "blitz",
    "white_moves_probed": [
      "e2e4",
      "d2d4",
      "c2c4",
      "g1f3",
      "g2g3",
      "b2b3",
      "f2f4",
      "b2b4",
      "a2a4"
    ],
    "black_replies_probed": [
      "c7c5",
      "e7e5",
      "e7e6",
      "c7c6",
      "d7d5",
      "g8f6",
      "g7g6",
      "d7d6"
    ]
  }
}