{
  "white_first_move_probs": {
    "e2e4": 0.9214973449707031,
    "d2d4": 0.014758030883967876,
    "c2c4": 0.006572198588401079,
    "g1f3": 0.05589267611503601,
    "g2g3": 7.40612595109269e-05,
    "b2b3": 5.841931397299049e-06,
    "f2f4": 3.566470695659518e-05,
    "b2b4": 6.391595093191427e-07,
    "a2a4": 9.161082630271267e-07
  },
  "white_other_mass": 0.0011626262762547412,
  "black_reply_probs_cond_on_white": {
    "e2e4": {
      "fen_after_white": "rnbqkbnr/pppppppp/8/8/4P3/8/PPPP1PPP/RNBQKBNR b KQkq - 0 1",
      "black_reply_probs": {
        "c7c5": 0.5614327788352966,
        "e7e5": 0.3209697902202606,
        "e7e6": 0.0014039418892934918,
        "c7c6": 0.008668556809425354,
        "d7d5": 0.0731048658490181,
        "g8f6": 0.024857310578227043,
        "g7g6": 0.0003968646633438766,
        "d7d6": 0.002805768046528101
      },
      "other_mass": 0.0063601231086067855
    },
    "d2d4": {
      "fen_after_white": "rnbqkbnr/pppppppp/8/8/3P4/8/PPP1PPPP/RNBQKBNR b KQkq - 0 1",
      "black_reply_probs": {
        "c7c5": 0.001564162434078753,
        "e7e5": 0.016572851687669754,
        "e7e6": 0.00041668355697765946,
        "c7c6": 3.407392432563938e-05,
        "d7d5": 0.014858302660286427,
        "g8f6": 0.9633682370185852,
        "g7g6": 0.0022053723223507404,
        "d7d6": 9.803341527003795e-05
      },
      "other_mass": 0.0008822829804557841
    },
    "c2c4": {
      "fen_after_white": "rnbqkbnr/pppppppp/8/8/2P5/8/PP1PPPPP/RNBQKBNR b KQkq - 0 1",
      "black_reply_probs": {
        "c7c5": 0.00253443350084126,
        "e7e5": 0.4813644587993622,
        "e7e6": 0.00011249435192439705,
        "c7c6": 2.6440713554620743e-05,
        "d7d5": 0.002169226296246052,
        "g8f6": 0.5112743973731995,
        "g7g6": 0.00098670762963593,
        "d7d6": 0.00027252378640696406
      },
      "other_mass": 0.0012593175488291308
    },
    "g1f3": {
      "fen_after_white": "rnbqkbnr/pppppppp/8/8/8/5N2/PPPPPPPP/RNBQKB1R b KQkq - 1 1",
      "black_reply_probs": {
        "c7c5": 0.03327488526701927,
        "e7e5": 0.2161422073841095,
        "e7e6": 0.00015125918434932828,
        "c7c6": 4.169211024418473e-05,
        "d7d5": 0.04603328928351402,
        "g8f6": 0.6968086361885071,
        "g7g6": 0.0014293199637904763,
        "d7d6": 0.00028653955087065697
      },
      "other_mass": 0.005832171067595482
    },
    "g2g3": {
      "fen_after_white": "rnbqkbnr/pppppppp/8/8/8/6P1/PPPPPP1P/RNBQKBNR b KQkq - 0 1",
      "black_reply_probs": {
        "c7c5": 0.012268723919987679,
        "e7e5": 0.8167411088943481,
        "e7e6": 0.00010648055467754602,
        "c7c6": 6.204756937222555e-05,
        "d7d5": 0.040180206298828125,
        "g8f6": 0.12832309305667877,
        "g7g6": 0.0003004251339007169,
        "d7d6": 0.00019904895452782512
      },
      "other_mass": 0.0018188656176789664
    },
    "b2b3": {
      "fen_after_white": "rnbqkbnr/pppppppp/8/8/8/1P6/P1PPPPPP/RNBQKBNR b KQkq - 0 1",
      "black_reply_probs": {
        "c7c5": 0.0031882035546004772,
        "e7e5": 0.8764087557792664,
        "e7e6": 0.00033289840212091804,
        "c7c6": 3.8122041587485e-05,
        "d7d5": 0.01612858660519123,
        "g8f6": 0.1003265455365181,
        "g7g6": 0.0010981064988300204,
        "d7d6": 9.465759649174288e-05
      },
      "other_mass": 0.0023841239853936713
    },
    "f2f4": {
      "fen_after_white": "rnbqkbnr/pppppppp/8/8/5P2/8/PPPPP1PP/RNBQKBNR b KQkq - 0 1",
      "black_reply_probs": {
        "c7c5": 0.03773529827594757,
        "e7e5": 0.7180230617523193,
        "e7e6": 0.0023848214186728,
        "c7c6": 0.000306006200844422,
        "d7d5": 0.05333251133561134,
        "g8f6": 0.18241484463214874,
        "g7g6": 0.0014415978221222758,
        "d7d6": 0.0007299303542822599
      },
      "other_mass": 0.0036319282080512494
    },
    "b2b4": {
      "fen_after_white": "rnbqkbnr/pppppppp/8/8/1P6/8/P1PPPPPP/RNBQKBNR b KQkq - 0 1",
      "black_reply_probs": {
        "c7c5": 0.0007024809019640088,
        "e7e5": 0.8696312308311462,
        "e7e6": 0.0020881181117147207,
        "c7c6": 0.0002661345060914755,
        "d7d5": 0.024770060554146767,
        "g8f6": 0.09620832651853561,
        "g7g6": 0.0027280934154987335,
        "d7d6": 0.0006305351271294057
      },
      "other_mass": 0.002975020033773035
    },
    "a2a4": {
      "fen_after_white": "rnbqkbnr/pppppppp/8/8/P7/8/1PPPPPPP/RNBQKBNR b KQkq - 0 1",
      "black_reply_probs": {
        "c7c5": 0.006496108137071133,
        "e7e5": 0.8011156916618347,
        "e7e6": 0.00011779241322074085,
        "c7c6": 6.954851414775476e-05,
        "d7d5": 0.020510828122496605,
        "g8f6": 0.16982042789459229,
        "g7g6": 0.00016386876814067364,
        "d7d6": 0.00022748821356799453
      },
      "other_mass": 0.0014782462749280967
    }
  },
  "meta": {
    "elo_self": 2800,
    "elo_oppo": 2800,
    "temperature": 1.0,
    "maia_type": "blitz",
    "white_moves_probed": [
      "e2e4",
      "d2d4",
      "c2c4",
      "g1f3",
      "g2g3",
      "b2b3",
      "f2f4",
      "b2b4",
      "a2a4"
    ],
    "black_replies_probed": [
      "c7c5",
      "e7e5",
      "e7e6",
      "c7c6",
      "d7d5",
      "g8f6",
      "g7g6",
      "d7d6"
    ]
  }
}