{
  "white_first_move_probs": {
    "e2e4": 0.8387735486030579,
    "d2d4": 0.019747670739889145,
    "c2c4": 0.012124882079660892,
    "g1f3": 0.12687498331069946,
    "g2g3": 0.00020673386461567134,
    "b2b3": 2.40557492361404e-05,
    "f2f4": 5.8150195400230587e-05,
    "b2b4": 1.9959802557423245e-06,
    "a2a4": 2.4564585601183353e-06
  },
  "white_other_mass": 0.0021855230186247354,
  "black_reply_probs_cond_on_white": {
    "e2e4": {
      "fen_after_white": "rnbqkbnr/pppppppp/8/8/4P3/8/PPPP1PPP/RNBQKBNR b KQkq - 0 1",
      "black_reply_probs": {
        "c7c5": 0.5757858753204346,
        "e7e5": 0.26693564653396606,
        "e7e6": 0.0032911673188209534,
        "c7c6": 0.018884222954511642,
        "d7d5": 0.06714419275522232,
        "g8f6": 0.04791482165455818,
        "g7g6": 0.0016062094364315271,
        "d7d6": 0.004151974804699421
      },
      "other_mass": 0.014285889221355319
    },
    "d2d4": {
      "fen_after_white": "rnbqkbnr/pppppppp/8/8/3P4/8/PPP1PPPP/RNBQKBNR b KQkq - 0 1",
      "black_reply_probs": {
        "c7c5": 0.001206608721986413,
        "e7e5": 0.007082420866936445,
        "e7e6": 0.00041388903628103435,
        "c7c6": 5.454908750834875e-05,
        "d7d5": 0.010230238549411297,
        "g8f6": 0.9772371053695679,
        "g7g6": 0.002886451780796051,
        "d7d6": 5.870519453310408e-05
      },
      "other_mass": 0.0008300313929794356
    },
    "c2c4": {
      "fen_after_white": "rnbqkbnr/pppppppp/8/8/2P5/8/PP1PPPPP/RNBQKBNR b KQkq - 0 1",
      "black_reply_probs": {
        "c7c5": 0.004257932770997286,
        "e7e5": 0.33831724524497986,
        "e7e6": 0.00019363505998626351,
        "c7c6": 7.994023326318711e-05,
        "d7d5": 0.0023028256837278605,
        "g8f6": 0.6493965983390808,
        "g7g6": 0.002020567888393998,
        "d7d6": 0.0002278110769111663
      },
      "other_mass": 0.0032034437026595697
    },
    "g1f3": {
      "fen_after_white": "rnbqkbnr/pppppppp/8/8/8/5N2/PPPPPPPP/RNBQKB1R b KQkq - 1 1",
      "black_reply_probs": {
        "c7c5": 0.03447487950325012,
        "e7e5": 0.08825408667325974,
        "e7e6": 0.00016246370796579868,
        "c7c6": 0.00010529355495236814,
        "d7d5": 0.033423375338315964,
        "g8f6": 0.8319935202598572,
        "g7g6": 0.0019300817511975765,
        "d7d6": 0.00016650051111355424
      },
      "other_mass": 0.009489798700087704
    },
    "g2g3": {
      "fen_after_white": "rnbqkbnr/pppppppp/8/8/8/6P1/PPPPPP1P/RNBQKBNR b KQkq - 0 1",
      "black_reply_probs": {
        "c7c5": 0.022142745554447174,
        "e7e5": 0.5985355973243713,
        "e7e6": 0.00030949042411521077,
        "c7c6": 0.00031611748272553086,
        "d7d5": 0.07185753434896469,
        "g8f6": 0.2984308898448944,
        "g7g6": 0.001072995364665985,
        "d7d6": 0.0003402421425562352
      },
      "other_mass": 0.006994387513259426
    },
    "b2b3": {
      "fen_after_white": "rnbqkbnr/pppppppp/8/8/8/1P6/P1PPPPPP/RNBQKBNR b KQkq - 0 1",
      "black_reply_probs": {
        "c7c5": 0.005751165095716715,
        "e7e5": 0.7017082571983337,
        "e7e6": 0.0010408140951767564,
        "c7c6": 0.0001858736213762313,
        "d7d5": 0.030792856588959694,
        "g8f6": 0.25092247128486633,
        "g7g6": 0.00437717093154788,
        "d7d6": 0.00021367170847952366
      },
      "other_mass": 0.0050077194755431265
    },
    "f2f4": {
      "fen_after_white": "rnbqkbnr/pppppppp/8/8/5P2/8/PPPPP1PP/RNBQKBNR b KQkq - 0 1",
      "black_reply_probs": {
        "c7c5": 0.0717083215713501,
        "e7e5": 0.40856438875198364,
        "e7e6": 0.004820900969207287,
        "c7c6": 0.0015763700939714909,
        "d7d5": 0.10471059381961823,
        "g8f6": 0.3925537168979645,
        "g7g6": 0.004387889988720417,
        "d7d6": 0.0013214157661423087
      },
      "other_mass": 0.010356402141042054
    },
    "b2b4": {
      "fen_after_white": "rnbqkbnr/pppppppp/8/8/1P6/8/P1PPPPPP/RNBQKBNR b KQkq - 0 1",
      "black_reply_probs": {
        "c7c5": 0.0012955268612131476,
        "e7e5": 0.6883862018585205,
        "e7e6": 0.005680099129676819,
        "c7c6": 0.0009148899116553366,
        "d7d5": 0.04633104428648949,
        "g8f6": 0.23529338836669922,
        "g7g6": 0.013251501135528088,
        "d7d6": 0.0012377953389659524
      },
      "other_mass": 0.007609553111251444
    },
    "a2a4": {
      "fen_after_white": "rnbqkbnr/pppppppp/8/8/P7/8/1PPPPPPP/RNBQKBNR b KQkq - 0 1",
      "black_reply_probs": {
        "c7c5": 0.01224464364349842,
        "e7e5": 0.6198925375938416,
        "e7e6": 0.00031148086418397725,
        "c7c6": 0.0003866532351821661,
        "d7d5": 0.035524703562259674,
        "g8f6": 0.3262948989868164,
        "g7g6": 0.0005632100510410964,
        "d7d6": 0.00032616962562315166
      },
      "other_mass": 0.004455702437553555
    }
  },
  "meta": {
    "elo_self": 2800,
    "elo_oppo": 2800,
    "temperature": 1.0,
    "maia_type": "blitz",
    "white_moves_probed": [
      "e2e4",
      "d2d4",
      "c2c4",
      "g1f3",
      "g2g3",
      "b2b3",
      "f2f4",
      "b2b4",
      "a2a4"
    ],
    "black_replies_probed": [
      "c7c5",
      "e7e5",
      "e7e6",
      "c7c6",
      "d7d5",
      "g8f6",
      "g7g6",
      "d7d6"
    ]
  }
}