{
  "white_first_move_probs": {
    "e2e4": 0.9008212685585022,
    "d2d4": 0.01256017666310072,
    "c2c4": 0.019053388386964798,
    "g1f3": 0.06579769402742386,
    "g2g3": 0.00013407584629021585,
    "b2b3": 1.1489785720186774e-05,
    "f2f4": 2.3013048121356405e-05,
    "b2b4": 7.562127279925335e-07,
    "a2a4": 1.4025993095856393e-06
  },
  "white_other_mass": 0.0015967348718390895,
  "black_reply_probs_cond_on_white": {
    "e2e4": {
      "fen_after_white": "rnbqkbnr/pppppppp/8/8/4P3/8/PPPP1PPP/RNBQKBNR b KQkq - 0 1",
      "black_reply_probs": {
        "c7c5": 0.7671283483505249,
        "e7e5": 0.16330955922603607,
        "e7e6": 0.0008032427285797894,
        "c7c6": 0.009128267876803875,
        "d7d5": 0.03435234725475311,
        "g8f6": 0.01327516883611679,
        "g7g6": 0.00034897978184744716,
        "d7d6": 0.0016147976275533438
      },
      "other_mass": 0.010039288317784667
    },
    "d2d4": {
      "fen_after_white": "rnbqkbnr/pppppppp/8/8/3P4/8/PPP1PPPP/RNBQKBNR b KQkq - 0 1",
      "black_reply_probs": {
        "c7c5": 0.0022707399912178516,
        "e7e5": 0.014744492247700691,
        "e7e6": 0.0002428504085401073,
        "c7c6": 4.8556001274846494e-05,
        "d7d5": 0.0096660777926445,
        "g8f6": 0.9691804647445679,
        "g7g6": 0.002782755298539996,
        "d7d6": 8.096484089037403e-05
      },
      "other_mass": 0.0009830986746237613
    },
    "c2c4": {
      "fen_after_white": "rnbqkbnr/pppppppp/8/8/2P5/8/PP1PPPPP/RNBQKBNR b KQkq - 0 1",
      "black_reply_probs": {
        "c7c5": 0.00510844262316823,
        "e7e5": 0.4670220911502838,
        "e7e6": 8.95450430107303e-05,
        "c7c6": 4.9650650908006355e-05,
        "d7d5": 0.0011486506555229425,
        "g8f6": 0.5223550200462341,
        "g7g6": 0.0012010601349174976,
        "d7d6": 0.00017916328215505928
      },
      "other_mass": 0.0028463764137995895
    },
    "g1f3": {
      "fen_after_white": "rnbqkbnr/pppppppp/8/8/8/5N2/PPPPPPPP/RNBQKB1R b KQkq - 1 1",
      "black_reply_probs": {
        "c7c5": 0.08319560438394547,
        "e7e5": 0.1331057846546173,
        "e7e6": 0.0001047597179422155,
        "c7c6": 0.00014787979307584465,
        "d7d5": 0.03715900331735611,
        "g8f6": 0.7308945655822754,
        "g7g6": 0.002262040739879012,
        "d7d6": 0.00023616365797352046
      },
      "other_mass": 0.012894198152935132
    },
    "g2g3": {
      "fen_after_white": "rnbqkbnr/pppppppp/8/8/8/6P1/PPPPPP1P/RNBQKBNR b KQkq - 0 1",
      "black_reply_probs": {
        "c7c5": 0.028122911229729652,
        "e7e5": 0.7141990661621094,
        "e7e6": 0.00015174021245911717,
        "c7c6": 0.00025957103935070336,
        "d7d5": 0.05223286151885986,
        "g8f6": 0.197509765625,
        "g7g6": 0.0006913040997460485,
        "d7d6": 0.0002652070834301412
      },
      "other_mass": 0.006567573029315099
    },
    "b2b3": {
      "fen_after_white": "rnbqkbnr/pppppppp/8/8/8/1P6/P1PPPPPP/RNBQKBNR b KQkq - 0 1",
      "black_reply_probs": {
        "c7c5": 0.008046986535191536,
        "e7e5": 0.782495379447937,
        "e7e6": 0.0004371685499791056,
        "c7c6": 0.00014086512965150177,
        "d7d5": 0.02160116471350193,
        "g8f6": 0.17921945452690125,
        "g7g6": 0.0024832088965922594,
        "d7d6": 0.00013497233157977462
      },
      "other_mass": 0.005440799868665636
    },
    "f2f4": {
      "fen_after_white": "rnbqkbnr/pppppppp/8/8/5P2/8/PPPPP1PP/RNBQKBNR b KQkq - 0 1",
      "black_reply_probs": {
        "c7c5": 0.10292559862136841,
        "e7e5": 0.4611617624759674,
        "e7e6": 0.0019970713183283806,
        "c7c6": 0.0010776453418657184,
        "d7d5": 0.07023375481367111,
        "g8f6": 0.34569209814071655,
        "g7g6": 0.003931707236915827,
        "d7d6": 0.000982477911747992
      },
      "other_mass": 0.011997884139418602
    },
    "b2b4": {
      "fen_after_white": "rnbqkbnr/pppppppp/8/8/1P6/8/P1PPPPPP/RNBQKBNR b KQkq - 0 1",
      "black_reply_probs": {
        "c7c5": 0.0016751379007473588,
        "e7e5": 0.8264937400817871,
        "e7e6": 0.002377941971644759,
        "c7c6": 0.0005293709691613913,
        "d7d5": 0.02406797744333744,
        "g8f6": 0.13546469807624817,
        "g7g6": 0.003929367288947105,
        "d7d6": 0.0006586337694898248
      },
      "other_mass": 0.004803132498636842
    },
    "a2a4": {
      "fen_after_white": "rnbqkbnr/pppppppp/8/8/P7/8/1PPPPPPP/RNBQKBNR b KQkq - 0 1",
      "black_reply_probs": {
        "c7c5": 0.01900438778102398,
        "e7e5": 0.7214704155921936,
        "e7e6": 0.0001332009123871103,
        "c7c6": 0.00036090274807065725,
        "d7d5": 0.026168767362833023,
        "g8f6": 0.22737868130207062,
        "g7g6": 0.00034558388870209455,
        "d7d6": 0.00026363623328506947
      },
      "other_mass": 0.004874424179433845
    }
  },
  "meta": {
    "elo_self": 2800,
    "elo_oppo": 2800,
    "temperature": 1.0,
    "maia_type": "blitz",
    "white_moves_probed": [
      "e2e4",
      "d2d4",
      "c2c4",
      "g1f3",
      "g2g3",
      "b2b3",
      "f2f4",
      "b2b4",
      "a2a4"
    ],
    "black_replies_probed": [
      "c7c5",
      "e7e5",
      "e7e6",
      "c7c6",
      "d7d5",
      "g8f6",
      "g7g6",
      "d7d6"
    ]
  }
}