{
  "white_first_move_probs": {
    "e2e4": 0.871903657913208,
    "d2d4": 0.018647249788045883,
    "c2c4": 0.005479578860104084,
    "g1f3": 0.1025812104344368,
    "g2g3": 9.215743921231478e-05,
    "b2b3": 1.0899589142354671e-05,
    "f2f4": 1.8844893929781392e-05,
    "b2b4": 7.842459694984427e-07,
    "a2a4": 1.3994982737131068e-06
  },
  "white_other_mass": 0.0012642173376775645,
  "black_reply_probs_cond_on_white": {
    "e2e4": {
      "fen_after_white": "rnbqkbnr/pppppppp/8/8/4P3/8/PPPP1PPP/RNBQKBNR b KQkq - 0 1",
      "black_reply_probs": {
        "c7c5": 0.5031889081001282,
        "e7e5": 0.3004724085330963,
        "e7e6": 0.002753776265308261,
        "c7c6": 0.011712911538779736,
        "d7d5": 0.11045859009027481,
        "g8f6": 0.049654342234134674,
        "g7g6": 0.0014534163055941463,
        "d7d6": 0.006262597627937794
      },
      "other_mass": 0.014043049304746091
    },
    "d2d4": {
      "fen_after_white": "rnbqkbnr/pppppppp/8/8/3P4/8/PPP1PPPP/RNBQKBNR b KQkq - 0 1",
      "black_reply_probs": {
        "c7c5": 0.0005674209096468985,
        "e7e5": 0.006687991786748171,
        "e7e6": 0.00029539066599681973,
        "c7c6": 1.8202006685896777e-05,
        "d7d5": 0.008925758302211761,
        "g8f6": 0.9807899594306946,
        "g7g6": 0.002074904041364789,
        "d7d6": 6.029754877090454e-05
      },
      "other_mass": 0.000580075307880179
    },
    "c2c4": {
      "fen_after_white": "rnbqkbnr/pppppppp/8/8/2P5/8/PP1PPPPP/RNBQKBNR b KQkq - 0 1",
      "black_reply_probs": {
        "c7c5": 0.0017275557620450854,
        "e7e5": 0.3561946153640747,
        "e7e6": 0.00011395171895856038,
        "c7c6": 2.425829734420404e-05,
        "d7d5": 0.0022980617359280586,
        "g8f6": 0.6367660164833069,
        "g7g6": 0.0012571857078000903,
        "d7d6": 0.0002010796742979437
      },
      "other_mass": 0.0014172752562444657
    },
    "g1f3": {
      "fen_after_white": "rnbqkbnr/pppppppp/8/8/8/5N2/PPPPPPPP/RNBQKB1R b KQkq - 1 1",
      "black_reply_probs": {
        "c7c5": 0.01958160102367401,
        "e7e5": 0.09167446196079254,
        "e7e6": 0.00013930464047007263,
        "c7c6": 4.834017454413697e-05,
        "d7d5": 0.04853986203670502,
        "g8f6": 0.830792248249054,
        "g7g6": 0.0011443799594417214,
        "d7d6": 0.00022546903346665204
      },
      "other_mass": 0.007854332921851892
    },
    "g2g3": {
      "fen_after_white": "rnbqkbnr/pppppppp/8/8/8/6P1/PPPPPP1P/RNBQKBNR b KQkq - 0 1",
      "black_reply_probs": {
        "c7c5": 0.013652391731739044,
        "e7e5": 0.6690167188644409,
        "e7e6": 0.0002180865703849122,
        "c7c6": 0.00013028109970036894,
        "d7d5": 0.07253645360469818,
        "g8f6": 0.23867495357990265,
        "g7g6": 0.0006524904165416956,
        "d7d6": 0.0003215226752217859
      },
      "other_mass": 0.004797101457370445
    },
    "b2b3": {
      "fen_after_white": "rnbqkbnr/pppppppp/8/8/8/1P6/P1PPPPPP/RNBQKBNR b KQkq - 0 1",
      "black_reply_probs": {
        "c7c5": 0.00302335643209517,
        "e7e5": 0.755964994430542,
        "e7e6": 0.0006769504398107529,
        "c7c6": 6.69697328703478e-05,
        "d7d5": 0.024035125970840454,
        "g8f6": 0.2103724330663681,
        "g7g6": 0.0030030258931219578,
        "d7d6": 0.00015332785551436245
      },
      "other_mass": 0.0027038161788368598
    },
    "f2f4": {
      "fen_after_white": "rnbqkbnr/pppppppp/8/8/5P2/8/PPPPP1PP/RNBQKBNR b KQkq - 0 1",
      "black_reply_probs": {
        "c7c5": 0.06505221873521805,
        "e7e5": 0.46502405405044556,
        "e7e6": 0.006799702998250723,
        "c7c6": 0.0011737158056348562,
        "d7d5": 0.15450069308280945,
        "g8f6": 0.29649072885513306,
        "g7g6": 0.0024132283870130777,
        "d7d6": 0.002097159158438444
      },
      "other_mass": 0.006448498927056789
    },
    "b2b4": {
      "fen_after_white": "rnbqkbnr/pppppppp/8/8/1P6/8/P1PPPPPP/RNBQKBNR b KQkq - 0 1",
      "black_reply_probs": {
        "c7c5": 0.0007872102432884276,
        "e7e5": 0.7240729331970215,
        "e7e6": 0.004710351582616568,
        "c7c6": 0.0004422466445248574,
        "d7d5": 0.044955603778362274,
        "g8f6": 0.20417961478233337,
        "g7g6": 0.012721952982246876,
        "d7d6": 0.001085368450731039
      },
      "other_mass": 0.0070447183388751
    },
    "a2a4": {
      "fen_after_white": "rnbqkbnr/pppppppp/8/8/P7/8/1PPPPPPP/RNBQKBNR b KQkq - 0 1",
      "black_reply_probs": {
        "c7c5": 0.006561387330293655,
        "e7e5": 0.7023134231567383,
        "e7e6": 0.00020926352590322495,
        "c7c6": 0.00016256261733360589,
        "d7d5": 0.030887767672538757,
        "g8f6": 0.25673478841781616,
        "g7g6": 0.0003493202675599605,
        "d7d6": 0.00028116817702539265
      },
      "other_mass": 0.00250031883479096
    }
  },
  "meta": {
    "elo_self": 2800,
    "elo_oppo": 2800,
    "temperature": 1.0,
    "maia_type": "blitz",
    "white_moves_probed": [
      "e2e4",
      "d2d4",
      "c2c4",
      "g1f3",
      "g2g3",
      "b2b3",
      "f2f4",
      "b2b4",
      "a2a4"
    ],
    "black_replies_probed": [
      "c7c5",
      "e7e5",
      "e7e6",
      "c7c6",
      "d7d5",
      "g8f6",
      "g7g6",
      "d7d6"
    ]
  }
}