{
  "white_first_move_probs": {
    "e2e4": 0.5546872019767761,
    "d2d4": 0.0040415204130113125,
    "c2c4": 5.0972554163308814e-05,
    "g1f3": 0.4378305971622467,
    "g2g3": 4.487056344260054e-07,
    "b2b3": 6.441764455189514e-09,
    "f2f4": 2.6132039465665e-07,
    "b2b4": 1.0721525001144983e-08,
    "a2a4": 2.186829883843444e-10
  },
  "white_other_mass": 0.003388980485801052,
  "black_reply_probs_cond_on_white": {
    "e2e4": {
      "fen_after_white": "rnbqkbnr/pppppppp/8/8/4P3/8/PPPP1PPP/RNBQKBNR b KQkq - 0 1",
      "black_reply_probs": {
        "c7c5": 0.0017095549264922738,
        "e7e5": 0.8476542234420776,
        "e7e6": 9.814259556151228e-07,
        "c7c6": 1.3144871218173648e-06,
        "d7d5": 0.0057708872482180595,
        "g8f6": 0.14463670551776886,
        "g7g6": 1.086956103790726e-06,
        "d7d6": 3.840540557575878e-06
      },
      "other_mass": 0.00022140545570437098
    },
    "d2d4": {
      "fen_after_white": "rnbqkbnr/pppppppp/8/8/3P4/8/PPP1PPPP/RNBQKBNR b KQkq - 0 1",
      "black_reply_probs": {
        "c7c5": 3.2117195587488823e-06,
        "e7e5": 0.09889200329780579,
        "e7e6": 1.307942341099988e-07,
        "c7c6": 1.0552169804611822e-08,
        "d7d5": 0.0036489071790128946,
        "g8f6": 0.8962313532829285,
        "g7g6": 8.906731636670884e-07,
        "d7d6": 5.69921553505992e-07
      },
      "other_mass": 0.0012229225795730159
    },
    "c2c4": {
      "fen_after_white": "rnbqkbnr/pppppppp/8/8/2P5/8/PP1PPPPP/RNBQKBNR b KQkq - 0 1",
      "black_reply_probs": {
        "c7c5": 1.758703001542017e-05,
        "e7e5": 0.4165477156639099,
        "e7e6": 8.049025979062208e-08,
        "c7c6": 1.9288023622721084e-08,
        "d7d5": 0.0010013689752668142,
        "g8f6": 0.5813872218132019,
        "g7g6": 5.749930664933345e-07,
        "d7d6": 1.3907756510889158e-06
      },
      "other_mass": 0.0010440409706049536
    },
    "g1f3": {
      "fen_after_white": "rnbqkbnr/pppppppp/8/8/8/5N2/PPPPPPPP/RNBQKB1R b KQkq - 1 1",
      "black_reply_probs": {
        "c7c5": 5.231768227531575e-05,
        "e7e5": 0.16786961257457733,
        "e7e6": 8.710379262311108e-08,
        "c7c6": 6.740353342138405e-08,
        "d7d5": 0.004702702164649963,
        "g8f6": 0.8252814412117004,
        "g7g6": 2.8252477477508364e-06,
        "d7d6": 9.918602472680504e-07
      },
      "other_mass": 0.0020899547514758865
    },
    "g2g3": {
      "fen_after_white": "rnbqkbnr/pppppppp/8/8/8/6P1/PPPPPP1P/RNBQKBNR b KQkq - 0 1",
      "black_reply_probs": {
        "c7c5": 5.9157111536478624e-05,
        "e7e5": 0.7367518544197083,
        "e7e6": 7.197181872697911e-08,
        "c7c6": 9.84047687779821e-08,
        "d7d5": 0.008000118657946587,
        "g8f6": 0.2546656131744385,
        "g7g6": 7.556552645837655e-07,
        "d7d6": 1.1491398481666693e-06
      },
      "other_mass": 0.0005211814646699509
    },
    "b2b3": {
      "fen_after_white": "rnbqkbnr/pppppppp/8/8/8/1P6/P1PPPPPP/RNBQKBNR b KQkq - 0 1",
      "black_reply_probs": {
        "c7c5": 3.002180392286391e-06,
        "e7e5": 0.5434420108795166,
        "e7e6": 6.86560710505546e-08,
        "c7c6": 5.746254583272048e-09,
        "d7d5": 0.0025262446142733097,
        "g8f6": 0.4485982358455658,
        "g7g6": 8.25064375931106e-07,
        "d7d6": 1.7149102404800942e-07
      },
      "other_mass": 0.0054294355225263935
    },
    "f2f4": {
      "fen_after_white": "rnbqkbnr/pppppppp/8/8/5P2/8/PPPPP1PP/RNBQKBNR b KQkq - 0 1",
      "black_reply_probs": {
        "c7c5": 2.9422253646771424e-05,
        "e7e5": 0.7416914701461792,
        "e7e6": 2.0605317274657864e-07,
        "c7c6": 5.043139950089426e-08,
        "d7d5": 0.005317403469234705,
        "g8f6": 0.25188425183296204,
        "g7g6": 2.3079061861608352e-07,
        "d7d6": 1.038733671521186e-06
      },
      "other_mass": 0.0010759262891149035
    },
    "b2b4": {
      "fen_after_white": "rnbqkbnr/pppppppp/8/8/1P6/8/P1PPPPPP/RNBQKBNR b KQkq - 0 1",
      "black_reply_probs": {
        "c7c5": 6.462601618295594e-07,
        "e7e5": 0.7399652004241943,
        "e7e6": 1.412252146337778e-07,
        "c7c6": 5.38792610527139e-09,
        "d7d5": 0.002576160244643688,
        "g8f6": 0.2561942934989929,
        "g7g6": 3.197322655523749e-07,
        "d7d6": 1.759699301828732e-07
      },
      "other_mass": 0.001263057256670752
    },
    "a2a4": {
      "fen_after_white": "rnbqkbnr/pppppppp/8/8/P7/8/1PPPPPPP/RNBQKBNR b KQkq - 0 1",
      "black_reply_probs": {
        "c7c5": 0.00010619625390972942,
        "e7e5": 0.6560062766075134,
        "e7e6": 1.5189839075446798e-07,
        "c7c6": 6.24143183358683e-07,
        "d7d5": 0.013668837025761604,
        "g8f6": 0.32885366678237915,
        "g7g6": 3.0200709488781285e-07,
        "d7d6": 3.220576672902098e-06
      },
      "other_mass": 0.001360724705094185
    }
  },
  "meta": {
    "elo_self": 2800,
    "elo_oppo": 2800,
    "temperature": 1.0,
    "maia_type": "blitz",
    "white_moves_probed": [
      "e2e4",
      "d2d4",
      "c2c4",
      "g1f3",
      "g2g3",
      "b2b3",
      "f2f4",
      "b2b4",
      "a2a4"
    ],
    "black_replies_probed": [
      "c7c5",
      "e7e5",
      "e7e6",
      "c7c6",
      "d7d5",
      "g8f6",
      "g7g6",
      "d7d6"
    ]
  }
}