{
  "white_first_move_probs": {
    "e2e4": 0.8206290602684021,
    "d2d4": 0.04114779457449913,
    "c2c4": 0.018569065257906914,
    "g1f3": 0.11726634204387665,
    "g2g3": 6.598480831598863e-05,
    "b2b3": 1.1770115634135436e-05,
    "f2f4": 2.6183015506830998e-05,
    "b2b4": 9.247227126252255e-07,
    "a2a4": 5.901637791794201e-07
  },
  "white_other_mass": 0.0022822850293664487,
  "black_reply_probs_cond_on_white": {
    "e2e4": {
      "fen_after_white": "rnbqkbnr/pppppppp/8/8/4P3/8/PPPP1PPP/RNBQKBNR b KQkq - 0 1",
      "black_reply_probs": {
        "c7c5": 0.7213388085365295,
        "e7e5": 0.14596332609653473,
        "e7e6": 0.0010034342994913459,
        "c7c6": 0.010173603892326355,
        "d7d5": 0.09131364524364471,
        "g8f6": 0.01856083609163761,
        "g7g6": 0.00017144599405582994,
        "d7d6": 0.0022404352203011513
      },
      "other_mass": 0.009234464625478722
    },
    "d2d4": {
      "fen_after_white": "rnbqkbnr/pppppppp/8/8/3P4/8/PPP1PPPP/RNBQKBNR b KQkq - 0 1",
      "black_reply_probs": {
        "c7c5": 0.0012979876482859254,
        "e7e5": 0.013202366419136524,
        "e7e6": 0.00014683046902064234,
        "c7c6": 1.4935614672140218e-05,
        "d7d5": 0.015173355117440224,
        "g8f6": 0.9687536358833313,
        "g7g6": 0.0006971141556277871,
        "d7d6": 5.839749428560026e-05
      },
      "other_mass": 0.000655377198199858
    },
    "c2c4": {
      "fen_after_white": "rnbqkbnr/pppppppp/8/8/2P5/8/PP1PPPPP/RNBQKBNR b KQkq - 0 1",
      "black_reply_probs": {
        "c7c5": 0.003587745362892747,
        "e7e5": 0.29995182156562805,
        "e7e6": 7.284565072041005e-05,
        "c7c6": 2.2032007109373808e-05,
        "d7d5": 0.00343660032376647,
        "g8f6": 0.6899743676185608,
        "g7g6": 0.0005471975891850889,
        "d7d6": 0.000251754216151312
      },
      "other_mass": 0.0021556356659857556
    },
    "g1f3": {
      "fen_after_white": "rnbqkbnr/pppppppp/8/8/8/5N2/PPPPPPPP/RNBQKB1R b KQkq - 1 1",
      "black_reply_probs": {
        "c7c5": 0.03560098633170128,
        "e7e5": 0.13657121360301971,
        "e7e6": 5.2990821131970733e-05,
        "c7c6": 2.625080378493294e-05,
        "d7d5": 0.06167040765285492,
        "g8f6": 0.7582179307937622,
        "g7g6": 0.000560558692086488,
        "d7d6": 0.00019330368377268314
      },
      "other_mass": 0.007106357617885806
    },
    "g2g3": {
      "fen_after_white": "rnbqkbnr/pppppppp/8/8/8/6P1/PPPPPP1P/RNBQKBNR b KQkq - 0 1",
      "black_reply_probs": {
        "c7c5": 0.019776297733187675,
        "e7e5": 0.6870743632316589,
        "e7e6": 9.398109250469133e-05,
        "c7c6": 8.021244866540655e-05,
        "d7d5": 0.09360501170158386,
        "g8f6": 0.19488170742988586,
        "g7g6": 0.0002377847267780453,
        "d7d6": 0.0002543051668908447
      },
      "other_mass": 0.0039963364688446745
    },
    "b2b3": {
      "fen_after_white": "rnbqkbnr/pppppppp/8/8/8/1P6/P1PPPPPP/RNBQKBNR b KQkq - 0 1",
      "black_reply_probs": {
        "c7c5": 0.00529099628329277,
        "e7e5": 0.781040370464325,
        "e7e6": 0.00027641101041808724,
        "c7c6": 4.1008028347278014e-05,
        "d7d5": 0.03833647444844246,
        "g8f6": 0.16995176672935486,
        "g7g6": 0.0010036836611106992,
        "d7d6": 0.00011943768913624808
      },
      "other_mass": 0.003939851685572648
    },
    "f2f4": {
      "fen_after_white": "rnbqkbnr/pppppppp/8/8/5P2/8/PPPPP1PP/RNBQKBNR b KQkq - 0 1",
      "black_reply_probs": {
        "c7c5": 0.04313953220844269,
        "e7e5": 0.6128233671188354,
        "e7e6": 0.001621574629098177,
        "c7c6": 0.00026884087128564715,
        "d7d5": 0.09031028300523758,
        "g8f6": 0.24513459205627441,
        "g7g6": 0.0009775295620784163,
        "d7d6": 0.0008001962560229003
      },
      "other_mass": 0.004924084292724729
    },
    "b2b4": {
      "fen_after_white": "rnbqkbnr/pppppppp/8/8/1P6/8/P1PPPPPP/RNBQKBNR b KQkq - 0 1",
      "black_reply_probs": {
        "c7c5": 0.0008289345423690975,
        "e7e5": 0.8095474243164062,
        "e7e6": 0.0017843482783064246,
        "c7c6": 0.00024402864801231772,
        "d7d5": 0.05466094985604286,
        "g8f6": 0.12659068405628204,
        "g7g6": 0.002592218341305852,
        "d7d6": 0.0008158193086273968
      },
      "other_mass": 0.002935592652647756
    },
    "a2a4": {
      "fen_after_white": "rnbqkbnr/pppppppp/8/8/P7/8/1PPPPPPP/RNBQKBNR b KQkq - 0 1",
      "black_reply_probs": {
        "c7c5": 0.013377061113715172,
        "e7e5": 0.651911735534668,
        "e7e6": 0.00010541000665398315,
        "c7c6": 9.721238893689588e-05,
        "d7d5": 0.05162624269723892,
        "g8f6": 0.27902546525001526,
        "g7g6": 0.00012198132026242092,
        "d7d6": 0.00032146318699233234
      },
      "other_mass": 0.0034134285015170462
    }
  },
  "meta": {
    "elo_self": 2800,
    "elo_oppo": 2800,
    "temperature": 1.0,
    "maia_type": "blitz",
    "white_moves_probed": [
      "e2e4",
      "d2d4",
      "c2c4",
      "g1f3",
      "g2g3",
      "b2b3",
      "f2f4",
      "b2b4",
      "a2a4"
    ],
    "black_replies_probed": [
      "c7c5",
      "e7e5",
      "e7e6",
      "c7c6",
      "d7d5",
      "g8f6",
      "g7g6",
      "d7d6"
    ]
  }
}