{
  "white_first_move_probs": {
    "e2e4": 0.07481180876493454,
    "d2d4": 0.004859467037022114,
    "c2c4": 1.513013648946071e-05,
    "g1f3": 0.9040759801864624,
    "g2g3": 6.697815933875972e-06,
    "b2b3": 2.3556992800877197e-08,
    "f2f4": 1.4482598089671228e-06,
    "b2b4": 6.458340973125587e-09,
    "a2a4": 1.4289740224437963e-10
  },
  "white_other_mass": 0.016229437641117506,
  "black_reply_probs_cond_on_white": {
    "e2e4": {
      "fen_after_white": "rnbqkbnr/pppppppp/8/8/4P3/8/PPPP1PPP/RNBQKBNR b KQkq - 0 1",
      "black_reply_probs": {
        "c7c5": 0.00253408495336771,
        "e7e5": 0.46307194232940674,
        "e7e6": 5.373784915718716e-06,
        "c7c6": 1.1809666830231436e-05,
        "d7d5": 0.018744971603155136,
        "g8f6": 0.5151250958442688,
        "g7g6": 1.3263613254821394e-05,
        "d7d6": 8.208920917240903e-06
      },
      "other_mass": 0.0004852492838836042
    },
    "d2d4": {
      "fen_after_white": "rnbqkbnr/pppppppp/8/8/3P4/8/PPP1PPPP/RNBQKBNR b KQkq - 0 1",
      "black_reply_probs": {
        "c7c5": 1.1793016483352403e-06,
        "e7e5": 0.01014864444732666,
        "e7e6": 1.3751431993114238e-07,
        "c7c6": 2.4728215919367358e-08,
        "d7d5": 0.003046983852982521,
        "g8f6": 0.9846493601799011,
        "g7g6": 1.2506870916695334e-05,
        "d7d6": 6.62602928969136e-07
      },
      "other_mass": 0.0021405005017598455
    },
    "c2c4": {
      "fen_after_white": "rnbqkbnr/pppppppp/8/8/2P5/8/PP1PPPPP/RNBQKBNR b KQkq - 0 1",
      "black_reply_probs": {
        "c7c5": 1.4052887308935169e-05,
        "e7e5": 0.059998512268066406,
        "e7e6": 1.0031074282323971e-07,
        "c7c6": 7.453636641230332e-08,
        "d7d5": 0.0007593431510031223,
        "g8f6": 0.9380210638046265,
        "g7g6": 8.487864761264063e-06,
        "d7d6": 2.3600832719239406e-06
      },
      "other_mass": 0.0011960050938526479
    },
    "g1f3": {
      "fen_after_white": "rnbqkbnr/pppppppp/8/8/8/5N2/PPPPPPPP/RNBQKB1R b KQkq - 1 1",
      "black_reply_probs": {
        "c7c5": 5.225908353168052e-06,
        "e7e5": 0.013560852967202663,
        "e7e6": 5.8348053499912567e-08,
        "c7c6": 4.1719598442568895e-08,
        "d7d5": 0.0024501015432178974,
        "g8f6": 0.9791139960289001,
        "g7g6": 2.835704799508676e-05,
        "d7d6": 6.599545940844109e-07
      },
      "other_mass": 0.004840706482085011
    },
    "g2g3": {
      "fen_after_white": "rnbqkbnr/pppppppp/8/8/8/6P1/PPPPPP1P/RNBQKBNR b KQkq - 0 1",
      "black_reply_probs": {
        "c7c5": 2.6863444873015396e-05,
        "e7e5": 0.1737288534641266,
        "e7e6": 1.6931399215991405e-07,
        "c7c6": 3.474979166639969e-07,
        "d7d5": 0.013197140768170357,
        "g8f6": 0.8112871050834656,
        "g7g6": 1.4077564628678374e-05,
        "d7d6": 2.7777132345363498e-06
      },
      "other_mass": 0.0017426651495924261
    },
    "b2b3": {
      "fen_after_white": "rnbqkbnr/pppppppp/8/8/8/1P6/P1PPPPPP/RNBQKBNR b KQkq - 0 1",
      "black_reply_probs": {
        "c7c5": 2.5334436486446066e-06,
        "e7e5": 0.09847401082515717,
        "e7e6": 2.27301725885809e-07,
        "c7c6": 3.861128661242219e-08,
        "d7d5": 0.005676799453794956,
        "g8f6": 0.8784563541412354,
        "g7g6": 1.64355369633995e-05,
        "d7d6": 5.092232413517195e-07
      },
      "other_mass": 0.017373091462946633
    },
    "f2f4": {
      "fen_after_white": "rnbqkbnr/pppppppp/8/8/5P2/8/PPPPP1PP/RNBQKBNR b KQkq - 0 1",
      "black_reply_probs": {
        "c7c5": 7.980071131896693e-06,
        "e7e5": 0.21293023228645325,
        "e7e6": 4.471982606446545e-07,
        "c7c6": 9.034433645638273e-08,
        "d7d5": 0.005697954446077347,
        "g8f6": 0.7776892185211182,
        "g7g6": 3.654400188679574e-06,
        "d7d6": 1.7822713971327175e-06
      },
      "other_mass": 0.003668640461036432
    },
    "b2b4": {
      "fen_after_white": "rnbqkbnr/pppppppp/8/8/1P6/8/P1PPPPPP/RNBQKBNR b KQkq - 0 1",
      "black_reply_probs": {
        "c7c5": 1.5114660527615342e-06,
        "e7e5": 0.29794368147850037,
        "e7e6": 1.4112320059211925e-06,
        "c7c6": 1.901957347172356e-07,
        "d7d5": 0.012994261458516121,
        "g8f6": 0.6869006752967834,
        "g7g6": 1.3288417903822847e-05,
        "d7d6": 1.461874376218475e-06
      },
      "other_mass": 0.0021435185801266243
    },
    "a2a4": {
      "fen_after_white": "rnbqkbnr/pppppppp/8/8/P7/8/1PPPPPPP/RNBQKBNR b KQkq - 0 1",
      "black_reply_probs": {
        "c7c5": 4.7138866648310795e-05,
        "e7e5": 0.10589039325714111,
        "e7e6": 2.7891059062312706e-07,
        "c7c6": 1.3708011010749033e-06,
        "d7d5": 0.019326383247971535,
        "g8f6": 0.8709679841995239,
        "g7g6": 3.520134214340942e-06,
        "d7d6": 8.396405974053778e-06
      },
      "other_mass": 0.0037545341768350227
    }
  },
  "meta": {
    "elo_self": 2800,
    "elo_oppo": 2800,
    "temperature": 1.0,
    "maia_type": "blitz",
    "white_moves_probed": [
      "e2e4",
      "d2d4",
      "c2c4",
      "g1f3",
      "g2g3",
      "b2b3",
      "f2f4",
      "b2b4",
      "a2a4"
    ],
    "black_replies_probed": [
      "c7c5",
      "e7e5",
      "e7e6",
      "c7c6",
      "d7d5",
      "g8f6",
      "g7g6",
      "d7d6"
    ]
  }
}