{
  "white_first_move_probs": {
    "e2e4": 0.9276022911071777,
    "d2d4": 0.02033749222755432,
    "c2c4": 0.010365287773311138,
    "g1f3": 0.0403277650475502,
    "g2g3": 7.799595914548263e-05,
    "b2b3": 8.784006240603048e-06,
    "f2f4": 2.0532615963020362e-05,
    "b2b4": 7.006416922195058e-07,
    "a2a4": 1.2360439995973138e-06
  },
  "white_other_mass": 0.001257914577365682,
  "black_reply_probs_cond_on_white": {
    "e2e4": {
      "fen_after_white": "rnbqkbnr/pppppppp/8/8/4P3/8/PPPP1PPP/RNBQKBNR b KQkq - 0 1",
      "black_reply_probs": {
        "c7c5": 0.6898248791694641,
        "e7e5": 0.19236771762371063,
        "e7e6": 0.0015313579933717847,
        "c7c6": 0.019027484580874443,
        "d7d5": 0.07026751339435577,
        "g8f6": 0.015700796619057655,
        "g7g6": 0.000531999219674617,
        "d7d6": 0.0033403909765183926
      },
      "other_mass": 0.00740786042297259
    },
    "d2d4": {
      "fen_after_white": "rnbqkbnr/pppppppp/8/8/3P4/8/PPP1PPPP/RNBQKBNR b KQkq - 0 1",
      "black_reply_probs": {
        "c7c5": 0.0016590483719483018,
        "e7e5": 0.01680266484618187,
        "e7e6": 0.00039749362622387707,
        "c7c6": 3.638640555436723e-05,
        "d7d5": 0.0140396598726511,
        "g8f6": 0.9628230929374695,
        "g7g6": 0.0029200406279414892,
        "d7d6": 7.236708188429475e-05
      },
      "other_mass": 0.0012492462301452179
    },
    "c2c4": {
      "fen_after_white": "rnbqkbnr/pppppppp/8/8/2P5/8/PP1PPPPP/RNBQKBNR b KQkq - 0 1",
      "black_reply_probs": {
        "c7c5": 0.004474887158721685,
        "e7e5": 0.5897164344787598,
        "e7e6": 0.00010438781464472413,
        "c7c6": 3.788269532378763e-05,
        "d7d5": 0.0023493273183703423,
        "g8f6": 0.40066787600517273,
        "g7g6": 0.0011721039190888405,
        "d7d6": 0.0002422194229438901
      },
      "other_mass": 0.0012348811869742349
    },
    "g1f3": {
      "fen_after_white": "rnbqkbnr/pppppppp/8/8/8/5N2/PPPPPPPP/RNBQKB1R b KQkq - 1 1",
      "black_reply_probs": {
        "c7c5": 0.06746207922697067,
        "e7e5": 0.22063584625720978,
        "e7e6": 0.00015885778702795506,
        "c7c6": 9.63213387876749e-05,
        "d7d5": 0.08204306662082672,
        "g8f6": 0.6182529330253601,
        "g7g6": 0.0018112662946805358,
        "d7d6": 0.0003558345779310912
      },
      "other_mass": 0.009183794871205464
    },
    "g2g3": {
      "fen_after_white": "rnbqkbnr/pppppppp/8/8/8/6P1/PPPPPP1P/RNBQKBNR b KQkq - 0 1",
      "black_reply_probs": {
        "c7c5": 0.019944364205002785,
        "e7e5": 0.8034931421279907,
        "e7e6": 0.00014770650886930525,
        "c7c6": 0.00012010251521132886,
        "d7d5": 0.06131076067686081,
        "g8f6": 0.11145693063735962,
        "g7g6": 0.00041161110857501626,
        "d7d6": 0.00024407138698734343
      },
      "other_mass": 0.0028713108331430703
    },
    "b2b3": {
      "fen_after_white": "rnbqkbnr/pppppppp/8/8/8/1P6/P1PPPPPP/RNBQKBNR b KQkq - 0 1",
      "black_reply_probs": {
        "c7c5": 0.0029859996866434813,
        "e7e5": 0.8904115557670593,
        "e7e6": 0.00041046986007131636,
        "c7c6": 4.678309414885007e-05,
        "d7d5": 0.018490973860025406,
        "g8f6": 0.08392316848039627,
        "g7g6": 0.0017800572095438838,
        "d7d6": 8.07089963927865e-05
      },
      "other_mass": 0.0018702830457186792
    },
    "f2f4": {
      "fen_after_white": "rnbqkbnr/pppppppp/8/8/5P2/8/PPPPP1PP/RNBQKBNR b KQkq - 0 1",
      "black_reply_probs": {
        "c7c5": 0.05650604888796806,
        "e7e5": 0.6517332792282104,
        "e7e6": 0.004640723578631878,
        "c7c6": 0.0007069529965519905,
        "d7d5": 0.10278026014566422,
        "g8f6": 0.1746021807193756,
        "g7g6": 0.0027067577466368675,
        "d7d6": 0.0013453637948259711
      },
      "other_mass": 0.004978432902134955
    },
    "b2b4": {
      "fen_after_white": "rnbqkbnr/pppppppp/8/8/1P6/8/P1PPPPPP/RNBQKBNR b KQkq - 0 1",
      "black_reply_probs": {
        "c7c5": 0.0006621762877330184,
        "e7e5": 0.83729088306427,
        "e7e6": 0.0033820157404989004,
        "c7c6": 0.00043575308518484235,
        "d7d5": 0.038554515689611435,
        "g8f6": 0.1084059402346611,
        "g7g6": 0.0065865968354046345,
        "d7d6": 0.0008464187267236412
      },
      "other_mass": 0.0038357003359124064
    },
    "a2a4": {
      "fen_after_white": "rnbqkbnr/pppppppp/8/8/P7/8/1PPPPPPP/RNBQKBNR b KQkq - 0 1",
      "black_reply_probs": {
        "c7c5": 0.008485967293381691,
        "e7e5": 0.854587972164154,
        "e7e6": 0.00012631267600227147,
        "c7c6": 0.00012374711513984948,
        "d7d5": 0.025195635855197906,
        "g8f6": 0.10963832587003708,
        "g7g6": 0.00014983987784944475,
        "d7d6": 0.00019574680482037365
      },
      "other_mass": 0.0014964523434173316
    }
  },
  "meta": {
    "elo_self": 2800,
    "elo_oppo": 2800,
    "temperature": 1.0,
    "maia_type": "blitz",
    "white_moves_probed": [
      "e2e4",
      "d2d4",
      "c2c4",
      "g1f3",
      "g2g3",
      "b2b3",
      "f2f4",
      "b2b4",
      "a2a4"
    ],
    "black_replies_probed": [
      "c7c5",
      "e7e5",
      "e7e6",
      "c7c6",
      "d7d5",
      "g8f6",
      "g7g6",
      "d7d6"
    ]
  }
}