{
  "white_first_move_probs": {
    "e2e4": 0.6189207434654236,
    "d2d4": 9.160746117231611e-08,
    "c2c4": 1.0515333395688664e-11,
    "g1f3": 0.38107916712760925,
    "g2g3": 3.727754364148305e-18,
    "b2b3": 8.130973880455918e-22,
    "f2f4": 4.5560489408322575e-17,
    "b2b4": 2.3819286123923847e-19,
    "a2a4": 1.632194391441526e-23
  },
  "white_other_mass": 0.0,
  "black_reply_probs_cond_on_white": {
    "e2e4": {
      "fen_after_white": "rnbqkbnr/pppppppp/8/8/4P3/8/PPPP1PPP/RNBQKBNR b KQkq - 0 1",
      "black_reply_probs": {
        "c7c5": 2.2611276406792058e-08,
        "e7e5": 0.8950865864753723,
        "e7e6": 5.52690217810875e-13,
        "c7c6": 5.236709066250297e-17,
        "d7d5": 1.0722133083618246e-06,
        "g8f6": 0.10491237044334412,
        "g7g6": 4.480854583556492e-16,
        "d7d6": 1.385291892048307e-13
      },
      "other_mass": 0.0
    },
    "d2d4": {
      "fen_after_white": "rnbqkbnr/pppppppp/8/8/3P4/8/PPP1PPPP/RNBQKBNR b KQkq - 0 1",
      "black_reply_probs": {
        "c7c5": 5.537602711450096e-13,
        "e7e5": 0.03948821872472763,
        "e7e6": 2.906887267177592e-15,
        "c7c6": 1.731015382002684e-21,
        "d7d5": 3.0958713637119217e-07,
        "g8f6": 0.9605113863945007,
        "g7g6": 5.4283304182318814e-17,
        "d7d6": 5.295228587342627e-16
      },
      "other_mass": 8.529307804483466e-08
    },
    "c2c4": {
      "fen_after_white": "rnbqkbnr/pppppppp/8/8/2P5/8/PP1PPPPP/RNBQKBNR b KQkq - 0 1",
      "black_reply_probs": {
        "c7c5": 8.08932695134379e-12,
        "e7e5": 0.12978656589984894,
        "e7e6": 2.2355334001068067e-15,
        "c7c6": 2.078097095465988e-20,
        "d7d5": 4.703305478415132e-08,
        "g8f6": 0.8702134490013123,
        "g7g6": 3.14975554183616e-17,
        "d7d6": 1.2936844317698072e-15
      },
      "other_mass": 0.0
    },
    "g1f3": {
      "fen_after_white": "rnbqkbnr/pppppppp/8/8/8/5N2/PPPPPPPP/RNBQKB1R b KQkq - 1 1",
      "black_reply_probs": {
        "c7c5": 1.818104868045456e-11,
        "e7e5": 0.11008673906326294,
        "e7e6": 6.917997601098465e-16,
        "c7c6": 6.2522111365490314e-21,
        "d7d5": 1.8346447916428588e-07,
        "g8f6": 0.8899130821228027,
        "g7g6": 1.9309762122080757e-17,
        "d7d6": 4.891337337707767e-16
      },
      "other_mass": 0.0
    },
    "g2g3": {
      "fen_after_white": "rnbqkbnr/pppppppp/8/8/8/6P1/PPPPPP1P/RNBQKBNR b KQkq - 0 1",
      "black_reply_probs": {
        "c7c5": 3.589762861966328e-11,
        "e7e5": 0.5574328899383545,
        "e7e6": 6.576839199724034e-16,
        "c7c6": 5.1468925778328254e-20,
        "d7d5": 4.622633298367873e-07,
        "g8f6": 0.4425666332244873,
        "g7g6": 2.4525081290307168e-17,
        "d7d6": 8.117936767310021e-16
      },
      "other_mass": 1.4537929304836439e-08
    },
    "b2b3": {
      "fen_after_white": "rnbqkbnr/pppppppp/8/8/8/1P6/P1PPPPPP/RNBQKBNR b KQkq - 0 1",
      "black_reply_probs": {
        "c7c5": 7.155032995124003e-14,
        "e7e5": 0.6401245594024658,
        "e7e6": 6.711570907292263e-16,
        "c7c6": 1.203994223428138e-22,
        "d7d5": 2.0974544767682346e-08,
        "g8f6": 0.3598754405975342,
        "g7g6": 9.712291531454621e-18,
        "d7d6": 1.8786891330718637e-17
      },
      "other_mass": 0.0
    },
    "f2f4": {
      "fen_after_white": "rnbqkbnr/pppppppp/8/8/5P2/8/PPPPP1PP/RNBQKBNR b KQkq - 0 1",
      "black_reply_probs": {
        "c7c5": 7.502139881543357e-11,
        "e7e5": 0.41240325570106506,
        "e7e6": 1.712647933898876e-14,
        "c7c6": 1.2272016671154627e-19,
        "d7d5": 6.505031819870055e-07,
        "g8f6": 0.5875961184501648,
        "g7g6": 4.770855503639213e-17,
        "d7d6": 4.936425854402179e-15
      },
      "other_mass": 0.0
    },
    "b2b4": {
      "fen_after_white": "rnbqkbnr/pppppppp/8/8/1P6/8/P1PPPPPP/RNBQKBNR b KQkq - 0 1",
      "black_reply_probs": {
        "c7c5": 9.54820668060477e-14,
        "e7e5": 0.7226752638816833,
        "e7e6": 1.3334902369062547e-14,
        "c7c6": 2.1839264537890518e-21,
        "d7d5": 7.345545327552827e-08,
        "g8f6": 0.2773245871067047,
        "g7g6": 1.1119251307152192e-17,
        "d7d6": 9.737089082729981e-17
      },
      "other_mass": 7.555604975006958e-08
    },
    "a2a4": {
      "fen_after_white": "rnbqkbnr/pppppppp/8/8/P7/8/1PPPPPPP/RNBQKBNR b KQkq - 0 1",
      "black_reply_probs": {
        "c7c5": 3.5437314974823275e-12,
        "e7e5": 0.5830445885658264,
        "e7e6": 9.207214255336355e-16,
        "c7c6": 3.368865912445532e-20,
        "d7d5": 3.0955132501730986e-07,
        "g8f6": 0.4169550836086273,
        "g7g6": 2.222129932551481e-18,
        "d7d6": 5.996942973979203e-16
      },
      "other_mass": 1.827067608317634e-08
    }
  },
  "meta": {
    "elo_self": 2800,
    "elo_oppo": 2800,
    "temperature": 1.0,
    "maia_type": "blitz",
    "white_moves_probed": [
      "e2e4",
      "d2d4",
      "c2c4",
      "g1f3",
      "g2g3",
      "b2b3",
      "f2f4",
      "b2b4",
      "a2a4"
    ],
    "black_replies_probed": [
      "c7c5",
      "e7e5",
      "e7e6",
      "c7c6",
      "d7d5",
      "g8f6",
      "g7g6",
      "d7d6"
    ]
  }
}