{
  "white_first_move_probs": {
    "e2e4": 0.8759485483169556,
    "d2d4": 0.030302515253424644,
    "c2c4": 0.01597394049167633,
    "g1f3": 0.07565070688724518,
    "g2g3": 0.00015205155068542808,
    "b2b3": 1.6937818145379424e-05,
    "f2f4": 6.947373185539618e-05,
    "b2b4": 1.4585327789973235e-06,
    "a2a4": 4.323468601796776e-06
  },
  "white_other_mass": 0.0018800439486312825,
  "black_reply_probs_cond_on_white": {
    "e2e4": {
      "fen_after_white": "rnbqkbnr/pppppppp/8/8/4P3/8/PPPP1PPP/RNBQKBNR b KQkq - 0 1",
      "black_reply_probs": {
        "c7c5": 0.46764522790908813,
        "e7e5": 0.3265106976032257,
        "e7e6": 0.002402408281341195,
        "c7c6": 0.00954046193510294,
        "d7d5": 0.11232008039951324,
        "g8f6": 0.06223108619451523,
        "g7g6": 0.0010981470113620162,
        "d7d6": 0.0051484364084899426
      },
      "other_mass": 0.01310345425736159
    },
    "d2d4": {
      "fen_after_white": "rnbqkbnr/pppppppp/8/8/3P4/8/PPP1PPPP/RNBQKBNR b KQkq - 0 1",
      "black_reply_probs": {
        "c7c5": 0.007239173632115126,
        "e7e5": 0.07916226238012314,
        "e7e6": 0.0012935898266732693,
        "c7c6": 0.00027523760218173265,
        "d7d5": 0.07839310169219971,
        "g8f6": 0.8264771699905396,
        "g7g6": 0.004350130911916494,
        "d7d6": 0.0006819620030000806
      },
      "other_mass": 0.0021273719612509012
    },
    "c2c4": {
      "fen_after_white": "rnbqkbnr/pppppppp/8/8/2P5/8/PP1PPPPP/RNBQKBNR b KQkq - 0 1",
      "black_reply_probs": {
        "c7c5": 0.007934455759823322,
        "e7e5": 0.6426063776016235,
        "e7e6": 0.0003411299258004874,
        "c7c6": 0.0001613388885743916,
        "d7d5": 0.007430707104504108,
        "g8f6": 0.33496880531311035,
        "g7g6": 0.0016690295888110995,
        "d7d6": 0.0010544261895120144
      },
      "other_mass": 0.0038337296282406896
    },
    "g1f3": {
      "fen_after_white": "rnbqkbnr/pppppppp/8/8/8/5N2/PPPPPPPP/RNBQKB1R b KQkq - 1 1",
      "black_reply_probs": {
        "c7c5": 0.03981119766831398,
        "e7e5": 0.36595940589904785,
        "e7e6": 0.0002799397916533053,
        "c7c6": 0.00011716240260284394,
        "d7d5": 0.06705954670906067,
        "g8f6": 0.5169928669929504,
        "g7g6": 0.0015124573837965727,
        "d7d6": 0.0006293560145422816
      },
      "other_mass": 0.007638067138032056
    },
    "g2g3": {
      "fen_after_white": "rnbqkbnr/pppppppp/8/8/8/6P1/PPPPPP1P/RNBQKBNR b KQkq - 0 1",
      "black_reply_probs": {
        "c7c5": 0.020631348714232445,
        "e7e5": 0.7391502857208252,
        "e7e6": 0.0002663361665327102,
        "c7c6": 0.00030230305856093764,
        "d7d5": 0.08011744171380997,
        "g8f6": 0.15403532981872559,
        "g7g6": 0.000626402092166245,
        "d7d6": 0.0005952550563961267
      },
      "other_mass": 0.004275297658750787
    },
    "b2b3": {
      "fen_after_white": "rnbqkbnr/pppppppp/8/8/8/1P6/P1PPPPPP/RNBQKBNR b KQkq - 0 1",
      "black_reply_probs": {
        "c7c5": 0.0072279805317521095,
        "e7e5": 0.8459880948066711,
        "e7e6": 0.000880539882928133,
        "c7c6": 0.0001802041515475139,
        "d7d5": 0.04210127517580986,
        "g8f6": 0.09699536859989166,
        "g7g6": 0.002205191645771265,
        "d7d6": 0.0004458156181499362
      },
      "other_mass": 0.003975529587478377
    },
    "f2f4": {
      "fen_after_white": "rnbqkbnr/pppppppp/8/8/5P2/8/PPPPP1PP/RNBQKBNR b KQkq - 0 1",
      "black_reply_probs": {
        "c7c5": 0.04764700308442116,
        "e7e5": 0.6789947152137756,
        "e7e6": 0.002694445662200451,
        "c7c6": 0.0009044717880897224,
        "d7d5": 0.08777040988206863,
        "g8f6": 0.17314009368419647,
        "g7g6": 0.0015529681695625186,
        "d7d6": 0.0018891466315835714
      },
      "other_mass": 0.005406745884101838
    },
    "b2b4": {
      "fen_after_white": "rnbqkbnr/pppppppp/8/8/1P6/8/P1PPPPPP/RNBQKBNR b KQkq - 0 1",
      "black_reply_probs": {
        "c7c5": 0.0020742276683449745,
        "e7e5": 0.8275480270385742,
        "e7e6": 0.003728596493601799,
        "c7c6": 0.0007995166815817356,
        "d7d5": 0.05888484790921211,
        "g8f6": 0.09296686202287674,
        "g7g6": 0.006079836282879114,
        "d7d6": 0.002288870746269822
      },
      "other_mass": 0.005629215156659484
    },
    "a2a4": {
      "fen_after_white": "rnbqkbnr/pppppppp/8/8/P7/8/1PPPPPPP/RNBQKBNR b KQkq - 0 1",
      "black_reply_probs": {
        "c7c5": 0.012995281256735325,
        "e7e5": 0.7675718069076538,
        "e7e6": 0.00030515025719068944,
        "c7c6": 0.0003582504577934742,
        "d7d5": 0.05088581517338753,
        "g8f6": 0.16297690570354462,
        "g7g6": 0.0004069075803272426,
        "d7d6": 0.000811197969596833
      },
      "other_mass": 0.003688684693770483
    }
  },
  "meta": {
    "elo_self": 2800,
    "elo_oppo": 2800,
    "temperature": 1.0,
    "maia_type": "blitz",
    "white_moves_probed": [
      "e2e4",
      "d2d4",
      "c2c4",
      "g1f3",
      "g2g3",
      "b2b3",
      "f2f4",
      "b2b4",
      "a2a4"
    ],
    "black_replies_probed": [
      "c7c5",
      "e7e5",
      "e7e6",
      "c7c6",
      "d7d5",
      "g8f6",
      "g7g6",
      "d7d6"
    ]
  }
}