{
  "white_first_move_probs": {
    "e2e4": 0.8908717632293701,
    "d2d4": 0.03861840069293976,
    "c2c4": 0.01617657206952572,
    "g1f3": 0.05283092334866524,
    "g2g3": 6.181448407005519e-05,
    "b2b3": 1.9605346096795984e-05,
    "f2f4": 5.4293868743116036e-05,
    "b2b4": 1.7007924952849862e-06,
    "a2a4": 5.3716544243798126e-06
  },
  "white_other_mass": 0.0013595545136695364,
  "black_reply_probs_cond_on_white": {
    "e2e4": {
      "fen_after_white": "rnbqkbnr/pppppppp/8/8/4P3/8/PPPP1PPP/RNBQKBNR b KQkq - 0 1",
      "black_reply_probs": {
        "c7c5": 0.6373057961463928,
        "e7e5": 0.21018318831920624,
        "e7e6": 0.0015774137573316693,
        "c7c6": 0.02161884494125843,
        "d7d5": 0.10077931731939316,
        "g8f6": 0.015028845518827438,
        "g7g6": 0.0002518685068935156,
        "d7d6": 0.0041677397675812244
      },
      "other_mass": 0.009086985723115504
    },
    "d2d4": {
      "fen_after_white": "rnbqkbnr/pppppppp/8/8/3P4/8/PPP1PPPP/RNBQKBNR b KQkq - 0 1",
      "black_reply_probs": {
        "c7c5": 0.0038834502920508385,
        "e7e5": 0.026544995605945587,
        "e7e6": 0.000823324138764292,
        "c7c6": 0.00015944968617986888,
        "d7d5": 0.05572643503546715,
        "g8f6": 0.9101664423942566,
        "g7g6": 0.0012016871478408575,
        "d7d6": 0.0002592387318145484
      },
      "other_mass": 0.001234976967680268
    },
    "c2c4": {
      "fen_after_white": "rnbqkbnr/pppppppp/8/8/2P5/8/PP1PPPPP/RNBQKBNR b KQkq - 0 1",
      "black_reply_probs": {
        "c7c5": 0.006347850896418095,
        "e7e5": 0.5838803648948669,
        "e7e6": 0.0002655884891282767,
        "c7c6": 0.00012087739014532417,
        "d7d5": 0.005253908224403858,
        "g8f6": 0.3999742567539215,
        "g7g6": 0.0007391768740490079,
        "d7d6": 0.0006308824522420764
      },
      "other_mass": 0.00278709402482491
    },
    "g1f3": {
      "fen_after_white": "rnbqkbnr/pppppppp/8/8/8/5N2/PPPPPPPP/RNBQKB1R b KQkq - 1 1",
      "black_reply_probs": {
        "c7c5": 0.07459177821874619,
        "e7e5": 0.1866960972547531,
        "e7e6": 0.00024275829491671175,
        "c7c6": 0.00022449009702540934,
        "d7d5": 0.12710361182689667,
        "g8f6": 0.6008076667785645,
        "g7g6": 0.0009009969653561711,
        "d7d6": 0.0007068358827382326
      },
      "other_mass": 0.008725764681003056
    },
    "g2g3": {
      "fen_after_white": "rnbqkbnr/pppppppp/8/8/8/6P1/PPPPPP1P/RNBQKBNR b KQkq - 0 1",
      "black_reply_probs": {
        "c7c5": 0.024366378784179688,
        "e7e5": 0.7291852831840515,
        "e7e6": 0.00019541475921869278,
        "c7c6": 0.0003253757022321224,
        "d7d5": 0.09956078976392746,
        "g8f6": 0.141739159822464,
        "g7g6": 0.0002866685972549021,
        "d7d6": 0.0004500795330386609
      },
      "other_mass": 0.0038908498536329716
    },
    "b2b3": {
      "fen_after_white": "rnbqkbnr/pppppppp/8/8/8/1P6/P1PPPPPP/RNBQKBNR b KQkq - 0 1",
      "black_reply_probs": {
        "c7c5": 0.007037670351564884,
        "e7e5": 0.8405063152313232,
        "e7e6": 0.000498975336086005,
        "c7c6": 0.00016532541485503316,
        "d7d5": 0.043565135449171066,
        "g8f6": 0.10371441394090652,
        "g7g6": 0.000979053322225809,
        "d7d6": 0.0001983513357117772
      },
      "other_mass": 0.0033347596181556582
    },
    "f2f4": {
      "fen_after_white": "rnbqkbnr/pppppppp/8/8/5P2/8/PPPPP1PP/RNBQKBNR b KQkq - 0 1",
      "black_reply_probs": {
        "c7c5": 0.0845184251666069,
        "e7e5": 0.5306010842323303,
        "e7e6": 0.0034189410507678986,
        "c7c6": 0.0016818741569295526,
        "d7d5": 0.14639045298099518,
        "g8f6": 0.22227518260478973,
        "g7g6": 0.0016469545662403107,
        "d7d6": 0.0018240403151139617
      },
      "other_mass": 0.007643044926226139
    },
    "b2b4": {
      "fen_after_white": "rnbqkbnr/pppppppp/8/8/1P6/8/P1PPPPPP/RNBQKBNR b KQkq - 0 1",
      "black_reply_probs": {
        "c7c5": 0.0016699942061677575,
        "e7e5": 0.821498453617096,
        "e7e6": 0.0028852627146989107,
        "c7c6": 0.0008834643522277474,
        "d7d5": 0.05669950321316719,
        "g8f6": 0.10791654884815216,
        "g7g6": 0.0023978869430720806,
        "d7d6": 0.00102924311067909
      },
      "other_mass": 0.005019642994739115
    },
    "a2a4": {
      "fen_after_white": "rnbqkbnr/pppppppp/8/8/P7/8/1PPPPPPP/RNBQKBNR b KQkq - 0 1",
      "black_reply_probs": {
        "c7c5": 0.012187007814645767,
        "e7e5": 0.7796301245689392,
        "e7e6": 0.00017965973529499024,
        "c7c6": 0.0002645795757416636,
        "d7d5": 0.048251230269670486,
        "g8f6": 0.1563161015510559,
        "g7g6": 0.00011886588617926463,
        "d7d6": 0.00043313915375620127
      },
      "other_mass": 0.0026192914447165094
    }
  },
  "meta": {
    "elo_self": 2800,
    "elo_oppo": 2800,
    "temperature": 1.0,
    "maia_type": "blitz",
    "white_moves_probed": [
      "e2e4",
      "d2d4",
      "c2c4",
      "g1f3",
      "g2g3",
      "b2b3",
      "f2f4",
      "b2b4",
      "a2a4"
    ],
    "black_replies_probed": [
      "c7c5",
      "e7e5",
      "e7e6",
      "c7c6",
      "d7d5",
      "g8f6",
      "g7g6",
      "d7d6"
    ]
  }
}