{
  "white_first_move_probs": {
    "e2e4": 0.8543741703033447,
    "d2d4": 0.02678563818335533,
    "c2c4": 0.007542133796960115,
    "g1f3": 0.10886851698160172,
    "g2g3": 0.00016134628094732761,
    "b2b3": 1.0314975952496752e-05,
    "f2f4": 6.004110400681384e-05,
    "b2b4": 9.009189056996547e-07,
    "a2a4": 2.5447684492974076e-06
  },
  "white_other_mass": 0.0021943926864764762,
  "black_reply_probs_cond_on_white": {
    "e2e4": {
      "fen_after_white": "rnbqkbnr/pppppppp/8/8/4P3/8/PPPP1PPP/RNBQKBNR b KQkq - 0 1",
      "black_reply_probs": {
        "c7c5": 0.5264201760292053,
        "e7e5": 0.28156664967536926,
        "e7e6": 0.0018980824388563633,
        "c7c6": 0.01325338613241911,
        "d7d5": 0.12477225810289383,
        "g8f6": 0.035928308963775635,
        "g7g6": 0.000567312934435904,
        "d7d6": 0.004440234508365393
      },
      "other_mass": 0.011153591214679182
    },
    "d2d4": {
      "fen_after_white": "rnbqkbnr/pppppppp/8/8/3P4/8/PPP1PPPP/RNBQKBNR b KQkq - 0 1",
      "black_reply_probs": {
        "c7c5": 0.0009128875099122524,
        "e7e5": 0.012463701888918877,
        "e7e6": 0.0004237518587615341,
        "c7c6": 2.801134360197466e-05,
        "d7d5": 0.0151356877759099,
        "g8f6": 0.9672817587852478,
        "g7g6": 0.0027630142867565155,
        "d7d6": 0.00013138705980964005
      },
      "other_mass": 0.0008597994910815032
    },
    "c2c4": {
      "fen_after_white": "rnbqkbnr/pppppppp/8/8/2P5/8/PP1PPPPP/RNBQKBNR b KQkq - 0 1",
      "black_reply_probs": {
        "c7c5": 0.0016575392801314592,
        "e7e5": 0.367736279964447,
        "e7e6": 0.00017442884563934058,
        "c7c6": 2.6554957003099844e-05,
        "d7d5": 0.003034910885617137,
        "g8f6": 0.6238449811935425,
        "g7g6": 0.001751189585775137,
        "d7d6": 0.00037069522659294307
      },
      "other_mass": 0.0014034200612513814
    },
    "g1f3": {
      "fen_after_white": "rnbqkbnr/pppppppp/8/8/8/5N2/PPPPPPPP/RNBQKB1R b KQkq - 1 1",
      "black_reply_probs": {
        "c7c5": 0.018861768767237663,
        "e7e5": 0.1186128631234169,
        "e7e6": 0.00017393863527104259,
        "c7c6": 5.276537922327407e-05,
        "d7d5": 0.05944830924272537,
        "g8f6": 0.7930206656455994,
        "g7g6": 0.001669681048952043,
        "d7d6": 0.00038478110218420625
      },
      "other_mass": 0.007775227055390133
    },
    "g2g3": {
      "fen_after_white": "rnbqkbnr/pppppppp/8/8/8/6P1/PPPPPP1P/RNBQKBNR b KQkq - 0 1",
      "black_reply_probs": {
        "c7c5": 0.013263968750834465,
        "e7e5": 0.6556516885757446,
        "e7e6": 0.00019380553567316383,
        "c7c6": 0.00013811573444399983,
        "d7d5": 0.08115462213754654,
        "g8f6": 0.24421392381191254,
        "g7g6": 0.0005933837965130806,
        "d7d6": 0.0003766593581531197
      },
      "other_mass": 0.004413832299178466
    },
    "b2b3": {
      "fen_after_white": "rnbqkbnr/pppppppp/8/8/8/1P6/P1PPPPPP/RNBQKBNR b KQkq - 0 1",
      "black_reply_probs": {
        "c7c5": 0.004333829507231712,
        "e7e5": 0.7613292336463928,
        "e7e6": 0.0006216576439328492,
        "c7c6": 8.831008017295972e-05,
        "d7d5": 0.036613985896110535,
        "g8f6": 0.18973009288311005,
        "g7g6": 0.0027204209472984076,
        "d7d6": 0.00023064244305714965
      },
      "other_mass": 0.004331826952693518
    },
    "f2f4": {
      "fen_after_white": "rnbqkbnr/pppppppp/8/8/5P2/8/PPPPP1PP/RNBQKBNR b KQkq - 0 1",
      "black_reply_probs": {
        "c7c5": 0.05156273767352104,
        "e7e5": 0.46325722336769104,
        "e7e6": 0.003686247393488884,
        "c7c6": 0.0008384500979445875,
        "d7d5": 0.12259955704212189,
        "g8f6": 0.3467862904071808,
        "g7g6": 0.002039781305938959,
        "d7d6": 0.0018212241120636463
      },
      "other_mass": 0.007408488600049168
    },
    "b2b4": {
      "fen_after_white": "rnbqkbnr/pppppppp/8/8/1P6/8/P1PPPPPP/RNBQKBNR b KQkq - 0 1",
      "black_reply_probs": {
        "c7c5": 0.0011789706768468022,
        "e7e5": 0.7642561793327332,
        "e7e6": 0.003147302893921733,
        "c7c6": 0.0004766157653648406,
        "d7d5": 0.04958928003907204,
        "g8f6": 0.16901832818984985,
        "g7g6": 0.006467620842158794,
        "d7d6": 0.0012144583743065596
      },
      "other_mass": 0.004651243885746226
    },
    "a2a4": {
      "fen_after_white": "rnbqkbnr/pppppppp/8/8/P7/8/1PPPPPPP/RNBQKBNR b KQkq - 0 1",
      "black_reply_probs": {
        "c7c5": 0.007806946057826281,
        "e7e5": 0.6400120854377747,
        "e7e6": 0.000209393649129197,
        "c7c6": 0.00014210517110768706,
        "d7d5": 0.041614361107349396,
        "g8f6": 0.30650943517684937,
        "g7g6": 0.00034738180693238974,
        "d7d6": 0.0004449377302080393
      },
      "other_mass": 0.002913353862822987
    }
  },
  "meta": {
    "elo_self": 2800,
    "elo_oppo": 2800,
    "temperature": 1.0,
    "maia_type": "blitz",
    "white_moves_probed": [
      "e2e4",
      "d2d4",
      "c2c4",
      "g1f3",
      "g2g3",
      "b2b3",
      "f2f4",
      "b2b4",
      "a2a4"
    ],
    "black_replies_probed": [
      "c7c5",
      "e7e5",
      "e7e6",
      "c7c6",
      "d7d5",
      "g8f6",
      "g7g6",
      "d7d6"
    ]
  }
}