{
  "white_first_move_probs": {
    "e2e4": 0.903826117515564,
    "d2d4": 0.021725518628954887,
    "c2c4": 0.008116546086966991,
    "g1f3": 0.06426992267370224,
    "g2g3": 5.51608536625281e-05,
    "b2b3": 7.007573913142551e-06,
    "f2f4": 2.0367013348732144e-05,
    "b2b4": 2.661600433384592e-07,
    "a2a4": 3.485121169433114e-07
  },
  "white_other_mass": 0.001978744981727232,
  "black_reply_probs_cond_on_white": {
    "e2e4": {
      "fen_after_white": "rnbqkbnr/pppppppp/8/8/4P3/8/PPPP1PPP/RNBQKBNR b KQkq - 0 1",
      "black_reply_probs": {
        "c7c5": 0.608681857585907,
        "e7e5": 0.23878370225429535,
        "e7e6": 0.0010642466368153691,
        "c7c6": 0.010461749508976936,
        "d7d5": 0.10255610942840576,
        "g8f6": 0.028075648471713066,
        "g7g6": 0.00032816181192174554,
        "d7d6": 0.002163572469726205
      },
      "other_mass": 0.007884951832238585
    },
    "d2d4": {
      "fen_after_white": "rnbqkbnr/pppppppp/8/8/3P4/8/PPP1PPPP/RNBQKBNR b KQkq - 0 1",
      "black_reply_probs": {
        "c7c5": 0.0012385622831061482,
        "e7e5": 0.012986280024051666,
        "e7e6": 0.00021278847998473793,
        "c7c6": 1.9956987671321258e-05,
        "d7d5": 0.019823404029011726,
        "g8f6": 0.9634041786193848,
        "g7g6": 0.001300869625993073,
        "d7d6": 6.649837450822815e-05
      },
      "other_mass": 0.0009474615762883332
    },
    "c2c4": {
      "fen_after_white": "rnbqkbnr/pppppppp/8/8/2P5/8/PP1PPPPP/RNBQKBNR b KQkq - 0 1",
      "black_reply_probs": {
        "c7c5": 0.0027884517330676317,
        "e7e5": 0.47215041518211365,
        "e7e6": 7.94448351371102e-05,
        "c7c6": 1.7780057532945648e-05,
        "d7d5": 0.0021900171414017677,
        "g8f6": 0.5207293629646301,
        "g7g6": 0.0006410937639884651,
        "d7d6": 0.00016425378271378577
      },
      "other_mass": 0.0012391805394145194
    },
    "g1f3": {
      "fen_after_white": "rnbqkbnr/pppppppp/8/8/8/5N2/PPPPPPPP/RNBQKB1R b KQkq - 1 1",
      "black_reply_probs": {
        "c7c5": 0.0364307165145874,
        "e7e5": 0.15664808452129364,
        "e7e6": 8.613385580247268e-05,
        "c7c6": 3.452776218182407e-05,
        "d7d5": 0.05732285976409912,
        "g8f6": 0.7406129837036133,
        "g7g6": 0.0009050839580595493,
        "d7d6": 0.00015777260705363005
      },
      "other_mass": 0.007801837313309079
    },
    "g2g3": {
      "fen_after_white": "rnbqkbnr/pppppppp/8/8/8/6P1/PPPPPP1P/RNBQKBNR b KQkq - 0 1",
      "black_reply_probs": {
        "c7c5": 0.014137699268758297,
        "e7e5": 0.757215142250061,
        "e7e6": 8.534546213923022e-05,
        "c7c6": 5.805830005556345e-05,
        "d7d5": 0.06179028004407883,
        "g8f6": 0.16380861401557922,
        "g7g6": 0.0002309140982106328,
        "d7d6": 0.00016169471200555563
      },
      "other_mass": 0.0025122518491116352
    },
    "b2b3": {
      "fen_after_white": "rnbqkbnr/pppppppp/8/8/8/1P6/P1PPPPPP/RNBQKBNR b KQkq - 0 1",
      "black_reply_probs": {
        "c7c5": 0.0038705982733517885,
        "e7e5": 0.8132562637329102,
        "e7e6": 0.000273245939752087,
        "c7c6": 4.171247928752564e-05,
        "d7d5": 0.029617376625537872,
        "g8f6": 0.14828786253929138,
        "g7g6": 0.0009582933853380382,
        "d7d6": 8.092702046269551e-05
      },
      "other_mass": 0.0036137200040684547
    },
    "f2f4": {
      "fen_after_white": "rnbqkbnr/pppppppp/8/8/5P2/8/PPPPP1PP/RNBQKBNR b KQkq - 0 1",
      "black_reply_probs": {
        "c7c5": 0.0527484305202961,
        "e7e5": 0.4985044300556183,
        "e7e6": 0.001663565868511796,
        "c7c6": 0.0003347724268678576,
        "d7d5": 0.08964923769235611,
        "g8f6": 0.3479769825935364,
        "g7g6": 0.0015198668697848916,
        "d7d6": 0.0006355149089358747
      },
      "other_mass": 0.006967199064092711
    },
    "b2b4": {
      "fen_after_white": "rnbqkbnr/pppppppp/8/8/1P6/8/P1PPPPPP/RNBQKBNR b KQkq - 0 1",
      "black_reply_probs": {
        "c7c5": 0.0008660823223181069,
        "e7e5": 0.8160650730133057,
        "e7e6": 0.0013999277725815773,
        "c7c6": 0.00022981046640779823,
        "d7d5": 0.03907344490289688,
        "g8f6": 0.1374892145395279,
        "g7g6": 0.0018755949568003416,
        "d7d6": 0.00039989055949263275
      },
      "other_mass": 0.002600961466669105
    },
    "a2a4": {
      "fen_after_white": "rnbqkbnr/pppppppp/8/8/P7/8/1PPPPPPP/RNBQKBNR b KQkq - 0 1",
      "black_reply_probs": {
        "c7c5": 0.009018907323479652,
        "e7e5": 0.7188806533813477,
        "e7e6": 8.992574294097722e-05,
        "c7c6": 8.202713070204481e-05,
        "d7d5": 0.03462797775864601,
        "g8f6": 0.23483537137508392,
        "g7g6": 0.00013288021727930754,
        "d7d6": 0.00017734224093146622
      },
      "other_mass": 0.002154914829588961
    }
  },
  "meta": {
    "elo_self": 2800,
    "elo_oppo": 2800,
    "temperature": 1.0,
    "maia_type": "blitz",
    "white_moves_probed": [
      "e2e4",
      "d2d4",
      "c2c4",
      "g1f3",
      "g2g3",
      "b2b3",
      "f2f4",
      "b2b4",
      "a2a4"
    ],
    "black_replies_probed": [
      "c7c5",
      "e7e5",
      "e7e6",
      "c7c6",
      "d7d5",
      "g8f6",
      "g7g6",
      "d7d6"
    ]
  }
}