{
  "white_first_move_probs": {
    "e2e4": 0.3558705747127533,
    "d2d4": 2.9135078875697218e-05,
    "c2c4": 9.386634047814368e-08,
    "g1f3": 0.6440751552581787,
    "g2g3": 2.037172687485711e-11,
    "b2b3": 1.7252372151873273e-14,
    "f2f4": 5.967263575629156e-12,
    "b2b4": 3.932917630889571e-13,
    "a2a4": 9.56763206834898e-16
  },
  "white_other_mass": 2.5041057101438113e-05,
  "black_reply_probs_cond_on_white": {
    "e2e4": {
      "fen_after_white": "rnbqkbnr/pppppppp/8/8/4P3/8/PPPP1PPP/RNBQKBNR b KQkq - 0 1",
      "black_reply_probs": {
        "c7c5": 2.1325100533431396e-05,
        "e7e5": 0.4914819300174713,
        "e7e6": 2.2499263563346972e-10,
        "c7c6": 1.8682087127297464e-11,
        "d7d5": 0.00016697964747436345,
        "g8f6": 0.5083266496658325,
        "g7g6": 2.2650051278994e-10,
        "d7d6": 9.186429394958395e-10
      },
      "other_mass": 3.114179870200573e-06
    },
    "d2d4": {
      "fen_after_white": "rnbqkbnr/pppppppp/8/8/3P4/8/PPP1PPPP/RNBQKBNR b KQkq - 0 1",
      "black_reply_probs": {
        "c7c5": 6.939028907027023e-09,
        "e7e5": 0.03820483759045601,
        "e7e6": 6.950198229438431e-12,
        "c7c6": 3.6664353058593266e-14,
        "d7d5": 2.017671249632258e-05,
        "g8f6": 0.961771547794342,
        "g7g6": 1.3140427634894536e-10,
        "d7d6": 3.8083237952069027e-11
      },
      "other_mass": 3.4307872024408326e-06
    },
    "c2c4": {
      "fen_after_white": "rnbqkbnr/pppppppp/8/8/2P5/8/PP1PPPPP/RNBQKBNR b KQkq - 0 1",
      "black_reply_probs": {
        "c7c5": 6.271346109087972e-08,
        "e7e5": 0.19368337094783783,
        "e7e6": 1.1042364071733868e-11,
        "c7c6": 1.2246689664978383e-13,
        "d7d5": 1.2141356819483917e-05,
        "g8f6": 0.8063017129898071,
        "g7g6": 1.9342812074274462e-10,
        "d7d6": 1.513487252191581e-10
      },
      "other_mass": 2.7116361327461647e-06
    },
    "g1f3": {
      "fen_after_white": "rnbqkbnr/pppppppp/8/8/8/5N2/PPPPPPPP/RNBQKB1R b KQkq - 1 1",
      "black_reply_probs": {
        "c7c5": 8.967214171207161e-08,
        "e7e5": 0.05661795660853386,
        "e7e6": 1.2655394310626122e-12,
        "c7c6": 1.3717447859031007e-13,
        "d7d5": 4.3905802158406004e-05,
        "g8f6": 0.943331241607666,
        "g7g6": 9.985962751146715e-11,
        "d7d6": 2.326636799887538e-11
      },
      "other_mass": 6.8061849712863776e-06
    },
    "g2g3": {
      "fen_after_white": "rnbqkbnr/pppppppp/8/8/8/6P1/PPPPPP1P/RNBQKBNR b KQkq - 0 1",
      "black_reply_probs": {
        "c7c5": 2.5984118678934465e-07,
        "e7e5": 0.3351435363292694,
        "e7e6": 3.498828180306668e-12,
        "c7c6": 5.409659807782685e-13,
        "d7d5": 0.00013887336535844952,
        "g8f6": 0.6647084355354309,
        "g7g6": 1.140100097662966e-10,
        "d7d6": 1.0274085054939874e-10
      },
      "other_mass": 8.894707963835735e-06
    },
    "b2b3": {
      "fen_after_white": "rnbqkbnr/pppppppp/8/8/8/1P6/P1PPPPPP/RNBQKBNR b KQkq - 0 1",
      "black_reply_probs": {
        "c7c5": 2.7829085702535394e-09,
        "e7e5": 0.5582917928695679,
        "e7e6": 2.2341867939035254e-12,
        "c7c6": 3.487963092180593e-15,
        "d7d5": 1.0699540325731505e-05,
        "g8f6": 0.4416755139827728,
        "g7g6": 3.7465093527533355e-11,
        "d7d6": 3.007895148232631e-12
      },
      "other_mass": 2.1990781714276153e-05
    },
    "f2f4": {
      "fen_after_white": "rnbqkbnr/pppppppp/8/8/5P2/8/PPPPP1PP/RNBQKBNR b KQkq - 0 1",
      "black_reply_probs": {
        "c7c5": 1.017777648826268e-07,
        "e7e5": 0.2976299524307251,
        "e7e6": 1.5301003519763157e-11,
        "c7c6": 2.159300299328648e-13,
        "d7d5": 8.39307249407284e-05,
        "g8f6": 0.7022754549980164,
        "g7g6": 1.9061195330460912e-11,
        "d7d6": 1.7981881261786015e-10
      },
      "other_mass": 1.0559854155989257e-05
    },
    "b2b4": {
      "fen_after_white": "rnbqkbnr/pppppppp/8/8/1P6/8/P1PPPPPP/RNBQKBNR b KQkq - 0 1",
      "black_reply_probs": {
        "c7c5": 1.2774121760372736e-09,
        "e7e5": 0.7206785678863525,
        "e7e6": 8.630380264607052e-12,
        "c7c6": 6.045572723667849e-15,
        "d7d5": 1.4895234926370904e-05,
        "g8f6": 0.2793022096157074,
        "g7g6": 1.8614068619804414e-11,
        "d7d6": 4.275070748793741e-12
      },
      "other_mass": 4.325954075956595e-06
    },
    "a2a4": {
      "fen_after_white": "rnbqkbnr/pppppppp/8/8/P7/8/1PPPPPPP/RNBQKBNR b KQkq - 0 1",
      "black_reply_probs": {
        "c7c5": 6.030435173443038e-08,
        "e7e5": 0.393838495016098,
        "e7e6": 4.11922102330764e-12,
        "c7c6": 5.115530937217783e-13,
        "d7d5": 7.353928231168538e-05,
        "g8f6": 0.6060760617256165,
        "g7g6": 1.891718205693227e-11,
        "d7d6": 7.824072639772695e-11
      },
      "other_mass": 1.1843569833414058e-05
    }
  },
  "meta": {
    "elo_self": 2800,
    "elo_oppo": 2800,
    "temperature": 1.0,
    "maia_type": "blitz",
    "white_moves_probed": [
      "e2e4",
      "d2d4",
      "c2c4",
      "g1f3",
      "g2g3",
      "b2b3",
      "f2f4",
      "b2b4",
      "a2a4"
    ],
    "black_replies_probed": [
      "c7c5",
      "e7e5",
      "e7e6",
      "c7c6",
      "d7d5",
      "g8f6",
      "g7g6",
      "d7d6"
    ]
  }
}