{
  "white_first_move_probs": {
    "e2e4": 0.9099739193916321,
    "d2d4": 0.009130172431468964,
    "c2c4": 0.007664363365620375,
    "g1f3": 0.07142504304647446,
    "g2g3": 4.68210710096173e-05,
    "b2b3": 5.681220955011668e-06,
    "f2f4": 1.2877612789452542e-05,
    "b2b4": 4.001790614438505e-07,
    "a2a4": 5.370719691200065e-07
  },
  "white_other_mass": 0.0017401846090194795,
  "black_reply_probs_cond_on_white": {
    "e2e4": {
      "fen_after_white": "rnbqkbnr/pppppppp/8/8/4P3/8/PPPP1PPP/RNBQKBNR b KQkq - 0 1",
      "black_reply_probs": {
        "c7c5": 0.6566590666770935,
        "e7e5": 0.2388070821762085,
        "e7e6": 0.0017410621512681246,
        "c7c6": 0.011446920223534107,
        "d7d5": 0.05148828402161598,
        "g8f6": 0.02853204868733883,
        "g7g6": 0.0005385946715250611,
        "d7d6": 0.003360484726727009
      },
      "other_mass": 0.007426456664688885
    },
    "d2d4": {
      "fen_after_white": "rnbqkbnr/pppppppp/8/8/3P4/8/PPP1PPPP/RNBQKBNR b KQkq - 0 1",
      "black_reply_probs": {
        "c7c5": 0.0010296838590875268,
        "e7e5": 0.017531445249915123,
        "e7e6": 0.0002111971116391942,
        "c7c6": 1.6928193872445263e-05,
        "d7d5": 0.006164795719087124,
        "g8f6": 0.9730483293533325,
        "g7g6": 0.0009597900207154453,
        "d7d6": 5.33344064024277e-05
      },
      "other_mass": 0.0009844960859481944
    },
    "c2c4": {
      "fen_after_white": "rnbqkbnr/pppppppp/8/8/2P5/8/PP1PPPPP/RNBQKBNR b KQkq - 0 1",
      "black_reply_probs": {
        "c7c5": 0.0030415670480579138,
        "e7e5": 0.4371189475059509,
        "e7e6": 9.249995491700247e-05,
        "c7c6": 3.423954694881104e-05,
        "d7d5": 0.0012618725886568427,
        "g8f6": 0.5558979511260986,
        "g7g6": 0.0006951915565878153,
        "d7d6": 0.00020012866298202425
      },
      "other_mass": 0.00165760200980003
    },
    "g1f3": {
      "fen_after_white": "rnbqkbnr/pppppppp/8/8/8/5N2/PPPPPPPP/RNBQKB1R b KQkq - 1 1",
      "black_reply_probs": {
        "c7c5": 0.025170711800456047,
        "e7e5": 0.1438790261745453,
        "e7e6": 7.889723201515153e-05,
        "c7c6": 3.095393185503781e-05,
        "d7d5": 0.01799030788242817,
        "g8f6": 0.8043424487113953,
        "g7g6": 0.0007744419272057712,
        "d7d6": 0.00012850975326728076
      },
      "other_mass": 0.007604702586831991
    },
    "g2g3": {
      "fen_after_white": "rnbqkbnr/pppppppp/8/8/8/6P1/PPPPPP1P/RNBQKBNR b KQkq - 0 1",
      "black_reply_probs": {
        "c7c5": 0.015938853845000267,
        "e7e5": 0.7634305357933044,
        "e7e6": 0.00012137150042690337,
        "c7c6": 9.994236461352557e-05,
        "d7d5": 0.03730111941695213,
        "g8f6": 0.17920508980751038,
        "g7g6": 0.0003143379290122539,
        "d7d6": 0.00026194078964181244
      },
      "other_mass": 0.003326808553538285
    },
    "b2b3": {
      "fen_after_white": "rnbqkbnr/pppppppp/8/8/8/1P6/P1PPPPPP/RNBQKBNR b KQkq - 0 1",
      "black_reply_probs": {
        "c7c5": 0.004087134730070829,
        "e7e5": 0.816885769367218,
        "e7e6": 0.0005355844623409212,
        "c7c6": 7.165568968048319e-05,
        "d7d5": 0.014427686110138893,
        "g8f6": 0.15814170241355896,
        "g7g6": 0.0020118243992328644,
        "d7d6": 0.0001547852880321443
      },
      "other_mass": 0.003683857539726887
    },
    "f2f4": {
      "fen_after_white": "rnbqkbnr/pppppppp/8/8/5P2/8/PPPPP1PP/RNBQKBNR b KQkq - 0 1",
      "black_reply_probs": {
        "c7c5": 0.03282985836267471,
        "e7e5": 0.6477659940719604,
        "e7e6": 0.0019362570019438863,
        "c7c6": 0.0003157433238811791,
        "d7d5": 0.0425042025744915,
        "g8f6": 0.26715201139450073,
        "g7g6": 0.001442137872800231,
        "d7d6": 0.0006956930737942457
      },
      "other_mass": 0.005358102323953062
    },
    "b2b4": {
      "fen_after_white": "rnbqkbnr/pppppppp/8/8/1P6/8/P1PPPPPP/RNBQKBNR b KQkq - 0 1",
      "black_reply_probs": {
        "c7c5": 0.000995136913843453,
        "e7e5": 0.8228778839111328,
        "e7e6": 0.002767938422039151,
        "c7c6": 0.00041674161911942065,
        "d7d5": 0.023294722661376,
        "g8f6": 0.14053206145763397,
        "g7g6": 0.004929008428007364,
        "d7d6": 0.0009269602014683187
      },
      "other_mass": 0.003259546385379508
    },
    "a2a4": {
      "fen_after_white": "rnbqkbnr/pppppppp/8/8/P7/8/1PPPPPPP/RNBQKBNR b KQkq - 0 1",
      "black_reply_probs": {
        "c7c5": 0.00908298883587122,
        "e7e5": 0.7425200343132019,
        "e7e6": 0.00012964259076397866,
        "c7c6": 0.0001506883854744956,
        "d7d5": 0.017355510964989662,
        "g8f6": 0.2281518429517746,
        "g7g6": 0.0001488576817791909,
        "d7d6": 0.0002663405903149396
      },
      "other_mass": 0.002194093685830012
    }
  },
  "meta": {
    "elo_self": 2800,
    "elo_oppo": 2800,
    "temperature": 1.0,
    "maia_type": "blitz",
    "white_moves_probed": [
      "e2e4",
      "d2d4",
      "c2c4",
      "g1f3",
      "g2g3",
      "b2b3",
      "f2f4",
      "b2b4",
      "a2a4"
    ],
    "black_replies_probed": [
      "c7c5",
      "e7e5",
      "e7e6",
      "c7c6",
      "d7d5",
      "g8f6",
      "g7g6",
      "d7d6"
    ]
  }
}