{
  "white_first_move_probs": {
    "e2e4": 0.5366003513336182,
    "d2d4": 2.4029747636156173e-10,
    "c2c4": 4.694079246160001e-16,
    "g1f3": 0.4633996784687042,
    "g2g3": 4.3755242465876455e-26,
    "b2b3": 4.837608612210191e-28,
    "f2f4": 2.2715756100944216e-20,
    "b2b4": 1.3082407129388974e-24,
    "a2a4": 5.179113757632551e-30
  },
  "white_other_mass": 0.0,
  "black_reply_probs_cond_on_white": {
    "e2e4": {
      "fen_after_white": "rnbqkbnr/pppppppp/8/8/4P3/8/PPPP1PPP/RNBQKBNR b KQkq - 0 1",
      "black_reply_probs": {
        "c7c5": 3.2576602548330114e-14,
        "e7e5": 0.8903616070747375,
        "e7e6": 4.702429402833152e-16,
        "c7c6": 5.465032122220996e-25,
        "d7d5": 3.0480148960343456e-10,
        "g8f6": 0.10963835567235947,
        "g7g6": 8.42890461936142e-24,
        "d7d6": 4.447970907523605e-19
      },
      "other_mass": 3.69480684936363e-08
    },
    "d2d4": {
      "fen_after_white": "rnbqkbnr/pppppppp/8/8/3P4/8/PPP1PPPP/RNBQKBNR b KQkq - 0 1",
      "black_reply_probs": {
        "c7c5": 8.826822478985187e-17,
        "e7e5": 0.07100644707679749,
        "e7e6": 1.0390584927704024e-16,
        "c7c6": 3.625737224375944e-27,
        "d7d5": 1.2719156838869594e-09,
        "g8f6": 0.9289935231208801,
        "g7g6": 1.3105447784278216e-24,
        "d7d6": 4.343909906253815e-20
      },
      "other_mass": 2.8530406481763748e-08
    },
    "c2c4": {
      "fen_after_white": "rnbqkbnr/pppppppp/8/8/2P5/8/PP1PPPPP/RNBQKBNR b KQkq - 0 1",
      "black_reply_probs": {
        "c7c5": 3.7933809383456285e-16,
        "e7e5": 0.38668563961982727,
        "e7e6": 3.411029140989404e-17,
        "c7c6": 8.531722512587704e-27,
        "d7d5": 1.1162843566170366e-10,
        "g8f6": 0.6133143305778503,
        "g7g6": 5.197052128412892e-25,
        "d7d6": 8.20562715288206e-20
      },
      "other_mass": 2.9690693459372142e-08
    },
    "g1f3": {
      "fen_after_white": "rnbqkbnr/pppppppp/8/8/8/5N2/PPPPPPPP/RNBQKB1R b KQkq - 1 1",
      "black_reply_probs": {
        "c7c5": 5.92999772499296e-16,
        "e7e5": 0.16502413153648376,
        "e7e6": 1.766085367157265e-17,
        "c7c6": 2.7471166207598152e-27,
        "d7d5": 5.231743371858499e-10,
        "g8f6": 0.8349758982658386,
        "g7g6": 3.036390705220355e-25,
        "d7d6": 3.003852433876048e-20
      },
      "other_mass": 0.0
    },
    "g2g3": {
      "fen_after_white": "rnbqkbnr/pppppppp/8/8/8/6P1/PPPPPP1P/RNBQKBNR b KQkq - 0 1",
      "black_reply_probs": {
        "c7c5": 3.1912868907290183e-16,
        "e7e5": 0.5604537725448608,
        "e7e6": 1.3473273327218875e-17,
        "c7c6": 4.983610279806276e-27,
        "d7d5": 3.847075158436297e-10,
        "g8f6": 0.43954622745513916,
        "g7g6": 6.58752597008713e-25,
        "d7d6": 1.8293364202900165e-20
      },
      "other_mass": 0.0
    },
    "b2b3": {
      "fen_after_white": "rnbqkbnr/pppppppp/8/8/8/1P6/P1PPPPPP/RNBQKBNR b KQkq - 0 1",
      "black_reply_probs": {
        "c7c5": 1.2323874433213166e-17,
        "e7e5": 0.5646958947181702,
        "e7e6": 1.3180192482843374e-17,
        "c7c6": 2.82251870401252e-28,
        "d7d5": 6.994793633197105e-11,
        "g8f6": 0.43530410528182983,
        "g7g6": 2.9597844227143427e-25,
        "d7d6": 1.820068766255155e-21
      },
      "other_mass": 0.0
    },
    "f2f4": {
      "fen_after_white": "rnbqkbnr/pppppppp/8/8/5P2/8/PPPPP1PP/RNBQKBNR b KQkq - 0 1",
      "black_reply_probs": {
        "c7c5": 1.8173573633329765e-16,
        "e7e5": 0.23847466707229614,
        "e7e6": 5.2820570926639243e-17,
        "c7c6": 1.74321138536638e-27,
        "d7d5": 2.801386067563527e-10,
        "g8f6": 0.7615253329277039,
        "g7g6": 1.5489391356312903e-24,
        "d7d6": 4.766221151879081e-20
      },
      "other_mass": 0.0
    },
    "b2b4": {
      "fen_after_white": "rnbqkbnr/pppppppp/8/8/1P6/8/P1PPPPPP/RNBQKBNR b KQkq - 0 1",
      "black_reply_probs": {
        "c7c5": 7.695425847522715e-18,
        "e7e5": 0.743560254573822,
        "e7e6": 1.4931602673317213e-16,
        "c7c6": 1.8656157889118552e-27,
        "d7d5": 1.537888288938305e-10,
        "g8f6": 0.256439745426178,
        "g7g6": 2.7826163706820516e-25,
        "d7d6": 1.1193004152284097e-20
      },
      "other_mass": 0.0
    },
    "a2a4": {
      "fen_after_white": "rnbqkbnr/pppppppp/8/8/P7/8/1PPPPPPP/RNBQKBNR b KQkq - 0 1",
      "black_reply_probs": {
        "c7c5": 3.5871451578248044e-17,
        "e7e5": 0.4855196475982666,
        "e7e6": 1.256715735035175e-17,
        "c7c6": 2.866547581064151e-27,
        "d7d5": 3.053517161344388e-10,
        "g8f6": 0.5144803524017334,
        "g7g6": 2.3248230077904803e-26,
        "d7d6": 2.2121402597017858e-20
      },
      "other_mass": 0.0
    }
  },
  "meta": {
    "elo_self": 2800,
    "elo_oppo": 2800,
    "temperature": 1.0,
    "maia_type": "blitz",
    "white_moves_probed": [
      "e2e4",
      "d2d4",
      "c2c4",
      "g1f3",
      "g2g3",
      "b2b3",
      "f2f4",
      "b2b4",
      "a2a4"
    ],
    "black_replies_probed": [
      "c7c5",
      "e7e5",
      "e7e6",
      "c7c6",
      "d7d5",
      "g8f6",
      "g7g6",
      "d7d6"
    ]
  }
}