{
  "white_first_move_probs": {
    "e2e4": 0.8825103640556335,
    "d2d4": 0.030723392963409424,
    "c2c4": 0.004147757310420275,
    "g1f3": 0.08091094344854355,
    "g2g3": 0.00011002412065863609,
    "b2b3": 8.152320333465468e-06,
    "f2f4": 3.4836833947338164e-05,
    "b2b4": 5.528335691451502e-07,
    "a2a4": 4.414682734932285e-07
  },
  "white_other_mass": 0.0015535346452111298,
  "black_reply_probs_cond_on_white": {
    "e2e4": {
      "fen_after_white": "rnbqkbnr/pppppppp/8/8/4P3/8/PPPP1PPP/RNBQKBNR b KQkq - 0 1",
      "black_reply_probs": {
        "c7c5": 0.5070658922195435,
        "e7e5": 0.28477421402931213,
        "e7e6": 0.0015015392564237118,
        "c7c6": 0.00835924968123436,
        "d7d5": 0.14602522552013397,
        "g8f6": 0.03690511733293533,
        "g7g6": 0.0005855071358382702,
        "d7d6": 0.0031573225278407335
      },
      "other_mass": 0.011625932296738029
    },
    "d2d4": {
      "fen_after_white": "rnbqkbnr/pppppppp/8/8/3P4/8/PPP1PPPP/RNBQKBNR b KQkq - 0 1",
      "black_reply_probs": {
        "c7c5": 0.000835677026771009,
        "e7e5": 0.015166853554546833,
        "e7e6": 0.00030513343517668545,
        "c7c6": 2.0914001652272418e-05,
        "d7d5": 0.024812733754515648,
        "g8f6": 0.9559714198112488,
        "g7g6": 0.002096134703606367,
        "d7d6": 9.477903950028121e-05
      },
      "other_mass": 0.0006963546729821246
    },
    "c2c4": {
      "fen_after_white": "rnbqkbnr/pppppppp/8/8/2P5/8/PP1PPPPP/RNBQKBNR b KQkq - 0 1",
      "black_reply_probs": {
        "c7c5": 0.00295090745203197,
        "e7e5": 0.46354883909225464,
        "e7e6": 0.00010593588376650587,
        "c7c6": 1.7356624084641226e-05,
        "d7d5": 0.0043899426236748695,
        "g8f6": 0.5257437229156494,
        "g7g6": 0.0013054946903139353,
        "d7d6": 0.00027788453735411167
      },
      "other_mass": 0.0016599161808699137
    },
    "g1f3": {
      "fen_after_white": "rnbqkbnr/pppppppp/8/8/8/5N2/PPPPPPPP/RNBQKB1R b KQkq - 1 1",
      "black_reply_probs": {
        "c7c5": 0.013282570987939835,
        "e7e5": 0.19309014081954956,
        "e7e6": 0.00010860330803552642,
        "c7c6": 1.7190996004501358e-05,
        "d7d5": 0.07506467401981354,
        "g8f6": 0.7107756733894348,
        "g7g6": 0.001322767697274685,
        "d7d6": 0.00022505145170725882
      },
      "other_mass": 0.006113327330240281
    },
    "g2g3": {
      "fen_after_white": "rnbqkbnr/pppppppp/8/8/8/6P1/PPPPPP1P/RNBQKBNR b KQkq - 0 1",
      "black_reply_probs": {
        "c7c5": 0.007786903530359268,
        "e7e5": 0.7750356197357178,
        "e7e6": 9.57223674049601e-05,
        "c7c6": 3.9229795220308006e-05,
        "d7d5": 0.07530706375837326,
        "g8f6": 0.13853545486927032,
        "g7g6": 0.00030720324139110744,
        "d7d6": 0.0002087272296193987
      },
      "other_mass": 0.002684075472643599
    },
    "b2b3": {
      "fen_after_white": "rnbqkbnr/pppppppp/8/8/8/1P6/P1PPPPPP/RNBQKBNR b KQkq - 0 1",
      "black_reply_probs": {
        "c7c5": 0.0019741051364690065,
        "e7e5": 0.8136241436004639,
        "e7e6": 0.0003515400749165565,
        "c7c6": 2.888020026148297e-05,
        "d7d5": 0.030947064980864525,
        "g8f6": 0.14792092144489288,
        "g7g6": 0.0019367130007594824,
        "d7d6": 9.988428791984916e-05
      },
      "other_mass": 0.003116747273452347
    },
    "f2f4": {
      "fen_after_white": "rnbqkbnr/pppppppp/8/8/5P2/8/PPPPP1PP/RNBQKBNR b KQkq - 0 1",
      "black_reply_probs": {
        "c7c5": 0.03027476742863655,
        "e7e5": 0.5909577012062073,
        "e7e6": 0.002818584907799959,
        "c7c6": 0.000319514685543254,
        "d7d5": 0.13447454571723938,
        "g8f6": 0.23366087675094604,
        "g7g6": 0.001398568507283926,
        "d7d6": 0.001177349011413753
      },
      "other_mass": 0.004918091784929857
    },
    "b2b4": {
      "fen_after_white": "rnbqkbnr/pppppppp/8/8/1P6/8/P1PPPPPP/RNBQKBNR b KQkq - 0 1",
      "black_reply_probs": {
        "c7c5": 0.0005117885302752256,
        "e7e5": 0.7932435274124146,
        "e7e6": 0.0019587641581892967,
        "c7c6": 0.00020495482021942735,
        "d7d5": 0.0480189323425293,
        "g8f6": 0.14785541594028473,
        "g7g6": 0.004091215319931507,
        "d7d6": 0.0004902840009890497
      },
      "other_mass": 0.003625117475166917
    },
    "a2a4": {
      "fen_after_white": "rnbqkbnr/pppppppp/8/8/P7/8/1PPPPPPP/RNBQKBNR b KQkq - 0 1",
      "black_reply_probs": {
        "c7c5": 0.0036847551818937063,
        "e7e5": 0.7385901212692261,
        "e7e6": 0.00012030452489852905,
        "c7c6": 4.023276051157154e-05,
        "d7d5": 0.03791137412190437,
        "g8f6": 0.21707282960414886,
        "g7g6": 0.00019986445840913802,
        "d7d6": 0.00022254469513427466
      },
      "other_mass": 0.0021579733838734683
    }
  },
  "meta": {
    "elo_self": 2800,
    "elo_oppo": 2800,
    "temperature": 1.0,
    "maia_type": "blitz",
    "white_moves_probed": [
      "e2e4",
      "d2d4",
      "c2c4",
      "g1f3",
      "g2g3",
      "b2b3",
      "f2f4",
      "b2b4",
      "a2a4"
    ],
    "black_replies_probed": [
      "c7c5",
      "e7e5",
      "e7e6",
      "c7c6",
      "d7d5",
      "g8f6",
      "g7g6",
      "d7d6"
    ]
  }
}