{
  "white_first_move_probs": {
    "e2e4": 0.8904288411140442,
    "d2d4": 0.028172960504889488,
    "c2c4": 0.02068798989057541,
    "g1f3": 0.05868849530816078,
    "g2g3": 8.396189514314756e-05,
    "b2b3": 1.8861695934901945e-05,
    "f2f4": 3.451205702731386e-05,
    "b2b4": 1.4458308896792005e-06,
    "a2a4": 2.5692386316222837e-06
  },
  "white_other_mass": 0.0018803624647034667,
  "black_reply_probs_cond_on_white": {
    "e2e4": {
      "fen_after_white": "rnbqkbnr/pppppppp/8/8/4P3/8/PPPP1PPP/RNBQKBNR b KQkq - 0 1",
      "black_reply_probs": {
        "c7c5": 0.7514540553092957,
        "e7e5": 0.13139887154102325,
        "e7e6": 0.0009077366557903588,
        "c7c6": 0.012259097769856453,
        "d7d5": 0.0738183930516243,
        "g8f6": 0.017837733030319214,
        "g7g6": 0.0003337425005156547,
        "d7d6": 0.0023964738938957453
      },
      "other_mass": 0.009593896247679368
    },
    "d2d4": {
      "fen_after_white": "rnbqkbnr/pppppppp/8/8/3P4/8/PPP1PPPP/RNBQKBNR b KQkq - 0 1",
      "black_reply_probs": {
        "c7c5": 0.0035591651685535908,
        "e7e5": 0.016446350142359734,
        "e7e6": 0.000555887003429234,
        "c7c6": 9.065913036465645e-05,
        "d7d5": 0.020379388704895973,
        "g8f6": 0.9553585648536682,
        "g7g6": 0.002269244519993663,
        "d7d6": 0.00015745942073408514
      },
      "other_mass": 0.001183281056000851
    },
    "c2c4": {
      "fen_after_white": "rnbqkbnr/pppppppp/8/8/2P5/8/PP1PPPPP/RNBQKBNR b KQkq - 0 1",
      "black_reply_probs": {
        "c7c5": 0.006580107379704714,
        "e7e5": 0.5345107316970825,
        "e7e6": 0.00014453372568823397,
        "c7c6": 6.817458051955327e-05,
        "d7d5": 0.002914930460974574,
        "g8f6": 0.45219331979751587,
        "g7g6": 0.0010321397567167878,
        "d7d6": 0.00037423003232106566
      },
      "other_mass": 0.0021818325694766827
    },
    "g1f3": {
      "fen_after_white": "rnbqkbnr/pppppppp/8/8/8/5N2/PPPPPPPP/RNBQKB1R b KQkq - 1 1",
      "black_reply_probs": {
        "c7c5": 0.09186729788780212,
        "e7e5": 0.18719421327114105,
        "e7e6": 0.00022985601390246302,
        "c7c6": 0.00017323244537692517,
        "d7d5": 0.07967879623174667,
        "g8f6": 0.6277954578399658,
        "g7g6": 0.001426810398697853,
        "d7d6": 0.00045385450357571244
      },
      "other_mass": 0.011180481407791376
    },
    "g2g3": {
      "fen_after_white": "rnbqkbnr/pppppppp/8/8/8/6P1/PPPPPP1P/RNBQKBNR b KQkq - 0 1",
      "black_reply_probs": {
        "c7c5": 0.031320590525865555,
        "e7e5": 0.7219609022140503,
        "e7e6": 0.0001953908067662269,
        "c7c6": 0.0002319378691026941,
        "d7d5": 0.08306862413883209,
        "g8f6": 0.15688396990299225,
        "g7g6": 0.0004648524336516857,
        "d7d6": 0.00036740218638442457
      },
      "other_mass": 0.00550632992235478
    },
    "b2b3": {
      "fen_after_white": "rnbqkbnr/pppppppp/8/8/8/1P6/P1PPPPPP/RNBQKBNR b KQkq - 0 1",
      "black_reply_probs": {
        "c7c5": 0.00901495385915041,
        "e7e5": 0.8134955763816833,
        "e7e6": 0.0005202745087444782,
        "c7c6": 0.00014326063683256507,
        "d7d5": 0.03476494550704956,
        "g8f6": 0.13560432195663452,
        "g7g6": 0.0016075759194791317,
        "d7d6": 0.00017469195881858468
      },
      "other_mass": 0.004674399271607399
    },
    "f2f4": {
      "fen_after_white": "rnbqkbnr/pppppppp/8/8/5P2/8/PPPPP1PP/RNBQKBNR b KQkq - 0 1",
      "black_reply_probs": {
        "c7c5": 0.09389971941709518,
        "e7e5": 0.5596203804016113,
        "e7e6": 0.0035982464905828238,
        "c7c6": 0.0009911998640745878,
        "d7d5": 0.10581237077713013,
        "g8f6": 0.22460395097732544,
        "g7g6": 0.001768874702975154,
        "d7d6": 0.0013964555691927671
      },
      "other_mass": 0.008308801800012589
    },
    "b2b4": {
      "fen_after_white": "rnbqkbnr/pppppppp/8/8/1P6/8/P1PPPPPP/RNBQKBNR b KQkq - 0 1",
      "black_reply_probs": {
        "c7c5": 0.0018837974639609456,
        "e7e5": 0.8127198219299316,
        "e7e6": 0.0027337069623172283,
        "c7c6": 0.0006733729969710112,
        "d7d5": 0.04722248762845993,
        "g8f6": 0.12464650720357895,
        "g7g6": 0.003955583553761244,
        "d7d6": 0.0009455902618356049
      },
      "other_mass": 0.005219131999183446
    },
    "a2a4": {
      "fen_after_white": "rnbqkbnr/pppppppp/8/8/P7/8/1PPPPPPP/RNBQKBNR b KQkq - 0 1",
      "black_reply_probs": {
        "c7c5": 0.020505281165242195,
        "e7e5": 0.7467677593231201,
        "e7e6": 0.00017556465172674507,
        "c7c6": 0.00033770978916436434,
        "d7d5": 0.04367277771234512,
        "g8f6": 0.18410788476467133,
        "g7g6": 0.0001957019412657246,
        "d7d6": 0.0003731670440174639
      },
      "other_mass": 0.0038641536084469408
    }
  },
  "meta": {
    "elo_self": 2800,
    "elo_oppo": 2800,
    "temperature": 1.0,
    "maia_type": "blitz",
    "white_moves_probed": [
      "e2e4",
      "d2d4",
      "c2c4",
      "g1f3",
      "g2g3",
      "b2b3",
      "f2f4",
      "b2b4",
      "a2a4"
    ],
    "black_replies_probed": [
      "c7c5",
      "e7e5",
      "e7e6",
      "c7c6",
      "d7d5",
      "g8f6",
      "g7g6",
      "d7d6"
    ]
  }
}