{
  "white_first_move_probs": {
    "e2e4": 0.7758012413978577,
    "d2d4": 0.03712017461657524,
    "c2c4": 0.011652831919491291,
    "g1f3": 0.15911386907100677,
    "g2g3": 0.0002044829452643171,
    "b2b3": 4.484561941353604e-05,
    "f2f4": 0.001294668996706605,
    "b2b4": 2.4871833375073038e-05,
    "a2a4": 1.7673308320809156e-05
  },
  "white_other_mass": 0.014725340291988687,
  "black_reply_probs_cond_on_white": {
    "e2e4": {
      "fen_after_white": "rnbqkbnr/pppppppp/8/8/4P3/8/PPPP1PPP/RNBQKBNR b KQkq - 0 1",
      "black_reply_probs": {
        "c7c5": 0.30983996391296387,
        "e7e5": 0.4814673662185669,
        "e7e6": 0.0007025609957054257,
        "c7c6": 0.004325272981077433,
        "d7d5": 0.10438939183950424,
        "g8f6": 0.08944426476955414,
        "g7g6": 0.00039976739208213985,
        "d7d6": 0.001563006080687046
      },
      "other_mass": 0.007868405809858814
    },
    "d2d4": {
      "fen_after_white": "rnbqkbnr/pppppppp/8/8/3P4/8/PPP1PPPP/RNBQKBNR b KQkq - 0 1",
      "black_reply_probs": {
        "c7c5": 0.009529175236821175,
        "e7e5": 0.2548162043094635,
        "e7e6": 0.0007039005286060274,
        "c7c6": 0.0001950793230207637,
        "d7d5": 0.08035784214735031,
        "g8f6": 0.6415132880210876,
        "g7g6": 0.001022196258418262,
        "d7d6": 0.0002056924276985228
      },
      "other_mass": 0.01165662174753379
    },
    "c2c4": {
      "fen_after_white": "rnbqkbnr/pppppppp/8/8/2P5/8/PP1PPPPP/RNBQKBNR b KQkq - 0 1",
      "black_reply_probs": {
        "c7c5": 0.011381812393665314,
        "e7e5": 0.7548438310623169,
        "e7e6": 9.648320701671764e-05,
        "c7c6": 0.00010430909605929628,
        "d7d5": 0.007935380563139915,
        "g8f6": 0.21530082821846008,
        "g7g6": 0.00035703336470760405,
        "d7d6": 0.00028509003459475935
      },
      "other_mass": 0.009695232060039416
    },
    "g1f3": {
      "fen_after_white": "rnbqkbnr/pppppppp/8/8/8/5N2/PPPPPPPP/RNBQKB1R b KQkq - 1 1",
      "black_reply_probs": {
        "c7c5": 0.01152447983622551,
        "e7e5": 0.5839425921440125,
        "e7e6": 7.018880569376051e-05,
        "c7c6": 2.703896643652115e-05,
        "d7d5": 0.026985913515090942,
        "g8f6": 0.35675954818725586,
        "g7g6": 0.00039361222297884524,
        "d7d6": 0.00010646697046468034
      },
      "other_mass": 0.02019015935184143
    },
    "g2g3": {
      "fen_after_white": "rnbqkbnr/pppppppp/8/8/8/6P1/PPPPPP1P/RNBQKBNR b KQkq - 0 1",
      "black_reply_probs": {
        "c7c5": 0.009033571928739548,
        "e7e5": 0.7702978253364563,
        "e7e6": 8.502772834617645e-05,
        "c7c6": 8.675578283146024e-05,
        "d7d5": 0.031183646991848946,
        "g8f6": 0.18175795674324036,
        "g7g6": 0.00034125131787732244,
        "d7d6": 0.00012121743930038065
      },
      "other_mass": 0.007092746731359512
    },
    "b2b3": {
      "fen_after_white": "rnbqkbnr/pppppppp/8/8/8/1P6/P1PPPPPP/RNBQKBNR b KQkq - 0 1",
      "black_reply_probs": {
        "c7c5": 0.004065677057951689,
        "e7e5": 0.8128831386566162,
        "e7e6": 0.00019539048662409186,
        "c7c6": 7.286108302650973e-05,
        "d7d5": 0.024185262620449066,
        "g8f6": 0.142378568649292,
        "g7g6": 0.0008876314386725426,
        "d7d6": 6.774613575544208e-05
      },
      "other_mass": 0.015263723871612456
    },
    "f2f4": {
      "fen_after_white": "rnbqkbnr/pppppppp/8/8/5P2/8/PPPPP1PP/RNBQKBNR b KQkq - 0 1",
      "black_reply_probs": {
        "c7c5": 0.0103989876806736,
        "e7e5": 0.7710094451904297,
        "e7e6": 0.0006532656843774021,
        "c7c6": 0.00015234469901770353,
        "d7d5": 0.02180865965783596,
        "g8f6": 0.18149366974830627,
        "g7g6": 0.0008442228427156806,
        "d7d6": 0.0002007548901019618
      },
      "other_mass": 0.01343864960654173
    },
    "b2b4": {
      "fen_after_white": "rnbqkbnr/pppppppp/8/8/1P6/8/P1PPPPPP/RNBQKBNR b KQkq - 0 1",
      "black_reply_probs": {
        "c7c5": 0.0011881880927830935,
        "e7e5": 0.7820383906364441,
        "e7e6": 0.0005912496126256883,
        "c7c6": 0.0002615562407299876,
        "d7d5": 0.038587406277656555,
        "g8f6": 0.1617516130208969,
        "g7g6": 0.0008126799366436899,
        "d7d6": 0.0002833137405104935
      },
      "other_mass": 0.014485602441709489
    },
    "a2a4": {
      "fen_after_white": "rnbqkbnr/pppppppp/8/8/P7/8/1PPPPPPP/RNBQKBNR b KQkq - 0 1",
      "black_reply_probs": {
        "c7c5": 0.006066329777240753,
        "e7e5": 0.7225805521011353,
        "e7e6": 0.00011776901374105364,
        "c7c6": 0.000114077512989752,
        "d7d5": 0.03025832585990429,
        "g8f6": 0.22694459557533264,
        "g7g6": 0.00020290912652853876,
        "d7d6": 0.0002079140249406919
      },
      "other_mass": 0.013507527008187026
    }
  },
  "meta": {
    "elo_self": 2800,
    "elo_oppo": 2800,
    "temperature": 1.0,
    "maia_type": "blitz",
    "white_moves_probed": [
      "e2e4",
      "d2d4",
      "c2c4",
      "g1f3",
      "g2g3",
      "b2b3",
      "f2f4",
      "b2b4",
      "a2a4"
    ],
    "black_replies_probed": [
      "c7c5",
      "e7e5",
      "e7e6",
      "c7c6",
      "d7d5",
      "g8f6",
      "g7g6",
      "d7d6"
    ]
  }
}