{
  "white_first_move_probs": {
    "e2e4": 0.7920849919319153,
    "d2d4": 0.03818155452609062,
    "c2c4": 0.014911213889718056,
    "g1f3": 0.15212222933769226,
    "g2g3": 0.0001695338578429073,
    "b2b3": 2.2603973775403574e-05,
    "f2f4": 9.258458885597065e-05,
    "b2b4": 2.3519560272688977e-06,
    "a2a4": 6.531479812110774e-06
  },
  "white_other_mass": 0.002406404458270117,
  "black_reply_probs_cond_on_white": {
    "e2e4": {
      "fen_after_white": "rnbqkbnr/pppppppp/8/8/4P3/8/PPPP1PPP/RNBQKBNR b KQkq - 0 1",
      "black_reply_probs": {
        "c7c5": 0.4417136013507843,
        "e7e5": 0.31356316804885864,
        "e7e6": 0.0028118102345615625,
        "c7c6": 0.012765290215611458,
        "d7d5": 0.13246795535087585,
        "g8f6": 0.07516048103570938,
        "g7g6": 0.0008776957402005792,
        "d7d6": 0.006337654311209917
      },
      "other_mass": 0.014302343712188303
    },
    "d2d4": {
      "fen_after_white": "rnbqkbnr/pppppppp/8/8/3P4/8/PPP1PPPP/RNBQKBNR b KQkq - 0 1",
      "black_reply_probs": {
        "c7c5": 0.003825684078037739,
        "e7e5": 0.04207408055663109,
        "e7e6": 0.0010241250274702907,
        "c7c6": 0.0001694606471573934,
        "d7d5": 0.05336526036262512,
        "g8f6": 0.8958712816238403,
        "g7g6": 0.0018345735734328628,
        "d7d6": 0.00042416242649778724
      },
      "other_mass": 0.0014113717043073848
    },
    "c2c4": {
      "fen_after_white": "rnbqkbnr/pppppppp/8/8/2P5/8/PP1PPPPP/RNBQKBNR b KQkq - 0 1",
      "black_reply_probs": {
        "c7c5": 0.007536577992141247,
        "e7e5": 0.5535210967063904,
        "e7e6": 0.00031132428557612,
        "c7c6": 0.0001458567421650514,
        "d7d5": 0.0074210925959050655,
        "g8f6": 0.42578011751174927,
        "g7g6": 0.0009495429112575948,
        "d7d6": 0.0009276644559577107
      },
      "other_mass": 0.0034067267988575622
    },
    "g1f3": {
      "fen_after_white": "rnbqkbnr/pppppppp/8/8/8/5N2/PPPPPPPP/RNBQKB1R b KQkq - 1 1",
      "black_reply_probs": {
        "c7c5": 0.02306891232728958,
        "e7e5": 0.19958779215812683,
        "e7e6": 0.00024633569410070777,
        "c7c6": 8.067501767072827e-05,
        "d7d5": 0.042362701147794724,
        "g8f6": 0.7273154258728027,
        "g7g6": 0.0008884146809577942,
        "d7d6": 0.00040988638647831976
      },
      "other_mass": 0.00603985671477858
    },
    "g2g3": {
      "fen_after_white": "rnbqkbnr/pppppppp/8/8/8/6P1/PPPPPP1P/RNBQKBNR b KQkq - 0 1",
      "black_reply_probs": {
        "c7c5": 0.017649762332439423,
        "e7e5": 0.6773524880409241,
        "e7e6": 0.0003001775767188519,
        "c7c6": 0.0002845978597179055,
        "d7d5": 0.0720728263258934,
        "g8f6": 0.22671811282634735,
        "g7g6": 0.0005431472091004252,
        "d7d6": 0.0006000268622301519
      },
      "other_mass": 0.004478860966628417
    },
    "b2b3": {
      "fen_after_white": "rnbqkbnr/pppppppp/8/8/8/1P6/P1PPPPPP/RNBQKBNR b KQkq - 0 1",
      "black_reply_probs": {
        "c7c5": 0.007028060033917427,
        "e7e5": 0.7773687839508057,
        "e7e6": 0.0010039479238912463,
        "c7c6": 0.00022283574799075723,
        "d7d5": 0.04562544822692871,
        "g8f6": 0.16193869709968567,
        "g7g6": 0.0019271287601441145,
        "d7d6": 0.00043694203486666083
      },
      "other_mass": 0.00444815622176975
    },
    "f2f4": {
      "fen_after_white": "rnbqkbnr/pppppppp/8/8/5P2/8/PPPPP1PP/RNBQKBNR b KQkq - 0 1",
      "black_reply_probs": {
        "c7c5": 0.04028019681572914,
        "e7e5": 0.6013215780258179,
        "e7e6": 0.003228799905627966,
        "c7c6": 0.0010017104214057326,
        "d7d5": 0.09506107866764069,
        "g8f6": 0.24940955638885498,
        "g7g6": 0.001651486032642424,
        "d7d6": 0.0018367222510278225
      },
      "other_mass": 0.006208871491253376
    },
    "b2b4": {
      "fen_after_white": "rnbqkbnr/pppppppp/8/8/1P6/8/P1PPPPPP/RNBQKBNR b KQkq - 0 1",
      "black_reply_probs": {
        "c7c5": 0.001768119866028428,
        "e7e5": 0.8005790114402771,
        "e7e6": 0.0040112887509167194,
        "c7c6": 0.0008897833176888525,
        "d7d5": 0.058411821722984314,
        "g8f6": 0.12317174673080444,
        "g7g6": 0.003972889855504036,
        "d7d6": 0.0019409797387197614
      },
      "other_mass": 0.005254358577076346
    },
    "a2a4": {
      "fen_after_white": "rnbqkbnr/pppppppp/8/8/P7/8/1PPPPPPP/RNBQKBNR b KQkq - 0 1",
      "black_reply_probs": {
        "c7c5": 0.011433811858296394,
        "e7e5": 0.6780960559844971,
        "e7e6": 0.0003173975273966789,
        "c7c6": 0.00032835968886502087,
        "d7d5": 0.051467977464199066,
        "g8f6": 0.2532796859741211,
        "g7g6": 0.0003040377632714808,
        "d7d6": 0.0007265246822498739
      },
      "other_mass": 0.004046149057103321
    }
  },
  "meta": {
    "elo_self": 2800,
    "elo_oppo": 2800,
    "temperature": 1.0,
    "maia_type": "blitz",
    "white_moves_probed": [
      "e2e4",
      "d2d4",
      "c2c4",
      "g1f3",
      "g2g3",
      "b2b3",
      "f2f4",
      "b2b4",
      "a2a4"
    ],
    "black_replies_probed": [
      "c7c5",
      "e7e5",
      "e7e6",
      "c7c6",
      "d7d5",
      "g8f6",
      "g7g6",
      "d7d6"
    ]
  }
}