{
  "white_first_move_probs": {
    "e2e4": 0.681973934173584,
    "d2d4": 0.05952092632651329,
    "c2c4": 0.03355471044778824,
    "g1f3": 0.22142015397548676,
    "g2g3": 0.0002594779653009027,
    "b2b3": 5.448064621305093e-05,
    "f2f4": 0.00012645836977753788,
    "b2b4": 5.329846771928715e-06,
    "a2a4": 1.7254003978450783e-05
  },
  "white_other_mass": 0.0030672742445858603,
  "black_reply_probs_cond_on_white": {
    "e2e4": {
      "fen_after_white": "rnbqkbnr/pppppppp/8/8/4P3/8/PPPP1PPP/RNBQKBNR b KQkq - 0 1",
      "black_reply_probs": {
        "c7c5": 0.5545219779014587,
        "e7e5": 0.20766790211200714,
        "e7e6": 0.0020822593942284584,
        "c7c6": 0.010741879232227802,
        "d7d5": 0.13013458251953125,
        "g8f6": 0.07378164678812027,
        "g7g6": 0.0006767918239347637,
        "d7d6": 0.005438256077468395
      },
      "other_mass": 0.01495470415102318
    },
    "d2d4": {
      "fen_after_white": "rnbqkbnr/pppppppp/8/8/3P4/8/PPP1PPPP/RNBQKBNR b KQkq - 0 1",
      "black_reply_probs": {
        "c7c5": 0.0063661797903478146,
        "e7e5": 0.021412648260593414,
        "e7e6": 0.0009311924804933369,
        "c7c6": 0.00023552225320599973,
        "d7d5": 0.05880831927061081,
        "g8f6": 0.9073960781097412,
        "g7g6": 0.0027681749779731035,
        "d7d6": 0.0005750132258981466
      },
      "other_mass": 0.001506871631136164
    },
    "c2c4": {
      "fen_after_white": "rnbqkbnr/pppppppp/8/8/2P5/8/PP1PPPPP/RNBQKBNR b KQkq - 0 1",
      "black_reply_probs": {
        "c7c5": 0.01237108651548624,
        "e7e5": 0.4056116044521332,
        "e7e6": 0.00033269141567870975,
        "c7c6": 0.00018998462473973632,
        "d7d5": 0.008780348114669323,
        "g8f6": 0.5653098225593567,
        "g7g6": 0.0014120391570031643,
        "d7d6": 0.0012439187848940492
      },
      "other_mass": 0.004748504376038909
    },
    "g1f3": {
      "fen_after_white": "rnbqkbnr/pppppppp/8/8/8/5N2/PPPPPPPP/RNBQKB1R b KQkq - 1 1",
      "black_reply_probs": {
        "c7c5": 0.047262731939554214,
        "e7e5": 0.09839977324008942,
        "e7e6": 0.0002438519150018692,
        "c7c6": 0.00014583310985472053,
        "d7d5": 0.07050956785678864,
        "g8f6": 0.7741513252258301,
        "g7g6": 0.0012903788592666388,
        "d7d6": 0.0007271253853105009
      },
      "other_mass": 0.007269412468303926
    },
    "g2g3": {
      "fen_after_white": "rnbqkbnr/pppppppp/8/8/8/6P1/PPPPPP1P/RNBQKBNR b KQkq - 0 1",
      "black_reply_probs": {
        "c7c5": 0.04041103273630142,
        "e7e5": 0.5015093088150024,
        "e7e6": 0.0003918048751074821,
        "c7c6": 0.0005451434990391135,
        "d7d5": 0.12418412417173386,
        "g8f6": 0.3232692778110504,
        "g7g6": 0.0008002238464541733,
        "d7d6": 0.001087494078092277
      },
      "other_mass": 0.007801590167218819
    },
    "b2b3": {
      "fen_after_white": "rnbqkbnr/pppppppp/8/8/8/1P6/P1PPPPPP/RNBQKBNR b KQkq - 0 1",
      "black_reply_probs": {
        "c7c5": 0.015482291579246521,
        "e7e5": 0.6684587597846985,
        "e7e6": 0.0010509227868169546,
        "c7c6": 0.0003584379446692765,
        "d7d5": 0.07093276083469391,
        "g8f6": 0.23334918916225433,
        "g7g6": 0.002815477317199111,
        "d7d6": 0.0007098743808455765
      },
      "other_mass": 0.006842286209575832
    },
    "f2f4": {
      "fen_after_white": "rnbqkbnr/pppppppp/8/8/5P2/8/PPPPP1PP/RNBQKBNR b KQkq - 0 1",
      "black_reply_probs": {
        "c7c5": 0.08703029155731201,
        "e7e5": 0.3925522565841675,
        "e7e6": 0.003603516146540642,
        "c7c6": 0.001589061226695776,
        "d7d5": 0.14295585453510284,
        "g8f6": 0.3585057556629181,
        "g7g6": 0.0020151990465819836,
        "d7d6": 0.0028366711921989918
      },
      "other_mass": 0.00891139404848218
    },
    "b2b4": {
      "fen_after_white": "rnbqkbnr/pppppppp/8/8/1P6/8/P1PPPPPP/RNBQKBNR b KQkq - 0 1",
      "black_reply_probs": {
        "c7c5": 0.004069059621542692,
        "e7e5": 0.6858832836151123,
        "e7e6": 0.004090716131031513,
        "c7c6": 0.0013364874757826328,
        "d7d5": 0.08426100015640259,
        "g8f6": 0.20152607560157776,
        "g7g6": 0.006312923971563578,
        "d7d6": 0.0026119558606296778
      },
      "other_mass": 0.009908497566357255
    },
    "a2a4": {
      "fen_after_white": "rnbqkbnr/pppppppp/8/8/P7/8/1PPPPPPP/RNBQKBNR b KQkq - 0 1",
      "black_reply_probs": {
        "c7c5": 0.024097198620438576,
        "e7e5": 0.532346785068512,
        "e7e6": 0.00038744285120628774,
        "c7c6": 0.0005784421809948981,
        "d7d5": 0.07683106511831284,
        "g8f6": 0.3577806353569031,
        "g7g6": 0.0004975476767867804,
        "d7d6": 0.0011995892273262143
      },
      "other_mass": 0.006281293899519369
    }
  },
  "meta": {
    "elo_self": 2800,
    "elo_oppo": 2800,
    "temperature": 1.0,
    "maia_type": "blitz",
    "white_moves_probed": [
      "e2e4",
      "d2d4",
      "c2c4",
      "g1f3",
      "g2g3",
      "b2b3",
      "f2f4",
      "b2b4",
      "a2a4"
    ],
    "black_replies_probed": [
      "c7c5",
      "e7e5",
      "e7e6",
      "c7c6",
      "d7d5",
      "g8f6",
      "g7g6",
      "d7d6"
    ]
  }
}