loss,mean_logp_gap_policy_chosen_rejected,mean_logp_gap_base_chosen_rejected,mean_gap_improvement,top1_accuracy_on_chosen_policy,top1_accuracy_on_chosen_base,mean_p_chosen_policy,mean_p_chosen_base,mean_kl,mean_ent_pi,mean_ent_ref
0.028896141899614227,2.0632951679766403,1.8577810533116053,0.20551411418357587,0.4246095853527194,0.39768443726440494,0.3264320127957993,0.30536062578882744,0.16623987906191603,1.4764855268020654,1.4548020767309795
