{"loss": 1.6957909517201535, "mean_logp_gap_policy_chosen_rejected": 2.1800568789301153, "mean_logp_gap_base_chosen_rejected": 1.9761768790586236, "mean_gap_improvement": 0.20387999287849284, "top1_accuracy_on_chosen_policy": 0.4632332691867895, "top1_accuracy_on_chosen_base": 0.4340402093579768, "mean_p_chosen_policy": 0.3501079128124076, "mean_p_chosen_base": 0.3321842207737253, "mean_kl": 0.17233932975303107, "mean_ent_pi": 1.4493385599651667, "mean_ent_ref": 1.475534881254557, "top1_precision": 0.463233269071881, "top1_recall": 0.463233269071881, "top1_f1": 0.46323326907188106, "top3_precision": 0.7766455521894795, "top3_recall": 0.7766455521894795, "top3_f1": 0.7766455521894795, "top5_precision": 0.8835031671715781, "top5_recall": 0.8835031671715781, "top5_f1": 0.883503167171578, "top10_precision": 0.9705315340126687, "top10_recall": 0.9705315340126687, "top10_f1": 0.9705315340126687, "mean_logp_gap_policy_chosen_rejected_cond_on_not_in_top_ten": 1.1945305880235166, "mean_logp_gap_base_chosen_rejected_cond_on_not_in_top_ten": 1.2625945411166366, "mean_gap_improvement_cond_on_not_in_top_ten": -0.06806395309312004, "top1_accuracy_on_chosen_policy_cond_on_not_in_top_ten": 0.23979591836734693, "top1_accuracy_on_chosen_base_cond_on_not_in_top_ten": 0.20918367346938777, "mean_p_chosen_policy_cond_on_not_in_top_ten": 0.15952778396321987, "mean_p_chosen_base_cond_on_not_in_top_ten": 0.1596966245963312, "mean_kl_cond_on_not_in_top_ten": 0.04383135058000037, "mean_ent_pi_cond_on_not_in_top_ten": 1.8716055255155175, "mean_ent_ref_cond_on_not_in_top_ten": 1.8399022794803794, "top1_precision_cond_on_not_in_top_ten": 0.23979591836734693, "top1_recall_cond_on_not_in_top_ten": 0.23979591836734693, "top1_f1_cond_on_not_in_top_ten": 0.23979591836734693, "top3_precision_cond_on_not_in_top_ten": 0.5153061224489796, "top3_recall_cond_on_not_in_top_ten": 0.5153061224489796, "top3_f1_cond_on_not_in_top_ten": 0.5153061224489796, "top5_precision_cond_on_not_in_top_ten": 0.673469387755102, "top5_recall_cond_on_not_in_top_ten": 0.673469387755102, "top5_f1_cond_on_not_in_top_ten": 0.673469387755102, "top10_precision_cond_on_not_in_top_ten": 0.8520408163265306, "top10_recall_cond_on_not_in_top_ten": 0.8520408163265306, "top10_f1_cond_on_not_in_top_ten": 0.8520408163265306, "mean_logp_gap_policy_chosen_rejected_cond_on_in_top_ten": 2.2362906786638925, "mean_logp_gap_base_chosen_rejected_cond_on_in_top_ten": 2.0168936504807533, "mean_gap_improvement_cond_on_in_top_ten": 0.2193970290941269, "top1_accuracy_on_chosen_policy_cond_on_in_top_ten": 0.4759825327510917, "top1_accuracy_on_chosen_base_cond_on_in_top_ten": 0.4468704512372635, "mean_p_chosen_policy_cond_on_in_top_ten": 0.36098235672442697, "mean_p_chosen_base_cond_on_in_top_ten": 0.34202630809667806, "mean_kl_cond_on_in_top_ten": 0.17967195574329883, "mean_ent_pi_cond_on_in_top_ten": 1.4252441283162234, "mean_ent_ref_cond_on_in_top_ten": 1.4547441972536204, "top1_precision_cond_on_in_top_ten": 0.4759825327510917, "top1_recall_cond_on_in_top_ten": 0.4759825327510917, "top1_f1_cond_on_in_top_ten": 0.4759825327510917, "top3_precision_cond_on_in_top_ten": 0.7915574963609898, "top3_recall_cond_on_in_top_ten": 0.7915574963609898, "top3_f1_cond_on_in_top_ten": 0.7915574963609898, "top5_precision_cond_on_in_top_ten": 0.8954876273653566, "top5_recall_cond_on_in_top_ten": 0.8954876273653566, "top5_f1_cond_on_in_top_ten": 0.8954876273653566, "top10_precision_cond_on_in_top_ten": 0.977292576419214, "top10_recall_cond_on_in_top_ten": 0.977292576419214, "top10_f1_cond_on_in_top_ten": 0.9772925764192139}