{"loss": 0.5797011110940868, "mean_logp_gap_policy_chosen_rejected": 8.390964792766901, "mean_logp_gap_base_chosen_rejected": 1.9761768790586236, "mean_gap_improvement": 6.41478781396776, "top1_accuracy_on_chosen_policy": 0.38446708881667874, "top1_accuracy_on_chosen_base": 0.4340402093579768, "mean_p_chosen_policy": 0.3774903738705523, "mean_p_chosen_base": 0.3321842207737253, "mean_kl": 0.8351848083269954, "mean_ent_pi": 0.3812749789572721, "mean_ent_ref": 1.475534881254557, "top1_precision": 0.3844670889562104, "top1_recall": 0.3844670889562104, "top1_f1": 0.38446708895621046, "top3_precision": 0.6819058110713302, "top3_recall": 0.6819058110713302, "top3_f1": 0.6819058110713302, "top5_precision": 0.8096942990911594, "top5_recall": 0.8096942990911594, "top5_f1": 0.8096942990911594, "top10_precision": 0.9267419443679427, "top10_recall": 0.9267419443679427, "top10_f1": 0.9267419443679425, "mean_logp_gap_policy_chosen_rejected_cond_on_not_in_top_ten": 4.4608780936319, "mean_logp_gap_base_chosen_rejected_cond_on_not_in_top_ten": 1.2625945411166366, "mean_gap_improvement_cond_on_not_in_top_ten": 3.198283559205581, "top1_accuracy_on_chosen_policy_cond_on_not_in_top_ten": 0.15306122448979592, "top1_accuracy_on_chosen_base_cond_on_not_in_top_ten": 0.20918367346938777, "mean_p_chosen_policy_cond_on_not_in_top_ten": 0.15710915800839073, "mean_p_chosen_base_cond_on_not_in_top_ten": 0.1596966245963312, "mean_kl_cond_on_not_in_top_ten": 1.0323998692388436, "mean_ent_pi_cond_on_not_in_top_ten": 0.5291681118031527, "mean_ent_ref_cond_on_not_in_top_ten": 1.8399022794803794, "top1_precision_cond_on_not_in_top_ten": 0.15306122448979592, "top1_recall_cond_on_not_in_top_ten": 0.15306122448979592, "top1_f1_cond_on_not_in_top_ten": 0.15306122448979592, "top3_precision_cond_on_not_in_top_ten": 0.37755102040816324, "top3_recall_cond_on_not_in_top_ten": 0.37755102040816324, "top3_f1_cond_on_not_in_top_ten": 0.37755102040816324, "top5_precision_cond_on_not_in_top_ten": 0.5867346938775511, "top5_recall_cond_on_not_in_top_ten": 0.5867346938775511, "top5_f1_cond_on_not_in_top_ten": 0.5867346938775511, "top10_precision_cond_on_not_in_top_ten": 0.7959183673469388, "top10_recall_cond_on_not_in_top_ten": 0.7959183673469388, "top10_f1_cond_on_not_in_top_ten": 0.7959183673469388, "mean_logp_gap_policy_chosen_rejected_cond_on_in_top_ten": 8.6152142101587, "mean_logp_gap_base_chosen_rejected_cond_on_in_top_ten": 2.0168936504807533, "mean_gap_improvement_cond_on_in_top_ten": 6.598320566401905, "top1_accuracy_on_chosen_policy_cond_on_in_top_ten": 0.39767103347889377, "top1_accuracy_on_chosen_base_cond_on_in_top_ten": 0.4468704512372635, "mean_p_chosen_policy_cond_on_in_top_ten": 0.3900652585176425, "mean_p_chosen_base_cond_on_in_top_ten": 0.34202630809667806, "mean_kl_cond_on_in_top_ten": 0.8239317724202811, "mean_ent_pi_cond_on_in_top_ten": 0.3728362467403339, "mean_ent_ref_cond_on_in_top_ten": 1.4547441972536204, "top1_precision_cond_on_in_top_ten": 0.39767103347889377, "top1_recall_cond_on_in_top_ten": 0.39767103347889377, "top1_f1_cond_on_in_top_ten": 0.3976710334788937, "top3_precision_cond_on_in_top_ten": 0.6992721979621543, "top3_recall_cond_on_in_top_ten": 0.6992721979621543, "top3_f1_cond_on_in_top_ten": 0.6992721979621543, "top5_precision_cond_on_in_top_ten": 0.8224163027656477, "top5_recall_cond_on_in_top_ten": 0.8224163027656477, "top5_f1_cond_on_in_top_ten": 0.8224163027656477, "top10_precision_cond_on_in_top_ten": 0.9342066957787482, "top10_recall_cond_on_in_top_ten": 0.9342066957787482, "top10_f1_cond_on_in_top_ten": 0.934206695778748}