loss,mean_logp_gap_policy_chosen_rejected,mean_logp_gap_base_chosen_rejected,mean_gap_improvement,top1_accuracy_on_chosen_policy,top1_accuracy_on_chosen_base,mean_p_chosen_policy,mean_p_chosen_base,mean_kl,mean_ent_pi,mean_ent_ref
1.7670605914450257,2.262265170451138,1.9761768790586236,0.28608828250352625,0.4610300193276822,0.4340402093579768,0.3555292393001634,0.3321842207737253,0.16089581327394362,1.4101824541454373,1.475534881254557
