{"loss": 1.9104115451147194, "mean_logp_gap_policy_chosen_rejected": 2.4192279701684662, "mean_logp_gap_base_chosen_rejected": 1.9761768790586236, "mean_gap_improvement": 0.4430510834848477, "top1_accuracy_on_chosen_policy": 0.4604792069449828, "top1_accuracy_on_chosen_base": 0.4340402093579768, "mean_p_chosen_policy": 0.36311577305226445, "mean_p_chosen_base": 0.3321842207737253, "mean_kl": 0.15811318588573656, "mean_ent_pi": 1.3426845990997542, "mean_ent_ref": 1.475534881254557, "top1_precision": 0.4604792068300744, "top1_recall": 0.4604792068300744, "top1_f1": 0.4604792068300744, "top3_precision": 0.7722390526025888, "top3_recall": 0.7722390526025888, "top3_f1": 0.772239052602589, "top5_precision": 0.8815753236023134, "top5_recall": 0.8815753236023134, "top5_f1": 0.8815753236023135, "top10_precision": 0.9672266593225007, "top10_recall": 0.9672266593225007, "top10_f1": 0.9672266593225008, "mean_logp_gap_policy_chosen_rejected_cond_on_not_in_top_ten": 1.3129368743726186, "mean_logp_gap_base_chosen_rejected_cond_on_not_in_top_ten": 1.2625945411166366, "mean_gap_improvement_cond_on_not_in_top_ten": 0.050342333560087243, "top1_accuracy_on_chosen_policy_cond_on_not_in_top_ten": 0.23979591836734693, "top1_accuracy_on_chosen_base_cond_on_not_in_top_ten": 0.20918367346938777, "mean_p_chosen_policy_cond_on_not_in_top_ten": 0.16474521334681896, "mean_p_chosen_base_cond_on_not_in_top_ten": 0.1596966245963312, "mean_kl_cond_on_not_in_top_ten": 0.042511453123273785, "mean_ent_pi_cond_on_not_in_top_ten": 1.7612642026981529, "mean_ent_ref_cond_on_not_in_top_ten": 1.8399022794803794, "top1_precision_cond_on_not_in_top_ten": 0.23979591836734693, "top1_recall_cond_on_not_in_top_ten": 0.23979591836734693, "top1_f1_cond_on_not_in_top_ten": 0.23979591836734693, "top3_precision_cond_on_not_in_top_ten": 0.5153061224489796, "top3_recall_cond_on_not_in_top_ten": 0.5153061224489796, "top3_f1_cond_on_not_in_top_ten": 0.5153061224489796, "top5_precision_cond_on_not_in_top_ten": 0.6683673469387755, "top5_recall_cond_on_not_in_top_ten": 0.6683673469387755, "top5_f1_cond_on_not_in_top_ten": 0.6683673469387755, "top10_precision_cond_on_not_in_top_ten": 0.8367346938775511, "top10_recall_cond_on_not_in_top_ten": 0.8367346938775511, "top10_f1_cond_on_not_in_top_ten": 0.8367346938775511, "mean_logp_gap_policy_chosen_rejected_cond_on_in_top_ten": 2.482352566241871, "mean_logp_gap_base_chosen_rejected_cond_on_in_top_ten": 2.0168936504807533, "mean_gap_improvement_cond_on_in_top_ten": 0.46545891652461224, "top1_accuracy_on_chosen_policy_cond_on_in_top_ten": 0.47307132459970885, "top1_accuracy_on_chosen_base_cond_on_in_top_ten": 0.4468704512372635, "mean_p_chosen_policy_cond_on_in_top_ten": 0.3744347341480232, "mean_p_chosen_base_cond_on_in_top_ten": 0.34202630809667806, "mean_kl_cond_on_in_top_ten": 0.164709384936274, "mean_ent_pi_cond_on_in_top_ten": 1.3188005757038894, "mean_ent_ref_cond_on_in_top_ten": 1.4547441972536204, "top1_precision_cond_on_in_top_ten": 0.47307132459970885, "top1_recall_cond_on_in_top_ten": 0.47307132459970885, "top1_f1_cond_on_in_top_ten": 0.4730713245997088, "top3_precision_cond_on_in_top_ten": 0.7868995633187773, "top3_recall_cond_on_in_top_ten": 0.7868995633187773, "top3_f1_cond_on_in_top_ten": 0.7868995633187773, "top5_precision_cond_on_in_top_ten": 0.893740902474527, "top5_recall_cond_on_in_top_ten": 0.893740902474527, "top5_f1_cond_on_in_top_ten": 0.8937409024745271, "top10_precision_cond_on_in_top_ten": 0.9746724890829694, "top10_recall_cond_on_in_top_ten": 0.9746724890829694, "top10_f1_cond_on_in_top_ten": 0.9746724890829693}