{"loss": 1.9021516171935766, "mean_logp_gap_policy_chosen_rejected": 2.3943481373084343, "mean_logp_gap_base_chosen_rejected": 1.9761768790586236, "mean_gap_improvement": 0.4181712773164026, "top1_accuracy_on_chosen_policy": 0.4621316442900668, "top1_accuracy_on_chosen_base": 0.4340402093579768, "mean_p_chosen_policy": 0.3626754249268345, "mean_p_chosen_base": 0.3321842207737253, "mean_kl": 0.16524726410553628, "mean_ent_pi": 1.3504164938885987, "mean_ent_ref": 1.475534881254557, "top1_precision": 0.46213164417515834, "top1_recall": 0.46213164417515834, "top1_f1": 0.46213164417515834, "top3_precision": 0.7716882401542274, "top3_recall": 0.7716882401542274, "top3_f1": 0.7716882401542274, "top5_precision": 0.8835031671715781, "top5_recall": 0.8835031671715781, "top5_f1": 0.883503167171578, "top10_precision": 0.9680528779950427, "top10_recall": 0.9680528779950427, "top10_f1": 0.9680528779950427, "mean_logp_gap_policy_chosen_rejected_cond_on_not_in_top_ten": 1.3070679136684962, "mean_logp_gap_base_chosen_rejected_cond_on_not_in_top_ten": 1.2625945411166366, "mean_gap_improvement_cond_on_not_in_top_ten": 0.04447337255185964, "top1_accuracy_on_chosen_policy_cond_on_not_in_top_ten": 0.24489795918367346, "top1_accuracy_on_chosen_base_cond_on_not_in_top_ten": 0.20918367346938777, "mean_p_chosen_policy_cond_on_not_in_top_ten": 0.16487851896929395, "mean_p_chosen_base_cond_on_not_in_top_ten": 0.1596966245963312, "mean_kl_cond_on_not_in_top_ten": 0.04264057116887095, "mean_ent_pi_cond_on_not_in_top_ten": 1.766002788075379, "mean_ent_ref_cond_on_not_in_top_ten": 1.8399022794803794, "top1_precision_cond_on_not_in_top_ten": 0.24489795918367346, "top1_recall_cond_on_not_in_top_ten": 0.24489795918367346, "top1_f1_cond_on_not_in_top_ten": 0.2448979591836735, "top3_precision_cond_on_not_in_top_ten": 0.5204081632653061, "top3_recall_cond_on_not_in_top_ten": 0.5204081632653061, "top3_f1_cond_on_not_in_top_ten": 0.5204081632653061, "top5_precision_cond_on_not_in_top_ten": 0.673469387755102, "top5_recall_cond_on_not_in_top_ten": 0.673469387755102, "top5_f1_cond_on_not_in_top_ten": 0.673469387755102, "top10_precision_cond_on_not_in_top_ten": 0.8316326530612245, "top10_recall_cond_on_not_in_top_ten": 0.8316326530612245, "top10_f1_cond_on_not_in_top_ten": 0.8316326530612246, "mean_logp_gap_policy_chosen_rejected_cond_on_in_top_ten": 2.456388006442846, "mean_logp_gap_base_chosen_rejected_cond_on_in_top_ten": 2.0168936504807533, "mean_gap_improvement_cond_on_in_top_ten": 0.43949435632648776, "top1_accuracy_on_chosen_policy_cond_on_in_top_ten": 0.4745269286754003, "top1_accuracy_on_chosen_base_cond_on_in_top_ten": 0.4468704512372635, "mean_p_chosen_policy_cond_on_in_top_ten": 0.37396165343450316, "mean_p_chosen_base_cond_on_in_top_ten": 0.34202630809667806, "mean_kl_cond_on_in_top_ten": 0.17224316214716084, "mean_ent_pi_cond_on_in_top_ten": 1.32670324795813, "mean_ent_ref_cond_on_in_top_ten": 1.4547441972536204, "top1_precision_cond_on_in_top_ten": 0.4745269286754003, "top1_recall_cond_on_in_top_ten": 0.4745269286754003, "top1_f1_cond_on_in_top_ten": 0.4745269286754003, "top3_precision_cond_on_in_top_ten": 0.7860262008733624, "top3_recall_cond_on_in_top_ten": 0.7860262008733624, "top3_f1_cond_on_in_top_ten": 0.7860262008733624, "top5_precision_cond_on_in_top_ten": 0.8954876273653566, "top5_recall_cond_on_in_top_ten": 0.8954876273653566, "top5_f1_cond_on_in_top_ten": 0.8954876273653566, "top10_precision_cond_on_in_top_ten": 0.9758369723435225, "top10_recall_cond_on_in_top_ten": 0.9758369723435225, "top10_f1_cond_on_in_top_ten": 0.9758369723435224}