{"loss": 1.7650369964529744, "mean_logp_gap_policy_chosen_rejected": 2.286358678416423, "mean_logp_gap_base_chosen_rejected": 1.9761768790586236, "mean_gap_improvement": 0.3101818069622754, "top1_accuracy_on_chosen_policy": 0.4615808318088745, "top1_accuracy_on_chosen_base": 0.4340402093579768, "mean_p_chosen_policy": 0.35625525300281496, "mean_p_chosen_base": 0.3321842207737253, "mean_kl": 0.16677374093165184, "mean_ent_pi": 1.4080314429066982, "mean_ent_ref": 1.475534881254557, "top1_precision": 0.46158083172679704, "top1_recall": 0.46158083172679704, "top1_f1": 0.46158083172679704, "top3_precision": 0.7752685210685761, "top3_recall": 0.7752685210685761, "top3_f1": 0.7752685210685761, "top5_precision": 0.8848801982924814, "top5_recall": 0.8848801982924814, "top5_f1": 0.8848801982924814, "top10_precision": 0.9699807215643074, "top10_recall": 0.9699807215643074, "top10_f1": 0.9699807215643073, "mean_logp_gap_policy_chosen_rejected_cond_on_not_in_top_ten": 1.2414294539057478, "mean_logp_gap_base_chosen_rejected_cond_on_not_in_top_ten": 1.2625945411166366, "mean_gap_improvement_cond_on_not_in_top_ten": -0.021165087210888764, "top1_accuracy_on_chosen_policy_cond_on_not_in_top_ten": 0.23469387755102042, "top1_accuracy_on_chosen_base_cond_on_not_in_top_ten": 0.20918367346938777, "mean_p_chosen_policy_cond_on_not_in_top_ten": 0.16291689546741675, "mean_p_chosen_base_cond_on_not_in_top_ten": 0.1596966245963312, "mean_kl_cond_on_not_in_top_ten": 0.036491378287699223, "mean_ent_pi_cond_on_not_in_top_ten": 1.8328740022012167, "mean_ent_ref_cond_on_not_in_top_ten": 1.8399022794803794, "top1_precision_cond_on_not_in_top_ten": 0.23469387755102042, "top1_recall_cond_on_not_in_top_ten": 0.23469387755102042, "top1_f1_cond_on_not_in_top_ten": 0.23469387755102045, "top3_precision_cond_on_not_in_top_ten": 0.5204081632653061, "top3_recall_cond_on_not_in_top_ten": 0.5204081632653061, "top3_f1_cond_on_not_in_top_ten": 0.5204081632653061, "top5_precision_cond_on_not_in_top_ten": 0.6683673469387755, "top5_recall_cond_on_not_in_top_ten": 0.6683673469387755, "top5_f1_cond_on_not_in_top_ten": 0.6683673469387755, "top10_precision_cond_on_not_in_top_ten": 0.8316326530612245, "top10_recall_cond_on_not_in_top_ten": 0.8316326530612245, "top10_f1_cond_on_not_in_top_ten": 0.8316326530612246, "mean_logp_gap_policy_chosen_rejected_cond_on_in_top_ten": 2.34598200196262, "mean_logp_gap_base_chosen_rejected_cond_on_in_top_ten": 2.0168936504807533, "mean_gap_improvement_cond_on_in_top_ten": 0.3290883524882915, "top1_accuracy_on_chosen_policy_cond_on_in_top_ten": 0.4745269286754003, "top1_accuracy_on_chosen_base_cond_on_in_top_ten": 0.4468704512372635, "mean_p_chosen_policy_cond_on_in_top_ten": 0.3672870808236835, "mean_p_chosen_base_cond_on_in_top_ten": 0.34202630809667806, "mean_kl_cond_on_in_top_ten": 0.1742076109737819, "mean_ent_pi_cond_on_in_top_ten": 1.3837900702070223, "mean_ent_ref_cond_on_in_top_ten": 1.4547441972536204, "top1_precision_cond_on_in_top_ten": 0.4745269286754003, "top1_recall_cond_on_in_top_ten": 0.4745269286754003, "top1_f1_cond_on_in_top_ten": 0.4745269286754003, "top3_precision_cond_on_in_top_ten": 0.7898107714701601, "top3_recall_cond_on_in_top_ten": 0.7898107714701601, "top3_f1_cond_on_in_top_ten": 0.7898107714701601, "top5_precision_cond_on_in_top_ten": 0.8972343522561863, "top5_recall_cond_on_in_top_ten": 0.8972343522561863, "top5_f1_cond_on_in_top_ten": 0.8972343522561862, "top10_precision_cond_on_in_top_ten": 0.9778748180494905, "top10_recall_cond_on_in_top_ten": 0.9778748180494905, "top10_f1_cond_on_in_top_ten": 0.9778748180494905}