{"loss": 1.7014686162069264, "mean_logp_gap_policy_chosen_rejected": 2.219593571946825, "mean_logp_gap_base_chosen_rejected": 1.9761768790586236, "mean_gap_improvement": 0.24341669804676935, "top1_accuracy_on_chosen_policy": 0.46240705051424746, "top1_accuracy_on_chosen_base": 0.4340402093579768, "mean_p_chosen_policy": 0.3516970154701334, "mean_p_chosen_base": 0.3321842207737253, "mean_kl": 0.1683554148988368, "mean_ent_pi": 1.4344118538063046, "mean_ent_ref": 1.475534881254557, "top1_precision": 0.46240705039933905, "top1_recall": 0.46240705039933905, "top1_f1": 0.46240705039933905, "top3_precision": 0.7744423023960342, "top3_recall": 0.7744423023960342, "top3_f1": 0.7744423023960342, "top5_precision": 0.8843293858441201, "top5_recall": 0.8843293858441201, "top5_f1": 0.8843293858441201, "top10_precision": 0.9699807215643074, "top10_recall": 0.9699807215643074, "top10_f1": 0.9699807215643073, "mean_logp_gap_policy_chosen_rejected_cond_on_not_in_top_ten": 1.208690588267482, "mean_logp_gap_base_chosen_rejected_cond_on_not_in_top_ten": 1.2625945411166366, "mean_gap_improvement_cond_on_not_in_top_ten": -0.05390395254504924, "top1_accuracy_on_chosen_policy_cond_on_not_in_top_ten": 0.25510204081632654, "top1_accuracy_on_chosen_base_cond_on_not_in_top_ten": 0.20918367346938777, "mean_p_chosen_policy_cond_on_not_in_top_ten": 0.15914399240671406, "mean_p_chosen_base_cond_on_not_in_top_ten": 0.1596966245963312, "mean_kl_cond_on_not_in_top_ten": 0.043521730300533225, "mean_ent_pi_cond_on_not_in_top_ten": 1.8637691903479245, "mean_ent_ref_cond_on_not_in_top_ten": 1.8399022794803794, "top1_precision_cond_on_not_in_top_ten": 0.25510204081632654, "top1_recall_cond_on_not_in_top_ten": 0.25510204081632654, "top1_f1_cond_on_not_in_top_ten": 0.25510204081632654, "top3_precision_cond_on_not_in_top_ten": 0.5153061224489796, "top3_recall_cond_on_not_in_top_ten": 0.5153061224489796, "top3_f1_cond_on_not_in_top_ten": 0.5153061224489796, "top5_precision_cond_on_not_in_top_ten": 0.6683673469387755, "top5_recall_cond_on_not_in_top_ten": 0.6683673469387755, "top5_f1_cond_on_not_in_top_ten": 0.6683673469387755, "top10_precision_cond_on_not_in_top_ten": 0.8520408163265306, "top10_recall_cond_on_not_in_top_ten": 0.8520408163265306, "top10_f1_cond_on_not_in_top_ten": 0.8520408163265306, "mean_logp_gap_policy_chosen_rejected_cond_on_in_top_ten": 2.277275370909484, "mean_logp_gap_base_chosen_rejected_cond_on_in_top_ten": 2.0168936504807533, "mean_gap_improvement_cond_on_in_top_ten": 0.26038172131369036, "top1_accuracy_on_chosen_policy_cond_on_in_top_ten": 0.474235807860262, "top1_accuracy_on_chosen_base_cond_on_in_top_ten": 0.4468704512372635, "mean_p_chosen_policy_cond_on_in_top_ten": 0.36268403073344807, "mean_p_chosen_base_cond_on_in_top_ten": 0.34202630809667806, "mean_kl_cond_on_in_top_ten": 0.175478384354909, "mean_ent_pi_cond_on_in_top_ten": 1.4099128518183073, "mean_ent_ref_cond_on_in_top_ten": 1.4547441972536204, "top1_precision_cond_on_in_top_ten": 0.474235807860262, "top1_recall_cond_on_in_top_ten": 0.474235807860262, "top1_f1_cond_on_in_top_ten": 0.474235807860262, "top3_precision_cond_on_in_top_ten": 0.7892285298398836, "top3_recall_cond_on_in_top_ten": 0.7892285298398836, "top3_f1_cond_on_in_top_ten": 0.7892285298398836, "top5_precision_cond_on_in_top_ten": 0.8966521106259098, "top5_recall_cond_on_in_top_ten": 0.8966521106259098, "top5_f1_cond_on_in_top_ten": 0.8966521106259098, "top10_precision_cond_on_in_top_ten": 0.9767103347889374, "top10_recall_cond_on_in_top_ten": 0.9767103347889374, "top10_f1_cond_on_in_top_ten": 0.9767103347889374}