loss,mean_logp_gap_policy_chosen_rejected,mean_logp_gap_base_chosen_rejected,mean_gap_improvement,top1_accuracy_on_chosen_policy,top1_accuracy_on_chosen_base,mean_p_chosen_policy,mean_p_chosen_base,mean_kl,mean_ent_pi,mean_ent_ref
1.6957909517201535,2.1800568789301153,1.9761768790586236,0.20387999287849284,0.4632332691867895,0.4340402093579768,0.3501079128124076,0.3321842207737253,0.17233932975303107,1.4493385599651667,1.475534881254557
