{"loss": 1.7486203825857909, "mean_logp_gap_policy_chosen_rejected": 1.9761768790586236, "mean_logp_gap_base_chosen_rejected": 1.9761768790586236, "mean_gap_improvement": 0.0, "top1_accuracy_on_chosen_policy": 0.4340402093579768, "top1_accuracy_on_chosen_base": 0.4340402093579768, "mean_p_chosen_policy": 0.3321842207737253, "mean_p_chosen_base": 0.3321842207737253, "mean_kl": 0.0, "mean_ent_pi": 1.475534881254557, "mean_ent_ref": 1.475534881254557, "top1_precision": 0.4340402093087304, "top1_recall": 0.4340402093087304, "top1_f1": 0.4340402093087304, "top3_precision": 0.7526852106857616, "top3_recall": 0.7526852106857616, "top3_f1": 0.7526852106857617, "top5_precision": 0.862847700358028, "top5_recall": 0.862847700358028, "top5_f1": 0.862847700358028, "top10_precision": 0.9575874414761774, "top10_recall": 0.9575874414761774, "top10_f1": 0.9575874414761774, "mean_logp_gap_policy_chosen_rejected_cond_on_not_in_top_ten": 1.2625945411166366, "mean_logp_gap_base_chosen_rejected_cond_on_not_in_top_ten": 1.2625945411166366, "mean_gap_improvement_cond_on_not_in_top_ten": 0.0, "top1_accuracy_on_chosen_policy_cond_on_not_in_top_ten": 0.20918367346938777, "top1_accuracy_on_chosen_base_cond_on_not_in_top_ten": 0.20918367346938777, "mean_p_chosen_policy_cond_on_not_in_top_ten": 0.1596966245963312, "mean_p_chosen_base_cond_on_not_in_top_ten": 0.1596966245963312, "mean_kl_cond_on_not_in_top_ten": 0.0, "mean_ent_pi_cond_on_not_in_top_ten": 1.8399022794803794, "mean_ent_ref_cond_on_not_in_top_ten": 1.8399022794803794, "top1_precision_cond_on_not_in_top_ten": 0.20918367346938777, "top1_recall_cond_on_not_in_top_ten": 0.20918367346938777, "top1_f1_cond_on_not_in_top_ten": 0.20918367346938777, "top3_precision_cond_on_not_in_top_ten": 0.5357142857142857, "top3_recall_cond_on_not_in_top_ten": 0.5357142857142857, "top3_f1_cond_on_not_in_top_ten": 0.5357142857142857, "top5_precision_cond_on_not_in_top_ten": 0.6836734693877551, "top5_recall_cond_on_not_in_top_ten": 0.6836734693877551, "top5_f1_cond_on_not_in_top_ten": 0.6836734693877551, "top10_precision_cond_on_not_in_top_ten": 0.8316326530612245, "top10_recall_cond_on_not_in_top_ten": 0.8316326530612245, "top10_f1_cond_on_not_in_top_ten": 0.8316326530612246, "mean_logp_gap_policy_chosen_rejected_cond_on_in_top_ten": 2.0168936504807533, "mean_logp_gap_base_chosen_rejected_cond_on_in_top_ten": 2.0168936504807533, "mean_gap_improvement_cond_on_in_top_ten": 0.0, "top1_accuracy_on_chosen_policy_cond_on_in_top_ten": 0.4468704512372635, "top1_accuracy_on_chosen_base_cond_on_in_top_ten": 0.4468704512372635, "mean_p_chosen_policy_cond_on_in_top_ten": 0.34202630809667806, "mean_p_chosen_base_cond_on_in_top_ten": 0.34202630809667806, "mean_kl_cond_on_in_top_ten": 0.0, "mean_ent_pi_cond_on_in_top_ten": 1.4547441972536204, "mean_ent_ref_cond_on_in_top_ten": 1.4547441972536204, "top1_precision_cond_on_in_top_ten": 0.4468704512372635, "top1_recall_cond_on_in_top_ten": 0.4468704512372635, "top1_f1_cond_on_in_top_ten": 0.44687045123726354, "top3_precision_cond_on_in_top_ten": 0.7650655021834061, "top3_recall_cond_on_in_top_ten": 0.7650655021834061, "top3_f1_cond_on_in_top_ten": 0.7650655021834061, "top5_precision_cond_on_in_top_ten": 0.8730713245997089, "top5_recall_cond_on_in_top_ten": 0.8730713245997089, "top5_f1_cond_on_in_top_ten": 0.8730713245997088, "top10_precision_cond_on_in_top_ten": 0.9647743813682679, "top10_recall_cond_on_in_top_ten": 0.9647743813682679, "top10_f1_cond_on_in_top_ten": 0.964774381368268}