{"loss": 0.5180165338568765, "mean_logp_gap_policy_chosen_rejected": 5.249090913700617, "mean_logp_gap_base_chosen_rejected": 1.9761768790586236, "mean_gap_improvement": 3.2729140484966677, "top1_accuracy_on_chosen_policy": 0.42660424140359177, "top1_accuracy_on_chosen_base": 0.4340402093579768, "mean_p_chosen_policy": 0.40374543004638724, "mean_p_chosen_base": 0.3321842207737253, "mean_kl": 0.4283769570149459, "mean_ent_pi": 0.6477065670427886, "mean_ent_ref": 1.475534881254557, "top1_precision": 0.4266042412558524, "top1_recall": 0.4266042412558524, "top1_f1": 0.4266042412558524, "top3_precision": 0.7397411181492701, "top3_recall": 0.7397411181492701, "top3_f1": 0.7397411181492701, "top5_precision": 0.8570641696502341, "top5_recall": 0.8570641696502341, "top5_f1": 0.857064169650234, "top10_precision": 0.9600660974938033, "top10_recall": 0.9600660974938033, "top10_f1": 0.9600660974938033, "mean_logp_gap_policy_chosen_rejected_cond_on_not_in_top_ten": 2.8261805213227564, "mean_logp_gap_base_chosen_rejected_cond_on_not_in_top_ten": 1.2625945411166366, "mean_gap_improvement_cond_on_not_in_top_ten": 1.5635859844635944, "top1_accuracy_on_chosen_policy_cond_on_not_in_top_ten": 0.1989795918367347, "top1_accuracy_on_chosen_base_cond_on_not_in_top_ten": 0.20918367346938777, "mean_p_chosen_policy_cond_on_not_in_top_ten": 0.18777271235252024, "mean_p_chosen_base_cond_on_not_in_top_ten": 0.1596966245963312, "mean_kl_cond_on_not_in_top_ten": 0.4522107948302006, "mean_ent_pi_cond_on_not_in_top_ten": 0.8895873635202796, "mean_ent_ref_cond_on_not_in_top_ten": 1.8399022794803794, "top1_precision_cond_on_not_in_top_ten": 0.1989795918367347, "top1_recall_cond_on_not_in_top_ten": 0.1989795918367347, "top1_f1_cond_on_not_in_top_ten": 0.1989795918367347, "top3_precision_cond_on_not_in_top_ten": 0.47959183673469385, "top3_recall_cond_on_not_in_top_ten": 0.47959183673469385, "top3_f1_cond_on_not_in_top_ten": 0.47959183673469385, "top5_precision_cond_on_not_in_top_ten": 0.6173469387755102, "top5_recall_cond_on_not_in_top_ten": 0.6173469387755102, "top5_f1_cond_on_not_in_top_ten": 0.6173469387755102, "top10_precision_cond_on_not_in_top_ten": 0.8520408163265306, "top10_recall_cond_on_not_in_top_ten": 0.8520408163265306, "top10_f1_cond_on_not_in_top_ten": 0.8520408163265306, "mean_logp_gap_policy_chosen_rejected_cond_on_in_top_ten": 5.387341402364783, "mean_logp_gap_base_chosen_rejected_cond_on_in_top_ten": 2.0168936504807533, "mean_gap_improvement_cond_on_in_top_ten": 3.370447749593546, "top1_accuracy_on_chosen_policy_cond_on_in_top_ten": 0.4395924308588064, "top1_accuracy_on_chosen_base_cond_on_in_top_ten": 0.4468704512372635, "mean_p_chosen_policy_cond_on_in_top_ten": 0.41606876743776194, "mean_p_chosen_base_cond_on_in_top_ten": 0.34202630809667806, "mean_kl_cond_on_in_top_ten": 0.4270170084527338, "mean_ent_pi_cond_on_in_top_ten": 0.6339049279328781, "mean_ent_ref_cond_on_in_top_ten": 1.4547441972536204, "top1_precision_cond_on_in_top_ten": 0.4395924308588064, "top1_recall_cond_on_in_top_ten": 0.4395924308588064, "top1_f1_cond_on_in_top_ten": 0.4395924308588064, "top3_precision_cond_on_in_top_ten": 0.754585152838428, "top3_recall_cond_on_in_top_ten": 0.754585152838428, "top3_f1_cond_on_in_top_ten": 0.754585152838428, "top5_precision_cond_on_in_top_ten": 0.8707423580786027, "top5_recall_cond_on_in_top_ten": 0.8707423580786027, "top5_f1_cond_on_in_top_ten": 0.8707423580786027, "top10_precision_cond_on_in_top_ten": 0.9662299854439592, "top10_recall_cond_on_in_top_ten": 0.9662299854439592, "top10_f1_cond_on_in_top_ten": 0.9662299854439592}