loss,mean_logp_gap_policy_chosen_rejected,mean_logp_gap_base_chosen_rejected,mean_gap_improvement,top1_accuracy_on_chosen_policy,top1_accuracy_on_chosen_base,mean_p_chosen_policy,mean_p_chosen_base,mean_kl,mean_ent_pi,mean_ent_ref
1.7650369964529744,2.286358678416423,1.9761768790586236,0.3101818069622754,0.4615808318088745,0.4340402093579768,0.35625525300281496,0.3321842207737253,0.16677374093165184,1.4080314429066982,1.475534881254557
