{"loss": 0.49176044929162166, "mean_logp_gap_policy_chosen_rejected": 4.326123414765833, "mean_logp_gap_base_chosen_rejected": 1.9761768790586236, "mean_gap_improvement": 2.3499465355758855, "top1_accuracy_on_chosen_policy": 0.43128614718183217, "top1_accuracy_on_chosen_base": 0.4340402093579768, "mean_p_chosen_policy": 0.4031212840796633, "mean_p_chosen_base": 0.3321842207737253, "mean_kl": 0.3065348737120333, "mean_ent_pi": 0.767893106245988, "mean_ent_ref": 1.475534881254557, "top1_precision": 0.4312861470669237, "top1_recall": 0.4312861470669237, "top1_f1": 0.4312861470669237, "top3_precision": 0.7557146791517488, "top3_recall": 0.7557146791517488, "top3_f1": 0.7557146791517488, "top5_precision": 0.8705590746350867, "top5_recall": 0.8705590746350867, "top5_f1": 0.8705590746350867, "top10_precision": 0.9639217846323327, "top10_recall": 0.9639217846323327, "top10_f1": 0.9639217846323328, "mean_logp_gap_policy_chosen_rejected_cond_on_not_in_top_ten": 2.345119521325948, "mean_logp_gap_base_chosen_rejected_cond_on_not_in_top_ten": 1.2625945411166366, "mean_gap_improvement_cond_on_not_in_top_ten": 1.0825249838585755, "top1_accuracy_on_chosen_policy_cond_on_not_in_top_ten": 0.22448979591836735, "top1_accuracy_on_chosen_base_cond_on_not_in_top_ten": 0.20918367346938777, "mean_p_chosen_policy_cond_on_not_in_top_ten": 0.18705049096638438, "mean_p_chosen_base_cond_on_not_in_top_ten": 0.1596966245963312, "mean_kl_cond_on_not_in_top_ten": 0.2948749561090859, "mean_ent_pi_cond_on_not_in_top_ten": 1.0662445350436076, "mean_ent_ref_cond_on_not_in_top_ten": 1.8399022794803794, "top1_precision_cond_on_not_in_top_ten": 0.22448979591836735, "top1_recall_cond_on_not_in_top_ten": 0.22448979591836735, "top1_f1_cond_on_not_in_top_ten": 0.22448979591836737, "top3_precision_cond_on_not_in_top_ten": 0.5, "top3_recall_cond_on_not_in_top_ten": 0.5, "top3_f1_cond_on_not_in_top_ten": 0.5, "top5_precision_cond_on_not_in_top_ten": 0.6428571428571429, "top5_recall_cond_on_not_in_top_ten": 0.6428571428571429, "top5_f1_cond_on_not_in_top_ten": 0.6428571428571429, "top10_precision_cond_on_not_in_top_ten": 0.8469387755102041, "top10_recall_cond_on_not_in_top_ten": 0.8469387755102041, "top10_f1_cond_on_not_in_top_ten": 0.846938775510204, "mean_logp_gap_policy_chosen_rejected_cond_on_in_top_ten": 4.439158835247961, "mean_logp_gap_base_chosen_rejected_cond_on_in_top_ten": 2.0168936504807533, "mean_gap_improvement_cond_on_in_top_ten": 2.422265185903774, "top1_accuracy_on_chosen_policy_cond_on_in_top_ten": 0.4430858806404658, "top1_accuracy_on_chosen_base_cond_on_in_top_ten": 0.4468704512372635, "mean_p_chosen_policy_cond_on_in_top_ten": 0.4154502122130409, "mean_p_chosen_base_cond_on_in_top_ten": 0.34202630809667806, "mean_kl_cond_on_in_top_ten": 0.3072001832302489, "mean_ent_pi_cond_on_in_top_ten": 0.7508692679006771, "mean_ent_ref_cond_on_in_top_ten": 1.4547441972536204, "top1_precision_cond_on_in_top_ten": 0.4430858806404658, "top1_recall_cond_on_in_top_ten": 0.4430858806404658, "top1_f1_cond_on_in_top_ten": 0.4430858806404658, "top3_precision_cond_on_in_top_ten": 0.7703056768558952, "top3_recall_cond_on_in_top_ten": 0.7703056768558952, "top3_f1_cond_on_in_top_ten": 0.7703056768558952, "top5_precision_cond_on_in_top_ten": 0.883551673944687, "top5_recall_cond_on_in_top_ten": 0.883551673944687, "top5_f1_cond_on_in_top_ten": 0.883551673944687, "top10_precision_cond_on_in_top_ten": 0.9705967976710335, "top10_recall_cond_on_in_top_ten": 0.9705967976710335, "top10_f1_cond_on_in_top_ten": 0.9705967976710334}