{"loss": 1.6942931847019453, "mean_logp_gap_policy_chosen_rejected": 2.20542187521327, "mean_logp_gap_base_chosen_rejected": 1.9761768790586236, "mean_gap_improvement": 0.22924501816371493, "top1_accuracy_on_chosen_policy": 0.4626824567384281, "top1_accuracy_on_chosen_base": 0.4340402093579768, "mean_p_chosen_policy": 0.3516649364423765, "mean_p_chosen_base": 0.3321842207737253, "mean_kl": 0.16052608337654486, "mean_ent_pi": 1.4443480040015217, "mean_ent_ref": 1.475534881254557, "top1_precision": 0.4626824566235197, "top1_recall": 0.4626824566235197, "top1_f1": 0.46268245662351964, "top3_precision": 0.7766455521894795, "top3_recall": 0.7766455521894795, "top3_f1": 0.7766455521894795, "top5_precision": 0.8835031671715781, "top5_recall": 0.8835031671715781, "top5_f1": 0.883503167171578, "top10_precision": 0.9699807215643074, "top10_recall": 0.9699807215643074, "top10_f1": 0.9699807215643073, "mean_logp_gap_policy_chosen_rejected_cond_on_not_in_top_ten": 1.2139029855630836, "mean_logp_gap_base_chosen_rejected_cond_on_not_in_top_ten": 1.2625945411166366, "mean_gap_improvement_cond_on_not_in_top_ten": -0.048691555857658386, "top1_accuracy_on_chosen_policy_cond_on_not_in_top_ten": 0.23469387755102042, "top1_accuracy_on_chosen_base_cond_on_not_in_top_ten": 0.20918367346938777, "mean_p_chosen_policy_cond_on_not_in_top_ten": 0.1604704870843882, "mean_p_chosen_base_cond_on_not_in_top_ten": 0.1596966245963312, "mean_kl_cond_on_not_in_top_ten": 0.03679139236860186, "mean_ent_pi_cond_on_not_in_top_ten": 1.8695714692680203, "mean_ent_ref_cond_on_not_in_top_ten": 1.8399022794803794, "top1_precision_cond_on_not_in_top_ten": 0.23469387755102042, "top1_recall_cond_on_not_in_top_ten": 0.23469387755102042, "top1_f1_cond_on_not_in_top_ten": 0.23469387755102045, "top3_precision_cond_on_not_in_top_ten": 0.5255102040816326, "top3_recall_cond_on_not_in_top_ten": 0.5255102040816326, "top3_f1_cond_on_not_in_top_ten": 0.5255102040816326, "top5_precision_cond_on_not_in_top_ten": 0.673469387755102, "top5_recall_cond_on_not_in_top_ten": 0.673469387755102, "top5_f1_cond_on_not_in_top_ten": 0.673469387755102, "top10_precision_cond_on_not_in_top_ten": 0.8367346938775511, "top10_recall_cond_on_not_in_top_ten": 0.8367346938775511, "top10_f1_cond_on_not_in_top_ten": 0.8367346938775511, "mean_logp_gap_policy_chosen_rejected_cond_on_in_top_ten": 2.2619976411046245, "mean_logp_gap_base_chosen_rejected_cond_on_in_top_ten": 2.0168936504807533, "mean_gap_improvement_cond_on_in_top_ten": 0.24510399182116968, "top1_accuracy_on_chosen_policy_cond_on_in_top_ten": 0.47569141193595343, "top1_accuracy_on_chosen_base_cond_on_in_top_ten": 0.4468704512372635, "mean_p_chosen_policy_cond_on_in_top_ten": 0.3625744364213148, "mean_p_chosen_base_cond_on_in_top_ten": 0.34202630809667806, "mean_kl_cond_on_in_top_ten": 0.1675863436126506, "mean_ent_pi_cond_on_in_top_ten": 1.4200848910938595, "mean_ent_ref_cond_on_in_top_ten": 1.4547441972536204, "top1_precision_cond_on_in_top_ten": 0.47569141193595343, "top1_recall_cond_on_in_top_ten": 0.47569141193595343, "top1_f1_cond_on_in_top_ten": 0.4756914119359534, "top3_precision_cond_on_in_top_ten": 0.7909752547307133, "top3_recall_cond_on_in_top_ten": 0.7909752547307133, "top3_f1_cond_on_in_top_ten": 0.7909752547307133, "top5_precision_cond_on_in_top_ten": 0.8954876273653566, "top5_recall_cond_on_in_top_ten": 0.8954876273653566, "top5_f1_cond_on_in_top_ten": 0.8954876273653566, "top10_precision_cond_on_in_top_ten": 0.9775836972343522, "top10_recall_cond_on_in_top_ten": 0.9775836972343522, "top10_f1_cond_on_in_top_ten": 0.9775836972343521}