loss,mean_logp_gap_policy_chosen_rejected,mean_logp_gap_base_chosen_rejected,mean_gap_improvement,top1_accuracy_on_chosen_policy,top1_accuracy_on_chosen_base,mean_p_chosen_policy,mean_p_chosen_base,mean_kl,mean_ent_pi,mean_ent_ref
1.9104115451147194,2.4192279701684662,1.9761768790586236,0.4430510834848477,0.4604792069449828,0.4340402093579768,0.36311577305226445,0.3321842207737253,0.15811318588573656,1.3426845990997542,1.475534881254557
