loss,mean_logp_gap_policy_chosen_rejected,mean_logp_gap_base_chosen_rejected,mean_gap_improvement,top1_accuracy_on_chosen_policy,top1_accuracy_on_chosen_base,mean_p_chosen_policy,mean_p_chosen_base,mean_kl,mean_ent_pi,mean_ent_ref
1.7014686162069264,2.219593571946825,1.9761768790586236,0.24341669804676935,0.46240705051424746,0.4340402093579768,0.3516970154701334,0.3321842207737253,0.1683554148988368,1.4344118538063046,1.475534881254557
