{"loss": 1.770803224347702, "mean_logp_gap_policy_chosen_rejected": 2.194948962423566, "mean_logp_gap_base_chosen_rejected": 1.9761768790586236, "mean_gap_improvement": 0.21877207424203346, "top1_accuracy_on_chosen_policy": 0.4563481135494418, "top1_accuracy_on_chosen_base": 0.4340402093579768, "mean_p_chosen_policy": 0.3497588825731427, "mean_p_chosen_base": 0.3321842207737253, "mean_kl": 0.14293187227755727, "mean_ent_pi": 1.4378593207324908, "mean_ent_ref": 1.475534881254557, "top1_precision": 0.45634811346736437, "top1_recall": 0.45634811346736437, "top1_f1": 0.45634811346736437, "top3_precision": 0.7719636463784082, "top3_recall": 0.7719636463784082, "top3_f1": 0.7719636463784082, "top5_precision": 0.885981823189204, "top5_recall": 0.885981823189204, "top5_f1": 0.885981823189204, "top10_precision": 0.9688790966675846, "top10_recall": 0.9688790966675846, "top10_f1": 0.9688790966675848, "mean_logp_gap_policy_chosen_rejected_cond_on_not_in_top_ten": 1.2270675356290779, "mean_logp_gap_base_chosen_rejected_cond_on_not_in_top_ten": 1.2625945411166366, "mean_gap_improvement_cond_on_not_in_top_ten": -0.03552700548755879, "top1_accuracy_on_chosen_policy_cond_on_not_in_top_ten": 0.24489795918367346, "top1_accuracy_on_chosen_base_cond_on_not_in_top_ten": 0.20918367346938777, "mean_p_chosen_policy_cond_on_not_in_top_ten": 0.15920350018399293, "mean_p_chosen_base_cond_on_not_in_top_ten": 0.1596966245963312, "mean_kl_cond_on_not_in_top_ten": 0.03061907214875219, "mean_ent_pi_cond_on_not_in_top_ten": 1.854099812252181, "mean_ent_ref_cond_on_not_in_top_ten": 1.8399022794803794, "top1_precision_cond_on_not_in_top_ten": 0.24489795918367346, "top1_recall_cond_on_not_in_top_ten": 0.24489795918367346, "top1_f1_cond_on_not_in_top_ten": 0.2448979591836735, "top3_precision_cond_on_not_in_top_ten": 0.5204081632653061, "top3_recall_cond_on_not_in_top_ten": 0.5204081632653061, "top3_f1_cond_on_not_in_top_ten": 0.5204081632653061, "top5_precision_cond_on_not_in_top_ten": 0.673469387755102, "top5_recall_cond_on_not_in_top_ten": 0.673469387755102, "top5_f1_cond_on_not_in_top_ten": 0.673469387755102, "top10_precision_cond_on_not_in_top_ten": 0.8418367346938775, "top10_recall_cond_on_not_in_top_ten": 0.8418367346938775, "top10_f1_cond_on_not_in_top_ten": 0.8418367346938774, "mean_logp_gap_policy_chosen_rejected_cond_on_in_top_ten": 2.250175949501679, "mean_logp_gap_base_chosen_rejected_cond_on_in_top_ten": 2.0168936504807533, "mean_gap_improvement_cond_on_in_top_ten": 0.23328230006205464, "top1_accuracy_on_chosen_policy_cond_on_in_top_ten": 0.46841339155749634, "top1_accuracy_on_chosen_base_cond_on_in_top_ten": 0.4468704512372635, "mean_p_chosen_policy_cond_on_in_top_ten": 0.36063191277496515, "mean_p_chosen_base_cond_on_in_top_ten": 0.34202630809667806, "mean_kl_cond_on_in_top_ten": 0.14934040569184778, "mean_ent_pi_cond_on_in_top_ten": 1.4141087691738843, "mean_ent_ref_cond_on_in_top_ten": 1.4547441972536204, "top1_precision_cond_on_in_top_ten": 0.46841339155749634, "top1_recall_cond_on_in_top_ten": 0.46841339155749634, "top1_f1_cond_on_in_top_ten": 0.4684133915574963, "top3_precision_cond_on_in_top_ten": 0.7863173216885008, "top3_recall_cond_on_in_top_ten": 0.7863173216885008, "top3_f1_cond_on_in_top_ten": 0.7863173216885008, "top5_precision_cond_on_in_top_ten": 0.8981077147016011, "top5_recall_cond_on_in_top_ten": 0.8981077147016011, "top5_f1_cond_on_in_top_ten": 0.898107714701601, "top10_precision_cond_on_in_top_ten": 0.9761280931586609, "top10_recall_cond_on_in_top_ten": 0.9761280931586609, "top10_f1_cond_on_in_top_ten": 0.9761280931586609}