{"loss": 1.697798181650429, "mean_logp_gap_policy_chosen_rejected": 2.1892131769568492, "mean_logp_gap_base_chosen_rejected": 1.9761768790586236, "mean_gap_improvement": 0.2130363135873303, "top1_accuracy_on_chosen_policy": 0.45882676953423684, "top1_accuracy_on_chosen_base": 0.4340402093579768, "mean_p_chosen_policy": 0.3511240752693445, "mean_p_chosen_base": 0.3321842207737253, "mean_kl": 0.15120167689845765, "mean_ent_pi": 1.4431651484306376, "mean_ent_ref": 1.475534881254557, "top1_precision": 0.45882676948499035, "top1_recall": 0.45882676948499035, "top1_f1": 0.45882676948499035, "top3_precision": 0.7725144588267695, "top3_recall": 0.7725144588267695, "top3_f1": 0.7725144588267695, "top5_precision": 0.8851556045166621, "top5_recall": 0.8851556045166621, "top5_f1": 0.8851556045166621, "top10_precision": 0.970256127788488, "top10_recall": 0.970256127788488, "top10_f1": 0.970256127788488, "mean_logp_gap_policy_chosen_rejected_cond_on_not_in_top_ten": 1.1936163248456255, "mean_logp_gap_base_chosen_rejected_cond_on_not_in_top_ten": 1.2625945411166366, "mean_gap_improvement_cond_on_not_in_top_ten": -0.06897821596690587, "top1_accuracy_on_chosen_policy_cond_on_not_in_top_ten": 0.23469387755102042, "top1_accuracy_on_chosen_base_cond_on_not_in_top_ten": 0.20918367346938777, "mean_p_chosen_policy_cond_on_not_in_top_ten": 0.15861381082771803, "mean_p_chosen_base_cond_on_not_in_top_ten": 0.1596966245963312, "mean_kl_cond_on_not_in_top_ten": 0.041797011469405294, "mean_ent_pi_cond_on_not_in_top_ten": 1.870186378153003, "mean_ent_ref_cond_on_not_in_top_ten": 1.8399022794803794, "top1_precision_cond_on_not_in_top_ten": 0.23469387755102042, "top1_recall_cond_on_not_in_top_ten": 0.23469387755102042, "top1_f1_cond_on_not_in_top_ten": 0.23469387755102045, "top3_precision_cond_on_not_in_top_ten": 0.5255102040816326, "top3_recall_cond_on_not_in_top_ten": 0.5255102040816326, "top3_f1_cond_on_not_in_top_ten": 0.5255102040816326, "top5_precision_cond_on_not_in_top_ten": 0.673469387755102, "top5_recall_cond_on_not_in_top_ten": 0.673469387755102, "top5_f1_cond_on_not_in_top_ten": 0.673469387755102, "top10_precision_cond_on_not_in_top_ten": 0.8469387755102041, "top10_recall_cond_on_not_in_top_ten": 0.8469387755102041, "top10_f1_cond_on_not_in_top_ten": 0.846938775510204, "mean_logp_gap_policy_chosen_rejected_cond_on_in_top_ten": 2.2460216182895447, "mean_logp_gap_base_chosen_rejected_cond_on_in_top_ten": 2.0168936504807533, "mean_gap_improvement_cond_on_in_top_ten": 0.22912796888462494, "top1_accuracy_on_chosen_policy_cond_on_in_top_ten": 0.47161572052401746, "top1_accuracy_on_chosen_base_cond_on_in_top_ten": 0.4468704512372635, "mean_p_chosen_policy_cond_on_in_top_ten": 0.36210865031559597, "mean_p_chosen_base_cond_on_in_top_ten": 0.34202630809667806, "mean_kl_cond_on_in_top_ten": 0.1574442720528396, "mean_ent_pi_cond_on_in_top_ten": 1.4187994464522897, "mean_ent_ref_cond_on_in_top_ten": 1.4547441972536204, "top1_precision_cond_on_in_top_ten": 0.47161572052401746, "top1_recall_cond_on_in_top_ten": 0.47161572052401746, "top1_f1_cond_on_in_top_ten": 0.4716157205240175, "top3_precision_cond_on_in_top_ten": 0.786608442503639, "top3_recall_cond_on_in_top_ten": 0.786608442503639, "top3_f1_cond_on_in_top_ten": 0.786608442503639, "top5_precision_cond_on_in_top_ten": 0.8972343522561863, "top5_recall_cond_on_in_top_ten": 0.8972343522561863, "top5_f1_cond_on_in_top_ten": 0.8972343522561862, "top10_precision_cond_on_in_top_ten": 0.977292576419214, "top10_recall_cond_on_in_top_ten": 0.977292576419214, "top10_f1_cond_on_in_top_ten": 0.9772925764192139}