{"loss": 1.901950715297971, "mean_logp_gap_policy_chosen_rejected": 2.401054564995793, "mean_logp_gap_base_chosen_rejected": 1.9761768790586236, "mean_gap_improvement": 0.4248777097314227, "top1_accuracy_on_chosen_policy": 0.4621316442572358, "top1_accuracy_on_chosen_base": 0.4340402093579768, "mean_p_chosen_policy": 0.363295510201965, "mean_p_chosen_base": 0.3321842207737253, "mean_kl": 0.16702869067266604, "mean_ent_pi": 1.348800406479632, "mean_ent_ref": 1.475534881254557, "top1_precision": 0.46213164417515834, "top1_recall": 0.46213164417515834, "top1_f1": 0.46213164417515834, "top3_precision": 0.7738914899476729, "top3_recall": 0.7738914899476729, "top3_f1": 0.7738914899476729, "top5_precision": 0.8840539796199394, "top5_recall": 0.8840539796199394, "top5_f1": 0.8840539796199394, "top10_precision": 0.9691545028917653, "top10_recall": 0.9691545028917653, "top10_f1": 0.9691545028917652, "mean_logp_gap_policy_chosen_rejected_cond_on_not_in_top_ten": 1.3119924053245662, "mean_logp_gap_base_chosen_rejected_cond_on_not_in_top_ten": 1.2625945411166366, "mean_gap_improvement_cond_on_not_in_top_ten": 0.049397864512034824, "top1_accuracy_on_chosen_policy_cond_on_not_in_top_ten": 0.24489795918367346, "top1_accuracy_on_chosen_base_cond_on_not_in_top_ten": 0.20918367346938777, "mean_p_chosen_policy_cond_on_not_in_top_ten": 0.16645425353138363, "mean_p_chosen_base_cond_on_not_in_top_ten": 0.1596966245963312, "mean_kl_cond_on_not_in_top_ten": 0.04172961499746319, "mean_ent_pi_cond_on_not_in_top_ten": 1.765148321280674, "mean_ent_ref_cond_on_not_in_top_ten": 1.8399022794803794, "top1_precision_cond_on_not_in_top_ten": 0.24489795918367346, "top1_recall_cond_on_not_in_top_ten": 0.24489795918367346, "top1_f1_cond_on_not_in_top_ten": 0.2448979591836735, "top3_precision_cond_on_not_in_top_ten": 0.5153061224489796, "top3_recall_cond_on_not_in_top_ten": 0.5153061224489796, "top3_f1_cond_on_not_in_top_ten": 0.5153061224489796, "top5_precision_cond_on_not_in_top_ten": 0.6683673469387755, "top5_recall_cond_on_not_in_top_ten": 0.6683673469387755, "top5_f1_cond_on_not_in_top_ten": 0.6683673469387755, "top10_precision_cond_on_not_in_top_ten": 0.8469387755102041, "top10_recall_cond_on_not_in_top_ten": 0.8469387755102041, "top10_f1_cond_on_not_in_top_ten": 0.846938775510204, "mean_logp_gap_policy_chosen_rejected_cond_on_in_top_ten": 2.463196119158549, "mean_logp_gap_base_chosen_rejected_cond_on_in_top_ten": 2.0168936504807533, "mean_gap_improvement_cond_on_in_top_ten": 0.4463024693718817, "top1_accuracy_on_chosen_policy_cond_on_in_top_ten": 0.4745269286754003, "top1_accuracy_on_chosen_base_cond_on_in_top_ten": 0.4468704512372635, "mean_p_chosen_policy_cond_on_in_top_ten": 0.3745272107804938, "mean_p_chosen_base_cond_on_in_top_ten": 0.34202630809667806, "mean_kl_cond_on_in_top_ten": 0.17417821623827018, "mean_ent_pi_cond_on_in_top_ten": 1.3250437382418863, "mean_ent_ref_cond_on_in_top_ten": 1.4547441972536204, "top1_precision_cond_on_in_top_ten": 0.4745269286754003, "top1_recall_cond_on_in_top_ten": 0.4745269286754003, "top1_f1_cond_on_in_top_ten": 0.4745269286754003, "top3_precision_cond_on_in_top_ten": 0.788646288209607, "top3_recall_cond_on_in_top_ten": 0.788646288209607, "top3_f1_cond_on_in_top_ten": 0.788646288209607, "top5_precision_cond_on_in_top_ten": 0.8963609898107715, "top5_recall_cond_on_in_top_ten": 0.8963609898107715, "top5_f1_cond_on_in_top_ten": 0.8963609898107715, "top10_precision_cond_on_in_top_ten": 0.9761280931586609, "top10_recall_cond_on_in_top_ten": 0.9761280931586609, "top10_f1_cond_on_in_top_ten": 0.9761280931586609}