loss,mean_logp_gap_policy_chosen_rejected,mean_logp_gap_base_chosen_rejected,mean_gap_improvement,top1_accuracy_on_chosen_policy,top1_accuracy_on_chosen_base,mean_p_chosen_policy,mean_p_chosen_base,mean_kl,mean_ent_pi,mean_ent_ref
1.901950715297971,2.401054564995793,1.9761768790586236,0.4248777097314227,0.4621316442572358,0.4340402093579768,0.363295510201965,0.3321842207737253,0.16702869067266604,1.348800406479632,1.475534881254557
