{"loss": 1.7682528163210744, "mean_logp_gap_policy_chosen_rejected": 2.2859584963443162, "mean_logp_gap_base_chosen_rejected": 1.9761768790586236, "mean_gap_improvement": 0.30978163654106244, "top1_accuracy_on_chosen_policy": 0.4615808318088745, "top1_accuracy_on_chosen_base": 0.4340402093579768, "mean_p_chosen_policy": 0.3558141837366945, "mean_p_chosen_base": 0.3321842207737253, "mean_kl": 0.17025713119024877, "mean_ent_pi": 1.4064021661766828, "mean_ent_ref": 1.475534881254557, "top1_precision": 0.46158083172679704, "top1_recall": 0.46158083172679704, "top1_f1": 0.46158083172679704, "top3_precision": 0.7738914899476729, "top3_recall": 0.7738914899476729, "top3_f1": 0.7738914899476729, "top5_precision": 0.8846047920683008, "top5_recall": 0.8846047920683008, "top5_f1": 0.8846047920683008, "top10_precision": 0.9688790966675846, "top10_recall": 0.9688790966675846, "top10_f1": 0.9688790966675848, "mean_logp_gap_policy_chosen_rejected_cond_on_not_in_top_ten": 1.2562430114770422, "mean_logp_gap_base_chosen_rejected_cond_on_not_in_top_ten": 1.2625945411166366, "mean_gap_improvement_cond_on_not_in_top_ten": -0.0063515296395944085, "top1_accuracy_on_chosen_policy_cond_on_not_in_top_ten": 0.22448979591836735, "top1_accuracy_on_chosen_base_cond_on_not_in_top_ten": 0.20918367346938777, "mean_p_chosen_policy_cond_on_not_in_top_ten": 0.16192387430374783, "mean_p_chosen_base_cond_on_not_in_top_ten": 0.1596966245963312, "mean_kl_cond_on_not_in_top_ten": 0.03573535744585477, "mean_ent_pi_cond_on_not_in_top_ten": 1.828185266986185, "mean_ent_ref_cond_on_not_in_top_ten": 1.8399022794803794, "top1_precision_cond_on_not_in_top_ten": 0.22448979591836735, "top1_recall_cond_on_not_in_top_ten": 0.22448979591836735, "top1_f1_cond_on_not_in_top_ten": 0.22448979591836737, "top3_precision_cond_on_not_in_top_ten": 0.5255102040816326, "top3_recall_cond_on_not_in_top_ten": 0.5255102040816326, "top3_f1_cond_on_not_in_top_ten": 0.5255102040816326, "top5_precision_cond_on_not_in_top_ten": 0.6683673469387755, "top5_recall_cond_on_not_in_top_ten": 0.6683673469387755, "top5_f1_cond_on_not_in_top_ten": 0.6683673469387755, "top10_precision_cond_on_not_in_top_ten": 0.826530612244898, "top10_recall_cond_on_not_in_top_ten": 0.826530612244898, "top10_f1_cond_on_not_in_top_ten": 0.8265306122448979, "mean_logp_gap_policy_chosen_rejected_cond_on_in_top_ten": 2.344713742816292, "mean_logp_gap_base_chosen_rejected_cond_on_in_top_ten": 2.0168936504807533, "mean_gap_improvement_cond_on_in_top_ten": 0.32782009355018926, "top1_accuracy_on_chosen_policy_cond_on_in_top_ten": 0.47510917030567684, "top1_accuracy_on_chosen_base_cond_on_in_top_ten": 0.4468704512372635, "mean_p_chosen_policy_cond_on_in_top_ten": 0.3668775044934983, "mean_p_chosen_base_cond_on_in_top_ten": 0.34202630809667806, "mean_kl_cond_on_in_top_ten": 0.17793289971492093, "mean_ent_pi_cond_on_in_top_ten": 1.3823353528408429, "mean_ent_ref_cond_on_in_top_ten": 1.4547441972536204, "top1_precision_cond_on_in_top_ten": 0.47510917030567684, "top1_recall_cond_on_in_top_ten": 0.47510917030567684, "top1_f1_cond_on_in_top_ten": 0.47510917030567684, "top3_precision_cond_on_in_top_ten": 0.7880640465793304, "top3_recall_cond_on_in_top_ten": 0.7880640465793304, "top3_f1_cond_on_in_top_ten": 0.7880640465793304, "top5_precision_cond_on_in_top_ten": 0.896943231441048, "top5_recall_cond_on_in_top_ten": 0.896943231441048, "top5_f1_cond_on_in_top_ten": 0.896943231441048, "top10_precision_cond_on_in_top_ten": 0.9770014556040757, "top10_recall_cond_on_in_top_ten": 0.9770014556040757, "top10_f1_cond_on_in_top_ten": 0.9770014556040757}