{"loss": 0.4707701972400279, "mean_logp_gap_policy_chosen_rejected": 1.8578966327424025, "mean_logp_gap_base_chosen_rejected": 1.9761768790586236, "mean_gap_improvement": -0.11828024704055463, "top1_accuracy_on_chosen_policy": 0.44891214543090185, "top1_accuracy_on_chosen_base": 0.4340402093579768, "mean_p_chosen_policy": 0.3162951758580246, "mean_p_chosen_base": 0.3321842207737253, "mean_kl": 0.14955410800199145, "mean_ent_pi": 1.6497809583245806, "mean_ent_ref": 1.475534881254557, "top1_precision": 0.4489121454144864, "top1_recall": 0.4489121454144864, "top1_f1": 0.44891214541448643, "top3_precision": 0.7661801156706142, "top3_recall": 0.7661801156706142, "top3_f1": 0.7661801156706142, "top5_precision": 0.8790966675846874, "top5_recall": 0.8790966675846874, "top5_f1": 0.8790966675846874, "top10_precision": 0.9699807215643074, "top10_recall": 0.9699807215643074, "top10_f1": 0.9699807215643073, "mean_logp_gap_policy_chosen_rejected_cond_on_not_in_top_ten": 1.0860754485641206, "mean_logp_gap_base_chosen_rejected_cond_on_not_in_top_ten": 1.2625945411166366, "mean_gap_improvement_cond_on_not_in_top_ten": -0.17651909255251594, "top1_accuracy_on_chosen_policy_cond_on_not_in_top_ten": 0.23469387755102042, "top1_accuracy_on_chosen_base_cond_on_not_in_top_ten": 0.20918367346938777, "mean_p_chosen_policy_cond_on_not_in_top_ten": 0.14922207078809746, "mean_p_chosen_base_cond_on_not_in_top_ten": 0.1596966245963312, "mean_kl_cond_on_not_in_top_ten": 0.050832735507615974, "mean_ent_pi_cond_on_not_in_top_ten": 2.0655965853710563, "mean_ent_ref_cond_on_not_in_top_ten": 1.8399022794803794, "top1_precision_cond_on_not_in_top_ten": 0.23469387755102042, "top1_recall_cond_on_not_in_top_ten": 0.23469387755102042, "top1_f1_cond_on_not_in_top_ten": 0.23469387755102045, "top3_precision_cond_on_not_in_top_ten": 0.5, "top3_recall_cond_on_not_in_top_ten": 0.5, "top3_f1_cond_on_not_in_top_ten": 0.5, "top5_precision_cond_on_not_in_top_ten": 0.673469387755102, "top5_recall_cond_on_not_in_top_ten": 0.673469387755102, "top5_f1_cond_on_not_in_top_ten": 0.673469387755102, "top10_precision_cond_on_not_in_top_ten": 0.8367346938775511, "top10_recall_cond_on_not_in_top_ten": 0.8367346938775511, "top10_f1_cond_on_not_in_top_ten": 0.8367346938775511, "mean_logp_gap_policy_chosen_rejected_cond_on_in_top_ten": 1.9019364925971718, "mean_logp_gap_base_chosen_rejected_cond_on_in_top_ten": 2.0168936504807533, "mean_gap_improvement_cond_on_in_top_ten": -0.11495715691186108, "top1_accuracy_on_chosen_policy_cond_on_in_top_ten": 0.4611353711790393, "top1_accuracy_on_chosen_base_cond_on_in_top_ten": 0.4468704512372635, "mean_p_chosen_policy_cond_on_in_top_ten": 0.3258283145680525, "mean_p_chosen_base_cond_on_in_top_ten": 0.34202630809667806, "mean_kl_cond_on_in_top_ten": 0.15518711711084074, "mean_ent_pi_cond_on_in_top_ten": 1.626054638485374, "mean_ent_ref_cond_on_in_top_ten": 1.4547441972536204, "top1_precision_cond_on_in_top_ten": 0.4611353711790393, "top1_recall_cond_on_in_top_ten": 0.4611353711790393, "top1_f1_cond_on_in_top_ten": 0.4611353711790393, "top3_precision_cond_on_in_top_ten": 0.7813682678311499, "top3_recall_cond_on_in_top_ten": 0.7813682678311499, "top3_f1_cond_on_in_top_ten": 0.7813682678311499, "top5_precision_cond_on_in_top_ten": 0.8908296943231441, "top5_recall_cond_on_in_top_ten": 0.8908296943231441, "top5_f1_cond_on_in_top_ten": 0.8908296943231441, "top10_precision_cond_on_in_top_ten": 0.9775836972343522, "top10_recall_cond_on_in_top_ten": 0.9775836972343522, "top10_f1_cond_on_in_top_ten": 0.9775836972343521}