loss,mean_logp_gap_policy_chosen_rejected,mean_logp_gap_base_chosen_rejected,mean_gap_improvement,top1_accuracy_on_chosen_policy,top1_accuracy_on_chosen_base,mean_p_chosen_policy,mean_p_chosen_base,mean_kl,mean_ent_pi,mean_ent_ref
0.5180165338568765,5.249090913700617,1.9761768790586236,3.2729140484966677,0.42660424140359177,0.4340402093579768,0.40374543004638724,0.3321842207737253,0.4283769570149459,0.6477065670427886,1.475534881254557
