loss,mean_logp_gap_policy_chosen_rejected,mean_logp_gap_base_chosen_rejected,mean_gap_improvement,top1_accuracy_on_chosen_policy,top1_accuracy_on_chosen_base,mean_p_chosen_policy,mean_p_chosen_base,mean_kl,mean_ent_pi,mean_ent_ref
0.540279631015848,7.0085600876867264,1.9761768790586236,5.032383278952063,0.41200771155484744,0.4340402093579768,0.3970509913794366,0.3321842207737253,0.6665382668913576,0.4698171049676563,1.475534881254557
