{"loss": 1.6945302569810368, "mean_logp_gap_policy_chosen_rejected": 2.1195701916531013, "mean_logp_gap_base_chosen_rejected": 1.9761768790586236, "mean_gap_improvement": 0.14339332076118394, "top1_accuracy_on_chosen_policy": 0.46350867534530815, "top1_accuracy_on_chosen_base": 0.4340402093579768, "mean_p_chosen_policy": 0.345961392853287, "mean_p_chosen_base": 0.3321842207737253, "mean_kl": 0.14347249091172212, "mean_ent_pi": 1.4762150164118026, "mean_ent_ref": 1.475534881254557, "top1_precision": 0.4635086752960617, "top1_recall": 0.4635086752960617, "top1_f1": 0.46350867529606166, "top3_precision": 0.7749931148443955, "top3_recall": 0.7749931148443955, "top3_f1": 0.7749931148443955, "top5_precision": 0.8848801982924814, "top5_recall": 0.8848801982924814, "top5_f1": 0.8848801982924814, "top10_precision": 0.9697053153401267, "top10_recall": 0.9697053153401267, "top10_f1": 0.9697053153401267, "mean_logp_gap_policy_chosen_rejected_cond_on_not_in_top_ten": 1.1985730173028246, "mean_logp_gap_base_chosen_rejected_cond_on_not_in_top_ten": 1.2625945411166366, "mean_gap_improvement_cond_on_not_in_top_ten": -0.0640215238138121, "top1_accuracy_on_chosen_policy_cond_on_not_in_top_ten": 0.23979591836734693, "top1_accuracy_on_chosen_base_cond_on_not_in_top_ten": 0.20918367346938777, "mean_p_chosen_policy_cond_on_not_in_top_ten": 0.15894261833633136, "mean_p_chosen_base_cond_on_not_in_top_ten": 0.1596966245963312, "mean_kl_cond_on_not_in_top_ten": 0.02650404363506526, "mean_ent_pi_cond_on_not_in_top_ten": 1.8963419895391076, "mean_ent_ref_cond_on_not_in_top_ten": 1.8399022794803794, "top1_precision_cond_on_not_in_top_ten": 0.23979591836734693, "top1_recall_cond_on_not_in_top_ten": 0.23979591836734693, "top1_f1_cond_on_not_in_top_ten": 0.23979591836734693, "top3_precision_cond_on_not_in_top_ten": 0.5255102040816326, "top3_recall_cond_on_not_in_top_ten": 0.5255102040816326, "top3_f1_cond_on_not_in_top_ten": 0.5255102040816326, "top5_precision_cond_on_not_in_top_ten": 0.6632653061224489, "top5_recall_cond_on_not_in_top_ten": 0.6632653061224489, "top5_f1_cond_on_not_in_top_ten": 0.6632653061224489, "top10_precision_cond_on_not_in_top_ten": 0.8418367346938775, "top10_recall_cond_on_not_in_top_ten": 0.8418367346938775, "top10_f1_cond_on_not_in_top_ten": 0.8418367346938774, "mean_logp_gap_policy_chosen_rejected_cond_on_in_top_ten": 2.1721219942906362, "mean_logp_gap_base_chosen_rejected_cond_on_in_top_ten": 2.0168936504807533, "mean_gap_improvement_cond_on_in_top_ten": 0.15522834452132123, "top1_accuracy_on_chosen_policy_cond_on_in_top_ten": 0.47627365356622997, "top1_accuracy_on_chosen_base_cond_on_in_top_ten": 0.4468704512372635, "mean_p_chosen_policy_cond_on_in_top_ten": 0.3566326254566959, "mean_p_chosen_base_cond_on_in_top_ten": 0.34202630809667806, "mean_kl_cond_on_in_top_ten": 0.15014667445463628, "mean_ent_pi_cond_on_in_top_ten": 1.4522427112147418, "mean_ent_ref_cond_on_in_top_ten": 1.4547441972536204, "top1_precision_cond_on_in_top_ten": 0.47627365356622997, "top1_recall_cond_on_in_top_ten": 0.47627365356622997, "top1_f1_cond_on_in_top_ten": 0.47627365356622997, "top3_precision_cond_on_in_top_ten": 0.7892285298398836, "top3_recall_cond_on_in_top_ten": 0.7892285298398836, "top3_f1_cond_on_in_top_ten": 0.7892285298398836, "top5_precision_cond_on_in_top_ten": 0.8975254730713246, "top5_recall_cond_on_in_top_ten": 0.8975254730713246, "top5_f1_cond_on_in_top_ten": 0.8975254730713245, "top10_precision_cond_on_in_top_ten": 0.9770014556040757, "top10_recall_cond_on_in_top_ten": 0.9770014556040757, "top10_f1_cond_on_in_top_ten": 0.9770014556040757}