loss,mean_logp_gap_policy_chosen_rejected,mean_logp_gap_base_chosen_rejected,mean_gap_improvement,top1_accuracy_on_chosen_policy,top1_accuracy_on_chosen_base,mean_p_chosen_policy,mean_p_chosen_base,mean_kl,mean_ent_pi,mean_ent_ref
1.6209809715115508,2.1249847847448176,1.9761768790586236,0.1488079305823366,0.4599283944966215,0.4340402093579768,0.3468785377958529,0.3321842207737253,0.16259114877009187,1.4825116121155013,1.475534881254557
