loss,mean_logp_gap_policy_chosen_rejected,mean_logp_gap_base_chosen_rejected,mean_gap_improvement,top1_accuracy_on_chosen_policy,top1_accuracy_on_chosen_base,mean_p_chosen_policy,mean_p_chosen_base,mean_kl,mean_ent_pi,mean_ent_ref
1.767919287705218,2.270349802047679,1.9761768790586236,0.29417291593039474,0.46405948785933143,0.4340402093579768,0.35543369147049364,0.3321842207737253,0.15757685361101226,1.411452515464747,1.475534881254557
