loss,mean_logp_gap_policy_chosen_rejected,mean_logp_gap_base_chosen_rejected,mean_gap_improvement,top1_accuracy_on_chosen_policy,top1_accuracy_on_chosen_base,mean_p_chosen_policy,mean_p_chosen_base,mean_kl,mean_ent_pi,mean_ent_ref
0.5797011110940868,8.390964792766901,1.9761768790586236,6.41478781396776,0.38446708881667874,0.4340402093579768,0.3774903738705523,0.3321842207737253,0.8351848083269954,0.3812749789572721,1.475534881254557
