{"loss": 1.90130119046637, "mean_logp_gap_policy_chosen_rejected": 2.4110622711990595, "mean_logp_gap_base_chosen_rejected": 1.9761768790586236, "mean_gap_improvement": 0.4348853862226518, "top1_accuracy_on_chosen_policy": 0.4613054255518628, "top1_accuracy_on_chosen_base": 0.4340402093579768, "mean_p_chosen_policy": 0.36291916067197744, "mean_p_chosen_base": 0.3321842207737253, "mean_kl": 0.17063892358584168, "mean_ent_pi": 1.3465235295357438, "mean_ent_ref": 1.475534881254557, "top1_precision": 0.4613054255026164, "top1_recall": 0.4613054255026164, "top1_f1": 0.46130542550261644, "top3_precision": 0.7763701459652989, "top3_recall": 0.7763701459652989, "top3_f1": 0.7763701459652987, "top5_precision": 0.8843293858441201, "top5_recall": 0.8843293858441201, "top5_f1": 0.8843293858441201, "top10_precision": 0.9688790966675846, "top10_recall": 0.9688790966675846, "top10_f1": 0.9688790966675848, "mean_logp_gap_policy_chosen_rejected_cond_on_not_in_top_ten": 1.320202298006233, "mean_logp_gap_base_chosen_rejected_cond_on_not_in_top_ten": 1.2625945411166366, "mean_gap_improvement_cond_on_not_in_top_ten": 0.057607756889596275, "top1_accuracy_on_chosen_policy_cond_on_not_in_top_ten": 0.24489795918367346, "top1_accuracy_on_chosen_base_cond_on_not_in_top_ten": 0.20918367346938777, "mean_p_chosen_policy_cond_on_not_in_top_ten": 0.16583067996514134, "mean_p_chosen_base_cond_on_not_in_top_ten": 0.1596966245963312, "mean_kl_cond_on_not_in_top_ten": 0.042297170431547966, "mean_ent_pi_cond_on_not_in_top_ten": 1.756418497130579, "mean_ent_ref_cond_on_not_in_top_ten": 1.8399022794803794, "top1_precision_cond_on_not_in_top_ten": 0.24489795918367346, "top1_recall_cond_on_not_in_top_ten": 0.24489795918367346, "top1_f1_cond_on_not_in_top_ten": 0.2448979591836735, "top3_precision_cond_on_not_in_top_ten": 0.5204081632653061, "top3_recall_cond_on_not_in_top_ten": 0.5204081632653061, "top3_f1_cond_on_not_in_top_ten": 0.5204081632653061, "top5_precision_cond_on_not_in_top_ten": 0.6785714285714286, "top5_recall_cond_on_not_in_top_ten": 0.6785714285714286, "top5_f1_cond_on_not_in_top_ten": 0.6785714285714286, "top10_precision_cond_on_not_in_top_ten": 0.8367346938775511, "top10_recall_cond_on_not_in_top_ten": 0.8367346938775511, "top10_f1_cond_on_not_in_top_ten": 0.8367346938775511, "mean_logp_gap_policy_chosen_rejected_cond_on_in_top_ten": 2.473306376930581, "mean_logp_gap_base_chosen_rejected_cond_on_in_top_ten": 2.0168936504807533, "mean_gap_improvement_cond_on_in_top_ten": 0.45641272712656156, "top1_accuracy_on_chosen_policy_cond_on_in_top_ten": 0.47365356622998545, "top1_accuracy_on_chosen_base_cond_on_in_top_ten": 0.4468704512372635, "mean_p_chosen_policy_cond_on_in_top_ten": 0.3741649651481402, "mean_p_chosen_base_cond_on_in_top_ten": 0.34202630809667806, "mean_kl_cond_on_in_top_ten": 0.17796206335038053, "mean_ent_pi_cond_on_in_top_ten": 1.3231350391392842, "mean_ent_ref_cond_on_in_top_ten": 1.4547441972536204, "top1_precision_cond_on_in_top_ten": 0.47365356622998545, "top1_recall_cond_on_in_top_ten": 0.47365356622998545, "top1_f1_cond_on_in_top_ten": 0.47365356622998545, "top3_precision_cond_on_in_top_ten": 0.7909752547307133, "top3_recall_cond_on_in_top_ten": 0.7909752547307133, "top3_f1_cond_on_in_top_ten": 0.7909752547307133, "top5_precision_cond_on_in_top_ten": 0.8960698689956332, "top5_recall_cond_on_in_top_ten": 0.8960698689956332, "top5_f1_cond_on_in_top_ten": 0.8960698689956332, "top10_precision_cond_on_in_top_ten": 0.9764192139737992, "top10_recall_cond_on_in_top_ten": 0.9764192139737992, "top10_f1_cond_on_in_top_ten": 0.9764192139737992}