{"loss": 1.6209809715115508, "mean_logp_gap_policy_chosen_rejected": 2.1249847847448176, "mean_logp_gap_base_chosen_rejected": 1.9761768790586236, "mean_gap_improvement": 0.1488079305823366, "top1_accuracy_on_chosen_policy": 0.4599283944966215, "top1_accuracy_on_chosen_base": 0.4340402093579768, "mean_p_chosen_policy": 0.3468785377958529, "mean_p_chosen_base": 0.3321842207737253, "mean_kl": 0.16259114877009187, "mean_ent_pi": 1.4825116121155013, "mean_ent_ref": 1.475534881254557, "top1_precision": 0.459928394381713, "top1_recall": 0.459928394381713, "top1_f1": 0.45992839438171296, "top3_precision": 0.7752685210685761, "top3_recall": 0.7752685210685761, "top3_f1": 0.7752685210685761, "top5_precision": 0.8837785733957587, "top5_recall": 0.8837785733957587, "top5_f1": 0.8837785733957587, "top10_precision": 0.9694299091159461, "top10_recall": 0.9694299091159461, "top10_f1": 0.9694299091159461, "mean_logp_gap_policy_chosen_rejected_cond_on_not_in_top_ten": 1.1646184075851829, "mean_logp_gap_base_chosen_rejected_cond_on_not_in_top_ten": 1.2625945411166366, "mean_gap_improvement_cond_on_not_in_top_ten": -0.09797613353145365, "top1_accuracy_on_chosen_policy_cond_on_not_in_top_ten": 0.22959183673469388, "top1_accuracy_on_chosen_base_cond_on_not_in_top_ten": 0.20918367346938777, "mean_p_chosen_policy_cond_on_not_in_top_ten": 0.1581303298609077, "mean_p_chosen_base_cond_on_not_in_top_ten": 0.1596966245963312, "mean_kl_cond_on_not_in_top_ten": 0.03735311371802913, "mean_ent_pi_cond_on_not_in_top_ten": 1.9117605220906588, "mean_ent_ref_cond_on_not_in_top_ten": 1.8399022794803794, "top1_precision_cond_on_not_in_top_ten": 0.22959183673469388, "top1_recall_cond_on_not_in_top_ten": 0.22959183673469388, "top1_f1_cond_on_not_in_top_ten": 0.2295918367346939, "top3_precision_cond_on_not_in_top_ten": 0.5357142857142857, "top3_recall_cond_on_not_in_top_ten": 0.5357142857142857, "top3_f1_cond_on_not_in_top_ten": 0.5357142857142857, "top5_precision_cond_on_not_in_top_ten": 0.673469387755102, "top5_recall_cond_on_not_in_top_ten": 0.673469387755102, "top5_f1_cond_on_not_in_top_ten": 0.673469387755102, "top10_precision_cond_on_not_in_top_ten": 0.8316326530612245, "top10_recall_cond_on_not_in_top_ten": 0.8316326530612245, "top10_f1_cond_on_not_in_top_ten": 0.8316326530612246, "mean_logp_gap_policy_chosen_rejected_cond_on_in_top_ten": 2.1797829976074907, "mean_logp_gap_base_chosen_rejected_cond_on_in_top_ten": 2.0168936504807533, "mean_gap_improvement_cond_on_in_top_ten": 0.16288934806375352, "top1_accuracy_on_chosen_policy_cond_on_in_top_ten": 0.47307132459970885, "top1_accuracy_on_chosen_base_cond_on_in_top_ten": 0.4468704512372635, "mean_p_chosen_policy_cond_on_in_top_ten": 0.35764845016926433, "mean_p_chosen_base_cond_on_in_top_ten": 0.34202630809667806, "mean_kl_cond_on_in_top_ten": 0.1697371906360537, "mean_ent_pi_cond_on_in_top_ten": 1.4580188100810503, "mean_ent_ref_cond_on_in_top_ten": 1.4547441972536204, "top1_precision_cond_on_in_top_ten": 0.47307132459970885, "top1_recall_cond_on_in_top_ten": 0.47307132459970885, "top1_f1_cond_on_in_top_ten": 0.4730713245997088, "top3_precision_cond_on_in_top_ten": 0.7889374090247453, "top3_recall_cond_on_in_top_ten": 0.7889374090247453, "top3_f1_cond_on_in_top_ten": 0.7889374090247453, "top5_precision_cond_on_in_top_ten": 0.8957787481804949, "top5_recall_cond_on_in_top_ten": 0.8957787481804949, "top5_f1_cond_on_in_top_ten": 0.895778748180495, "top10_precision_cond_on_in_top_ten": 0.977292576419214, "top10_recall_cond_on_in_top_ten": 0.977292576419214, "top10_f1_cond_on_in_top_ten": 0.9772925764192139}