{"loss": 0.540279631015848, "mean_logp_gap_policy_chosen_rejected": 7.0085600876867264, "mean_logp_gap_base_chosen_rejected": 1.9761768790586236, "mean_gap_improvement": 5.032383278952063, "top1_accuracy_on_chosen_policy": 0.41200771155484744, "top1_accuracy_on_chosen_base": 0.4340402093579768, "mean_p_chosen_policy": 0.3970509913794366, "mean_p_chosen_base": 0.3321842207737253, "mean_kl": 0.6665382668913576, "mean_ent_pi": 0.4698171049676563, "mean_ent_ref": 1.475534881254557, "top1_precision": 0.41200771137427705, "top1_recall": 0.41200771137427705, "top1_f1": 0.41200771137427705, "top3_precision": 0.7099972459377581, "top3_recall": 0.7099972459377581, "top3_f1": 0.7099972459377581, "top5_precision": 0.8386119526301294, "top5_recall": 0.8386119526301294, "top5_f1": 0.8386119526301296, "top10_precision": 0.9457449738364087, "top10_recall": 0.9457449738364087, "top10_f1": 0.9457449738364087, "mean_logp_gap_policy_chosen_rejected_cond_on_not_in_top_ten": 3.9225454947778156, "mean_logp_gap_base_chosen_rejected_cond_on_not_in_top_ten": 1.2625945411166366, "mean_gap_improvement_cond_on_not_in_top_ten": 2.659950949099599, "top1_accuracy_on_chosen_policy_cond_on_not_in_top_ten": 0.17346938775510204, "top1_accuracy_on_chosen_base_cond_on_not_in_top_ten": 0.20918367346938777, "mean_p_chosen_policy_cond_on_not_in_top_ten": 0.17827753905082688, "mean_p_chosen_base_cond_on_not_in_top_ten": 0.1596966245963312, "mean_kl_cond_on_not_in_top_ten": 0.7712756063485023, "mean_ent_pi_cond_on_not_in_top_ten": 0.6511425102565839, "mean_ent_ref_cond_on_not_in_top_ten": 1.8399022794803794, "top1_precision_cond_on_not_in_top_ten": 0.17346938775510204, "top1_recall_cond_on_not_in_top_ten": 0.17346938775510204, "top1_f1_cond_on_not_in_top_ten": 0.17346938775510204, "top3_precision_cond_on_not_in_top_ten": 0.4387755102040816, "top3_recall_cond_on_not_in_top_ten": 0.4387755102040816, "top3_f1_cond_on_not_in_top_ten": 0.4387755102040816, "top5_precision_cond_on_not_in_top_ten": 0.6020408163265306, "top5_recall_cond_on_not_in_top_ten": 0.6020408163265306, "top5_f1_cond_on_not_in_top_ten": 0.6020408163265306, "top10_precision_cond_on_not_in_top_ten": 0.8061224489795918, "top10_recall_cond_on_not_in_top_ten": 0.8061224489795918, "top10_f1_cond_on_not_in_top_ten": 0.8061224489795918, "mean_logp_gap_policy_chosen_rejected_cond_on_in_top_ten": 7.184647142800355, "mean_logp_gap_base_chosen_rejected_cond_on_in_top_ten": 2.0168936504807533, "mean_gap_improvement_cond_on_in_top_ten": 5.167753484198793, "top1_accuracy_on_chosen_policy_cond_on_in_top_ten": 0.42561863173216885, "top1_accuracy_on_chosen_base_cond_on_in_top_ten": 0.4468704512372635, "mean_p_chosen_policy_cond_on_in_top_ten": 0.40953413530385313, "mean_p_chosen_base_cond_on_in_top_ten": 0.34202630809667806, "mean_kl_cond_on_in_top_ten": 0.6605619854095163, "mean_ent_pi_cond_on_in_top_ten": 0.4594707377582463, "mean_ent_ref_cond_on_in_top_ten": 1.4547441972536204, "top1_precision_cond_on_in_top_ten": 0.42561863173216885, "top1_recall_cond_on_in_top_ten": 0.42561863173216885, "top1_f1_cond_on_in_top_ten": 0.42561863173216885, "top3_precision_cond_on_in_top_ten": 0.7254730713245997, "top3_recall_cond_on_in_top_ten": 0.7254730713245997, "top3_f1_cond_on_in_top_ten": 0.7254730713245997, "top5_precision_cond_on_in_top_ten": 0.8521106259097525, "top5_recall_cond_on_in_top_ten": 0.8521106259097525, "top5_f1_cond_on_in_top_ten": 0.8521106259097524, "top10_precision_cond_on_in_top_ten": 0.9537117903930131, "top10_recall_cond_on_in_top_ten": 0.9537117903930131, "top10_f1_cond_on_in_top_ten": 0.953711790393013}