{"loss": 1.7032711591250442, "mean_logp_gap_policy_chosen_rejected": 2.1215673466747833, "mean_logp_gap_base_chosen_rejected": 1.9761768790586236, "mean_gap_improvement": 0.1453904901915626, "top1_accuracy_on_chosen_policy": 0.4582759571187065, "top1_accuracy_on_chosen_base": 0.4340402093579768, "mean_p_chosen_policy": 0.3446086610571736, "mean_p_chosen_base": 0.3321842207737253, "mean_kl": 0.15536621047162838, "mean_ent_pi": 1.4752723774743193, "mean_ent_ref": 1.475534881254557, "top1_precision": 0.45827595703662904, "top1_recall": 0.45827595703662904, "top1_f1": 0.458275957036629, "top3_precision": 0.7727898650509502, "top3_recall": 0.7727898650509502, "top3_f1": 0.7727898650509502, "top5_precision": 0.8854310107408427, "top5_recall": 0.8854310107408427, "top5_f1": 0.8854310107408428, "top10_precision": 0.9694299091159461, "top10_recall": 0.9694299091159461, "top10_f1": 0.9694299091159461, "mean_logp_gap_policy_chosen_rejected_cond_on_not_in_top_ten": 1.1822881671238918, "mean_logp_gap_base_chosen_rejected_cond_on_not_in_top_ten": 1.2625945411166366, "mean_gap_improvement_cond_on_not_in_top_ten": -0.08030637399274476, "top1_accuracy_on_chosen_policy_cond_on_not_in_top_ten": 0.23979591836734693, "top1_accuracy_on_chosen_base_cond_on_not_in_top_ten": 0.20918367346938777, "mean_p_chosen_policy_cond_on_not_in_top_ten": 0.15812188716072528, "mean_p_chosen_base_cond_on_not_in_top_ten": 0.1596966245963312, "mean_kl_cond_on_not_in_top_ten": 0.030812600308587318, "mean_ent_pi_cond_on_not_in_top_ten": 1.8973602169022268, "mean_ent_ref_cond_on_not_in_top_ten": 1.8399022794803794, "top1_precision_cond_on_not_in_top_ten": 0.23979591836734693, "top1_recall_cond_on_not_in_top_ten": 0.23979591836734693, "top1_f1_cond_on_not_in_top_ten": 0.23979591836734693, "top3_precision_cond_on_not_in_top_ten": 0.5357142857142857, "top3_recall_cond_on_not_in_top_ten": 0.5357142857142857, "top3_f1_cond_on_not_in_top_ten": 0.5357142857142857, "top5_precision_cond_on_not_in_top_ten": 0.6632653061224489, "top5_recall_cond_on_not_in_top_ten": 0.6632653061224489, "top5_f1_cond_on_not_in_top_ten": 0.6632653061224489, "top10_precision_cond_on_not_in_top_ten": 0.8469387755102041, "top10_recall_cond_on_not_in_top_ten": 0.8469387755102041, "top10_f1_cond_on_not_in_top_ten": 0.846938775510204, "mean_logp_gap_policy_chosen_rejected_cond_on_in_top_ten": 2.175162329987841, "mean_logp_gap_base_chosen_rejected_cond_on_in_top_ten": 2.0168936504807533, "mean_gap_improvement_cond_on_in_top_ten": 0.15826868044410383, "top1_accuracy_on_chosen_policy_cond_on_in_top_ten": 0.4707423580786026, "top1_accuracy_on_chosen_base_cond_on_in_top_ten": 0.4468704512372635, "mean_p_chosen_policy_cond_on_in_top_ten": 0.3552495373816883, "mean_p_chosen_base_cond_on_in_top_ten": 0.34202630809667806, "mean_kl_cond_on_in_top_ten": 0.16247319935298885, "mean_ent_pi_cond_on_in_top_ten": 1.4511881682598826, "mean_ent_ref_cond_on_in_top_ten": 1.4547441972536204, "top1_precision_cond_on_in_top_ten": 0.4707423580786026, "top1_recall_cond_on_in_top_ten": 0.4707423580786026, "top1_f1_cond_on_in_top_ten": 0.47074235807860254, "top3_precision_cond_on_in_top_ten": 0.7863173216885008, "top3_recall_cond_on_in_top_ten": 0.7863173216885008, "top3_f1_cond_on_in_top_ten": 0.7863173216885008, "top5_precision_cond_on_in_top_ten": 0.8981077147016011, "top5_recall_cond_on_in_top_ten": 0.8981077147016011, "top5_f1_cond_on_in_top_ten": 0.898107714701601, "top10_precision_cond_on_in_top_ten": 0.9764192139737992, "top10_recall_cond_on_in_top_ten": 0.9764192139737992, "top10_f1_cond_on_in_top_ten": 0.9764192139737992}