{"loss": 1.6917049544010567, "mean_logp_gap_policy_chosen_rejected": 2.20357806385138, "mean_logp_gap_base_chosen_rejected": 1.9761768790586236, "mean_gap_improvement": 0.22740119196222164, "top1_accuracy_on_chosen_policy": 0.4657119251387535, "top1_accuracy_on_chosen_base": 0.4340402093579768, "mean_p_chosen_policy": 0.35157522337556835, "mean_p_chosen_base": 0.3321842207737253, "mean_kl": 0.1579117572498827, "mean_ent_pi": 1.446066292873331, "mean_ent_ref": 1.475534881254557, "top1_precision": 0.46571192508950704, "top1_recall": 0.46571192508950704, "top1_f1": 0.46571192508950704, "top3_precision": 0.7744423023960342, "top3_recall": 0.7744423023960342, "top3_f1": 0.7744423023960342, "top5_precision": 0.8848801982924814, "top5_recall": 0.8848801982924814, "top5_f1": 0.8848801982924814, "top10_precision": 0.970256127788488, "top10_recall": 0.970256127788488, "top10_f1": 0.970256127788488, "mean_logp_gap_policy_chosen_rejected_cond_on_not_in_top_ten": 1.2109891711449137, "mean_logp_gap_base_chosen_rejected_cond_on_not_in_top_ten": 1.2625945411166366, "mean_gap_improvement_cond_on_not_in_top_ten": -0.05160536997172297, "top1_accuracy_on_chosen_policy_cond_on_not_in_top_ten": 0.25, "top1_accuracy_on_chosen_base_cond_on_not_in_top_ten": 0.20918367346938777, "mean_p_chosen_policy_cond_on_not_in_top_ten": 0.1612610892551281, "mean_p_chosen_base_cond_on_not_in_top_ten": 0.1596966245963312, "mean_kl_cond_on_not_in_top_ten": 0.03897995608431116, "mean_ent_pi_cond_on_not_in_top_ten": 1.8716807237693243, "mean_ent_ref_cond_on_not_in_top_ten": 1.8399022794803794, "top1_precision_cond_on_not_in_top_ten": 0.25, "top1_recall_cond_on_not_in_top_ten": 0.25, "top1_f1_cond_on_not_in_top_ten": 0.25, "top3_precision_cond_on_not_in_top_ten": 0.5204081632653061, "top3_recall_cond_on_not_in_top_ten": 0.5204081632653061, "top3_f1_cond_on_not_in_top_ten": 0.5204081632653061, "top5_precision_cond_on_not_in_top_ten": 0.6632653061224489, "top5_recall_cond_on_not_in_top_ten": 0.6632653061224489, "top5_f1_cond_on_not_in_top_ten": 0.6632653061224489, "top10_precision_cond_on_not_in_top_ten": 0.8367346938775511, "top10_recall_cond_on_not_in_top_ten": 0.8367346938775511, "top10_f1_cond_on_not_in_top_ten": 0.8367346938775511, "mean_logp_gap_policy_chosen_rejected_cond_on_in_top_ten": 2.2602148683223837, "mean_logp_gap_base_chosen_rejected_cond_on_in_top_ten": 2.0168936504807533, "mean_gap_improvement_cond_on_in_top_ten": 0.24332121883937885, "top1_accuracy_on_chosen_policy_cond_on_in_top_ten": 0.4780203784570597, "top1_accuracy_on_chosen_base_cond_on_in_top_ten": 0.4468704512372635, "mean_p_chosen_policy_cond_on_in_top_ten": 0.36243448228288866, "mean_p_chosen_base_cond_on_in_top_ten": 0.34202630809667806, "mean_kl_cond_on_in_top_ten": 0.16469796621304114, "mean_ent_pi_cond_on_in_top_ten": 1.4217808612549117, "mean_ent_ref_cond_on_in_top_ten": 1.4547441972536204, "top1_precision_cond_on_in_top_ten": 0.4780203784570597, "top1_recall_cond_on_in_top_ten": 0.4780203784570597, "top1_f1_cond_on_in_top_ten": 0.4780203784570597, "top3_precision_cond_on_in_top_ten": 0.7889374090247453, "top3_recall_cond_on_in_top_ten": 0.7889374090247453, "top3_f1_cond_on_in_top_ten": 0.7889374090247453, "top5_precision_cond_on_in_top_ten": 0.8975254730713246, "top5_recall_cond_on_in_top_ten": 0.8975254730713246, "top5_f1_cond_on_in_top_ten": 0.8975254730713245, "top10_precision_cond_on_in_top_ten": 0.9778748180494905, "top10_recall_cond_on_in_top_ten": 0.9778748180494905, "top10_f1_cond_on_in_top_ten": 0.9778748180494905}