loss,mean_logp_gap_policy_chosen_rejected,mean_logp_gap_base_chosen_rejected,mean_gap_improvement,top1_accuracy_on_chosen_policy,top1_accuracy_on_chosen_base,mean_p_chosen_policy,mean_p_chosen_base,mean_kl,mean_ent_pi,mean_ent_ref
1.9021516171935766,2.3943481373084343,1.9761768790586236,0.4181712773164026,0.4621316442900668,0.4340402093579768,0.3626754249268345,0.3321842207737253,0.16524726410553628,1.3504164938885987,1.475534881254557
