{"loss": 0.48557158326255623, "mean_logp_gap_policy_chosen_rejected": 3.83480751688439, "mean_logp_gap_base_chosen_rejected": 1.9761768790586236, "mean_gap_improvement": 1.858630633623401, "top1_accuracy_on_chosen_policy": 0.4318369596301935, "top1_accuracy_on_chosen_base": 0.4340402093579768, "mean_p_chosen_policy": 0.39892360911130315, "mean_p_chosen_base": 0.3321842207737253, "mean_kl": 0.226469116392657, "mean_ent_pi": 0.8554627423738193, "mean_ent_ref": 1.475534881254557, "top1_precision": 0.43183695951528506, "top1_recall": 0.43183695951528506, "top1_f1": 0.4318369595152851, "top3_precision": 0.7584687413935555, "top3_recall": 0.7584687413935555, "top3_f1": 0.7584687413935555, "top5_precision": 0.8738639493252548, "top5_recall": 0.8738639493252548, "top5_f1": 0.8738639493252548, "top10_precision": 0.9664004406499587, "top10_recall": 0.9664004406499587, "top10_f1": 0.9664004406499587, "mean_logp_gap_policy_chosen_rejected_cond_on_not_in_top_ten": 2.133165873435079, "mean_logp_gap_base_chosen_rejected_cond_on_not_in_top_ten": 1.2625945411166366, "mean_gap_improvement_cond_on_not_in_top_ten": 0.8705713311020209, "top1_accuracy_on_chosen_policy_cond_on_not_in_top_ten": 0.2193877551020408, "top1_accuracy_on_chosen_base_cond_on_not_in_top_ten": 0.20918367346938777, "mean_p_chosen_policy_cond_on_not_in_top_ten": 0.18775538950269224, "mean_p_chosen_base_cond_on_not_in_top_ten": 0.1596966245963312, "mean_kl_cond_on_not_in_top_ten": 0.2139708526071389, "mean_ent_pi_cond_on_not_in_top_ten": 1.1806326876204385, "mean_ent_ref_cond_on_not_in_top_ten": 1.8399022794803794, "top1_precision_cond_on_not_in_top_ten": 0.2193877551020408, "top1_recall_cond_on_not_in_top_ten": 0.2193877551020408, "top1_f1_cond_on_not_in_top_ten": 0.2193877551020408, "top3_precision_cond_on_not_in_top_ten": 0.4897959183673469, "top3_recall_cond_on_not_in_top_ten": 0.4897959183673469, "top3_f1_cond_on_not_in_top_ten": 0.489795918367347, "top5_precision_cond_on_not_in_top_ten": 0.6428571428571429, "top5_recall_cond_on_not_in_top_ten": 0.6428571428571429, "top5_f1_cond_on_not_in_top_ten": 0.6428571428571429, "top10_precision_cond_on_not_in_top_ten": 0.8520408163265306, "top10_recall_cond_on_not_in_top_ten": 0.8520408163265306, "top10_f1_cond_on_not_in_top_ten": 0.8520408163265306, "mean_logp_gap_policy_chosen_rejected_cond_on_in_top_ten": 3.9319026009050866, "mean_logp_gap_base_chosen_rejected_cond_on_in_top_ten": 2.0168936504807533, "mean_gap_improvement_cond_on_in_top_ten": 1.9150089520727878, "top1_accuracy_on_chosen_policy_cond_on_in_top_ten": 0.44395924308588064, "top1_accuracy_on_chosen_base_cond_on_in_top_ten": 0.4468704512372635, "mean_p_chosen_policy_cond_on_in_top_ten": 0.4109727979359764, "mean_p_chosen_base_cond_on_in_top_ten": 0.34202630809667806, "mean_kl_cond_on_in_top_ten": 0.22718226468202243, "mean_ent_pi_cond_on_in_top_ten": 0.8369086414632302, "mean_ent_ref_cond_on_in_top_ten": 1.4547441972536204, "top1_precision_cond_on_in_top_ten": 0.44395924308588064, "top1_recall_cond_on_in_top_ten": 0.44395924308588064, "top1_f1_cond_on_in_top_ten": 0.44395924308588064, "top3_precision_cond_on_in_top_ten": 0.7737991266375546, "top3_recall_cond_on_in_top_ten": 0.7737991266375546, "top3_f1_cond_on_in_top_ten": 0.7737991266375546, "top5_precision_cond_on_in_top_ten": 0.8870451237263465, "top5_recall_cond_on_in_top_ten": 0.8870451237263465, "top5_f1_cond_on_in_top_ten": 0.8870451237263465, "top10_precision_cond_on_in_top_ten": 0.9729257641921397, "top10_recall_cond_on_in_top_ten": 0.9729257641921397, "top10_f1_cond_on_in_top_ten": 0.9729257641921396}