{"loss": 1.7670605914450257, "mean_logp_gap_policy_chosen_rejected": 2.262265170451138, "mean_logp_gap_base_chosen_rejected": 1.9761768790586236, "mean_gap_improvement": 0.28608828250352625, "top1_accuracy_on_chosen_policy": 0.4610300193276822, "top1_accuracy_on_chosen_base": 0.4340402093579768, "mean_p_chosen_policy": 0.3555292393001634, "mean_p_chosen_base": 0.3321842207737253, "mean_kl": 0.16089581327394362, "mean_ent_pi": 1.4101824541454373, "mean_ent_ref": 1.475534881254557, "top1_precision": 0.4610300192784357, "top1_recall": 0.4610300192784357, "top1_f1": 0.4610300192784357, "top3_precision": 0.7758193335169374, "top3_recall": 0.7758193335169374, "top3_f1": 0.7758193335169374, "top5_precision": 0.8840539796199394, "top5_recall": 0.8840539796199394, "top5_f1": 0.8840539796199394, "top10_precision": 0.9708069402368493, "top10_recall": 0.9708069402368493, "top10_f1": 0.9708069402368492, "mean_logp_gap_policy_chosen_rejected_cond_on_not_in_top_ten": 1.2383830355746406, "mean_logp_gap_base_chosen_rejected_cond_on_not_in_top_ten": 1.2625945411166366, "mean_gap_improvement_cond_on_not_in_top_ten": -0.02421150554199608, "top1_accuracy_on_chosen_policy_cond_on_not_in_top_ten": 0.23469387755102042, "top1_accuracy_on_chosen_base_cond_on_not_in_top_ten": 0.20918367346938777, "mean_p_chosen_policy_cond_on_not_in_top_ten": 0.16129076848449828, "mean_p_chosen_base_cond_on_not_in_top_ten": 0.1596966245963312, "mean_kl_cond_on_not_in_top_ten": 0.03802703224759245, "mean_ent_pi_cond_on_not_in_top_ten": 1.830815884835866, "mean_ent_ref_cond_on_not_in_top_ten": 1.8399022794803794, "top1_precision_cond_on_not_in_top_ten": 0.23469387755102042, "top1_recall_cond_on_not_in_top_ten": 0.23469387755102042, "top1_f1_cond_on_not_in_top_ten": 0.23469387755102045, "top3_precision_cond_on_not_in_top_ten": 0.5255102040816326, "top3_recall_cond_on_not_in_top_ten": 0.5255102040816326, "top3_f1_cond_on_not_in_top_ten": 0.5255102040816326, "top5_precision_cond_on_not_in_top_ten": 0.6632653061224489, "top5_recall_cond_on_not_in_top_ten": 0.6632653061224489, "top5_f1_cond_on_not_in_top_ten": 0.6632653061224489, "top10_precision_cond_on_not_in_top_ten": 0.8469387755102041, "top10_recall_cond_on_not_in_top_ten": 0.8469387755102041, "top10_f1_cond_on_not_in_top_ten": 0.846938775510204, "mean_logp_gap_policy_chosen_rejected_cond_on_in_top_ten": 2.3206875395653377, "mean_logp_gap_base_chosen_rejected_cond_on_in_top_ten": 2.0168936504807533, "mean_gap_improvement_cond_on_in_top_ten": 0.3037938900042482, "top1_accuracy_on_chosen_policy_cond_on_in_top_ten": 0.4739446870451237, "top1_accuracy_on_chosen_base_cond_on_in_top_ten": 0.4468704512372635, "mean_p_chosen_policy_cond_on_in_top_ten": 0.36661242125443183, "mean_p_chosen_base_cond_on_in_top_ten": 0.34202630809667806, "mean_kl_cond_on_in_top_ten": 0.16790666508209942, "mean_ent_pi_cond_on_in_top_ten": 1.3861812432152876, "mean_ent_ref_cond_on_in_top_ten": 1.4547441972536204, "top1_precision_cond_on_in_top_ten": 0.4739446870451237, "top1_recall_cond_on_in_top_ten": 0.4739446870451237, "top1_f1_cond_on_in_top_ten": 0.47394468704512377, "top3_precision_cond_on_in_top_ten": 0.7901018922852984, "top3_recall_cond_on_in_top_ten": 0.7901018922852984, "top3_f1_cond_on_in_top_ten": 0.7901018922852984, "top5_precision_cond_on_in_top_ten": 0.8966521106259098, "top5_recall_cond_on_in_top_ten": 0.8966521106259098, "top5_f1_cond_on_in_top_ten": 0.8966521106259098, "top10_precision_cond_on_in_top_ten": 0.9778748180494905, "top10_recall_cond_on_in_top_ten": 0.9778748180494905, "top10_f1_cond_on_in_top_ten": 0.9778748180494905}