{
  "white_first_move_probs": {
    "e2e4": 0.44211310148239136,
    "d2d4": 0.3070751130580902,
    "c2c4": 0.1252763718366623,
    "g1f3": 0.12133010476827621,
    "g2g3": 0.00041601990233175457,
    "b2b3": 0.0002215977292507887,
    "f2f4": 0.0011956176022067666,
    "b2b4": 1.8683396774576977e-05,
    "a2a4": 1.1373193956387695e-05
  },
  "white_other_mass": 0.002342017030059651,
  "black_reply_probs_cond_on_white": {
    "e2e4": {
      "fen_after_white": "rnbqkbnr/pppppppp/8/8/4P3/8/PPPP1PPP/RNBQKBNR b KQkq - 0 1",
      "black_reply_probs": {
        "c7c5": 0.8979474306106567,
        "e7e5": 0.015664812177419662,
        "e7e6": 0.0005428795702755451,
        "c7c6": 0.042008936405181885,
        "d7d5": 0.03804148733615875,
        "g8f6": 0.0018036855617538095,
        "g7g6": 9.536737343296409e-05,
        "d7d6": 0.001009243307635188
      },
      "other_mass": 0.0028861576574854553
    },
    "d2d4": {
      "fen_after_white": "rnbqkbnr/pppppppp/8/8/3P4/8/PPP1PPPP/RNBQKBNR b KQkq - 0 1",
      "black_reply_probs": {
        "c7c5": 0.006756558082997799,
        "e7e5": 0.006981432903558016,
        "e7e6": 0.0024985275231301785,
        "c7c6": 0.0011876943754032254,
        "d7d5": 0.6776026487350464,
        "g8f6": 0.30011653900146484,
        "g7g6": 0.002761474810540676,
        "d7d6": 0.0006939391023479402
      },
      "other_mass": 0.0014011854655109346
    },
    "c2c4": {
      "fen_after_white": "rnbqkbnr/pppppppp/8/8/2P5/8/PP1PPPPP/RNBQKBNR b KQkq - 0 1",
      "black_reply_probs": {
        "c7c5": 0.13487176597118378,
        "e7e5": 0.47697505354881287,
        "e7e6": 0.006927665788680315,
        "c7c6": 0.0053758216090500355,
        "d7d5": 0.11670999228954315,
        "g8f6": 0.23920902609825134,
        "g7g6": 0.004170908592641354,
        "d7d6": 0.004352970980107784
      },
      "other_mass": 0.011406795121729374
    },
    "g1f3": {
      "fen_after_white": "rnbqkbnr/pppppppp/8/8/8/5N2/PPPPPPPP/RNBQKB1R b KQkq - 1 1",
      "black_reply_probs": {
        "c7c5": 0.06475738435983658,
        "e7e5": 0.06331510096788406,
        "e7e6": 0.0003890067746397108,
        "c7c6": 0.000405245169531554,
        "d7d5": 0.3059402108192444,
        "g8f6": 0.5614569187164307,
        "g7g6": 0.0015458303969353437,
        "d7d6": 0.0004443720099516213
      },
      "other_mass": 0.0017459307855460793
    },
    "g2g3": {
      "fen_after_white": "rnbqkbnr/pppppppp/8/8/8/6P1/PPPPPP1P/RNBQKBNR b KQkq - 0 1",
      "black_reply_probs": {
        "c7c5": 0.09379636496305466,
        "e7e5": 0.4692395031452179,
        "e7e6": 0.00059029198018834,
        "c7c6": 0.002274774946272373,
        "d7d5": 0.3098421096801758,
        "g8f6": 0.1200440526008606,
        "g7g6": 0.0008060497930273414,
        "d7d6": 0.0005316320457495749
      },
      "other_mass": 0.002875220845453441
    },
    "b2b3": {
      "fen_after_white": "rnbqkbnr/pppppppp/8/8/8/1P6/P1PPPPPP/RNBQKBNR b KQkq - 0 1",
      "black_reply_probs": {
        "c7c5": 0.041539520025253296,
        "e7e5": 0.5200555324554443,
        "e7e6": 0.002115657553076744,
        "c7c6": 0.0015502278693020344,
        "d7d5": 0.3359389901161194,
        "g8f6": 0.09279230982065201,
        "g7g6": 0.0024835518561303616,
        "d7d6": 0.0005827025743201375
      },
      "other_mass": 0.002941507729701698
    },
    "f2f4": {
      "fen_after_white": "rnbqkbnr/pppppppp/8/8/5P2/8/PPPPP1PP/RNBQKBNR b KQkq - 0 1",
      "black_reply_probs": {
        "c7c5": 0.2508579194545746,
        "e7e5": 0.18917734920978546,
        "e7e6": 0.005941281095147133,
        "c7c6": 0.011874661780893803,
        "d7d5": 0.40130892395973206,
        "g8f6": 0.13434578478336334,
        "g7g6": 0.001460639527067542,
        "d7d6": 0.001564381062053144
      },
      "other_mass": 0.003469059127382934
    },
    "b2b4": {
      "fen_after_white": "rnbqkbnr/pppppppp/8/8/1P6/8/P1PPPPPP/RNBQKBNR b KQkq - 0 1",
      "black_reply_probs": {
        "c7c5": 0.005588429514318705,
        "e7e5": 0.5054931044578552,
        "e7e6": 0.01446505542844534,
        "c7c6": 0.005218152888119221,
        "d7d5": 0.34811779856681824,
        "g8f6": 0.0973723903298378,
        "g7g6": 0.011315658688545227,
        "d7d6": 0.003206543391570449
      },
      "other_mass": 0.009222866734489799
    },
    "a2a4": {
      "fen_after_white": "rnbqkbnr/pppppppp/8/8/P7/8/1PPPPPPP/RNBQKBNR b KQkq - 0 1",
      "black_reply_probs": {
        "c7c5": 0.061749786138534546,
        "e7e5": 0.43727001547813416,
        "e7e6": 0.0010551701998338103,
        "c7c6": 0.002767773810774088,
        "d7d5": 0.37878528237342834,
        "g8f6": 0.11393910646438599,
        "g7g6": 0.0005791678559035063,
        "d7d6": 0.0011115659726783633
      },
      "other_mass": 0.0027421317063272
    }
  },
  "meta": {
    "elo_self": 2800,
    "elo_oppo": 2800,
    "temperature": 1.0,
    "maia_type": "blitz",
    "white_moves_probed": [
      "e2e4",
      "d2d4",
      "c2c4",
      "g1f3",
      "g2g3",
      "b2b3",
      "f2f4",
      "b2b4",
      "a2a4"
    ],
    "black_replies_probed": [
      "c7c5",
      "e7e5",
      "e7e6",
      "c7c6",
      "d7d5",
      "g8f6",
      "g7g6",
      "d7d6"
    ]
  }
}