{
  "white_first_move_probs": {
    "e2e4": 1.2816044545616023e-05,
    "d2d4": 0.04409761726856232,
    "c2c4": 1.548276395979542e-09,
    "g1f3": 0.9558895826339722,
    "g2g3": 5.919794390227819e-21,
    "b2b3": 1.7541768998489373e-23,
    "f2f4": 6.824792742560562e-16,
    "b2b4": 2.7882602472350323e-21,
    "a2a4": 1.7473202846803573e-28
  },
  "white_other_mass": 0.0,
  "black_reply_probs_cond_on_white": {
    "e2e4": {
      "fen_after_white": "rnbqkbnr/pppppppp/8/8/4P3/8/PPPP1PPP/RNBQKBNR b KQkq - 0 1",
      "black_reply_probs": {
        "c7c5": 8.720265896045021e-07,
        "e7e5": 9.388558828504756e-05,
        "e7e6": 1.7036299129226384e-14,
        "c7c6": 6.231861766466017e-20,
        "d7d5": 0.07127371430397034,
        "g8f6": 0.9286315441131592,
        "g7g6": 1.0984295497744458e-19,
        "d7d6": 2.742933748786213e-14
      },
      "other_mass": 0.0
    },
    "d2d4": {
      "fen_after_white": "rnbqkbnr/pppppppp/8/8/3P4/8/PPP1PPPP/RNBQKBNR b KQkq - 0 1",
      "black_reply_probs": {
        "c7c5": 8.541170375131468e-12,
        "e7e5": 1.2299246918701101e-06,
        "e7e6": 5.863722373188876e-15,
        "c7c6": 2.9063421729431495e-23,
        "d7d5": 0.08003292977809906,
        "g8f6": 0.9199658036231995,
        "g7g6": 7.118913453261691e-21,
        "d7d6": 7.14987551738729e-16
      },
      "other_mass": 3.666546188885178e-08
    },
    "c2c4": {
      "fen_after_white": "rnbqkbnr/pppppppp/8/8/2P5/8/PP1PPPPP/RNBQKBNR b KQkq - 0 1",
      "black_reply_probs": {
        "c7c5": 7.278595781645691e-11,
        "e7e5": 1.195514778373763e-05,
        "e7e6": 9.522890729283823e-15,
        "c7c6": 3.487261552358437e-23,
        "d7d5": 0.003854200476780534,
        "g8f6": 0.9961338043212891,
        "g7g6": 2.5138834686989127e-20,
        "d7d6": 5.247775154659481e-16
      },
      "other_mass": 3.998135067462272e-08
    },
    "g1f3": {
      "fen_after_white": "rnbqkbnr/pppppppp/8/8/8/5N2/PPPPPPPP/RNBQKB1R b KQkq - 1 1",
      "black_reply_probs": {
        "c7c5": 4.641088624524059e-10,
        "e7e5": 2.7092930849903496e-06,
        "e7e6": 3.506442439413926e-16,
        "c7c6": 2.2779811720044133e-23,
        "d7d5": 0.016977593302726746,
        "g8f6": 0.9830197691917419,
        "g7g6": 1.3464832278647546e-20,
        "d7d6": 4.766756261221196e-16
      },
      "other_mass": 0.0
    },
    "g2g3": {
      "fen_after_white": "rnbqkbnr/pppppppp/8/8/8/6P1/PPPPPP1P/RNBQKBNR b KQkq - 0 1",
      "black_reply_probs": {
        "c7c5": 1.3481306071483345e-09,
        "e7e5": 2.7000967747881077e-05,
        "e7e6": 8.732210884010352e-16,
        "c7c6": 1.1592511688437057e-22,
        "d7d5": 0.04142099618911743,
        "g8f6": 0.9585520029067993,
        "g7g6": 5.538274054014571e-20,
        "d7d6": 1.3672293379645827e-15
      },
      "other_mass": 0.0
    },
    "b2b3": {
      "fen_after_white": "rnbqkbnr/pppppppp/8/8/8/1P6/P1PPPPPP/RNBQKBNR b KQkq - 0 1",
      "black_reply_probs": {
        "c7c5": 1.172437563701223e-10,
        "e7e5": 2.419316842861008e-05,
        "e7e6": 7.068862109938336e-16,
        "c7c6": 1.4421601659565e-23,
        "d7d5": 0.02552272193133831,
        "g8f6": 0.9744531512260437,
        "g7g6": 3.4413902651208255e-20,
        "d7d6": 2.514718000620666e-16
      },
      "other_mass": 0.0
    },
    "f2f4": {
      "fen_after_white": "rnbqkbnr/pppppppp/8/8/5P2/8/PPPPP1PP/RNBQKBNR b KQkq - 0 1",
      "black_reply_probs": {
        "c7c5": 2.8587238132260495e-10,
        "e7e5": 3.5228024444222683e-06,
        "e7e6": 1.2070791245613176e-15,
        "c7c6": 2.018787195414299e-23,
        "d7d5": 0.016969557851552963,
        "g8f6": 0.983026921749115,
        "g7g6": 2.4403148005002707e-20,
        "d7d6": 1.143336613027761e-15
      },
      "other_mass": 0.0
    },
    "b2b4": {
      "fen_after_white": "rnbqkbnr/pppppppp/8/8/1P6/8/P1PPPPPP/RNBQKBNR b KQkq - 0 1",
      "black_reply_probs": {
        "c7c5": 9.184060630051949e-12,
        "e7e5": 6.617124017793685e-05,
        "e7e6": 1.3351218764725507e-14,
        "c7c6": 6.871449907751973e-23,
        "d7d5": 0.029309749603271484,
        "g8f6": 0.9706240892410278,
        "g7g6": 1.745701674894943e-20,
        "d7d6": 1.2717165264036485e-15
      },
      "other_mass": 0.0
    },
    "a2a4": {
      "fen_after_white": "rnbqkbnr/pppppppp/8/8/P7/8/1PPPPPPP/RNBQKBNR b KQkq - 0 1",
      "black_reply_probs": {
        "c7c5": 1.3800192932844624e-10,
        "e7e5": 1.6244677681243047e-05,
        "e7e6": 1.1253461626236716e-15,
        "c7c6": 7.920217130960514e-23,
        "d7d5": 0.03829394280910492,
        "g8f6": 0.9616897106170654,
        "g7g6": 2.223494000233608e-21,
        "d7d6": 2.194814620508161e-15
      },
      "other_mass": 1.0175814313395648e-07
    }
  },
  "meta": {
    "elo_self": 2800,
    "elo_oppo": 2800,
    "temperature": 1.0,
    "maia_type": "blitz",
    "white_moves_probed": [
      "e2e4",
      "d2d4",
      "c2c4",
      "g1f3",
      "g2g3",
      "b2b3",
      "f2f4",
      "b2b4",
      "a2a4"
    ],
    "black_replies_probed": [
      "c7c5",
      "e7e5",
      "e7e6",
      "c7c6",
      "d7d5",
      "g8f6",
      "g7g6",
      "d7d6"
    ]
  }
}