{
  "white_first_move_probs": {
    "e2e4": 0.28753355145454407,
    "d2d4": 0.3553139865398407,
    "c2c4": 0.24648946523666382,
    "g1f3": 0.10270174592733383,
    "g2g3": 0.0003938099544029683,
    "b2b3": 0.0004935325705446303,
    "f2f4": 0.0021354781929403543,
    "b2b4": 3.9477086829720065e-05,
    "a2a4": 1.4326643395179417e-05
  },
  "white_other_mass": 0.004884626393504732,
  "black_reply_probs_cond_on_white": {
    "e2e4": {
      "fen_after_white": "rnbqkbnr/pppppppp/8/8/4P3/8/PPPP1PPP/RNBQKBNR b KQkq - 0 1",
      "black_reply_probs": {
        "c7c5": 0.9328425526618958,
        "e7e5": 0.006303512025624514,
        "e7e6": 0.00039162341272458434,
        "c7c6": 0.03219471499323845,
        "d7d5": 0.024783993139863014,
        "g8f6": 0.000696896924637258,
        "g7g6": 2.8497579478425905e-05,
        "d7d6": 0.000882440188433975
      },
      "other_mass": 0.0018757690741040278
    },
    "d2d4": {
      "fen_after_white": "rnbqkbnr/pppppppp/8/8/3P4/8/PPP1PPPP/RNBQKBNR b KQkq - 0 1",
      "black_reply_probs": {
        "c7c5": 0.014334982261061668,
        "e7e5": 0.006199785508215427,
        "e7e6": 0.004468349739909172,
        "c7c6": 0.002231445861980319,
        "d7d5": 0.7513325810432434,
        "g8f6": 0.21668319404125214,
        "g7g6": 0.0017141149146482348,
        "d7d6": 0.001167982118204236
      },
      "other_mass": 0.0018675645114853978
    },
    "c2c4": {
      "fen_after_white": "rnbqkbnr/pppppppp/8/8/2P5/8/PP1PPPPP/RNBQKBNR b KQkq - 0 1",
      "black_reply_probs": {
        "c7c5": 0.20828795433044434,
        "e7e5": 0.4199586808681488,
        "e7e6": 0.011010332964360714,
        "c7c6": 0.007373773492872715,
        "d7d5": 0.1298794448375702,
        "g8f6": 0.20055094361305237,
        "g7g6": 0.0024196503218263388,
        "d7d6": 0.007053968962281942
      },
      "other_mass": 0.013465250609442592
    },
    "g1f3": {
      "fen_after_white": "rnbqkbnr/pppppppp/8/8/8/5N2/PPPPPPPP/RNBQKB1R b KQkq - 1 1",
      "black_reply_probs": {
        "c7c5": 0.1814127415418625,
        "e7e5": 0.06144477799534798,
        "e7e6": 0.0005346245598047972,
        "c7c6": 0.0005466591101139784,
        "d7d5": 0.2890464961528778,
        "g8f6": 0.4628906548023224,
        "g7g6": 0.001182393985800445,
        "d7d6": 0.0007900688797235489
      },
      "other_mass": 0.0021515829721465707
    },
    "g2g3": {
      "fen_after_white": "rnbqkbnr/pppppppp/8/8/8/6P1/PPPPPP1P/RNBQKBNR b KQkq - 0 1",
      "black_reply_probs": {
        "c7c5": 0.16255372762680054,
        "e7e5": 0.3848140239715576,
        "e7e6": 0.0008705861982889473,
        "c7c6": 0.002490343526005745,
        "d7d5": 0.33123791217803955,
        "g8f6": 0.1126161515712738,
        "g7g6": 0.0007098663481883705,
        "d7d6": 0.0008971891365945339
      },
      "other_mass": 0.0038101994432508945
    },
    "b2b3": {
      "fen_after_white": "rnbqkbnr/pppppppp/8/8/8/1P6/P1PPPPPP/RNBQKBNR b KQkq - 0 1",
      "black_reply_probs": {
        "c7c5": 0.08696403354406357,
        "e7e5": 0.40623342990875244,
        "e7e6": 0.003223681589588523,
        "c7c6": 0.0024360003881156445,
        "d7d5": 0.39100706577301025,
        "g8f6": 0.10260967910289764,
        "g7g6": 0.0020564948208630085,
        "d7d6": 0.0008717269520275295
      },
      "other_mass": 0.004597887920681387
    },
    "f2f4": {
      "fen_after_white": "rnbqkbnr/pppppppp/8/8/5P2/8/PPPPP1PP/RNBQKBNR b KQkq - 0 1",
      "black_reply_probs": {
        "c7c5": 0.34036844968795776,
        "e7e5": 0.09610123932361603,
        "e7e6": 0.005905075930058956,
        "c7c6": 0.013083765283226967,
        "d7d5": 0.44356104731559753,
        "g8f6": 0.09271097183227539,
        "g7g6": 0.0012366537703201175,
        "d7d6": 0.0025424291379749775
      },
      "other_mass": 0.004490367718972266
    },
    "b2b4": {
      "fen_after_white": "rnbqkbnr/pppppppp/8/8/1P6/8/P1PPPPPP/RNBQKBNR b KQkq - 0 1",
      "black_reply_probs": {
        "c7c5": 0.010867315344512463,
        "e7e5": 0.3801088333129883,
        "e7e6": 0.02410370670258999,
        "c7c6": 0.009427911601960659,
        "d7d5": 0.4456731379032135,
        "g8f6": 0.10695848613977432,
        "g7g6": 0.006452704779803753,
        "d7d6": 0.004475283902138472
      },
      "other_mass": 0.01193262031301856
    },
    "a2a4": {
      "fen_after_white": "rnbqkbnr/pppppppp/8/8/P7/8/1PPPPPPP/RNBQKBNR b KQkq - 0 1",
      "black_reply_probs": {
        "c7c5": 0.12337755411863327,
        "e7e5": 0.3225558400154114,
        "e7e6": 0.0019485682714730501,
        "c7c6": 0.0043435352854430676,
        "d7d5": 0.4366120398044586,
        "g8f6": 0.10427767038345337,
        "g7g6": 0.0004238151595927775,
        "d7d6": 0.0020710777025669813
      },
      "other_mass": 0.004389899258967489
    }
  },
  "meta": {
    "elo_self": 2800,
    "elo_oppo": 2800,
    "temperature": 1.0,
    "maia_type": "blitz",
    "white_moves_probed": [
      "e2e4",
      "d2d4",
      "c2c4",
      "g1f3",
      "g2g3",
      "b2b3",
      "f2f4",
      "b2b4",
      "a2a4"
    ],
    "black_replies_probed": [
      "c7c5",
      "e7e5",
      "e7e6",
      "c7c6",
      "d7d5",
      "g8f6",
      "g7g6",
      "d7d6"
    ]
  }
}