{
  "white_first_move_probs": {
    "e2e4": 0.24565352499485016,
    "d2d4": 0.4149930477142334,
    "c2c4": 0.17002426087856293,
    "g1f3": 0.1571897566318512,
    "g2g3": 0.0007948155980557203,
    "b2b3": 0.0007639738614670932,
    "f2f4": 0.002440560609102249,
    "b2b4": 8.331879507750273e-05,
    "a2a4": 4.060947321704589e-05
  },
  "white_other_mass": 0.008016131443582708,
  "black_reply_probs_cond_on_white": {
    "e2e4": {
      "fen_after_white": "rnbqkbnr/pppppppp/8/8/4P3/8/PPPP1PPP/RNBQKBNR b KQkq - 0 1",
      "black_reply_probs": {
        "c7c5": 0.8728470206260681,
        "e7e5": 0.011940659023821354,
        "e7e6": 0.0014697398291900754,
        "c7c6": 0.06512900441884995,
        "d7d5": 0.03697902709245682,
        "g8f6": 0.0027863297145813704,
        "g7g6": 0.00014223561447579414,
        "d7d6": 0.001561797340400517
      },
      "other_mass": 0.007144186340156011
    },
    "d2d4": {
      "fen_after_white": "rnbqkbnr/pppppppp/8/8/3P4/8/PPP1PPPP/RNBQKBNR b KQkq - 0 1",
      "black_reply_probs": {
        "c7c5": 0.014096548780798912,
        "e7e5": 0.00876842811703682,
        "e7e6": 0.008915569633245468,
        "c7c6": 0.0031962930224835873,
        "d7d5": 0.6736574172973633,
        "g8f6": 0.2857781946659088,
        "g7g6": 0.002270892495289445,
        "d7d6": 0.001043957658112049
      },
      "other_mass": 0.0022726983297616243
    },
    "c2c4": {
      "fen_after_white": "rnbqkbnr/pppppppp/8/8/2P5/8/PP1PPPPP/RNBQKBNR b KQkq - 0 1",
      "black_reply_probs": {
        "c7c5": 0.18402080237865448,
        "e7e5": 0.3383956849575043,
        "e7e6": 0.018599536269903183,
        "c7c6": 0.014040965586900711,
        "d7d5": 0.14570827782154083,
        "g8f6": 0.27173903584480286,
        "g7g6": 0.004220718052238226,
        "d7d6": 0.006077445577830076
      },
      "other_mass": 0.017197533510625362
    },
    "g1f3": {
      "fen_after_white": "rnbqkbnr/pppppppp/8/8/8/5N2/PPPPPPPP/RNBQKB1R b KQkq - 1 1",
      "black_reply_probs": {
        "c7c5": 0.09907308220863342,
        "e7e5": 0.05350058525800705,
        "e7e6": 0.0006852885708212852,
        "c7c6": 0.0005843907129019499,
        "d7d5": 0.21790185570716858,
        "g8f6": 0.6243817806243896,
        "g7g6": 0.0010155522031709552,
        "d7d6": 0.0004911737632937729
      },
      "other_mass": 0.002366290951613337
    },
    "g2g3": {
      "fen_after_white": "rnbqkbnr/pppppppp/8/8/8/6P1/PPPPPP1P/RNBQKBNR b KQkq - 0 1",
      "black_reply_probs": {
        "c7c5": 0.15279144048690796,
        "e7e5": 0.33062902092933655,
        "e7e6": 0.001214836840517819,
        "c7c6": 0.004935725126415491,
        "d7d5": 0.3296661972999573,
        "g8f6": 0.1720280647277832,
        "g7g6": 0.0009775443468242884,
        "d7d6": 0.0009171172278001904
      },
      "other_mass": 0.006840053014457226
    },
    "b2b3": {
      "fen_after_white": "rnbqkbnr/pppppppp/8/8/8/1P6/P1PPPPPP/RNBQKBNR b KQkq - 0 1",
      "black_reply_probs": {
        "c7c5": 0.06690596789121628,
        "e7e5": 0.32540592551231384,
        "e7e6": 0.0044761537574231625,
        "c7c6": 0.004498268943279982,
        "d7d5": 0.44292905926704407,
        "g8f6": 0.14666464924812317,
        "g7g6": 0.0026906642597168684,
        "d7d6": 0.0009122974588535726
      },
      "other_mass": 0.005517013662029058
    },
    "f2f4": {
      "fen_after_white": "rnbqkbnr/pppppppp/8/8/5P2/8/PPPPP1PP/RNBQKBNR b KQkq - 0 1",
      "black_reply_probs": {
        "c7c5": 0.29072439670562744,
        "e7e5": 0.10438118875026703,
        "e7e6": 0.010741513222455978,
        "c7c6": 0.025864578783512115,
        "d7d5": 0.4392181932926178,
        "g8f6": 0.11845672130584717,
        "g7g6": 0.0015292786993086338,
        "d7d6": 0.00267738476395607
      },
      "other_mass": 0.006406744476407766
    },
    "b2b4": {
      "fen_after_white": "rnbqkbnr/pppppppp/8/8/1P6/8/P1PPPPPP/RNBQKBNR b KQkq - 0 1",
      "black_reply_probs": {
        "c7c5": 0.009641233831644058,
        "e7e5": 0.27933016419410706,
        "e7e6": 0.025027666240930557,
        "c7c6": 0.013666804879903793,
        "d7d5": 0.4887617528438568,
        "g8f6": 0.15757490694522858,
        "g7g6": 0.00910959579050541,
        "d7d6": 0.0036397106014192104
      },
      "other_mass": 0.013248164672404528
    },
    "a2a4": {
      "fen_after_white": "rnbqkbnr/pppppppp/8/8/P7/8/1PPPPPPP/RNBQKBNR b KQkq - 0 1",
      "black_reply_probs": {
        "c7c5": 0.08690964430570602,
        "e7e5": 0.28143101930618286,
        "e7e6": 0.0027556235436350107,
        "c7c6": 0.007529788184911013,
        "d7d5": 0.4774426817893982,
        "g8f6": 0.1360558420419693,
        "g7g6": 0.0006727612926624715,
        "d7d6": 0.0019263550639152527
      },
      "other_mass": 0.005276284471619874
    }
  },
  "meta": {
    "elo_self": 2800,
    "elo_oppo": 2800,
    "temperature": 1.0,
    "maia_type": "blitz",
    "white_moves_probed": [
      "e2e4",
      "d2d4",
      "c2c4",
      "g1f3",
      "g2g3",
      "b2b3",
      "f2f4",
      "b2b4",
      "a2a4"
    ],
    "black_replies_probed": [
      "c7c5",
      "e7e5",
      "e7e6",
      "c7c6",
      "d7d5",
      "g8f6",
      "g7g6",
      "d7d6"
    ]
  }
}