{
  "white_first_move_probs": {
    "e2e4": 0.3067637085914612,
    "d2d4": 0.41681164503097534,
    "c2c4": 0.15308688580989838,
    "g1f3": 0.11270642280578613,
    "g2g3": 0.0005620478186756372,
    "b2b3": 0.0003821135906036943,
    "f2f4": 0.003323489101603627,
    "b2b4": 4.318575156503357e-05,
    "a2a4": 3.0189627068466507e-05
  },
  "white_other_mass": 0.0062903118723625084,
  "black_reply_probs_cond_on_white": {
    "e2e4": {
      "fen_after_white": "rnbqkbnr/pppppppp/8/8/4P3/8/PPPP1PPP/RNBQKBNR b KQkq - 0 1",
      "black_reply_probs": {
        "c7c5": 0.8905763030052185,
        "e7e5": 0.0102480947971344,
        "e7e6": 0.0011791890719905496,
        "c7c6": 0.05735345557332039,
        "d7d5": 0.03099929168820381,
        "g8f6": 0.0018939125584438443,
        "g7g6": 0.00012522180622909218,
        "d7d6": 0.001842851983383298
      },
      "other_mass": 0.00578167951607611
    },
    "d2d4": {
      "fen_after_white": "rnbqkbnr/pppppppp/8/8/3P4/8/PPP1PPPP/RNBQKBNR b KQkq - 0 1",
      "black_reply_probs": {
        "c7c5": 0.012637096457183361,
        "e7e5": 0.00733315059915185,
        "e7e6": 0.00848713144659996,
        "c7c6": 0.0027801161631941795,
        "d7d5": 0.7538323998451233,
        "g8f6": 0.20855575799942017,
        "g7g6": 0.0021169562824070454,
        "d7d6": 0.0013222380075603724
      },
      "other_mass": 0.0029351531993597746
    },
    "c2c4": {
      "fen_after_white": "rnbqkbnr/pppppppp/8/8/2P5/8/PP1PPPPP/RNBQKBNR b KQkq - 0 1",
      "black_reply_probs": {
        "c7c5": 0.1893673688173294,
        "e7e5": 0.3862777352333069,
        "e7e6": 0.019359858706593513,
        "c7c6": 0.012425927445292473,
        "d7d5": 0.1516840010881424,
        "g8f6": 0.20404928922653198,
        "g7g6": 0.004635664168745279,
        "d7d6": 0.00915583223104477
      },
      "other_mass": 0.023044323083013296
    },
    "g1f3": {
      "fen_after_white": "rnbqkbnr/pppppppp/8/8/8/5N2/PPPPPPPP/RNBQKB1R b KQkq - 1 1",
      "black_reply_probs": {
        "c7c5": 0.10472428798675537,
        "e7e5": 0.05868363007903099,
        "e7e6": 0.001064938260242343,
        "c7c6": 0.0007353629334829748,
        "d7d5": 0.3687715232372284,
        "g8f6": 0.4597329795360565,
        "g7g6": 0.0012818354880437255,
        "d7d6": 0.0009501341264694929
      },
      "other_mass": 0.00405530835269019
    },
    "g2g3": {
      "fen_after_white": "rnbqkbnr/pppppppp/8/8/8/6P1/PPPPPP1P/RNBQKBNR b KQkq - 0 1",
      "black_reply_probs": {
        "c7c5": 0.1350255310535431,
        "e7e5": 0.38999679684638977,
        "e7e6": 0.001276079099625349,
        "c7c6": 0.004085073713213205,
        "d7d5": 0.344508558511734,
        "g8f6": 0.11758999526500702,
        "g7g6": 0.0010559885995462537,
        "d7d6": 0.0009422129951417446
      },
      "other_mass": 0.005519763915799558
    },
    "b2b3": {
      "fen_after_white": "rnbqkbnr/pppppppp/8/8/8/1P6/P1PPPPPP/RNBQKBNR b KQkq - 0 1",
      "black_reply_probs": {
        "c7c5": 0.06079712137579918,
        "e7e5": 0.4106603264808655,
        "e7e6": 0.005516176577657461,
        "c7c6": 0.003584361169487238,
        "d7d5": 0.40248167514801025,
        "g8f6": 0.10553904622793198,
        "g7g6": 0.003002865007147193,
        "d7d6": 0.001196915633045137
      },
      "other_mass": 0.007221512380056083
    },
    "f2f4": {
      "fen_after_white": "rnbqkbnr/pppppppp/8/8/5P2/8/PPPPP1PP/RNBQKBNR b KQkq - 0 1",
      "black_reply_probs": {
        "c7c5": 0.2940862476825714,
        "e7e5": 0.12148424983024597,
        "e7e6": 0.010647345334291458,
        "c7c6": 0.02028307132422924,
        "d7d5": 0.4213073253631592,
        "g8f6": 0.12067652493715286,
        "g7g6": 0.0019313315860927105,
        "d7d6": 0.002932916395366192
      },
      "other_mass": 0.006650987546890974
    },
    "b2b4": {
      "fen_after_white": "rnbqkbnr/pppppppp/8/8/1P6/8/P1PPPPPP/RNBQKBNR b KQkq - 0 1",
      "black_reply_probs": {
        "c7c5": 0.010086077265441418,
        "e7e5": 0.3868393301963806,
        "e7e6": 0.029810819774866104,
        "c7c6": 0.011639201082289219,
        "d7d5": 0.4029157757759094,
        "g8f6": 0.12624278664588928,
        "g7g6": 0.010845979675650597,
        "d7d6": 0.0045972405932843685
      },
      "other_mass": 0.017022788990288973
    },
    "a2a4": {
      "fen_after_white": "rnbqkbnr/pppppppp/8/8/P7/8/1PPPPPPP/RNBQKBNR b KQkq - 0 1",
      "black_reply_probs": {
        "c7c5": 0.0757349357008934,
        "e7e5": 0.3441499173641205,
        "e7e6": 0.0029034048784524202,
        "c7c6": 0.00554683106020093,
        "d7d5": 0.4564196467399597,
        "g8f6": 0.10605229437351227,
        "g7g6": 0.0007344717741943896,
        "d7d6": 0.0023807736579328775
      },
      "other_mass": 0.006077724450733513
    }
  },
  "meta": {
    "elo_self": 2800,
    "elo_oppo": 2800,
    "temperature": 1.0,
    "maia_type": "blitz",
    "white_moves_probed": [
      "e2e4",
      "d2d4",
      "c2c4",
      "g1f3",
      "g2g3",
      "b2b3",
      "f2f4",
      "b2b4",
      "a2a4"
    ],
    "black_replies_probed": [
      "c7c5",
      "e7e5",
      "e7e6",
      "c7c6",
      "d7d5",
      "g8f6",
      "g7g6",
      "d7d6"
    ]
  }
}