{
  "white_first_move_probs": {
    "e2e4": 0.2964950203895569,
    "d2d4": 0.27866414189338684,
    "c2c4": 0.2794545292854309,
    "g1f3": 0.13462163507938385,
    "g2g3": 0.0006117330049164593,
    "b2b3": 0.0005685943178832531,
    "f2f4": 0.002448250772431493,
    "b2b4": 5.3768853831570596e-05,
    "a2a4": 7.1577203925699e-05
  },
  "white_other_mass": 0.007010749199253041,
  "black_reply_probs_cond_on_white": {
    "e2e4": {
      "fen_after_white": "rnbqkbnr/pppppppp/8/8/4P3/8/PPPP1PPP/RNBQKBNR b KQkq - 0 1",
      "black_reply_probs": {
        "c7c5": 0.8770791888237,
        "e7e5": 0.033657584339380264,
        "e7e6": 0.001388033153489232,
        "c7c6": 0.024270687252283096,
        "d7d5": 0.04991442710161209,
        "g8f6": 0.005548443645238876,
        "g7g6": 0.00012239138595759869,
        "d7d6": 0.0017515704967081547
      },
      "other_mass": 0.006267673801630735
    },
    "d2d4": {
      "fen_after_white": "rnbqkbnr/pppppppp/8/8/3P4/8/PPP1PPPP/RNBQKBNR b KQkq - 0 1",
      "black_reply_probs": {
        "c7c5": 0.03407694399356842,
        "e7e5": 0.015726162120699883,
        "e7e6": 0.007147808093577623,
        "c7c6": 0.0028121606446802616,
        "d7d5": 0.6930233240127563,
        "g8f6": 0.24159784615039825,
        "g7g6": 0.0017612406518310308,
        "d7d6": 0.0011704352218657732
      },
      "other_mass": 0.002684079110622406
    },
    "c2c4": {
      "fen_after_white": "rnbqkbnr/pppppppp/8/8/2P5/8/PP1PPPPP/RNBQKBNR b KQkq - 0 1",
      "black_reply_probs": {
        "c7c5": 0.2764132618904114,
        "e7e5": 0.3900379538536072,
        "e7e6": 0.009925717487931252,
        "c7c6": 0.009819017723202705,
        "d7d5": 0.1153256818652153,
        "g8f6": 0.17329002916812897,
        "g7g6": 0.0018118186853826046,
        "d7d6": 0.005333642940968275
      },
      "other_mass": 0.01804287638515234
    },
    "g1f3": {
      "fen_after_white": "rnbqkbnr/pppppppp/8/8/8/5N2/PPPPPPPP/RNBQKB1R b KQkq - 1 1",
      "black_reply_probs": {
        "c7c5": 0.24085435271263123,
        "e7e5": 0.11480194330215454,
        "e7e6": 0.0008520289557054639,
        "c7c6": 0.0005233802367001772,
        "d7d5": 0.22803805768489838,
        "g8f6": 0.4099024534225464,
        "g7g6": 0.000753117841668427,
        "d7d6": 0.000588635157328099
      },
      "other_mass": 0.003686030686367303
    },
    "g2g3": {
      "fen_after_white": "rnbqkbnr/pppppppp/8/8/8/6P1/PPPPPP1P/RNBQKBNR b KQkq - 0 1",
      "black_reply_probs": {
        "c7c5": 0.20478913187980652,
        "e7e5": 0.41085225343704224,
        "e7e6": 0.0010016057640314102,
        "c7c6": 0.003500204300507903,
        "d7d5": 0.23581966757774353,
        "g8f6": 0.1366053968667984,
        "g7g6": 0.0007246317691169679,
        "d7d6": 0.0006431714864447713
      },
      "other_mass": 0.0060639369185082614
    },
    "b2b3": {
      "fen_after_white": "rnbqkbnr/pppppppp/8/8/8/1P6/P1PPPPPP/RNBQKBNR b KQkq - 0 1",
      "black_reply_probs": {
        "c7c5": 0.10519415140151978,
        "e7e5": 0.4522112011909485,
        "e7e6": 0.003094193758442998,
        "c7c6": 0.0028043908532708883,
        "d7d5": 0.3078634738922119,
        "g8f6": 0.12026067078113556,
        "g7g6": 0.0015949173830449581,
        "d7d6": 0.0007741380832158029
      },
      "other_mass": 0.006202862656209618
    },
    "f2f4": {
      "fen_after_white": "rnbqkbnr/pppppppp/8/8/5P2/8/PPPPP1PP/RNBQKBNR b KQkq - 0 1",
      "black_reply_probs": {
        "c7c5": 0.3404756188392639,
        "e7e5": 0.13248811662197113,
        "e7e6": 0.005750352516770363,
        "c7c6": 0.014121166430413723,
        "d7d5": 0.3771446943283081,
        "g8f6": 0.12107300758361816,
        "g7g6": 0.0010850905673578382,
        "d7d6": 0.0020572831854224205
      },
      "other_mass": 0.00580466992687434
    },
    "b2b4": {
      "fen_after_white": "rnbqkbnr/pppppppp/8/8/1P6/8/P1PPPPPP/RNBQKBNR b KQkq - 0 1",
      "black_reply_probs": {
        "c7c5": 0.016129694879055023,
        "e7e5": 0.43606051802635193,
        "e7e6": 0.016448810696601868,
        "c7c6": 0.009221572428941727,
        "d7d5": 0.355276882648468,
        "g8f6": 0.14321954548358917,
        "g7g6": 0.004649030044674873,
        "d7d6": 0.0037056147120893
      },
      "other_mass": 0.01528833108022809
    },
    "a2a4": {
      "fen_after_white": "rnbqkbnr/pppppppp/8/8/P7/8/1PPPPPPP/RNBQKBNR b KQkq - 0 1",
      "black_reply_probs": {
        "c7c5": 0.1488151103258133,
        "e7e5": 0.37647545337677,
        "e7e6": 0.0019295678939670324,
        "c7c6": 0.005347290076315403,
        "d7d5": 0.3305829167366028,
        "g8f6": 0.1277197301387787,
        "g7g6": 0.0004116401541978121,
        "d7d6": 0.0016516546020284295
      },
      "other_mass": 0.00706663669552654
    }
  },
  "meta": {
    "elo_self": 2800,
    "elo_oppo": 2800,
    "temperature": 1.0,
    "maia_type": "blitz",
    "white_moves_probed": [
      "e2e4",
      "d2d4",
      "c2c4",
      "g1f3",
      "g2g3",
      "b2b3",
      "f2f4",
      "b2b4",
      "a2a4"
    ],
    "black_replies_probed": [
      "c7c5",
      "e7e5",
      "e7e6",
      "c7c6",
      "d7d5",
      "g8f6",
      "g7g6",
      "d7d6"
    ]
  }
}