{
  "white_first_move_probs": {
    "e2e4": 0.002207564888522029,
    "d2d4": 0.11377505213022232,
    "c2c4": 0.0001242426224052906,
    "g1f3": 0.8836039304733276,
    "g2g3": 4.291768163966481e-06,
    "b2b3": 3.847824245895026e-06,
    "f2f4": 0.00022532776347361505,
    "b2b4": 5.7544394138631105e-08,
    "a2a4": 1.884885358904853e-09
  },
  "white_other_mass": 5.5683100359749105e-05,
  "black_reply_probs_cond_on_white": {
    "e2e4": {
      "fen_after_white": "rnbqkbnr/pppppppp/8/8/4P3/8/PPPP1PPP/RNBQKBNR b KQkq - 0 1",
      "black_reply_probs": {
        "c7c5": 0.03570304438471794,
        "e7e5": 0.036131344735622406,
        "e7e6": 0.00025341694708913565,
        "c7c6": 0.0006443067686632276,
        "d7d5": 0.24553783237934113,
        "g8f6": 0.6786632537841797,
        "g7g6": 0.00010999540245393291,
        "d7d6": 0.0003054311964660883
      },
      "other_mass": 0.0026513744014664553
    },
    "d2d4": {
      "fen_after_white": "rnbqkbnr/pppppppp/8/8/3P4/8/PPP1PPPP/RNBQKBNR b KQkq - 0 1",
      "black_reply_probs": {
        "c7c5": 3.3391690976714017e-06,
        "e7e5": 0.00013276078971102834,
        "e7e6": 2.157354856535676e-06,
        "c7c6": 1.5223698710542521e-06,
        "d7d5": 0.18205386400222778,
        "g8f6": 0.8177253603935242,
        "g7g6": 6.582476089533884e-06,
        "d7d6": 2.328662731088116e-06
      },
      "other_mass": 7.208478189113521e-05
    },
    "c2c4": {
      "fen_after_white": "rnbqkbnr/pppppppp/8/8/2P5/8/PP1PPPPP/RNBQKBNR b KQkq - 0 1",
      "black_reply_probs": {
        "c7c5": 0.0008858872461132705,
        "e7e5": 0.005117784254252911,
        "e7e6": 1.2803150639228988e-05,
        "c7c6": 5.117859473102726e-06,
        "d7d5": 0.017555521801114082,
        "g8f6": 0.9759488105773926,
        "g7g6": 1.4186534826876596e-05,
        "d7d6": 1.9253891878179274e-05
      },
      "other_mass": 0.0004406346843097708
    },
    "g1f3": {
      "fen_after_white": "rnbqkbnr/pppppppp/8/8/8/5N2/PPPPPPPP/RNBQKB1R b KQkq - 1 1",
      "black_reply_probs": {
        "c7c5": 7.831848051864654e-06,
        "e7e5": 0.00015475894906558096,
        "e7e6": 1.226005252874529e-07,
        "c7c6": 1.1833328983357205e-07,
        "d7d5": 0.01580783724784851,
        "g8f6": 0.9838786125183105,
        "g7g6": 9.64645641943207e-06,
        "d7d6": 5.4110455494083e-07
      },
      "other_mass": 0.00014053094193400284
    },
    "g2g3": {
      "fen_after_white": "rnbqkbnr/pppppppp/8/8/8/6P1/PPPPPP1P/RNBQKBNR b KQkq - 0 1",
      "black_reply_probs": {
        "c7c5": 0.00015061248268466443,
        "e7e5": 0.006287264171987772,
        "e7e6": 1.464730985389906e-06,
        "c7c6": 1.8907580852101091e-06,
        "d7d5": 0.15519936382770538,
        "g8f6": 0.8380465507507324,
        "g7g6": 1.726811024127528e-05,
        "d7d6": 6.9049947342136875e-06
      },
      "other_mass": 0.0002886801728436694
    },
    "b2b3": {
      "fen_after_white": "rnbqkbnr/pppppppp/8/8/8/1P6/P1PPPPPP/RNBQKBNR b KQkq - 0 1",
      "black_reply_probs": {
        "c7c5": 8.437708311248571e-05,
        "e7e5": 0.0027312389574944973,
        "e7e6": 2.544298240536591e-06,
        "c7c6": 1.6851477084856015e-06,
        "d7d5": 0.15815599262714386,
        "g8f6": 0.8382640480995178,
        "g7g6": 3.929515878553502e-05,
        "d7d6": 3.1458994271815754e-06
      },
      "other_mass": 0.0007176727285695961
    },
    "f2f4": {
      "fen_after_white": "rnbqkbnr/pppppppp/8/8/5P2/8/PPPPP1PP/RNBQKBNR b KQkq - 0 1",
      "black_reply_probs": {
        "c7c5": 3.649973950814456e-05,
        "e7e5": 0.002129299333319068,
        "e7e6": 3.107965085291653e-06,
        "c7c6": 1.1628522997852997e-06,
        "d7d5": 0.06924866139888763,
        "g8f6": 0.9282808899879456,
        "g7g6": 1.838870048231911e-05,
        "d7d6": 6.552223567268811e-06
      },
      "other_mass": 0.0002754377989049317
    },
    "b2b4": {
      "fen_after_white": "rnbqkbnr/pppppppp/8/8/1P6/8/P1PPPPPP/RNBQKBNR b KQkq - 0 1",
      "black_reply_probs": {
        "c7c5": 2.0199149730615318e-05,
        "e7e5": 0.004766231868416071,
        "e7e6": 3.0107266866252758e-05,
        "c7c6": 1.089538727683248e-05,
        "d7d5": 0.12459442764520645,
        "g8f6": 0.8696885704994202,
        "g7g6": 8.345386595465243e-05,
        "d7d6": 6.533427495014621e-06
      },
      "other_mass": 0.000799580889633944
    },
    "a2a4": {
      "fen_after_white": "rnbqkbnr/pppppppp/8/8/P7/8/1PPPPPPP/RNBQKBNR b KQkq - 0 1",
      "black_reply_probs": {
        "c7c5": 0.0002404369442956522,
        "e7e5": 0.0031075188890099525,
        "e7e6": 1.5152659216255415e-06,
        "c7c6": 2.9625680326716974e-06,
        "d7d5": 0.2573947310447693,
        "g8f6": 0.7389354705810547,
        "g7g6": 4.9568839131097775e-06,
        "d7d6": 1.3819599189446308e-05
      },
      "other_mass": 0.0002985882238135673
    }
  },
  "meta": {
    "elo_self": 2800,
    "elo_oppo": 2800,
    "temperature": 1.0,
    "maia_type": "blitz",
    "white_moves_probed": [
      "e2e4",
      "d2d4",
      "c2c4",
      "g1f3",
      "g2g3",
      "b2b3",
      "f2f4",
      "b2b4",
      "a2a4"
    ],
    "black_replies_probed": [
      "c7c5",
      "e7e5",
      "e7e6",
      "c7c6",
      "d7d5",
      "g8f6",
      "g7g6",
      "d7d6"
    ]
  }
}