{
  "white_first_move_probs": {
    "e2e4": 0.30414730310440063,
    "d2d4": 0.24413716793060303,
    "c2c4": 0.2288108617067337,
    "g1f3": 0.212715744972229,
    "g2g3": 0.001227086060680449,
    "b2b3": 0.0007181008695624769,
    "f2f4": 0.0022603708785027266,
    "b2b4": 6.95655180606991e-05,
    "a2a4": 7.177875522756949e-05
  },
  "white_other_mass": 0.005842020203999709,
  "black_reply_probs_cond_on_white": {
    "e2e4": {
      "fen_after_white": "rnbqkbnr/pppppppp/8/8/4P3/8/PPPP1PPP/RNBQKBNR b KQkq - 0 1",
      "black_reply_probs": {
        "c7c5": 0.7939916849136353,
        "e7e5": 0.06984945386648178,
        "e7e6": 0.0027122858446091413,
        "c7c6": 0.025939807295799255,
        "d7d5": 0.07767384499311447,
        "g8f6": 0.01606108248233795,
        "g7g6": 0.0006311328033916652,
        "d7d6": 0.0024203117936849594
      },
      "other_mass": 0.01072039600694552
    },
    "d2d4": {
      "fen_after_white": "rnbqkbnr/pppppppp/8/8/3P4/8/PPP1PPPP/RNBQKBNR b KQkq - 0 1",
      "black_reply_probs": {
        "c7c5": 0.02681824564933777,
        "e7e5": 0.014416702091693878,
        "e7e6": 0.0037579103372991085,
        "c7c6": 0.002205955097451806,
        "d7d5": 0.5374038219451904,
        "g8f6": 0.40719786286354065,
        "g7g6": 0.0042213983833789825,
        "d7d6": 0.0010694946395233274
      },
      "other_mass": 0.0029086089925840497
    },
    "c2c4": {
      "fen_after_white": "rnbqkbnr/pppppppp/8/8/2P5/8/PP1PPPPP/RNBQKBNR b KQkq - 0 1",
      "black_reply_probs": {
        "c7c5": 0.24002929031848907,
        "e7e5": 0.33644482493400574,
        "e7e6": 0.0048802196979522705,
        "c7c6": 0.006807152647525072,
        "d7d5": 0.09473161399364471,
        "g8f6": 0.29391956329345703,
        "g7g6": 0.0037024852354079485,
        "d7d6": 0.003607437014579773
      },
      "other_mass": 0.01587741286493838
    },
    "g1f3": {
      "fen_after_white": "rnbqkbnr/pppppppp/8/8/8/5N2/PPPPPPPP/RNBQKB1R b KQkq - 1 1",
      "black_reply_probs": {
        "c7c5": 0.11565016955137253,
        "e7e5": 0.0644412413239479,
        "e7e6": 0.0004353440017439425,
        "c7c6": 0.0004332788521423936,
        "d7d5": 0.14785337448120117,
        "g8f6": 0.6657594442367554,
        "g7g6": 0.0016373448306694627,
        "d7d6": 0.00045326759573072195
      },
      "other_mass": 0.0033365351264365017
    },
    "g2g3": {
      "fen_after_white": "rnbqkbnr/pppppppp/8/8/8/6P1/PPPPPP1P/RNBQKBNR b KQkq - 0 1",
      "black_reply_probs": {
        "c7c5": 0.159877747297287,
        "e7e5": 0.4029281437397003,
        "e7e6": 0.0009068670915439725,
        "c7c6": 0.002922892104834318,
        "d7d5": 0.22456848621368408,
        "g8f6": 0.19907203316688538,
        "g7g6": 0.0013557019410654902,
        "d7d6": 0.000773570267483592
      },
      "other_mass": 0.007594558177515864
    },
    "b2b3": {
      "fen_after_white": "rnbqkbnr/pppppppp/8/8/8/1P6/P1PPPPPP/RNBQKBNR b KQkq - 0 1",
      "black_reply_probs": {
        "c7c5": 0.09397226572036743,
        "e7e5": 0.45113396644592285,
        "e7e6": 0.0025203332770615816,
        "c7c6": 0.0024820687249302864,
        "d7d5": 0.2566794753074646,
        "g8f6": 0.18123389780521393,
        "g7g6": 0.0037904062774032354,
        "d7d6": 0.0008398030768148601
      },
      "other_mass": 0.007347783364821225
    },
    "f2f4": {
      "fen_after_white": "rnbqkbnr/pppppppp/8/8/5P2/8/PPPPP1PP/RNBQKBNR b KQkq - 0 1",
      "black_reply_probs": {
        "c7c5": 0.27091094851493835,
        "e7e5": 0.1914484202861786,
        "e7e6": 0.0067045921459794044,
        "c7c6": 0.010960117913782597,
        "d7d5": 0.33322617411613464,
        "g8f6": 0.17511321604251862,
        "g7g6": 0.002018308499827981,
        "d7d6": 0.002450844505801797
      },
      "other_mass": 0.007167377974838018
    },
    "b2b4": {
      "fen_after_white": "rnbqkbnr/pppppppp/8/8/1P6/8/P1PPPPPP/RNBQKBNR b KQkq - 0 1",
      "black_reply_probs": {
        "c7c5": 0.014983107335865498,
        "e7e5": 0.4353717863559723,
        "e7e6": 0.013216393068432808,
        "c7c6": 0.008137678727507591,
        "d7d5": 0.30683043599128723,
        "g8f6": 0.18919020891189575,
        "g7g6": 0.010133659467101097,
        "d7d6": 0.0029586777091026306
      },
      "other_mass": 0.019178052432835102
    },
    "a2a4": {
      "fen_after_white": "rnbqkbnr/pppppppp/8/8/P7/8/1PPPPPPP/RNBQKBNR b KQkq - 0 1",
      "black_reply_probs": {
        "c7c5": 0.13877727091312408,
        "e7e5": 0.3524576723575592,
        "e7e6": 0.0013280223356559873,
        "c7c6": 0.004905435256659985,
        "d7d5": 0.30229467153549194,
        "g8f6": 0.19017364084720612,
        "g7g6": 0.0010318441782146692,
        "d7d6": 0.0014119208790361881
      },
      "other_mass": 0.007619521697051823
    }
  },
  "meta": {
    "elo_self": 2800,
    "elo_oppo": 2800,
    "temperature": 1.0,
    "maia_type": "blitz",
    "white_moves_probed": [
      "e2e4",
      "d2d4",
      "c2c4",
      "g1f3",
      "g2g3",
      "b2b3",
      "f2f4",
      "b2b4",
      "a2a4"
    ],
    "black_replies_probed": [
      "c7c5",
      "e7e5",
      "e7e6",
      "c7c6",
      "d7d5",
      "g8f6",
      "g7g6",
      "d7d6"
    ]
  }
}