{
  "white_first_move_probs": {
    "e2e4": 0.2089986652135849,
    "d2d4": 0.1984304040670395,
    "c2c4": 0.37043479084968567,
    "g1f3": 0.14964792132377625,
    "g2g3": 0.0036752468440681696,
    "b2b3": 0.004492454696446657,
    "f2f4": 0.05238707736134529,
    "b2b4": 0.001457170001231134,
    "a2a4": 0.00029907183488830924
  },
  "white_other_mass": 0.010177197807934135,
  "black_reply_probs_cond_on_white": {
    "e2e4": {
      "fen_after_white": "rnbqkbnr/pppppppp/8/8/4P3/8/PPPP1PPP/RNBQKBNR b KQkq - 0 1",
      "black_reply_probs": {
        "c7c5": 0.7988858222961426,
        "e7e5": 0.04184936359524727,
        "e7e6": 0.002740252297371626,
        "c7c6": 0.0285275187343359,
        "d7d5": 0.0882687196135521,
        "g8f6": 0.017252741381525993,
        "g7g6": 0.0015178191242739558,
        "d7d6": 0.0027553963009268045
      },
      "other_mass": 0.01820236665662378
    },
    "d2d4": {
      "fen_after_white": "rnbqkbnr/pppppppp/8/8/3P4/8/PPP1PPPP/RNBQKBNR b KQkq - 0 1",
      "black_reply_probs": {
        "c7c5": 0.05615928769111633,
        "e7e5": 0.04083038121461868,
        "e7e6": 0.0104393120855093,
        "c7c6": 0.006003855261951685,
        "d7d5": 0.5060794353485107,
        "g8f6": 0.3326174318790436,
        "g7g6": 0.005724412854760885,
        "d7d6": 0.0012480245204642415
      },
      "other_mass": 0.04089785914402455
    },
    "c2c4": {
      "fen_after_white": "rnbqkbnr/pppppppp/8/8/2P5/8/PP1PPPPP/RNBQKBNR b KQkq - 0 1",
      "black_reply_probs": {
        "c7c5": 0.395519495010376,
        "e7e5": 0.2237662374973297,
        "e7e6": 0.011357242241501808,
        "c7c6": 0.014640203677117825,
        "d7d5": 0.09826357662677765,
        "g8f6": 0.13842368125915527,
        "g7g6": 0.005937943235039711,
        "d7d6": 0.004216406494379044
      },
      "other_mass": 0.107875213958323
    },
    "g1f3": {
      "fen_after_white": "rnbqkbnr/pppppppp/8/8/8/5N2/PPPPPPPP/RNBQKB1R b KQkq - 1 1",
      "black_reply_probs": {
        "c7c5": 0.3049180209636688,
        "e7e5": 0.15500253438949585,
        "e7e6": 0.0017884207190945745,
        "c7c6": 0.0014511898625642061,
        "d7d5": 0.17762233316898346,
        "g8f6": 0.3157513439655304,
        "g7g6": 0.005149573087692261,
        "d7d6": 0.0009425590396858752
      },
      "other_mass": 0.037374024803284556
    },
    "g2g3": {
      "fen_after_white": "rnbqkbnr/pppppppp/8/8/8/6P1/PPPPPP1P/RNBQKBNR b KQkq - 0 1",
      "black_reply_probs": {
        "c7c5": 0.23032324016094208,
        "e7e5": 0.3680245876312256,
        "e7e6": 0.0020394804887473583,
        "c7c6": 0.0038778723683208227,
        "d7d5": 0.1940087527036667,
        "g8f6": 0.1610696166753769,
        "g7g6": 0.005376411601901054,
        "d7d6": 0.0008824624237604439
      },
      "other_mass": 0.03439757594605908
    },
    "b2b3": {
      "fen_after_white": "rnbqkbnr/pppppppp/8/8/8/1P6/P1PPPPPP/RNBQKBNR b KQkq - 0 1",
      "black_reply_probs": {
        "c7c5": 0.16689127683639526,
        "e7e5": 0.34373369812965393,
        "e7e6": 0.0047155823558568954,
        "c7c6": 0.005289195571094751,
        "d7d5": 0.24663051962852478,
        "g8f6": 0.16531670093536377,
        "g7g6": 0.01186090987175703,
        "d7d6": 0.0007916504400782287
      },
      "other_mass": 0.05477046623127535
    },
    "f2f4": {
      "fen_after_white": "rnbqkbnr/pppppppp/8/8/5P2/8/PPPPP1PP/RNBQKBNR b KQkq - 0 1",
      "black_reply_probs": {
        "c7c5": 0.28748515248298645,
        "e7e5": 0.18349336087703705,
        "e7e6": 0.007657969370484352,
        "c7c6": 0.009976183995604515,
        "d7d5": 0.2556048631668091,
        "g8f6": 0.1914265900850296,
        "g7g6": 0.008534092456102371,
        "d7d6": 0.0019335087854415178
      },
      "other_mass": 0.05388827878050506
    },
    "b2b4": {
      "fen_after_white": "rnbqkbnr/pppppppp/8/8/1P6/8/P1PPPPPP/RNBQKBNR b KQkq - 0 1",
      "black_reply_probs": {
        "c7c5": 0.030377931892871857,
        "e7e5": 0.31071749329566956,
        "e7e6": 0.012454910203814507,
        "c7c6": 0.013272693380713463,
        "d7d5": 0.33826765418052673,
        "g8f6": 0.19753383100032806,
        "g7g6": 0.007551050744950771,
        "d7d6": 0.002330935560166836
      },
      "other_mass": 0.08749349974095821
    },
    "a2a4": {
      "fen_after_white": "rnbqkbnr/pppppppp/8/8/P7/8/1PPPPPPP/RNBQKBNR b KQkq - 0 1",
      "black_reply_probs": {
        "c7c5": 0.20430436730384827,
        "e7e5": 0.2780768573284149,
        "e7e6": 0.0033476415555924177,
        "c7c6": 0.007663682568818331,
        "d7d5": 0.255157470703125,
        "g8f6": 0.18376865983009338,
        "g7g6": 0.00364202493801713,
        "d7d6": 0.0017217823769897223
      },
      "other_mass": 0.06231751339510083
    }
  },
  "meta": {
    "elo_self": 2800,
    "elo_oppo": 2800,
    "temperature": 1.0,
    "maia_type": "blitz",
    "white_moves_probed": [
      "e2e4",
      "d2d4",
      "c2c4",
      "g1f3",
      "g2g3",
      "b2b3",
      "f2f4",
      "b2b4",
      "a2a4"
    ],
    "black_replies_probed": [
      "c7c5",
      "e7e5",
      "e7e6",
      "c7c6",
      "d7d5",
      "g8f6",
      "g7g6",
      "d7d6"
    ]
  }
}