{
  "white_first_move_probs": {
    "e2e4": 0.2104090452194214,
    "d2d4": 0.4513954818248749,
    "c2c4": 0.2032163143157959,
    "g1f3": 0.12439697235822678,
    "g2g3": 0.0006721280515193939,
    "b2b3": 0.0005386648117564619,
    "f2f4": 0.002862627152353525,
    "b2b4": 5.088158286525868e-05,
    "a2a4": 4.051410360261798e-05
  },
  "white_other_mass": 0.006417370579583803,
  "black_reply_probs_cond_on_white": {
    "e2e4": {
      "fen_after_white": "rnbqkbnr/pppppppp/8/8/4P3/8/PPPP1PPP/RNBQKBNR b KQkq - 0 1",
      "black_reply_probs": {
        "c7c5": 0.811110258102417,
        "e7e5": 0.03030335158109665,
        "e7e6": 0.0016028165118768811,
        "c7c6": 0.03872111812233925,
        "d7d5": 0.10142035037279129,
        "g8f6": 0.005709633231163025,
        "g7g6": 0.00022273614013101906,
        "d7d6": 0.0024815129581838846
      },
      "other_mass": 0.00842822298000101
    },
    "d2d4": {
      "fen_after_white": "rnbqkbnr/pppppppp/8/8/3P4/8/PPP1PPPP/RNBQKBNR b KQkq - 0 1",
      "black_reply_probs": {
        "c7c5": 0.0212736614048481,
        "e7e5": 0.011239474639296532,
        "e7e6": 0.00450776144862175,
        "c7c6": 0.0035323903430253267,
        "d7d5": 0.7775962948799133,
        "g8f6": 0.1760963648557663,
        "g7g6": 0.0015360057586804032,
        "d7d6": 0.001370554673485458
      },
      "other_mass": 0.0028474919963628054
    },
    "c2c4": {
      "fen_after_white": "rnbqkbnr/pppppppp/8/8/2P5/8/PP1PPPPP/RNBQKBNR b KQkq - 0 1",
      "black_reply_probs": {
        "c7c5": 0.21490365266799927,
        "e7e5": 0.3165619373321533,
        "e7e6": 0.006319599226117134,
        "c7c6": 0.00989533867686987,
        "d7d5": 0.1796073615550995,
        "g8f6": 0.24003197252750397,
        "g7g6": 0.002733153523877263,
        "d7d6": 0.00662997318431735
      },
      "other_mass": 0.02331701130606234
    },
    "g1f3": {
      "fen_after_white": "rnbqkbnr/pppppppp/8/8/8/5N2/PPPPPPPP/RNBQKB1R b KQkq - 1 1",
      "black_reply_probs": {
        "c7c5": 0.15031801164150238,
        "e7e5": 0.07769770175218582,
        "e7e6": 0.0007059676572680473,
        "c7c6": 0.0009269359288737178,
        "d7d5": 0.31275051832199097,
        "g8f6": 0.45073798298835754,
        "g7g6": 0.0012949351221323013,
        "d7d6": 0.000829781056381762
      },
      "other_mass": 0.004738165531307459
    },
    "g2g3": {
      "fen_after_white": "rnbqkbnr/pppppppp/8/8/8/6P1/PPPPPP1P/RNBQKBNR b KQkq - 0 1",
      "black_reply_probs": {
        "c7c5": 0.15619952976703644,
        "e7e5": 0.33025145530700684,
        "e7e6": 0.0010193975176662207,
        "c7c6": 0.004398012068122625,
        "d7d5": 0.3669115900993347,
        "g8f6": 0.13209056854248047,
        "g7g6": 0.0010473426664248109,
        "d7d6": 0.0011661765165627003
      },
      "other_mass": 0.006915927515365183
    },
    "b2b3": {
      "fen_after_white": "rnbqkbnr/pppppppp/8/8/8/1P6/P1PPPPPP/RNBQKBNR b KQkq - 0 1",
      "black_reply_probs": {
        "c7c5": 0.08036835491657257,
        "e7e5": 0.2941538989543915,
        "e7e6": 0.004079496022313833,
        "c7c6": 0.004635746590793133,
        "d7d5": 0.4675145447254181,
        "g8f6": 0.13515929877758026,
        "g7g6": 0.003190483432263136,
        "d7d6": 0.0015714679611846805
      },
      "other_mass": 0.009326708619482815
    },
    "f2f4": {
      "fen_after_white": "rnbqkbnr/pppppppp/8/8/5P2/8/PPPPP1PP/RNBQKBNR b KQkq - 0 1",
      "black_reply_probs": {
        "c7c5": 0.24383112788200378,
        "e7e5": 0.15635566413402557,
        "e7e6": 0.0045839096419513226,
        "c7c6": 0.012103904038667679,
        "d7d5": 0.45346465706825256,
        "g8f6": 0.11855589598417282,
        "g7g6": 0.0015691567678004503,
        "d7d6": 0.002931763418018818
      },
      "other_mass": 0.006603921065106988
    },
    "b2b4": {
      "fen_after_white": "rnbqkbnr/pppppppp/8/8/1P6/8/P1PPPPPP/RNBQKBNR b KQkq - 0 1",
      "black_reply_probs": {
        "c7c5": 0.014290884137153625,
        "e7e5": 0.3471314311027527,
        "e7e6": 0.018584834411740303,
        "c7c6": 0.011589545756578445,
        "d7d5": 0.4450816512107849,
        "g8f6": 0.13336338102817535,
        "g7g6": 0.0073901391588151455,
        "d7d6": 0.0058887312188744545
      },
      "other_mass": 0.016679401975125074
    },
    "a2a4": {
      "fen_after_white": "rnbqkbnr/pppppppp/8/8/P7/8/1PPPPPPP/RNBQKBNR b KQkq - 0 1",
      "black_reply_probs": {
        "c7c5": 0.10515859723091125,
        "e7e5": 0.2488459348678589,
        "e7e6": 0.0016591295134276152,
        "c7c6": 0.006693718489259481,
        "d7d5": 0.4948864281177521,
        "g8f6": 0.13079214096069336,
        "g7g6": 0.0007044081576168537,
        "d7d6": 0.0025047066155821085
      },
      "other_mass": 0.008754936046898365
    }
  },
  "meta": {
    "elo_self": 2800,
    "elo_oppo": 2800,
    "temperature": 1.0,
    "maia_type": "blitz",
    "white_moves_probed": [
      "e2e4",
      "d2d4",
      "c2c4",
      "g1f3",
      "g2g3",
      "b2b3",
      "f2f4",
      "b2b4",
      "a2a4"
    ],
    "black_replies_probed": [
      "c7c5",
      "e7e5",
      "e7e6",
      "c7c6",
      "d7d5",
      "g8f6",
      "g7g6",
      "d7d6"
    ]
  }
}