{
  "white_first_move_probs": {
    "e2e4": 0.26619353890419006,
    "d2d4": 0.40723589062690735,
    "c2c4": 0.15979526937007904,
    "g1f3": 0.15638357400894165,
    "g2g3": 0.0006100308964960277,
    "b2b3": 0.0006117291050031781,
    "f2f4": 0.0024708821438252926,
    "b2b4": 5.830108420923352e-05,
    "a2a4": 2.183279866585508e-05
  },
  "white_other_mass": 0.00661895106168231,
  "black_reply_probs_cond_on_white": {
    "e2e4": {
      "fen_after_white": "rnbqkbnr/pppppppp/8/8/4P3/8/PPPP1PPP/RNBQKBNR b KQkq - 0 1",
      "black_reply_probs": {
        "c7c5": 0.9108001589775085,
        "e7e5": 0.007359308656305075,
        "e7e6": 0.000776772852987051,
        "c7c6": 0.04823051393032074,
        "d7d5": 0.0253613144159317,
        "g8f6": 0.0019730241037905216,
        "g7g6": 7.286149775609374e-05,
        "d7d6": 0.0013280435232445598
      },
      "other_mass": 0.004098002042155713
    },
    "d2d4": {
      "fen_after_white": "rnbqkbnr/pppppppp/8/8/3P4/8/PPP1PPPP/RNBQKBNR b KQkq - 0 1",
      "black_reply_probs": {
        "c7c5": 0.0096760718151927,
        "e7e5": 0.007692287210375071,
        "e7e6": 0.00887120421975851,
        "c7c6": 0.0027707237750291824,
        "d7d5": 0.646996796131134,
        "g8f6": 0.3180864453315735,
        "g7g6": 0.002368960762396455,
        "d7d6": 0.001343263196758926
      },
      "other_mass": 0.0021942475577816367
    },
    "c2c4": {
      "fen_after_white": "rnbqkbnr/pppppppp/8/8/2P5/8/PP1PPPPP/RNBQKBNR b KQkq - 0 1",
      "black_reply_probs": {
        "c7c5": 0.17363077402114868,
        "e7e5": 0.3715561330318451,
        "e7e6": 0.01929749734699726,
        "c7c6": 0.010542327538132668,
        "d7d5": 0.14431746304035187,
        "g8f6": 0.24859745800495148,
        "g7g6": 0.00436550984159112,
        "d7d6": 0.009716790169477463
      },
      "other_mass": 0.01797604700550437
    },
    "g1f3": {
      "fen_after_white": "rnbqkbnr/pppppppp/8/8/8/5N2/PPPPPPPP/RNBQKB1R b KQkq - 1 1",
      "black_reply_probs": {
        "c7c5": 0.08239606022834778,
        "e7e5": 0.05740335211157799,
        "e7e6": 0.0007667481550015509,
        "c7c6": 0.00048436340875923634,
        "d7d5": 0.25697022676467896,
        "g8f6": 0.5980117917060852,
        "g7g6": 0.0012122620828449726,
        "d7d6": 0.0006333269411697984
      },
      "other_mass": 0.0021218686015345156
    },
    "g2g3": {
      "fen_after_white": "rnbqkbnr/pppppppp/8/8/8/6P1/PPPPPP1P/RNBQKBNR b KQkq - 0 1",
      "black_reply_probs": {
        "c7c5": 0.11774992942810059,
        "e7e5": 0.35091066360473633,
        "e7e6": 0.00118075346108526,
        "c7c6": 0.0029627266339957714,
        "d7d5": 0.33857446908950806,
        "g8f6": 0.18185223639011383,
        "g7g6": 0.0010750688379630446,
        "d7d6": 0.0008877116488292813
      },
      "other_mass": 0.0048064409056678414
    },
    "b2b3": {
      "fen_after_white": "rnbqkbnr/pppppppp/8/8/8/1P6/P1PPPPPP/RNBQKBNR b KQkq - 0 1",
      "black_reply_probs": {
        "c7c5": 0.05339095741510391,
        "e7e5": 0.36072301864624023,
        "e7e6": 0.0047563426196575165,
        "c7c6": 0.0029403334483504295,
        "d7d5": 0.4121142327785492,
        "g8f6": 0.15708975493907928,
        "g7g6": 0.0026718094013631344,
        "d7d6": 0.0010837088339030743
      },
      "other_mass": 0.00522984191775322
    },
    "f2f4": {
      "fen_after_white": "rnbqkbnr/pppppppp/8/8/5P2/8/PPPPP1PP/RNBQKBNR b KQkq - 0 1",
      "black_reply_probs": {
        "c7c5": 0.24622192978858948,
        "e7e5": 0.0924389511346817,
        "e7e6": 0.007766984403133392,
        "c7c6": 0.015812691301107407,
        "d7d5": 0.47350388765335083,
        "g8f6": 0.154231995344162,
        "g7g6": 0.0015341532416641712,
        "d7d6": 0.0029991206247359514
      },
      "other_mass": 0.005490286508575082
    },
    "b2b4": {
      "fen_after_white": "rnbqkbnr/pppppppp/8/8/1P6/8/P1PPPPPP/RNBQKBNR b KQkq - 0 1",
      "black_reply_probs": {
        "c7c5": 0.007054334040731192,
        "e7e5": 0.36551398038864136,
        "e7e6": 0.027361860498785973,
        "c7c6": 0.009461814537644386,
        "d7d5": 0.40226638317108154,
        "g8f6": 0.16557195782661438,
        "g7g6": 0.0064789610914886,
        "d7d6": 0.004626932088285685
      },
      "other_mass": 0.011663776356726885
    },
    "a2a4": {
      "fen_after_white": "rnbqkbnr/pppppppp/8/8/P7/8/1PPPPPPP/RNBQKBNR b KQkq - 0 1",
      "black_reply_probs": {
        "c7c5": 0.07123841345310211,
        "e7e5": 0.3111940026283264,
        "e7e6": 0.002564816502854228,
        "c7c6": 0.004398674704134464,
        "d7d5": 0.4422359764575958,
        "g8f6": 0.16060900688171387,
        "g7g6": 0.0006702371756546199,
        "d7d6": 0.0022322966251522303
      },
      "other_mass": 0.004856575571466237
    }
  },
  "meta": {
    "elo_self": 2800,
    "elo_oppo": 2800,
    "temperature": 1.0,
    "maia_type": "blitz",
    "white_moves_probed": [
      "e2e4",
      "d2d4",
      "c2c4",
      "g1f3",
      "g2g3",
      "b2b3",
      "f2f4",
      "b2b4",
      "a2a4"
    ],
    "black_replies_probed": [
      "c7c5",
      "e7e5",
      "e7e6",
      "c7c6",
      "d7d5",
      "g8f6",
      "g7g6",
      "d7d6"
    ]
  }
}