{
  "white_first_move_probs": {
    "e2e4": 0.1975628137588501,
    "d2d4": 0.47374507784843445,
    "c2c4": 0.19005192816257477,
    "g1f3": 0.12561474740505219,
    "g2g3": 0.0013044573133811355,
    "b2b3": 0.0006958001758903265,
    "f2f4": 0.003080866066738963,
    "b2b4": 9.674236935097724e-05,
    "a2a4": 8.416391938226297e-05
  },
  "white_other_mass": 0.007763402980344836,
  "black_reply_probs_cond_on_white": {
    "e2e4": {
      "fen_after_white": "rnbqkbnr/pppppppp/8/8/4P3/8/PPPP1PPP/RNBQKBNR b KQkq - 0 1",
      "black_reply_probs": {
        "c7c5": 0.8913566470146179,
        "e7e5": 0.005807202775031328,
        "e7e6": 0.0006255405605770648,
        "c7c6": 0.06046929210424423,
        "d7d5": 0.03592444583773613,
        "g8f6": 0.0014040248934179544,
        "g7g6": 0.00010076186299556866,
        "d7d6": 0.0011176220141351223
      },
      "other_mass": 0.0031944629372446798
    },
    "d2d4": {
      "fen_after_white": "rnbqkbnr/pppppppp/8/8/3P4/8/PPP1PPPP/RNBQKBNR b KQkq - 0 1",
      "black_reply_probs": {
        "c7c5": 0.012678595259785652,
        "e7e5": 0.006309252232313156,
        "e7e6": 0.004221463110297918,
        "c7c6": 0.0030816509388387203,
        "d7d5": 0.7676225900650024,
        "g8f6": 0.20075723528862,
        "g7g6": 0.002191384555771947,
        "d7d6": 0.0008834349573589861
      },
      "other_mass": 0.0022543935920111835
    },
    "c2c4": {
      "fen_after_white": "rnbqkbnr/pppppppp/8/8/2P5/8/PP1PPPPP/RNBQKBNR b KQkq - 0 1",
      "black_reply_probs": {
        "c7c5": 0.23154284060001373,
        "e7e5": 0.3114757239818573,
        "e7e6": 0.012443437241017818,
        "c7c6": 0.015839898958802223,
        "d7d5": 0.209100142121315,
        "g8f6": 0.19182875752449036,
        "g7g6": 0.004160329233855009,
        "d7d6": 0.006977912504225969
      },
      "other_mass": 0.01663095783442259
    },
    "g1f3": {
      "fen_after_white": "rnbqkbnr/pppppppp/8/8/8/5N2/PPPPPPPP/RNBQKB1R b KQkq - 1 1",
      "black_reply_probs": {
        "c7c5": 0.10063563287258148,
        "e7e5": 0.041462112218141556,
        "e7e6": 0.0006073855911381543,
        "c7c6": 0.0008524543954990804,
        "d7d5": 0.3004642724990845,
        "g8f6": 0.5507453680038452,
        "g7g6": 0.0020248040091246367,
        "d7d6": 0.0007797869620844722
      },
      "other_mass": 0.0024281834485009313
    },
    "g2g3": {
      "fen_after_white": "rnbqkbnr/pppppppp/8/8/8/6P1/PPPPPP1P/RNBQKBNR b KQkq - 0 1",
      "black_reply_probs": {
        "c7c5": 0.15267372131347656,
        "e7e5": 0.2750762104988098,
        "e7e6": 0.001127682626247406,
        "c7c6": 0.00640430673956871,
        "d7d5": 0.40861111879348755,
        "g8f6": 0.14771389961242676,
        "g7g6": 0.001894220127724111,
        "d7d6": 0.001080219866707921
      },
      "other_mass": 0.005418620421551168
    },
    "b2b3": {
      "fen_after_white": "rnbqkbnr/pppppppp/8/8/8/1P6/P1PPPPPP/RNBQKBNR b KQkq - 0 1",
      "black_reply_probs": {
        "c7c5": 0.07675529271364212,
        "e7e5": 0.25764355063438416,
        "e7e6": 0.003517930628731847,
        "c7c6": 0.0050383093766868114,
        "d7d5": 0.5212619304656982,
        "g8f6": 0.12518496811389923,
        "g7g6": 0.0034895455464720726,
        "d7d6": 0.001107760239392519
      },
      "other_mass": 0.006000712281093001
    },
    "f2f4": {
      "fen_after_white": "rnbqkbnr/pppppppp/8/8/5P2/8/PPPPP1PP/RNBQKBNR b KQkq - 0 1",
      "black_reply_probs": {
        "c7c5": 0.2729053795337677,
        "e7e5": 0.0795493870973587,
        "e7e6": 0.004996968433260918,
        "c7c6": 0.020173458382487297,
        "d7d5": 0.5322731733322144,
        "g8f6": 0.08186162263154984,
        "g7g6": 0.0016022010240703821,
        "d7d6": 0.002235358115285635
      },
      "other_mass": 0.004402451450005174
    },
    "b2b4": {
      "fen_after_white": "rnbqkbnr/pppppppp/8/8/1P6/8/P1PPPPPP/RNBQKBNR b KQkq - 0 1",
      "black_reply_probs": {
        "c7c5": 0.01103515736758709,
        "e7e5": 0.2693399488925934,
        "e7e6": 0.019188402220606804,
        "c7c6": 0.013629576191306114,
        "d7d5": 0.5182581543922424,
        "g8f6": 0.13875584304332733,
        "g7g6": 0.009962677024304867,
        "d7d6": 0.0044835591688752174
      },
      "other_mass": 0.015346681699156761
    },
    "a2a4": {
      "fen_after_white": "rnbqkbnr/pppppppp/8/8/P7/8/1PPPPPPP/RNBQKBNR b KQkq - 0 1",
      "black_reply_probs": {
        "c7c5": 0.10226357728242874,
        "e7e5": 0.22692623734474182,
        "e7e6": 0.0018605145160108805,
        "c7c6": 0.007236447185277939,
        "d7d5": 0.5384209156036377,
        "g8f6": 0.11516854912042618,
        "g7g6": 0.0009372212807647884,
        "d7d6": 0.0021151385735720396
      },
      "other_mass": 0.005071399093139917
    }
  },
  "meta": {
    "elo_self": 2800,
    "elo_oppo": 2800,
    "temperature": 1.0,
    "maia_type": "blitz",
    "white_moves_probed": [
      "e2e4",
      "d2d4",
      "c2c4",
      "g1f3",
      "g2g3",
      "b2b3",
      "f2f4",
      "b2b4",
      "a2a4"
    ],
    "black_replies_probed": [
      "c7c5",
      "e7e5",
      "e7e6",
      "c7c6",
      "d7d5",
      "g8f6",
      "g7g6",
      "d7d6"
    ]
  }
}