{
  "white_first_move_probs": {
    "e2e4": 0.3160164952278137,
    "d2d4": 0.38718709349632263,
    "c2c4": 0.2054394632577896,
    "g1f3": 0.07447353005409241,
    "g2g3": 0.0010027320822700858,
    "b2b3": 0.001278243842534721,
    "f2f4": 0.0038196302484720945,
    "b2b4": 0.0001726980844978243,
    "a2a4": 9.896449773805216e-05
  },
  "white_other_mass": 0.01051114920846885,
  "black_reply_probs_cond_on_white": {
    "e2e4": {
      "fen_after_white": "rnbqkbnr/pppppppp/8/8/4P3/8/PPPP1PPP/RNBQKBNR b KQkq - 0 1",
      "black_reply_probs": {
        "c7c5": 0.8609544634819031,
        "e7e5": 0.01889091171324253,
        "e7e6": 0.001789376838132739,
        "c7c6": 0.06951264292001724,
        "d7d5": 0.035528987646102905,
        "g8f6": 0.0015255295438691974,
        "g7g6": 0.0001866103266365826,
        "d7d6": 0.002684088423848152
      },
      "other_mass": 0.008927389106247574
    },
    "d2d4": {
      "fen_after_white": "rnbqkbnr/pppppppp/8/8/3P4/8/PPP1PPPP/RNBQKBNR b KQkq - 0 1",
      "black_reply_probs": {
        "c7c5": 0.01202341727912426,
        "e7e5": 0.008575393818318844,
        "e7e6": 0.00642045633867383,
        "c7c6": 0.0041875154711306095,
        "d7d5": 0.7782226204872131,
        "g8f6": 0.18410517275333405,
        "g7g6": 0.002179110888391733,
        "d7d6": 0.0015407535247504711
      },
      "other_mass": 0.002745559439063072
    },
    "c2c4": {
      "fen_after_white": "rnbqkbnr/pppppppp/8/8/2P5/8/PP1PPPPP/RNBQKBNR b KQkq - 0 1",
      "black_reply_probs": {
        "c7c5": 0.23043584823608398,
        "e7e5": 0.4319848418235779,
        "e7e6": 0.016625529155135155,
        "c7c6": 0.016979020088911057,
        "d7d5": 0.1460561603307724,
        "g8f6": 0.12479414790868759,
        "g7g6": 0.002957215765491128,
        "d7d6": 0.009711838327348232
      },
      "other_mass": 0.020455398363992572
    },
    "g1f3": {
      "fen_after_white": "rnbqkbnr/pppppppp/8/8/8/5N2/PPPPPPPP/RNBQKB1R b KQkq - 1 1",
      "black_reply_probs": {
        "c7c5": 0.1711646318435669,
        "e7e5": 0.0913238525390625,
        "e7e6": 0.0009306839783675969,
        "c7c6": 0.0014926822623237967,
        "d7d5": 0.30737408995628357,
        "g8f6": 0.4217861592769623,
        "g7g6": 0.0015848280163481832,
        "d7d6": 0.0011015001218765974
      },
      "other_mass": 0.0032415720052085817
    },
    "g2g3": {
      "fen_after_white": "rnbqkbnr/pppppppp/8/8/8/6P1/PPPPPP1P/RNBQKBNR b KQkq - 0 1",
      "black_reply_probs": {
        "c7c5": 0.14084985852241516,
        "e7e5": 0.40091419219970703,
        "e7e6": 0.001468308619223535,
        "c7c6": 0.00581166660413146,
        "d7d5": 0.35354378819465637,
        "g8f6": 0.08707749843597412,
        "g7g6": 0.0011744227958843112,
        "d7d6": 0.0014263795455917716
      },
      "other_mass": 0.007733885082416236
    },
    "b2b3": {
      "fen_after_white": "rnbqkbnr/pppppppp/8/8/8/1P6/P1PPPPPP/RNBQKBNR b KQkq - 0 1",
      "black_reply_probs": {
        "c7c5": 0.07029055804014206,
        "e7e5": 0.39784273505210876,
        "e7e6": 0.004276798572391272,
        "c7c6": 0.004749965853989124,
        "d7d5": 0.4140320122241974,
        "g8f6": 0.09870249032974243,
        "g7g6": 0.002327034017071128,
        "d7d6": 0.001250069821253419
      },
      "other_mass": 0.006528336089104414
    },
    "f2f4": {
      "fen_after_white": "rnbqkbnr/pppppppp/8/8/5P2/8/PPPPP1PP/RNBQKBNR b KQkq - 0 1",
      "black_reply_probs": {
        "c7c5": 0.2699885368347168,
        "e7e5": 0.09970057010650635,
        "e7e6": 0.008649665862321854,
        "c7c6": 0.029814338311553,
        "d7d5": 0.5211764574050903,
        "g8f6": 0.05650929734110832,
        "g7g6": 0.0015902139712125063,
        "d7d6": 0.003943782765418291
      },
      "other_mass": 0.008627137402072549
    },
    "b2b4": {
      "fen_after_white": "rnbqkbnr/pppppppp/8/8/1P6/8/P1PPPPPP/RNBQKBNR b KQkq - 0 1",
      "black_reply_probs": {
        "c7c5": 0.009012006223201752,
        "e7e5": 0.35913774371147156,
        "e7e6": 0.020854203030467033,
        "c7c6": 0.014129013754427433,
        "d7d5": 0.4634459912776947,
        "g8f6": 0.10600166767835617,
        "g7g6": 0.005363408010452986,
        "d7d6": 0.004671881906688213
      },
      "other_mass": 0.017384084407240152
    },
    "a2a4": {
      "fen_after_white": "rnbqkbnr/pppppppp/8/8/P7/8/1PPPPPPP/RNBQKBNR b KQkq - 0 1",
      "black_reply_probs": {
        "c7c5": 0.09838563948869705,
        "e7e5": 0.3671366274356842,
        "e7e6": 0.0024064071476459503,
        "c7c6": 0.009025847539305687,
        "d7d5": 0.44597405195236206,
        "g8f6": 0.067266546189785,
        "g7g6": 0.0005735544255003333,
        "d7d6": 0.002509211888536811
      },
      "other_mass": 0.006722113932482898
    }
  },
  "meta": {
    "elo_self": 2800,
    "elo_oppo": 2800,
    "temperature": 1.0,
    "maia_type": "blitz",
    "white_moves_probed": [
      "e2e4",
      "d2d4",
      "c2c4",
      "g1f3",
      "g2g3",
      "b2b3",
      "f2f4",
      "b2b4",
      "a2a4"
    ],
    "black_replies_probed": [
      "c7c5",
      "e7e5",
      "e7e6",
      "c7c6",
      "d7d5",
      "g8f6",
      "g7g6",
      "d7d6"
    ]
  }
}