{
  "white_first_move_probs": {
    "e2e4": 0.2527077794075012,
    "d2d4": 0.445148229598999,
    "c2c4": 0.16443662345409393,
    "g1f3": 0.1290673017501831,
    "g2g3": 0.0009823444997891784,
    "b2b3": 0.0006513777188956738,
    "f2f4": 0.002235365565866232,
    "b2b4": 3.478929284028709e-05,
    "a2a4": 1.0263061994919553e-05
  },
  "white_other_mass": 0.004725925649836427,
  "black_reply_probs_cond_on_white": {
    "e2e4": {
      "fen_after_white": "rnbqkbnr/pppppppp/8/8/4P3/8/PPPP1PPP/RNBQKBNR b KQkq - 0 1",
      "black_reply_probs": {
        "c7c5": 0.8997784852981567,
        "e7e5": 0.008980133570730686,
        "e7e6": 0.0011186838382855058,
        "c7c6": 0.055775221437215805,
        "d7d5": 0.024719957262277603,
        "g8f6": 0.0016052258433774114,
        "g7g6": 0.00018276594346389174,
        "d7d6": 0.0012848838232457638
      },
      "other_mass": 0.006554642983246595
    },
    "d2d4": {
      "fen_after_white": "rnbqkbnr/pppppppp/8/8/3P4/8/PPP1PPPP/RNBQKBNR b KQkq - 0 1",
      "black_reply_probs": {
        "c7c5": 0.007272948510944843,
        "e7e5": 0.00502158235758543,
        "e7e6": 0.004165885504335165,
        "c7c6": 0.00166070566046983,
        "d7d5": 0.7571828365325928,
        "g8f6": 0.22052769362926483,
        "g7g6": 0.0022292425855994225,
        "d7d6": 0.0006306851282715797
      },
      "other_mass": 0.0013084200909361243
    },
    "c2c4": {
      "fen_after_white": "rnbqkbnr/pppppppp/8/8/2P5/8/PP1PPPPP/RNBQKBNR b KQkq - 0 1",
      "black_reply_probs": {
        "c7c5": 0.297885537147522,
        "e7e5": 0.31246790289878845,
        "e7e6": 0.014216284267604351,
        "c7c6": 0.011378180235624313,
        "d7d5": 0.15484577417373657,
        "g8f6": 0.1777494102716446,
        "g7g6": 0.004628836177289486,
        "d7d6": 0.00723726861178875
      },
      "other_mass": 0.01959080621600151
    },
    "g1f3": {
      "fen_after_white": "rnbqkbnr/pppppppp/8/8/8/5N2/PPPPPPPP/RNBQKB1R b KQkq - 1 1",
      "black_reply_probs": {
        "c7c5": 0.08474089950323105,
        "e7e5": 0.05350487679243088,
        "e7e6": 0.00047478158376179636,
        "c7c6": 0.0004055124009028077,
        "d7d5": 0.2889678180217743,
        "g8f6": 0.5675256848335266,
        "g7g6": 0.0020998609252274036,
        "d7d6": 0.00043006648775190115
      },
      "other_mass": 0.0018504994513932616
    },
    "g2g3": {
      "fen_after_white": "rnbqkbnr/pppppppp/8/8/8/6P1/PPPPPP1P/RNBQKBNR b KQkq - 0 1",
      "black_reply_probs": {
        "c7c5": 0.12349061667919159,
        "e7e5": 0.3419272303581238,
        "e7e6": 0.0008997664554044604,
        "c7c6": 0.0028986346442252398,
        "d7d5": 0.38770267367362976,
        "g8f6": 0.13643509149551392,
        "g7g6": 0.0014848057180643082,
        "d7d6": 0.0006818954134359956
      },
      "other_mass": 0.004479285562410951
    },
    "b2b3": {
      "fen_after_white": "rnbqkbnr/pppppppp/8/8/8/1P6/P1PPPPPP/RNBQKBNR b KQkq - 0 1",
      "black_reply_probs": {
        "c7c5": 0.05667267367243767,
        "e7e5": 0.30515825748443604,
        "e7e6": 0.002639932557940483,
        "c7c6": 0.0024837953969836235,
        "d7d5": 0.4986451268196106,
        "g8f6": 0.12602843344211578,
        "g7g6": 0.0033118329010903835,
        "d7d6": 0.0006537782028317451
      },
      "other_mass": 0.004406169522553682
    },
    "f2f4": {
      "fen_after_white": "rnbqkbnr/pppppppp/8/8/5P2/8/PPPPP1PP/RNBQKBNR b KQkq - 0 1",
      "black_reply_probs": {
        "c7c5": 0.23968051373958588,
        "e7e5": 0.08847576379776001,
        "e7e6": 0.004642735701054335,
        "c7c6": 0.01141804177314043,
        "d7d5": 0.5487650036811829,
        "g8f6": 0.09892914444208145,
        "g7g6": 0.0020372988656163216,
        "d7d6": 0.001599447918124497
      },
      "other_mass": 0.0044520500814542174
    },
    "b2b4": {
      "fen_after_white": "rnbqkbnr/pppppppp/8/8/1P6/8/P1PPPPPP/RNBQKBNR b KQkq - 0 1",
      "black_reply_probs": {
        "c7c5": 0.00698503665626049,
        "e7e5": 0.24083122611045837,
        "e7e6": 0.014784673228859901,
        "c7c6": 0.00911437626928091,
        "d7d5": 0.5544390082359314,
        "g8f6": 0.15404821932315826,
        "g7g6": 0.005748688708990812,
        "d7d6": 0.002497646491974592
      },
      "other_mass": 0.011551124975085258
    },
    "a2a4": {
      "fen_after_white": "rnbqkbnr/pppppppp/8/8/P7/8/1PPPPPPP/RNBQKBNR b KQkq - 0 1",
      "black_reply_probs": {
        "c7c5": 0.07532539963722229,
        "e7e5": 0.25091829895973206,
        "e7e6": 0.0013407537480816245,
        "c7c6": 0.00391394505277276,
        "d7d5": 0.5495234727859497,
        "g8f6": 0.11309515684843063,
        "g7g6": 0.0006378970574587584,
        "d7d6": 0.0014641238376498222
      },
      "other_mass": 0.0037809520727023482
    }
  },
  "meta": {
    "elo_self": 2800,
    "elo_oppo": 2800,
    "temperature": 1.0,
    "maia_type": "blitz",
    "white_moves_probed": [
      "e2e4",
      "d2d4",
      "c2c4",
      "g1f3",
      "g2g3",
      "b2b3",
      "f2f4",
      "b2b4",
      "a2a4"
    ],
    "black_replies_probed": [
      "c7c5",
      "e7e5",
      "e7e6",
      "c7c6",
      "d7d5",
      "g8f6",
      "g7g6",
      "d7d6"
    ]
  }
}