{
  "white_first_move_probs": {
    "e2e4": 0.35953861474990845,
    "d2d4": 0.4141288101673126,
    "c2c4": 0.09429492801427841,
    "g1f3": 0.12471455335617065,
    "g2g3": 0.0007777027785778046,
    "b2b3": 0.00035043785464949906,
    "f2f4": 0.0016249780310317874,
    "b2b4": 3.342470881761983e-05,
    "a2a4": 1.897986112453509e-05
  },
  "white_other_mass": 0.0045175704781286186,
  "black_reply_probs_cond_on_white": {
    "e2e4": {
      "fen_after_white": "rnbqkbnr/pppppppp/8/8/4P3/8/PPPP1PPP/RNBQKBNR b KQkq - 0 1",
      "black_reply_probs": {
        "c7c5": 0.8568212389945984,
        "e7e5": 0.01688487082719803,
        "e7e6": 0.0012505976483225822,
        "c7c6": 0.06150508299469948,
        "d7d5": 0.0503528006374836,
        "g8f6": 0.0038983591366559267,
        "g7g6": 0.0001840737386373803,
        "d7d6": 0.0017465061973780394
      },
      "other_mass": 0.007356469825026579
    },
    "d2d4": {
      "fen_after_white": "rnbqkbnr/pppppppp/8/8/3P4/8/PPP1PPPP/RNBQKBNR b KQkq - 0 1",
      "black_reply_probs": {
        "c7c5": 0.005311706103384495,
        "e7e5": 0.00668809050694108,
        "e7e6": 0.005232134368270636,
        "c7c6": 0.0013017206219956279,
        "d7d5": 0.7606121897697449,
        "g8f6": 0.21594704687595367,
        "g7g6": 0.00262093311175704,
        "d7d6": 0.0007013996946625412
      },
      "other_mass": 0.001584778947290033
    },
    "c2c4": {
      "fen_after_white": "rnbqkbnr/pppppppp/8/8/2P5/8/PP1PPPPP/RNBQKBNR b KQkq - 0 1",
      "black_reply_probs": {
        "c7c5": 0.12440431863069534,
        "e7e5": 0.4447236955165863,
        "e7e6": 0.012517937459051609,
        "c7c6": 0.00897645391523838,
        "d7d5": 0.17341944575309753,
        "g8f6": 0.2129741609096527,
        "g7g6": 0.004865189548581839,
        "d7d6": 0.004974374547600746
      },
      "other_mass": 0.013144423719495535
    },
    "g1f3": {
      "fen_after_white": "rnbqkbnr/pppppppp/8/8/8/5N2/PPPPPPPP/RNBQKB1R b KQkq - 1 1",
      "black_reply_probs": {
        "c7c5": 0.06077875941991806,
        "e7e5": 0.07905770093202591,
        "e7e6": 0.0007121902890503407,
        "c7c6": 0.0003983596689067781,
        "d7d5": 0.33754369616508484,
        "g8f6": 0.5176620483398438,
        "g7g6": 0.0013369305524975061,
        "d7d6": 0.0004013011057395488
      },
      "other_mass": 0.0021090135269332677
    },
    "g2g3": {
      "fen_after_white": "rnbqkbnr/pppppppp/8/8/8/6P1/PPPPPP1P/RNBQKBNR b KQkq - 0 1",
      "black_reply_probs": {
        "c7c5": 0.07266778498888016,
        "e7e5": 0.4140629768371582,
        "e7e6": 0.0010538188507780433,
        "c7c6": 0.002650912618264556,
        "d7d5": 0.3618796169757843,
        "g8f6": 0.1411072313785553,
        "g7g6": 0.0014124278677627444,
        "d7d6": 0.0006025640177540481
      },
      "other_mass": 0.004562666465062648
    },
    "b2b3": {
      "fen_after_white": "rnbqkbnr/pppppppp/8/8/8/1P6/P1PPPPPP/RNBQKBNR b KQkq - 0 1",
      "black_reply_probs": {
        "c7c5": 0.03461111709475517,
        "e7e5": 0.4302712082862854,
        "e7e6": 0.003369349054992199,
        "c7c6": 0.0021230163984000683,
        "d7d5": 0.40595316886901855,
        "g8f6": 0.11542817205190659,
        "g7g6": 0.0033540534786880016,
        "d7d6": 0.0006352464552037418
      },
      "other_mass": 0.004254668310750276
    },
    "f2f4": {
      "fen_after_white": "rnbqkbnr/pppppppp/8/8/5P2/8/PPPPP1PP/RNBQKBNR b KQkq - 0 1",
      "black_reply_probs": {
        "c7c5": 0.16294941306114197,
        "e7e5": 0.11581718921661377,
        "e7e6": 0.010017394088208675,
        "c7c6": 0.01788392663002014,
        "d7d5": 0.5520493984222412,
        "g8f6": 0.13112322986125946,
        "g7g6": 0.002107875654473901,
        "d7d6": 0.002536197192966938
      },
      "other_mass": 0.0055153758730739355
    },
    "b2b4": {
      "fen_after_white": "rnbqkbnr/pppppppp/8/8/1P6/8/P1PPPPPP/RNBQKBNR b KQkq - 0 1",
      "black_reply_probs": {
        "c7c5": 0.004026017151772976,
        "e7e5": 0.3691645860671997,
        "e7e6": 0.02057364210486412,
        "c7c6": 0.006750938016921282,
        "d7d5": 0.43261829018592834,
        "g8f6": 0.13418924808502197,
        "g7g6": 0.017140811309218407,
        "d7d6": 0.003461533458903432
      },
      "other_mass": 0.012074933620169759
    },
    "a2a4": {
      "fen_after_white": "rnbqkbnr/pppppppp/8/8/P7/8/1PPPPPPP/RNBQKBNR b KQkq - 0 1",
      "black_reply_probs": {
        "c7c5": 0.052807509899139404,
        "e7e5": 0.3695141673088074,
        "e7e6": 0.0017759926849976182,
        "c7c6": 0.005056293681263924,
        "d7d5": 0.45422419905662537,
        "g8f6": 0.1103745847940445,
        "g7g6": 0.0008629928925074637,
        "d7d6": 0.0013088381383568048
      },
      "other_mass": 0.004075421544257551
    }
  },
  "meta": {
    "elo_self": 2800,
    "elo_oppo": 2800,
    "temperature": 1.0,
    "maia_type": "blitz",
    "white_moves_probed": [
      "e2e4",
      "d2d4",
      "c2c4",
      "g1f3",
      "g2g3",
      "b2b3",
      "f2f4",
      "b2b4",
      "a2a4"
    ],
    "black_replies_probed": [
      "c7c5",
      "e7e5",
      "e7e6",
      "c7c6",
      "d7d5",
      "g8f6",
      "g7g6",
      "d7d6"
    ]
  }
}