{
  "white_first_move_probs": {
    "e2e4": 0.358187198638916,
    "d2d4": 0.2540431618690491,
    "c2c4": 0.1632547676563263,
    "g1f3": 0.21808142960071564,
    "g2g3": 0.0005232361727394164,
    "b2b3": 0.00042402464896440506,
    "f2f4": 0.0011752330465242267,
    "b2b4": 3.461374217295088e-05,
    "a2a4": 2.5791012376430444e-05
  },
  "white_other_mass": 0.0042505436122155515,
  "black_reply_probs_cond_on_white": {
    "e2e4": {
      "fen_after_white": "rnbqkbnr/pppppppp/8/8/4P3/8/PPPP1PPP/RNBQKBNR b KQkq - 0 1",
      "black_reply_probs": {
        "c7c5": 0.9353111386299133,
        "e7e5": 0.009580275975167751,
        "e7e6": 0.0005138866254128516,
        "c7c6": 0.032488252967596054,
        "d7d5": 0.015955228358507156,
        "g8f6": 0.0022058472968637943,
        "g7g6": 6.121875048847869e-05,
        "d7d6": 0.000639722216874361
      },
      "other_mass": 0.0032444291791762225
    },
    "d2d4": {
      "fen_after_white": "rnbqkbnr/pppppppp/8/8/3P4/8/PPP1PPPP/RNBQKBNR b KQkq - 0 1",
      "black_reply_probs": {
        "c7c5": 0.014089075848460197,
        "e7e5": 0.006632822100073099,
        "e7e6": 0.006044900044798851,
        "c7c6": 0.0015216288156807423,
        "d7d5": 0.6271235942840576,
        "g8f6": 0.34060174226760864,
        "g7g6": 0.0019681332632899284,
        "d7d6": 0.0007463262882083654
      },
      "other_mass": 0.0012717770878225565
    },
    "c2c4": {
      "fen_after_white": "rnbqkbnr/pppppppp/8/8/2P5/8/PP1PPPPP/RNBQKBNR b KQkq - 0 1",
      "black_reply_probs": {
        "c7c5": 0.2222634255886078,
        "e7e5": 0.36721378564834595,
        "e7e6": 0.010083813220262527,
        "c7c6": 0.006635743193328381,
        "d7d5": 0.09038352966308594,
        "g8f6": 0.2864394783973694,
        "g7g6": 0.0022156713530421257,
        "d7d6": 0.00365837593562901
      },
      "other_mass": 0.011106177000328898
    },
    "g1f3": {
      "fen_after_white": "rnbqkbnr/pppppppp/8/8/8/5N2/PPPPPPPP/RNBQKB1R b KQkq - 1 1",
      "black_reply_probs": {
        "c7c5": 0.08754710108041763,
        "e7e5": 0.05312066525220871,
        "e7e6": 0.0007854783907532692,
        "c7c6": 0.00040671619353815913,
        "d7d5": 0.16562549769878387,
        "g8f6": 0.6892433166503906,
        "g7g6": 0.0006539276801049709,
        "d7d6": 0.00040083201020024717
      },
      "other_mass": 0.0022164650436025113
    },
    "g2g3": {
      "fen_after_white": "rnbqkbnr/pppppppp/8/8/8/6P1/PPPPPP1P/RNBQKBNR b KQkq - 0 1",
      "black_reply_probs": {
        "c7c5": 0.12288298457860947,
        "e7e5": 0.4756768047809601,
        "e7e6": 0.0008134223171509802,
        "c7c6": 0.0022515004966408014,
        "d7d5": 0.20622800290584564,
        "g8f6": 0.18684135377407074,
        "g7g6": 0.0006922280299477279,
        "d7d6": 0.0004721755685750395
      },
      "other_mass": 0.0041415275481995195
    },
    "b2b3": {
      "fen_after_white": "rnbqkbnr/pppppppp/8/8/8/1P6/P1PPPPPP/RNBQKBNR b KQkq - 0 1",
      "black_reply_probs": {
        "c7c5": 0.0652734562754631,
        "e7e5": 0.4973621666431427,
        "e7e6": 0.003119886852800846,
        "c7c6": 0.0019386879866942763,
        "d7d5": 0.26064473390579224,
        "g8f6": 0.16564428806304932,
        "g7g6": 0.0016943936934694648,
        "d7d6": 0.0005316226743161678
      },
      "other_mass": 0.0037907639052718878
    },
    "f2f4": {
      "fen_after_white": "rnbqkbnr/pppppppp/8/8/5P2/8/PPPPP1PP/RNBQKBNR b KQkq - 0 1",
      "black_reply_probs": {
        "c7c5": 0.3514948785305023,
        "e7e5": 0.20590612292289734,
        "e7e6": 0.010932937264442444,
        "c7c6": 0.016537852585315704,
        "d7d5": 0.2677936553955078,
        "g8f6": 0.14025357365608215,
        "g7g6": 0.0011205506743863225,
        "d7d6": 0.0015715506160631776
      },
      "other_mass": 0.004388878354802728
    },
    "b2b4": {
      "fen_after_white": "rnbqkbnr/pppppppp/8/8/1P6/8/P1PPPPPP/RNBQKBNR b KQkq - 0 1",
      "black_reply_probs": {
        "c7c5": 0.0089483093470335,
        "e7e5": 0.43460822105407715,
        "e7e6": 0.02243455871939659,
        "c7c6": 0.008941118605434895,
        "d7d5": 0.31265050172805786,
        "g8f6": 0.1846325695514679,
        "g7g6": 0.008205519989132881,
        "d7d6": 0.0024832449853420258
      },
      "other_mass": 0.0170959560200572
    },
    "a2a4": {
      "fen_after_white": "rnbqkbnr/pppppppp/8/8/P7/8/1PPPPPPP/RNBQKBNR b KQkq - 0 1",
      "black_reply_probs": {
        "c7c5": 0.0994889959692955,
        "e7e5": 0.4290395677089691,
        "e7e6": 0.0018846465973183513,
        "c7c6": 0.0037860944867134094,
        "d7d5": 0.27994707226753235,
        "g8f6": 0.18031837046146393,
        "g7g6": 0.0005316990427672863,
        "d7d6": 0.000979372183792293
      },
      "other_mass": 0.004024181282147765
    }
  },
  "meta": {
    "elo_self": 2800,
    "elo_oppo": 2800,
    "temperature": 1.0,
    "maia_type": "blitz",
    "white_moves_probed": [
      "e2e4",
      "d2d4",
      "c2c4",
      "g1f3",
      "g2g3",
      "b2b3",
      "f2f4",
      "b2b4",
      "a2a4"
    ],
    "black_replies_probed": [
      "c7c5",
      "e7e5",
      "e7e6",
      "c7c6",
      "d7d5",
      "g8f6",
      "g7g6",
      "d7d6"
    ]
  }
}