{
  "white_first_move_probs": {
    "e2e4": 0.003934349399060011,
    "d2d4": 0.056966185569763184,
    "c2c4": 0.0002970809582620859,
    "g1f3": 0.9385389685630798,
    "g2g3": 2.948837618532707e-06,
    "b2b3": 2.7242083433520747e-06,
    "f2f4": 7.602128607686609e-05,
    "b2b4": 3.68191166444376e-08,
    "a2a4": 7.122910594681287e-10
  },
  "white_other_mass": 0.0001816836463883753,
  "black_reply_probs_cond_on_white": {
    "e2e4": {
      "fen_after_white": "rnbqkbnr/pppppppp/8/8/4P3/8/PPPP1PPP/RNBQKBNR b KQkq - 0 1",
      "black_reply_probs": {
        "c7c5": 0.5489537715911865,
        "e7e5": 0.07642120122909546,
        "e7e6": 0.00017987143655773252,
        "c7c6": 0.0014614139217883348,
        "d7d5": 0.17743027210235596,
        "g8f6": 0.19177287817001343,
        "g7g6": 6.214471795829013e-05,
        "d7d6": 0.00017690319509711117
      },
      "other_mass": 0.003541543635947164
    },
    "d2d4": {
      "fen_after_white": "rnbqkbnr/pppppppp/8/8/3P4/8/PPP1PPPP/RNBQKBNR b KQkq - 0 1",
      "black_reply_probs": {
        "c7c5": 4.598560735757928e-06,
        "e7e5": 0.00014241356984712183,
        "e7e6": 1.8795775531543768e-06,
        "c7c6": 6.092919306865952e-07,
        "d7d5": 0.136736661195755,
        "g8f6": 0.8630426526069641,
        "g7g6": 6.689928341074847e-06,
        "d7d6": 8.706986136530759e-07
      },
      "other_mass": 6.362457025943513e-05
    },
    "c2c4": {
      "fen_after_white": "rnbqkbnr/pppppppp/8/8/2P5/8/PP1PPPPP/RNBQKBNR b KQkq - 0 1",
      "black_reply_probs": {
        "c7c5": 0.0010125041007995605,
        "e7e5": 0.0064759887754917145,
        "e7e6": 5.033450179325882e-06,
        "c7c6": 1.4995390529293218e-06,
        "d7d5": 0.007924490608274937,
        "g8f6": 0.9844267964363098,
        "g7g6": 7.648410246474668e-06,
        "d7d6": 3.829612069239374e-06
      },
      "other_mass": 0.0001422090675760046
    },
    "g1f3": {
      "fen_after_white": "rnbqkbnr/pppppppp/8/8/8/5N2/PPPPPPPP/RNBQKB1R b KQkq - 1 1",
      "black_reply_probs": {
        "c7c5": 2.805939038807992e-05,
        "e7e5": 0.00018610396364238113,
        "e7e6": 1.4551855542777048e-07,
        "c7c6": 1.213927589560626e-07,
        "d7d5": 0.007670122664421797,
        "g8f6": 0.9918070435523987,
        "g7g6": 9.55962786974851e-06,
        "d7d6": 3.391510006167664e-07
      },
      "other_mass": 0.0002985047389643114
    },
    "g2g3": {
      "fen_after_white": "rnbqkbnr/pppppppp/8/8/8/6P1/PPPPPP1P/RNBQKBNR b KQkq - 0 1",
      "black_reply_probs": {
        "c7c5": 0.000312137563014403,
        "e7e5": 0.009964944794774055,
        "e7e6": 9.824307198869064e-07,
        "c7c6": 1.495210540269909e-06,
        "d7d5": 0.08629786223173141,
        "g8f6": 0.9032272100448608,
        "g7g6": 2.06386193895014e-05,
        "d7d6": 1.6909057194425259e-06
      },
      "other_mass": 0.00017303819925018615
    },
    "b2b3": {
      "fen_after_white": "rnbqkbnr/pppppppp/8/8/8/1P6/P1PPPPPP/RNBQKBNR b KQkq - 0 1",
      "black_reply_probs": {
        "c7c5": 8.44052410684526e-05,
        "e7e5": 0.0036479136906564236,
        "e7e6": 1.4957726079956046e-06,
        "c7c6": 7.026167168078246e-07,
        "d7d5": 0.0775190144777298,
        "g8f6": 0.917891263961792,
        "g7g6": 4.946119952364825e-05,
        "d7d6": 4.870890961683472e-07
      },
      "other_mass": 0.0008052559508087143
    },
    "f2f4": {
      "fen_after_white": "rnbqkbnr/pppppppp/8/8/5P2/8/PPPPP1PP/RNBQKBNR b KQkq - 0 1",
      "black_reply_probs": {
        "c7c5": 5.6888951803557575e-05,
        "e7e5": 0.0012989719398319721,
        "e7e6": 1.9409717424423434e-06,
        "c7c6": 6.997380523898755e-07,
        "d7d5": 0.054734498262405396,
        "g8f6": 0.9436358213424683,
        "g7g6": 2.1320585801731795e-05,
        "d7d6": 1.238927893609798e-06
      },
      "other_mass": 0.00024861928000063926
    },
    "b2b4": {
      "fen_after_white": "rnbqkbnr/pppppppp/8/8/1P6/8/P1PPPPPP/RNBQKBNR b KQkq - 0 1",
      "black_reply_probs": {
        "c7c5": 9.795368896448053e-06,
        "e7e5": 0.0063463798724114895,
        "e7e6": 1.1558342521311715e-05,
        "c7c6": 5.04365743836388e-06,
        "d7d5": 0.10905016958713531,
        "g8f6": 0.8842483162879944,
        "g7g6": 5.764425441157073e-05,
        "d7d6": 8.04602052539849e-07
      },
      "other_mass": 0.0002702880271385766
    },
    "a2a4": {
      "fen_after_white": "rnbqkbnr/pppppppp/8/8/P7/8/1PPPPPPP/RNBQKBNR b KQkq - 0 1",
      "black_reply_probs": {
        "c7c5": 0.000531250552739948,
        "e7e5": 0.007549027446657419,
        "e7e6": 2.286244580318453e-06,
        "c7c6": 4.476796220842516e-06,
        "d7d5": 0.18571439385414124,
        "g8f6": 0.8057116270065308,
        "g7g6": 6.1650239331356715e-06,
        "d7d6": 6.1813375396013726e-06
      },
      "other_mass": 0.0004745917376567377
    }
  },
  "meta": {
    "elo_self": 2800,
    "elo_oppo": 2800,
    "temperature": 1.0,
    "maia_type": "blitz",
    "white_moves_probed": [
      "e2e4",
      "d2d4",
      "c2c4",
      "g1f3",
      "g2g3",
      "b2b3",
      "f2f4",
      "b2b4",
      "a2a4"
    ],
    "black_replies_probed": [
      "c7c5",
      "e7e5",
      "e7e6",
      "c7c6",
      "d7d5",
      "g8f6",
      "g7g6",
      "d7d6"
    ]
  }
}