{
  "white_first_move_probs": {
    "e2e4": 0.23606330156326294,
    "d2d4": 0.4101259410381317,
    "c2c4": 0.21026600897312164,
    "g1f3": 0.12656903266906738,
    "g2g3": 0.0012467083288356662,
    "b2b3": 0.0006442222511395812,
    "f2f4": 0.003021959913894534,
    "b2b4": 0.00010918213229160756,
    "a2a4": 0.0001397538580931723
  },
  "white_other_mass": 0.01181388927216176,
  "black_reply_probs_cond_on_white": {
    "e2e4": {
      "fen_after_white": "rnbqkbnr/pppppppp/8/8/4P3/8/PPPP1PPP/RNBQKBNR b KQkq - 0 1",
      "black_reply_probs": {
        "c7c5": 0.7826858162879944,
        "e7e5": 0.0529848076403141,
        "e7e6": 0.0032032339368015528,
        "c7c6": 0.047838713973760605,
        "d7d5": 0.0900259017944336,
        "g8f6": 0.010352756828069687,
        "g7g6": 0.0005859141820110381,
        "d7d6": 0.0034701309632509947
      },
      "other_mass": 0.008852724393364042
    },
    "d2d4": {
      "fen_after_white": "rnbqkbnr/pppppppp/8/8/3P4/8/PPP1PPPP/RNBQKBNR b KQkq - 0 1",
      "black_reply_probs": {
        "c7c5": 0.027622457593679428,
        "e7e5": 0.013471794314682484,
        "e7e6": 0.009288187138736248,
        "c7c6": 0.004488043952733278,
        "d7d5": 0.7585035562515259,
        "g8f6": 0.17729656398296356,
        "g7g6": 0.0032781134359538555,
        "d7d6": 0.002179909497499466
      },
      "other_mass": 0.0038713738322257996
    },
    "c2c4": {
      "fen_after_white": "rnbqkbnr/pppppppp/8/8/2P5/8/PP1PPPPP/RNBQKBNR b KQkq - 0 1",
      "black_reply_probs": {
        "c7c5": 0.21059764921665192,
        "e7e5": 0.3132155239582062,
        "e7e6": 0.011721774935722351,
        "c7c6": 0.013553918339312077,
        "d7d5": 0.2128477543592453,
        "g8f6": 0.2060183584690094,
        "g7g6": 0.0045412019826471806,
        "d7d6": 0.007329096551984549
      },
      "other_mass": 0.02017472218722105
    },
    "g1f3": {
      "fen_after_white": "rnbqkbnr/pppppppp/8/8/8/5N2/PPPPPPPP/RNBQKB1R b KQkq - 1 1",
      "black_reply_probs": {
        "c7c5": 0.17031340301036835,
        "e7e5": 0.08665984123945236,
        "e7e6": 0.001401042565703392,
        "c7c6": 0.0012626403477042913,
        "d7d5": 0.3189760446548462,
        "g8f6": 0.4129754602909088,
        "g7g6": 0.0015884432941675186,
        "d7d6": 0.0011088179890066385
      },
      "other_mass": 0.005714306607842445
    },
    "g2g3": {
      "fen_after_white": "rnbqkbnr/pppppppp/8/8/8/6P1/PPPPPP1P/RNBQKBNR b KQkq - 0 1",
      "black_reply_probs": {
        "c7c5": 0.18725858628749847,
        "e7e5": 0.33432087302207947,
        "e7e6": 0.0016944592352956533,
        "c7c6": 0.006687472574412823,
        "d7d5": 0.3483788073062897,
        "g8f6": 0.11007671058177948,
        "g7g6": 0.0013990392908453941,
        "d7d6": 0.0014445442939177155
      },
      "other_mass": 0.00873950740788132
    },
    "b2b3": {
      "fen_after_white": "rnbqkbnr/pppppppp/8/8/8/1P6/P1PPPPPP/RNBQKBNR b KQkq - 0 1",
      "black_reply_probs": {
        "c7c5": 0.08123825490474701,
        "e7e5": 0.3403536379337311,
        "e7e6": 0.006314203608781099,
        "c7c6": 0.005598707124590874,
        "d7d5": 0.45683553814888,
        "g8f6": 0.09652221947908401,
        "g7g6": 0.0032643454615026712,
        "d7d6": 0.0019143613753840327
      },
      "other_mass": 0.007958731963299215
    },
    "f2f4": {
      "fen_after_white": "rnbqkbnr/pppppppp/8/8/5P2/8/PPPPP1PP/RNBQKBNR b KQkq - 0 1",
      "black_reply_probs": {
        "c7c5": 0.28571903705596924,
        "e7e5": 0.20032453536987305,
        "e7e6": 0.011205270886421204,
        "c7c6": 0.020295213907957077,
        "d7d5": 0.37561067938804626,
        "g8f6": 0.09514331072568893,
        "g7g6": 0.0015990816755220294,
        "d7d6": 0.003306918777525425
      },
      "other_mass": 0.006795952212996781
    },
    "b2b4": {
      "fen_after_white": "rnbqkbnr/pppppppp/8/8/1P6/8/P1PPPPPP/RNBQKBNR b KQkq - 0 1",
      "black_reply_probs": {
        "c7c5": 0.01461635623127222,
        "e7e5": 0.40118199586868286,
        "e7e6": 0.025662243366241455,
        "c7c6": 0.011299535632133484,
        "d7d5": 0.39673274755477905,
        "g8f6": 0.11349783092737198,
        "g7g6": 0.01339352410286665,
        "d7d6": 0.006587398238480091
      },
      "other_mass": 0.017028368078172207
    },
    "a2a4": {
      "fen_after_white": "rnbqkbnr/pppppppp/8/8/P7/8/1PPPPPPP/RNBQKBNR b KQkq - 0 1",
      "black_reply_probs": {
        "c7c5": 0.11650198698043823,
        "e7e5": 0.2795073390007019,
        "e7e6": 0.0028631743043661118,
        "c7c6": 0.009613311849534512,
        "d7d5": 0.47156450152397156,
        "g8f6": 0.10704310238361359,
        "g7g6": 0.0012105591595172882,
        "d7d6": 0.0027890687342733145
      },
      "other_mass": 0.008906956063583493
    }
  },
  "meta": {
    "elo_self": 2800,
    "elo_oppo": 2800,
    "temperature": 1.0,
    "maia_type": "blitz",
    "white_moves_probed": [
      "e2e4",
      "d2d4",
      "c2c4",
      "g1f3",
      "g2g3",
      "b2b3",
      "f2f4",
      "b2b4",
      "a2a4"
    ],
    "black_replies_probed": [
      "c7c5",
      "e7e5",
      "e7e6",
      "c7c6",
      "d7d5",
      "g8f6",
      "g7g6",
      "d7d6"
    ]
  }
}