{
  "white_first_move_probs": {
    "e2e4": 0.0002097294054692611,
    "d2d4": 0.2306446135044098,
    "c2c4": 2.430206677672686e-06,
    "g1f3": 0.7691432237625122,
    "g2g3": 2.6038360310671853e-14,
    "b2b3": 1.3091591513071594e-17,
    "f2f4": 3.0717605108837587e-12,
    "b2b4": 3.710137187267436e-16,
    "a2a4": 4.2051196623425004e-21
  },
  "white_other_mass": 3.1178328807612843e-09,
  "black_reply_probs_cond_on_white": {
    "e2e4": {
      "fen_after_white": "rnbqkbnr/pppppppp/8/8/4P3/8/PPPP1PPP/RNBQKBNR b KQkq - 0 1",
      "black_reply_probs": {
        "c7c5": 0.008593921549618244,
        "e7e5": 0.0015370011096820235,
        "e7e6": 1.3346181798601364e-11,
        "c7c6": 7.71700195065228e-13,
        "d7d5": 0.5292537212371826,
        "g8f6": 0.4606153666973114,
        "g7g6": 6.553970690811872e-13,
        "d7d6": 1.8730181294834836e-10
      },
      "other_mass": 0.0
    },
    "d2d4": {
      "fen_after_white": "rnbqkbnr/pppppppp/8/8/3P4/8/PPP1PPPP/RNBQKBNR b KQkq - 0 1",
      "black_reply_probs": {
        "c7c5": 3.4784226610184987e-09,
        "e7e5": 1.2217705261718947e-05,
        "e7e6": 5.276162536385631e-13,
        "c7c6": 2.2747384127147006e-18,
        "d7d5": 0.33410733938217163,
        "g8f6": 0.6658803820610046,
        "g7g6": 1.233961832724801e-14,
        "d7d6": 3.550073917561042e-13
      },
      "other_mass": 5.737224439972266e-08
    },
    "c2c4": {
      "fen_after_white": "rnbqkbnr/pppppppp/8/8/2P5/8/PP1PPPPP/RNBQKBNR b KQkq - 0 1",
      "black_reply_probs": {
        "c7c5": 1.0388623650214868e-07,
        "e7e5": 0.0002302092034369707,
        "e7e6": 1.7144080209294255e-12,
        "c7c6": 1.1937050037197643e-17,
        "d7d5": 0.015569976530969143,
        "g8f6": 0.9841997623443604,
        "g7g6": 1.0716173635310147e-13,
        "d7d6": 7.498598638723541e-13
      },
      "other_mass": 0.0
    },
    "g1f3": {
      "fen_after_white": "rnbqkbnr/pppppppp/8/8/8/5N2/PPPPPPPP/RNBQKB1R b KQkq - 1 1",
      "black_reply_probs": {
        "c7c5": 6.28029738436453e-07,
        "e7e5": 3.811711212620139e-05,
        "e7e6": 3.7306681859418725e-14,
        "c7c6": 2.9821186639468264e-18,
        "d7d5": 0.061207812279462814,
        "g8f6": 0.9387533664703369,
        "g7g6": 2.389235659902393e-14,
        "d7d6": 3.69188620646943e-13
      },
      "other_mass": 7.610790531131784e-08
    },
    "g2g3": {
      "fen_after_white": "rnbqkbnr/pppppppp/8/8/8/6P1/PPPPPP1P/RNBQKBNR b KQkq - 0 1",
      "black_reply_probs": {
        "c7c5": 4.745198111777427e-06,
        "e7e5": 0.00047372811241075397,
        "e7e6": 8.557571833231123e-14,
        "c7c6": 1.535161719510306e-16,
        "d7d5": 0.26148271560668945,
        "g8f6": 0.7380387783050537,
        "g7g6": 2.0407875151069732e-13,
        "d7d6": 1.3324826268409917e-12
      },
      "other_mass": 3.2776112046661865e-08
    },
    "b2b3": {
      "fen_after_white": "rnbqkbnr/pppppppp/8/8/8/1P6/P1PPPPPP/RNBQKBNR b KQkq - 0 1",
      "black_reply_probs": {
        "c7c5": 7.019159653509632e-08,
        "e7e5": 0.0003020020667463541,
        "e7e6": 5.039098275477251e-14,
        "c7c6": 1.4278341954432288e-18,
        "d7d5": 0.13585889339447021,
        "g8f6": 0.8638389706611633,
        "g7g6": 5.3153180912691306e-14,
        "d7d6": 8.587570352091081e-14
      },
      "other_mass": 6.368583416183071e-08
    },
    "f2f4": {
      "fen_after_white": "rnbqkbnr/pppppppp/8/8/5P2/8/PPPPP1PP/RNBQKBNR b KQkq - 0 1",
      "black_reply_probs": {
        "c7c5": 1.4984659628680674e-06,
        "e7e5": 0.00011599972640397027,
        "e7e6": 9.889878629584792e-13,
        "c7c6": 1.6432252564787235e-16,
        "d7d5": 0.2841947674751282,
        "g8f6": 0.71568763256073,
        "g7g6": 2.4274215992305115e-13,
        "d7d6": 2.8819763416010336e-12
      },
      "other_mass": 1.0176766107594659e-07
    },
    "b2b4": {
      "fen_after_white": "rnbqkbnr/pppppppp/8/8/1P6/8/P1PPPPPP/RNBQKBNR b KQkq - 0 1",
      "black_reply_probs": {
        "c7c5": 3.016509708686499e-09,
        "e7e5": 0.000498507812153548,
        "e7e6": 8.678226865420358e-13,
        "c7c6": 6.404255227560623e-18,
        "d7d5": 0.16649065911769867,
        "g8f6": 0.8330107927322388,
        "g7g6": 1.171688563365728e-14,
        "d7d6": 2.575167184527827e-13
      },
      "other_mass": 3.732026210290229e-08
    },
    "a2a4": {
      "fen_after_white": "rnbqkbnr/pppppppp/8/8/P7/8/1PPPPPPP/RNBQKBNR b KQkq - 0 1",
      "black_reply_probs": {
        "c7c5": 2.3741117161080183e-07,
        "e7e5": 0.0003003992314916104,
        "e7e6": 1.656782079150626e-13,
        "c7c6": 5.370390055917237e-17,
        "d7d5": 0.23129424452781677,
        "g8f6": 0.7684051394462585,
        "g7g6": 6.5474465211796e-15,
        "d7d6": 1.3021587931191791e-12
      },
      "other_mass": 0.0
    }
  },
  "meta": {
    "elo_self": 2800,
    "elo_oppo": 2800,
    "temperature": 1.0,
    "maia_type": "blitz",
    "white_moves_probed": [
      "e2e4",
      "d2d4",
      "c2c4",
      "g1f3",
      "g2g3",
      "b2b3",
      "f2f4",
      "b2b4",
      "a2a4"
    ],
    "black_replies_probed": [
      "c7c5",
      "e7e5",
      "e7e6",
      "c7c6",
      "d7d5",
      "g8f6",
      "g7g6",
      "d7d6"
    ]
  }
}