{
  "white_first_move_probs": {
    "e2e4": 0.223249152302742,
    "d2d4": 0.5360016226768494,
    "c2c4": 0.13530728220939636,
    "g1f3": 0.09844030439853668,
    "g2g3": 0.000723722914699465,
    "b2b3": 0.00037573507870547473,
    "f2f4": 0.0024368739686906338,
    "b2b4": 4.266299583832733e-05,
    "a2a4": 1.1959057701460551e-05
  },
  "white_other_mass": 0.0034106843968402245,
  "black_reply_probs_cond_on_white": {
    "e2e4": {
      "fen_after_white": "rnbqkbnr/pppppppp/8/8/4P3/8/PPPP1PPP/RNBQKBNR b KQkq - 0 1",
      "black_reply_probs": {
        "c7c5": 0.8626013398170471,
        "e7e5": 0.01507473923265934,
        "e7e6": 0.001281818374991417,
        "c7c6": 0.04897424578666687,
        "d7d5": 0.06096931919455528,
        "g8f6": 0.0028379373252391815,
        "g7g6": 0.0002246917865704745,
        "d7d6": 0.0017747863894328475
      },
      "other_mass": 0.006261122092837468
    },
    "d2d4": {
      "fen_after_white": "rnbqkbnr/pppppppp/8/8/3P4/8/PPP1PPPP/RNBQKBNR b KQkq - 0 1",
      "black_reply_probs": {
        "c7c5": 0.008624373003840446,
        "e7e5": 0.005623751785606146,
        "e7e6": 0.002588143339380622,
        "c7c6": 0.0010684026638045907,
        "d7d5": 0.7968280911445618,
        "g8f6": 0.1815352886915207,
        "g7g6": 0.0015283888205885887,
        "d7d6": 0.0006162435165606439
      },
      "other_mass": 0.001587317034136504
    },
    "c2c4": {
      "fen_after_white": "rnbqkbnr/pppppppp/8/8/2P5/8/PP1PPPPP/RNBQKBNR b KQkq - 0 1",
      "black_reply_probs": {
        "c7c5": 0.1672891527414322,
        "e7e5": 0.34096667170524597,
        "e7e6": 0.009632318280637264,
        "c7c6": 0.006263237912207842,
        "d7d5": 0.22796912491321564,
        "g8f6": 0.22177520394325256,
        "g7g6": 0.003498182399198413,
        "d7d6": 0.005685610231012106
      },
      "other_mass": 0.016920497873798013
    },
    "g1f3": {
      "fen_after_white": "rnbqkbnr/pppppppp/8/8/8/5N2/PPPPPPPP/RNBQKB1R b KQkq - 1 1",
      "black_reply_probs": {
        "c7c5": 0.09366033971309662,
        "e7e5": 0.042955078184604645,
        "e7e6": 0.00023010488075669855,
        "c7c6": 0.00023641801089979708,
        "d7d5": 0.37186309695243835,
        "g8f6": 0.4874613285064697,
        "g7g6": 0.0013444054638966918,
        "d7d6": 0.0003786009910982102
      },
      "other_mass": 0.0018706272967392579
    },
    "g2g3": {
      "fen_after_white": "rnbqkbnr/pppppppp/8/8/8/6P1/PPPPPP1P/RNBQKBNR b KQkq - 0 1",
      "black_reply_probs": {
        "c7c5": 0.10849660634994507,
        "e7e5": 0.34300878643989563,
        "e7e6": 0.0005796697223559022,
        "c7c6": 0.0016311766812577844,
        "d7d5": 0.4223734140396118,
        "g8f6": 0.11817698180675507,
        "g7g6": 0.0011257270816713572,
        "d7d6": 0.0006702512037009001
      },
      "other_mass": 0.003937386674806476
    },
    "b2b3": {
      "fen_after_white": "rnbqkbnr/pppppppp/8/8/8/1P6/P1PPPPPP/RNBQKBNR b KQkq - 0 1",
      "black_reply_probs": {
        "c7c5": 0.04818801209330559,
        "e7e5": 0.2981569468975067,
        "e7e6": 0.002137289149686694,
        "c7c6": 0.0014780106721445918,
        "d7d5": 0.5458066463470459,
        "g8f6": 0.09676028043031693,
        "g7g6": 0.0022259289398789406,
        "d7d6": 0.000671001267619431
      },
      "other_mass": 0.004575884202495217
    },
    "f2f4": {
      "fen_after_white": "rnbqkbnr/pppppppp/8/8/5P2/8/PPPPP1PP/RNBQKBNR b KQkq - 0 1",
      "black_reply_probs": {
        "c7c5": 0.1850871592760086,
        "e7e5": 0.09901977330446243,
        "e7e6": 0.004066102672368288,
        "c7c6": 0.007281854748725891,
        "d7d5": 0.6059185862541199,
        "g8f6": 0.09114545583724976,
        "g7g6": 0.0015230807475745678,
        "d7d6": 0.0019447440281510353
      },
      "other_mass": 0.00401324313133955
    },
    "b2b4": {
      "fen_after_white": "rnbqkbnr/pppppppp/8/8/1P6/8/P1PPPPPP/RNBQKBNR b KQkq - 0 1",
      "black_reply_probs": {
        "c7c5": 0.00604813639074564,
        "e7e5": 0.30898433923721313,
        "e7e6": 0.015481057576835155,
        "c7c6": 0.0055188680998981,
        "d7d5": 0.535143256187439,
        "g8f6": 0.11200237274169922,
        "g7g6": 0.0050005242228507996,
        "d7d6": 0.0031110255513340235
      },
      "other_mass": 0.008710419991984963
    },
    "a2a4": {
      "fen_after_white": "rnbqkbnr/pppppppp/8/8/P7/8/1PPPPPPP/RNBQKBNR b KQkq - 0 1",
      "black_reply_probs": {
        "c7c5": 0.060596562922000885,
        "e7e5": 0.23712818324565887,
        "e7e6": 0.0010307979537174106,
        "c7c6": 0.0021479616407305002,
        "d7d5": 0.6012617349624634,
        "g8f6": 0.09266256541013718,
        "g7g6": 0.0005142816808074713,
        "d7d6": 0.0012920645531266928
      },
      "other_mass": 0.0033658476313576102
    }
  },
  "meta": {
    "elo_self": 2800,
    "elo_oppo": 2800,
    "temperature": 1.0,
    "maia_type": "blitz",
    "white_moves_probed": [
      "e2e4",
      "d2d4",
      "c2c4",
      "g1f3",
      "g2g3",
      "b2b3",
      "f2f4",
      "b2b4",
      "a2a4"
    ],
    "black_replies_probed": [
      "c7c5",
      "e7e5",
      "e7e6",
      "c7c6",
      "d7d5",
      "g8f6",
      "g7g6",
      "d7d6"
    ]
  }
}