{
  "white_first_move_probs": {
    "e2e4": 0.02130216360092163,
    "d2d4": 0.6240633726119995,
    "c2c4": 0.0014477320946753025,
    "g1f3": 0.35317227244377136,
    "g2g3": 8.871232637375215e-09,
    "b2b3": 3.3125402421063654e-10,
    "f2f4": 4.484229236823012e-07,
    "b2b4": 5.992552010170016e-10,
    "a2a4": 2.930011918853004e-13
  },
  "white_other_mass": 1.4001023673659851e-05,
  "black_reply_probs_cond_on_white": {
    "e2e4": {
      "fen_after_white": "rnbqkbnr/pppppppp/8/8/4P3/8/PPPP1PPP/RNBQKBNR b KQkq - 0 1",
      "black_reply_probs": {
        "c7c5": 0.15212011337280273,
        "e7e5": 0.05605394393205643,
        "e7e6": 3.4472742527213995e-07,
        "c7c6": 1.0285899634254747e-06,
        "d7d5": 0.6919959783554077,
        "g8f6": 0.09981248527765274,
        "g7g6": 9.103398213028413e-08,
        "d7d6": 2.4083037715172395e-06
      },
      "other_mass": 1.3606406938038162e-05
    },
    "d2d4": {
      "fen_after_white": "rnbqkbnr/pppppppp/8/8/3P4/8/PPP1PPPP/RNBQKBNR b KQkq - 0 1",
      "black_reply_probs": {
        "c7c5": 7.730680408712942e-06,
        "e7e5": 0.0015302107203751802,
        "e7e6": 8.920631344722096e-09,
        "c7c6": 8.408664042836023e-11,
        "d7d5": 0.8121926188468933,
        "g8f6": 0.18626829981803894,
        "g7g6": 1.7095478366258021e-09,
        "d7d6": 1.750777300912887e-08
      },
      "other_mass": 1.1117122450388095e-06
    },
    "c2c4": {
      "fen_after_white": "rnbqkbnr/pppppppp/8/8/2P5/8/PP1PPPPP/RNBQKBNR b KQkq - 0 1",
      "black_reply_probs": {
        "c7c5": 0.0003193442535120994,
        "e7e5": 0.026605602353811264,
        "e7e6": 6.608785696471386e-08,
        "c7c6": 1.519575021369235e-09,
        "d7d5": 0.13997036218643188,
        "g8f6": 0.8331006765365601,
        "g7g6": 1.700961504980114e-08,
        "d7d6": 9.934218070384304e-08
      },
      "other_mass": 3.83071045695349e-06
    },
    "g1f3": {
      "fen_after_white": "rnbqkbnr/pppppppp/8/8/8/5N2/PPPPPPPP/RNBQKB1R b KQkq - 1 1",
      "black_reply_probs": {
        "c7c5": 0.0005538625991903245,
        "e7e5": 0.007359102834016085,
        "e7e6": 6.838385413487913e-09,
        "c7c6": 4.3269537952639325e-10,
        "d7d5": 0.2538360357284546,
        "g8f6": 0.738227903842926,
        "g7g6": 2.419267808306813e-08,
        "d7d6": 6.260744811470431e-08
      },
      "other_mass": 2.3000924205929252e-05
    },
    "g2g3": {
      "fen_after_white": "rnbqkbnr/pppppppp/8/8/8/6P1/PPPPPP1P/RNBQKBNR b KQkq - 0 1",
      "black_reply_probs": {
        "c7c5": 0.0010214984649792314,
        "e7e5": 0.03588427975773811,
        "e7e6": 7.47758743813165e-09,
        "c7c6": 3.325362873951576e-09,
        "d7d5": 0.6096038222312927,
        "g8f6": 0.3534744381904602,
        "g7g6": 3.262676173676482e-08,
        "d7d6": 8.036043652737135e-08
      },
      "other_mass": 1.5837565381149332e-05
    },
    "b2b3": {
      "fen_after_white": "rnbqkbnr/pppppppp/8/8/8/1P6/P1PPPPPP/RNBQKBNR b KQkq - 0 1",
      "black_reply_probs": {
        "c7c5": 0.00011242737673455849,
        "e7e5": 0.021215200424194336,
        "e7e6": 3.383365365650093e-09,
        "c7c6": 1.6543445779948485e-10,
        "d7d5": 0.5119787454605103,
        "g8f6": 0.4666530191898346,
        "g7g6": 9.864769445755428e-09,
        "d7d6": 1.0677573492046122e-08
      },
      "other_mass": 4.0583457583509563e-05
    },
    "f2f4": {
      "fen_after_white": "rnbqkbnr/pppppppp/8/8/5P2/8/PPPPP1PP/RNBQKBNR b KQkq - 0 1",
      "black_reply_probs": {
        "c7c5": 0.00038895339821465313,
        "e7e5": 0.011400473304092884,
        "e7e6": 3.409526527775597e-08,
        "c7c6": 2.6174362677267027e-09,
        "d7d5": 0.6769150495529175,
        "g8f6": 0.3112809956073761,
        "g7g6": 2.2097312424307347e-08,
        "d7d6": 1.2077219935235917e-07
      },
      "other_mass": 1.4348555185561551e-05
    },
    "b2b4": {
      "fen_after_white": "rnbqkbnr/pppppppp/8/8/1P6/8/P1PPPPPP/RNBQKBNR b KQkq - 0 1",
      "black_reply_probs": {
        "c7c5": 6.578329703188501e-06,
        "e7e5": 0.017037028446793556,
        "e7e6": 1.3196026493744739e-08,
        "c7c6": 1.6809367786585483e-10,
        "d7d5": 0.633679211139679,
        "g8f6": 0.34927207231521606,
        "g7g6": 2.483459438096247e-09,
        "d7d6": 8.89858231545304e-09
      },
      "other_mass": 5.08502244633835e-06
    },
    "a2a4": {
      "fen_after_white": "rnbqkbnr/pppppppp/8/8/P7/8/1PPPPPPP/RNBQKBNR b KQkq - 0 1",
      "black_reply_probs": {
        "c7c5": 0.00029159089899621904,
        "e7e5": 0.017832942306995392,
        "e7e6": 1.0997196042694668e-08,
        "c7c6": 2.788413056009631e-09,
        "d7d5": 0.7326034903526306,
        "g8f6": 0.2492605298757553,
        "g7g6": 2.596634240958906e-09,
        "d7d6": 7.887472719403377e-08
      },
      "other_mass": 1.1351308651930125e-05
    }
  },
  "meta": {
    "elo_self": 2800,
    "elo_oppo": 2800,
    "temperature": 1.0,
    "maia_type": "blitz",
    "white_moves_probed": [
      "e2e4",
      "d2d4",
      "c2c4",
      "g1f3",
      "g2g3",
      "b2b3",
      "f2f4",
      "b2b4",
      "a2a4"
    ],
    "black_replies_probed": [
      "c7c5",
      "e7e5",
      "e7e6",
      "c7c6",
      "d7d5",
      "g8f6",
      "g7g6",
      "d7d6"
    ]
  }
}