{
  "white_first_move_probs": {
    "e2e4": 0.40375712513923645,
    "d2d4": 0.34230101108551025,
    "c2c4": 0.13336099684238434,
    "g1f3": 0.11089765280485153,
    "g2g3": 0.0009683177340775728,
    "b2b3": 0.0007527642301283777,
    "f2f4": 0.003526595886796713,
    "b2b4": 4.593564153765328e-05,
    "a2a4": 1.4024885786056984e-05
  },
  "white_other_mass": 0.004375575749691052,
  "black_reply_probs_cond_on_white": {
    "e2e4": {
      "fen_after_white": "rnbqkbnr/pppppppp/8/8/4P3/8/PPPP1PPP/RNBQKBNR b KQkq - 0 1",
      "black_reply_probs": {
        "c7c5": 0.9083717465400696,
        "e7e5": 0.018857726827263832,
        "e7e6": 0.0008683525375090539,
        "c7c6": 0.033403217792510986,
        "d7d5": 0.03215709328651428,
        "g8f6": 0.0015823340509086847,
        "g7g6": 0.00012813294597435743,
        "d7d6": 0.0012353163911029696
      },
      "other_mass": 0.0033960796281462535
    },
    "d2d4": {
      "fen_after_white": "rnbqkbnr/pppppppp/8/8/3P4/8/PPP1PPPP/RNBQKBNR b KQkq - 0 1",
      "black_reply_probs": {
        "c7c5": 0.008196203038096428,
        "e7e5": 0.009124075062572956,
        "e7e6": 0.005173019133508205,
        "c7c6": 0.001420348882675171,
        "d7d5": 0.7208540439605713,
        "g8f6": 0.24950376152992249,
        "g7g6": 0.002715934067964554,
        "d7d6": 0.0007521111983805895
      },
      "other_mass": 0.002260503126308322
    },
    "c2c4": {
      "fen_after_white": "rnbqkbnr/pppppppp/8/8/2P5/8/PP1PPPPP/RNBQKBNR b KQkq - 0 1",
      "black_reply_probs": {
        "c7c5": 0.19890446960926056,
        "e7e5": 0.47159260511398315,
        "e7e6": 0.010872981511056423,
        "c7c6": 0.00515918480232358,
        "d7d5": 0.12181627750396729,
        "g8f6": 0.16754837334156036,
        "g7g6": 0.003519211197271943,
        "d7d6": 0.005115736275911331
      },
      "other_mass": 0.01547116064466536
    },
    "g1f3": {
      "fen_after_white": "rnbqkbnr/pppppppp/8/8/8/5N2/PPPPPPPP/RNBQKB1R b KQkq - 1 1",
      "black_reply_probs": {
        "c7c5": 0.06853809207677841,
        "e7e5": 0.10117032378911972,
        "e7e6": 0.0006630838033743203,
        "c7c6": 0.00028721813578158617,
        "d7d5": 0.28698745369911194,
        "g8f6": 0.5378275513648987,
        "g7g6": 0.0015168342506513,
        "d7d6": 0.00062987906858325
      },
      "other_mass": 0.002379563811700791
    },
    "g2g3": {
      "fen_after_white": "rnbqkbnr/pppppppp/8/8/8/6P1/PPPPPP1P/RNBQKBNR b KQkq - 0 1",
      "black_reply_probs": {
        "c7c5": 0.09769414365291595,
        "e7e5": 0.5129234790802002,
        "e7e6": 0.0008769012056291103,
        "c7c6": 0.0016769288340583444,
        "d7d5": 0.26844310760498047,
        "g8f6": 0.11258861422538757,
        "g7g6": 0.001104746712371707,
        "d7d6": 0.0007031827117316425
      },
      "other_mass": 0.003988895972725004
    },
    "b2b3": {
      "fen_after_white": "rnbqkbnr/pppppppp/8/8/8/1P6/P1PPPPPP/RNBQKBNR b KQkq - 0 1",
      "black_reply_probs": {
        "c7c5": 0.052536897361278534,
        "e7e5": 0.47777602076530457,
        "e7e6": 0.0037663066759705544,
        "c7c6": 0.001656218315474689,
        "d7d5": 0.344211220741272,
        "g8f6": 0.10960766673088074,
        "g7g6": 0.003809591056779027,
        "d7d6": 0.000760546128731221
      },
      "other_mass": 0.005875532224308699
    },
    "f2f4": {
      "fen_after_white": "rnbqkbnr/pppppppp/8/8/5P2/8/PPPPP1PP/RNBQKBNR b KQkq - 0 1",
      "black_reply_probs": {
        "c7c5": 0.2571678161621094,
        "e7e5": 0.20374637842178345,
        "e7e6": 0.006825484801083803,
        "c7c6": 0.011039262637495995,
        "d7d5": 0.4143507778644562,
        "g8f6": 0.0977897197008133,
        "g7g6": 0.0015827127499505877,
        "d7d6": 0.002029895782470703
      },
      "other_mass": 0.005467951879836619
    },
    "b2b4": {
      "fen_after_white": "rnbqkbnr/pppppppp/8/8/1P6/8/P1PPPPPP/RNBQKBNR b KQkq - 0 1",
      "black_reply_probs": {
        "c7c5": 0.007614985108375549,
        "e7e5": 0.4003206193447113,
        "e7e6": 0.021131988614797592,
        "c7c6": 0.006840835325419903,
        "d7d5": 0.3858446776866913,
        "g8f6": 0.1492762267589569,
        "g7g6": 0.009749742224812508,
        "d7d6": 0.003043718868866563
      },
      "other_mass": 0.016177206067368388
    },
    "a2a4": {
      "fen_after_white": "rnbqkbnr/pppppppp/8/8/P7/8/1PPPPPPP/RNBQKBNR b KQkq - 0 1",
      "black_reply_probs": {
        "c7c5": 0.06863248348236084,
        "e7e5": 0.45092710852622986,
        "e7e6": 0.0018953054677695036,
        "c7c6": 0.0023228388745337725,
        "d7d5": 0.3659786581993103,
        "g8f6": 0.10322980582714081,
        "g7g6": 0.0007919894414953887,
        "d7d6": 0.001428125542588532
      },
      "other_mass": 0.004793684638570994
    }
  },
  "meta": {
    "elo_self": 2800,
    "elo_oppo": 2800,
    "temperature": 1.0,
    "maia_type": "blitz",
    "white_moves_probed": [
      "e2e4",
      "d2d4",
      "c2c4",
      "g1f3",
      "g2g3",
      "b2b3",
      "f2f4",
      "b2b4",
      "a2a4"
    ],
    "black_replies_probed": [
      "c7c5",
      "e7e5",
      "e7e6",
      "c7c6",
      "d7d5",
      "g8f6",
      "g7g6",
      "d7d6"
    ]
  }
}