loss,mean_logp_gap_policy_chosen_rejected,mean_logp_gap_base_chosen_rejected,mean_gap_improvement,top1_accuracy_on_chosen_policy,top1_accuracy_on_chosen_base,mean_p_chosen_policy,mean_p_chosen_base,mean_kl,mean_ent_pi,mean_ent_ref
0.02775099984278394,1.9933546957112027,1.8577810533116053,0.13557364135643585,0.42218632202477113,0.39768443726440494,0.32205246635504303,0.30536062578882744,0.16455450665797933,1.510227657008242,1.4548020767309795
