{"loss": 1.7962994466008604, "mean_logp_gap_policy_chosen_rejected": 1.9513065938150294, "mean_logp_gap_base_chosen_rejected": 1.6995984155740311, "mean_gap_improvement": 0.2517081939975649, "top1_accuracy_on_chosen_policy": 0.42738231917336394, "top1_accuracy_on_chosen_base": 0.40384615388037004, "mean_p_chosen_policy": 0.3243517429149794, "mean_p_chosen_base": 0.30496126149880487, "mean_kl": 0.17603667057092579, "mean_ent_pi": 1.5181741867766179, "mean_ent_ref": 1.5041903177988378, "top1_precision": 0.42738231917336394, "top1_recall": 0.42738231917336394, "top1_f1": 0.42738231917336394, "top3_precision": 0.7603329506314581, "top3_recall": 0.7603329506314581, "top3_f1": 0.7603329506314581, "top5_precision": 0.8673938002296211, "top5_recall": 0.8673938002296211, "top5_f1": 0.8673938002296211, "top10_precision": 0.9644087256027555, "top10_recall": 0.9644087256027555, "top10_f1": 0.9644087256027556, "mean_logp_gap_policy_chosen_rejected_cond_on_not_in_top_ten": 0.7560431848872792, "mean_logp_gap_base_chosen_rejected_cond_on_not_in_top_ten": 0.8503221309546268, "mean_gap_improvement_cond_on_not_in_top_ten": -0.09427894606734767, "top1_accuracy_on_chosen_policy_cond_on_not_in_top_ten": 0.23737373737373738, "top1_accuracy_on_chosen_base_cond_on_not_in_top_ten": 0.2676767676767677, "mean_p_chosen_policy_cond_on_not_in_top_ten": 0.1543176871705465, "mean_p_chosen_base_cond_on_not_in_top_ten": 0.16567141352781545, "mean_kl_cond_on_not_in_top_ten": 0.12188919143683061, "mean_ent_pi_cond_on_not_in_top_ten": 1.9298082952848588, "mean_ent_ref_cond_on_not_in_top_ten": 1.8234498387183806, "top1_precision_cond_on_not_in_top_ten": 0.23737373737373738, "top1_recall_cond_on_not_in_top_ten": 0.23737373737373738, "top1_f1_cond_on_not_in_top_ten": 0.2373737373737374, "top3_precision_cond_on_not_in_top_ten": 0.46464646464646464, "top3_recall_cond_on_not_in_top_ten": 0.46464646464646464, "top3_f1_cond_on_not_in_top_ten": 0.4646464646464646, "top5_precision_cond_on_not_in_top_ten": 0.6313131313131313, "top5_recall_cond_on_not_in_top_ten": 0.6313131313131313, "top5_f1_cond_on_not_in_top_ten": 0.6313131313131313, "top10_precision_cond_on_not_in_top_ten": 0.8535353535353535, "top10_recall_cond_on_not_in_top_ten": 0.8535353535353535, "top10_f1_cond_on_not_in_top_ten": 0.8535353535353536, "mean_logp_gap_policy_chosen_rejected_cond_on_in_top_ten": 2.023327954734743, "mean_logp_gap_base_chosen_rejected_cond_on_in_top_ten": 1.750772090190007, "mean_gap_improvement_cond_on_in_top_ten": 0.27255586617724314, "top1_accuracy_on_chosen_policy_cond_on_in_top_ten": 0.4388314059646987, "top1_accuracy_on_chosen_base_cond_on_in_top_ten": 0.4120511259890444, "mean_p_chosen_policy_cond_on_in_top_ten": 0.3345972510699994, "mean_p_chosen_base_cond_on_in_top_ten": 0.31335425540719486, "mean_kl_cond_on_in_top_ten": 0.17929936169820418, "mean_ent_pi_cond_on_in_top_ten": 1.4933709144970368, "mean_ent_ref_cond_on_in_top_ten": 1.4849531632778363, "top1_precision_cond_on_in_top_ten": 0.4388314059646987, "top1_recall_cond_on_in_top_ten": 0.4388314059646987, "top1_f1_cond_on_in_top_ten": 0.4388314059646988, "top3_precision_cond_on_in_top_ten": 0.7781497261107729, "top3_recall_cond_on_in_top_ten": 0.7781497261107729, "top3_f1_cond_on_in_top_ten": 0.778149726110773, "top5_precision_cond_on_in_top_ten": 0.8816189896530736, "top5_recall_cond_on_in_top_ten": 0.8816189896530736, "top5_f1_cond_on_in_top_ten": 0.8816189896530736, "top10_precision_cond_on_in_top_ten": 0.9710894704808277, "top10_recall_cond_on_in_top_ten": 0.9710894704808277, "top10_f1_cond_on_in_top_ten": 0.9710894704808277}