{"loss": 0.6372076776627148, "mean_logp_gap_policy_chosen_rejected": 8.425170934569822, "mean_logp_gap_base_chosen_rejected": 1.6995984155740311, "mean_gap_improvement": 6.725572636425837, "top1_accuracy_on_chosen_policy": 0.3312284730879502, "top1_accuracy_on_chosen_base": 0.40384615388037004, "mean_p_chosen_policy": 0.33010258333143766, "mean_p_chosen_base": 0.30496126149880487, "mean_kl": 1.0717544114274902, "mean_ent_pi": 0.32919117308785256, "mean_ent_ref": 1.5041903177988378, "top1_precision": 0.3312284730195178, "top1_recall": 0.3312284730195178, "top1_f1": 0.3312284730195178, "top3_precision": 0.6360505166475315, "top3_recall": 0.6360505166475315, "top3_f1": 0.6360505166475315, "top5_precision": 0.768369690011481, "top5_recall": 0.768369690011481, "top5_f1": 0.768369690011481, "top10_precision": 0.8935132032146957, "top10_recall": 0.8935132032146957, "top10_f1": 0.8935132032146956, "mean_logp_gap_policy_chosen_rejected_cond_on_not_in_top_ten": 4.31247755102437, "mean_logp_gap_base_chosen_rejected_cond_on_not_in_top_ten": 0.8503221309546268, "mean_gap_improvement_cond_on_not_in_top_ten": 3.4621554360245215, "top1_accuracy_on_chosen_policy_cond_on_not_in_top_ten": 0.17676767676767677, "top1_accuracy_on_chosen_base_cond_on_not_in_top_ten": 0.2676767676767677, "mean_p_chosen_policy_cond_on_not_in_top_ten": 0.17063765270080014, "mean_p_chosen_base_cond_on_not_in_top_ten": 0.16567141352781545, "mean_kl_cond_on_not_in_top_ten": 1.1073730796989467, "mean_ent_pi_cond_on_not_in_top_ten": 0.4313223036068569, "mean_ent_ref_cond_on_not_in_top_ten": 1.8234498387183806, "top1_precision_cond_on_not_in_top_ten": 0.17676767676767677, "top1_recall_cond_on_not_in_top_ten": 0.17676767676767677, "top1_f1_cond_on_not_in_top_ten": 0.17676767676767677, "top3_precision_cond_on_not_in_top_ten": 0.4292929292929293, "top3_recall_cond_on_not_in_top_ten": 0.4292929292929293, "top3_f1_cond_on_not_in_top_ten": 0.4292929292929293, "top5_precision_cond_on_not_in_top_ten": 0.5252525252525253, "top5_recall_cond_on_not_in_top_ten": 0.5252525252525253, "top5_f1_cond_on_not_in_top_ten": 0.5252525252525253, "top10_precision_cond_on_not_in_top_ten": 0.7626262626262627, "top10_recall_cond_on_not_in_top_ten": 0.7626262626262627, "top10_f1_cond_on_not_in_top_ten": 0.7626262626262627, "mean_logp_gap_policy_chosen_rejected_cond_on_in_top_ten": 8.67298392695729, "mean_logp_gap_base_chosen_rejected_cond_on_in_top_ten": 1.750772090190007, "mean_gap_improvement_cond_on_in_top_ten": 6.9222118405401885, "top1_accuracy_on_chosen_policy_cond_on_in_top_ten": 0.34053560559951307, "top1_accuracy_on_chosen_base_cond_on_in_top_ten": 0.4120511259890444, "mean_p_chosen_policy_cond_on_in_top_ten": 0.33971124399637354, "mean_p_chosen_base_cond_on_in_top_ten": 0.31335425540719486, "mean_kl_cond_on_in_top_ten": 1.0696081796920562, "mean_ent_pi_cond_on_in_top_ten": 0.3230371943111215, "mean_ent_ref_cond_on_in_top_ten": 1.4849531632778363, "top1_precision_cond_on_in_top_ten": 0.34053560559951307, "top1_recall_cond_on_in_top_ten": 0.34053560559951307, "top1_f1_cond_on_in_top_ten": 0.34053560559951307, "top3_precision_cond_on_in_top_ten": 0.6485088253195375, "top3_recall_cond_on_in_top_ten": 0.6485088253195375, "top3_f1_cond_on_in_top_ten": 0.6485088253195375, "top5_precision_cond_on_in_top_ten": 0.7830188679245284, "top5_recall_cond_on_in_top_ten": 0.7830188679245284, "top5_f1_cond_on_in_top_ten": 0.7830188679245284, "top10_precision_cond_on_in_top_ten": 0.9013998782714546, "top10_recall_cond_on_in_top_ten": 0.9013998782714546, "top10_f1_cond_on_in_top_ten": 0.9013998782714546}