loss,mean_logp_gap_policy_chosen_rejected,mean_logp_gap_base_chosen_rejected,mean_gap_improvement,top1_accuracy_on_chosen_policy,top1_accuracy_on_chosen_base,mean_p_chosen_policy,mean_p_chosen_base,mean_kl,mean_ent_pi,mean_ent_ref
0.5532059136748178,6.442065841158003,1.6995984155740311,4.742467536991965,0.3826061998045951,0.40384615388037004,0.375787492495043,0.30496126149880487,0.6850859665843293,0.457039414672983,1.5041903177988378
