loss,mean_logp_gap_policy_chosen_rejected,mean_logp_gap_base_chosen_rejected,mean_gap_improvement,top1_accuracy_on_chosen_policy,top1_accuracy_on_chosen_base,mean_p_chosen_policy,mean_p_chosen_base,mean_kl,mean_ent_pi,mean_ent_ref
1.875254822516414,2.018719895972724,1.6995984155740311,0.3191214812797602,0.4268082663605052,0.40384615388037004,0.32899120077063104,0.30496126149880487,0.17747733588667264,1.482029852171853,1.5041903177988378
