{"loss": 1.8067784713138533, "mean_logp_gap_policy_chosen_rejected": 1.9585052639690799, "mean_logp_gap_base_chosen_rejected": 1.6995984155740311, "mean_gap_improvement": 0.25890687427961456, "top1_accuracy_on_chosen_policy": 0.4233639494833525, "top1_accuracy_on_chosen_base": 0.40384615388037004, "mean_p_chosen_policy": 0.32447768759782225, "mean_p_chosen_base": 0.30496126149880487, "mean_kl": 0.1728288356565478, "mean_ent_pi": 1.5115725717643098, "mean_ent_ref": 1.5041903177988378, "top1_precision": 0.4233639494833525, "top1_recall": 0.4233639494833525, "top1_f1": 0.42336394948335243, "top3_precision": 0.7574626865671642, "top3_recall": 0.7574626865671642, "top3_f1": 0.7574626865671642, "top5_precision": 0.8679678530424799, "top5_recall": 0.8679678530424799, "top5_f1": 0.8679678530424799, "top10_precision": 0.9635476463834672, "top10_recall": 0.9635476463834672, "top10_f1": 0.9635476463834672, "mean_logp_gap_policy_chosen_rejected_cond_on_not_in_top_ten": 0.7849509454134739, "mean_logp_gap_base_chosen_rejected_cond_on_not_in_top_ten": 0.8503221309546268, "mean_gap_improvement_cond_on_not_in_top_ten": -0.06537118554115295, "top1_accuracy_on_chosen_policy_cond_on_not_in_top_ten": 0.22727272727272727, "top1_accuracy_on_chosen_base_cond_on_not_in_top_ten": 0.2676767676767677, "mean_p_chosen_policy_cond_on_not_in_top_ten": 0.15563982756345532, "mean_p_chosen_base_cond_on_not_in_top_ten": 0.16567141352781545, "mean_kl_cond_on_not_in_top_ten": 0.12261609858574553, "mean_ent_pi_cond_on_not_in_top_ten": 1.9236304528183408, "mean_ent_ref_cond_on_not_in_top_ten": 1.8234498387183806, "top1_precision_cond_on_not_in_top_ten": 0.22727272727272727, "top1_recall_cond_on_not_in_top_ten": 0.22727272727272727, "top1_f1_cond_on_not_in_top_ten": 0.22727272727272727, "top3_precision_cond_on_not_in_top_ten": 0.4595959595959596, "top3_recall_cond_on_not_in_top_ten": 0.4595959595959596, "top3_f1_cond_on_not_in_top_ten": 0.4595959595959596, "top5_precision_cond_on_not_in_top_ten": 0.6464646464646465, "top5_recall_cond_on_not_in_top_ten": 0.6464646464646465, "top5_f1_cond_on_not_in_top_ten": 0.6464646464646465, "top10_precision_cond_on_not_in_top_ten": 0.8484848484848485, "top10_recall_cond_on_not_in_top_ten": 0.8484848484848485, "top10_f1_cond_on_not_in_top_ten": 0.8484848484848485, "mean_logp_gap_policy_chosen_rejected_cond_on_in_top_ten": 2.0292185395321174, "mean_logp_gap_base_chosen_rejected_cond_on_in_top_ten": 1.750772090190007, "mean_gap_improvement_cond_on_in_top_ten": 0.27844645054835193, "top1_accuracy_on_chosen_policy_cond_on_in_top_ten": 0.4351795496043822, "top1_accuracy_on_chosen_base_cond_on_in_top_ten": 0.4120511259890444, "mean_p_chosen_policy_cond_on_in_top_ten": 0.3346511169948736, "mean_p_chosen_base_cond_on_in_top_ten": 0.31335425540719486, "mean_kl_cond_on_in_top_ten": 0.1758544348210091, "mean_ent_pi_cond_on_in_top_ten": 1.4867437638685888, "mean_ent_ref_cond_on_in_top_ten": 1.4849531632778363, "top1_precision_cond_on_in_top_ten": 0.4351795496043822, "top1_recall_cond_on_in_top_ten": 0.4351795496043822, "top1_f1_cond_on_in_top_ten": 0.4351795496043822, "top3_precision_cond_on_in_top_ten": 0.7754108338405356, "top3_recall_cond_on_in_top_ten": 0.7754108338405356, "top3_f1_cond_on_in_top_ten": 0.7754108338405356, "top5_precision_cond_on_in_top_ten": 0.8813146682897139, "top5_recall_cond_on_in_top_ten": 0.8813146682897139, "top5_f1_cond_on_in_top_ten": 0.881314668289714, "top10_precision_cond_on_in_top_ten": 0.9704808277541084, "top10_recall_cond_on_in_top_ten": 0.9704808277541084, "top10_f1_cond_on_in_top_ten": 0.9704808277541084}