{"loss": 2.012392994183213, "mean_logp_gap_policy_chosen_rejected": 2.1343715242896097, "mean_logp_gap_base_chosen_rejected": 1.6995984155740311, "mean_gap_improvement": 0.4347731467640085, "top1_accuracy_on_chosen_policy": 0.4250861079219288, "top1_accuracy_on_chosen_base": 0.40384615388037004, "mean_p_chosen_policy": 0.3354416912855702, "mean_p_chosen_base": 0.30496126149880487, "mean_kl": 0.17596018114624423, "mean_ent_pi": 1.4207028104024422, "mean_ent_ref": 1.5041903177988378, "top1_precision": 0.4250861079219288, "top1_recall": 0.4250861079219288, "top1_f1": 0.42508610792192875, "top3_precision": 0.7583237657864523, "top3_recall": 0.7583237657864523, "top3_f1": 0.7583237657864523, "top5_precision": 0.866532721010333, "top5_recall": 0.866532721010333, "top5_f1": 0.866532721010333, "top10_precision": 0.9626865671641791, "top10_recall": 0.9626865671641791, "top10_f1": 0.962686567164179, "mean_logp_gap_policy_chosen_rejected_cond_on_not_in_top_ten": 0.8877368214154484, "mean_logp_gap_base_chosen_rejected_cond_on_not_in_top_ten": 0.8503221309546268, "mean_gap_improvement_cond_on_not_in_top_ten": 0.0374146904608216, "top1_accuracy_on_chosen_policy_cond_on_not_in_top_ten": 0.24242424242424243, "top1_accuracy_on_chosen_base_cond_on_not_in_top_ten": 0.2676767676767677, "mean_p_chosen_policy_cond_on_not_in_top_ten": 0.16327689011692806, "mean_p_chosen_base_cond_on_not_in_top_ten": 0.16567141352781545, "mean_kl_cond_on_not_in_top_ten": 0.11757870100913663, "mean_ent_pi_cond_on_not_in_top_ten": 1.8129700835455547, "mean_ent_ref_cond_on_not_in_top_ten": 1.8234498387183806, "top1_precision_cond_on_not_in_top_ten": 0.24242424242424243, "top1_recall_cond_on_not_in_top_ten": 0.24242424242424243, "top1_f1_cond_on_not_in_top_ten": 0.24242424242424243, "top3_precision_cond_on_not_in_top_ten": 0.46464646464646464, "top3_recall_cond_on_not_in_top_ten": 0.46464646464646464, "top3_f1_cond_on_not_in_top_ten": 0.4646464646464646, "top5_precision_cond_on_not_in_top_ten": 0.6363636363636364, "top5_recall_cond_on_not_in_top_ten": 0.6363636363636364, "top5_f1_cond_on_not_in_top_ten": 0.6363636363636364, "top10_precision_cond_on_not_in_top_ten": 0.8585858585858586, "top10_recall_cond_on_not_in_top_ten": 0.8585858585858586, "top10_f1_cond_on_not_in_top_ten": 0.8585858585858586, "mean_logp_gap_policy_chosen_rejected_cond_on_in_top_ten": 2.2094883112031662, "mean_logp_gap_base_chosen_rejected_cond_on_in_top_ten": 1.750772090190007, "mean_gap_improvement_cond_on_in_top_ten": 0.4587162236977262, "top1_accuracy_on_chosen_policy_cond_on_in_top_ten": 0.43609251369446134, "top1_accuracy_on_chosen_base_cond_on_in_top_ten": 0.4120511259890444, "mean_p_chosen_policy_cond_on_in_top_ten": 0.34581559276905716, "mean_p_chosen_base_cond_on_in_top_ten": 0.31335425540719486, "mean_kl_cond_on_in_top_ten": 0.17947799553166516, "mean_ent_pi_cond_on_in_top_ten": 1.39706650297302, "mean_ent_ref_cond_on_in_top_ten": 1.4849531632778363, "top1_precision_cond_on_in_top_ten": 0.43609251369446134, "top1_recall_cond_on_in_top_ten": 0.43609251369446134, "top1_f1_cond_on_in_top_ten": 0.4360925136944613, "top3_precision_cond_on_in_top_ten": 0.776019476567255, "top3_recall_cond_on_in_top_ten": 0.776019476567255, "top3_f1_cond_on_in_top_ten": 0.776019476567255, "top5_precision_cond_on_in_top_ten": 0.8804017041996348, "top5_recall_cond_on_in_top_ten": 0.8804017041996348, "top5_f1_cond_on_in_top_ten": 0.8804017041996349, "top10_precision_cond_on_in_top_ten": 0.9689592209373098, "top10_recall_cond_on_in_top_ten": 0.9689592209373098, "top10_f1_cond_on_in_top_ten": 0.9689592209373097}