{"loss": 1.873019626302095, "mean_logp_gap_policy_chosen_rejected": 2.0390135108671834, "mean_logp_gap_base_chosen_rejected": 1.6995984155740311, "mean_gap_improvement": 0.3394150974958211, "top1_accuracy_on_chosen_policy": 0.4268082663605052, "top1_accuracy_on_chosen_base": 0.40384615388037004, "mean_p_chosen_policy": 0.32939523971724044, "mean_p_chosen_base": 0.30496126149880487, "mean_kl": 0.17833899581926768, "mean_ent_pi": 1.4736307336597028, "mean_ent_ref": 1.5041903177988378, "top1_precision": 0.4268082663605052, "top1_recall": 0.4268082663605052, "top1_f1": 0.4268082663605052, "top3_precision": 0.7594718714121699, "top3_recall": 0.7594718714121699, "top3_f1": 0.7594718714121699, "top5_precision": 0.8668197474167624, "top5_recall": 0.8668197474167624, "top5_f1": 0.8668197474167624, "top10_precision": 0.9641216991963261, "top10_recall": 0.9641216991963261, "top10_f1": 0.9641216991963261, "mean_logp_gap_policy_chosen_rejected_cond_on_not_in_top_ten": 0.7898598051432407, "mean_logp_gap_base_chosen_rejected_cond_on_not_in_top_ten": 0.8503221309546268, "mean_gap_improvement_cond_on_not_in_top_ten": -0.06046232581138611, "top1_accuracy_on_chosen_policy_cond_on_not_in_top_ten": 0.23232323232323232, "top1_accuracy_on_chosen_base_cond_on_not_in_top_ten": 0.2676767676767677, "mean_p_chosen_policy_cond_on_not_in_top_ten": 0.15663386805879947, "mean_p_chosen_base_cond_on_not_in_top_ten": 0.16567141352781545, "mean_kl_cond_on_not_in_top_ten": 0.12640349858944924, "mean_ent_pi_cond_on_not_in_top_ten": 1.8853519888538304, "mean_ent_ref_cond_on_not_in_top_ten": 1.8234498387183806, "top1_precision_cond_on_not_in_top_ten": 0.23232323232323232, "top1_recall_cond_on_not_in_top_ten": 0.23232323232323232, "top1_f1_cond_on_not_in_top_ten": 0.2323232323232323, "top3_precision_cond_on_not_in_top_ten": 0.4595959595959596, "top3_recall_cond_on_not_in_top_ten": 0.4595959595959596, "top3_f1_cond_on_not_in_top_ten": 0.4595959595959596, "top5_precision_cond_on_not_in_top_ten": 0.6313131313131313, "top5_recall_cond_on_not_in_top_ten": 0.6313131313131313, "top5_f1_cond_on_not_in_top_ten": 0.6313131313131313, "top10_precision_cond_on_not_in_top_ten": 0.8535353535353535, "top10_recall_cond_on_not_in_top_ten": 0.8535353535353535, "top10_f1_cond_on_not_in_top_ten": 0.8535353535353536, "mean_logp_gap_policy_chosen_rejected_cond_on_in_top_ten": 2.1142820521907986, "mean_logp_gap_base_chosen_rejected_cond_on_in_top_ten": 1.750772090190007, "mean_gap_improvement_cond_on_in_top_ten": 0.3635099651751109, "top1_accuracy_on_chosen_policy_cond_on_in_top_ten": 0.438527084601339, "top1_accuracy_on_chosen_base_cond_on_in_top_ten": 0.4120511259890444, "mean_p_chosen_policy_cond_on_in_top_ten": 0.33980508546527466, "mean_p_chosen_base_cond_on_in_top_ten": 0.31335425540719486, "mean_kl_cond_on_in_top_ten": 0.18146840076036966, "mean_ent_pi_cond_on_in_top_ten": 1.4488222008159783, "mean_ent_ref_cond_on_in_top_ten": 1.4849531632778363, "top1_precision_cond_on_in_top_ten": 0.438527084601339, "top1_recall_cond_on_in_top_ten": 0.438527084601339, "top1_f1_cond_on_in_top_ten": 0.438527084601339, "top3_precision_cond_on_in_top_ten": 0.7775410833840536, "top3_recall_cond_on_in_top_ten": 0.7775410833840536, "top3_f1_cond_on_in_top_ten": 0.7775410833840536, "top5_precision_cond_on_in_top_ten": 0.8810103469263543, "top5_recall_cond_on_in_top_ten": 0.8810103469263543, "top5_f1_cond_on_in_top_ten": 0.8810103469263542, "top10_precision_cond_on_in_top_ten": 0.970785149117468, "top10_recall_cond_on_in_top_ten": 0.970785149117468, "top10_f1_cond_on_in_top_ten": 0.970785149117468}