loss,mean_logp_gap_policy_chosen_rejected,mean_logp_gap_base_chosen_rejected,mean_gap_improvement,top1_accuracy_on_chosen_policy,top1_accuracy_on_chosen_base,mean_p_chosen_policy,mean_p_chosen_base,mean_kl,mean_ent_pi,mean_ent_ref
2.0258133400458282,2.025899388349426,1.6995984155740311,0.326300934607208,0.42135476450148185,0.40384615388037004,0.3285465150489873,0.30496126149880487,0.15066736242621623,1.4542359119167831,1.5041903177988378
