loss,mean_logp_gap_policy_chosen_rejected,mean_logp_gap_base_chosen_rejected,mean_gap_improvement,top1_accuracy_on_chosen_policy,top1_accuracy_on_chosen_base,mean_p_chosen_policy,mean_p_chosen_base,mean_kl,mean_ent_pi,mean_ent_ref
2.0300154469727647,2.1577888238580574,1.6995984155740311,0.4581904023817294,0.42508610778506395,0.40384615388037004,0.33570098466358556,0.30496126149880487,0.17659604245311358,1.4111734291989821,1.5041903177988378
