{"loss": 1.8830590547841946, "mean_logp_gap_policy_chosen_rejected": 1.9172347270799148, "mean_logp_gap_base_chosen_rejected": 1.6995984155740311, "mean_gap_improvement": 0.21763630699362055, "top1_accuracy_on_chosen_policy": 0.42451205510907003, "top1_accuracy_on_chosen_base": 0.40384615388037004, "mean_p_chosen_policy": 0.32249503024136295, "mean_p_chosen_base": 0.30496126149880487, "mean_kl": 0.15203724039160357, "mean_ent_pi": 1.5141182738248298, "mean_ent_ref": 1.5041903177988378, "top1_precision": 0.42451205510907003, "top1_recall": 0.42451205510907003, "top1_f1": 0.42451205510907003, "top3_precision": 0.7586107921928817, "top3_recall": 0.7586107921928817, "top3_f1": 0.7586107921928817, "top5_precision": 0.8653846153846154, "top5_recall": 0.8653846153846154, "top5_f1": 0.8653846153846154, "top10_precision": 0.9649827784156142, "top10_recall": 0.9649827784156142, "top10_f1": 0.9649827784156142, "mean_logp_gap_policy_chosen_rejected_cond_on_not_in_top_ten": 0.7764980928464369, "mean_logp_gap_base_chosen_rejected_cond_on_not_in_top_ten": 0.8503221309546268, "mean_gap_improvement_cond_on_not_in_top_ten": -0.0738240381081899, "top1_accuracy_on_chosen_policy_cond_on_not_in_top_ten": 0.24242424242424243, "top1_accuracy_on_chosen_base_cond_on_not_in_top_ten": 0.2676767676767677, "mean_p_chosen_policy_cond_on_not_in_top_ten": 0.15847151683846453, "mean_p_chosen_base_cond_on_not_in_top_ten": 0.16567141352781545, "mean_kl_cond_on_not_in_top_ten": 0.10018403457790481, "mean_ent_pi_cond_on_not_in_top_ten": 1.905125361425106, "mean_ent_ref_cond_on_not_in_top_ten": 1.8234498387183806, "top1_precision_cond_on_not_in_top_ten": 0.24242424242424243, "top1_recall_cond_on_not_in_top_ten": 0.24242424242424243, "top1_f1_cond_on_not_in_top_ten": 0.24242424242424243, "top3_precision_cond_on_not_in_top_ten": 0.46464646464646464, "top3_recall_cond_on_not_in_top_ten": 0.46464646464646464, "top3_f1_cond_on_not_in_top_ten": 0.4646464646464646, "top5_precision_cond_on_not_in_top_ten": 0.6363636363636364, "top5_recall_cond_on_not_in_top_ten": 0.6363636363636364, "top5_f1_cond_on_not_in_top_ten": 0.6363636363636364, "top10_precision_cond_on_not_in_top_ten": 0.8484848484848485, "top10_recall_cond_on_not_in_top_ten": 0.8484848484848485, "top10_f1_cond_on_not_in_top_ten": 0.8484848484848485, "mean_logp_gap_policy_chosen_rejected_cond_on_in_top_ten": 1.9859705240495744, "mean_logp_gap_base_chosen_rejected_cond_on_in_top_ten": 1.750772090190007, "mean_gap_improvement_cond_on_in_top_ten": 0.2351984355646303, "top1_accuracy_on_chosen_policy_cond_on_in_top_ten": 0.43548387096774194, "top1_accuracy_on_chosen_base_cond_on_in_top_ten": 0.4120511259890444, "mean_p_chosen_policy_cond_on_in_top_ten": 0.3323783720046593, "mean_p_chosen_base_cond_on_in_top_ten": 0.31335425540719486, "mean_kl_cond_on_in_top_ten": 0.15516168909749656, "mean_ent_pi_cond_on_in_top_ten": 1.490557911421631, "mean_ent_ref_cond_on_in_top_ten": 1.4849531632778363, "top1_precision_cond_on_in_top_ten": 0.43548387096774194, "top1_recall_cond_on_in_top_ten": 0.43548387096774194, "top1_f1_cond_on_in_top_ten": 0.43548387096774194, "top3_precision_cond_on_in_top_ten": 0.7763237979306147, "top3_recall_cond_on_in_top_ten": 0.7763237979306147, "top3_f1_cond_on_in_top_ten": 0.7763237979306147, "top5_precision_cond_on_in_top_ten": 0.879184418746196, "top5_recall_cond_on_in_top_ten": 0.879184418746196, "top5_f1_cond_on_in_top_ten": 0.8791844187461961, "top10_precision_cond_on_in_top_ten": 0.9720024345709068, "top10_recall_cond_on_in_top_ten": 0.9720024345709068, "top10_f1_cond_on_in_top_ten": 0.9720024345709068}