{"loss": 1.875254822516414, "mean_logp_gap_policy_chosen_rejected": 2.018719895972724, "mean_logp_gap_base_chosen_rejected": 1.6995984155740311, "mean_gap_improvement": 0.3191214812797602, "top1_accuracy_on_chosen_policy": 0.4268082663605052, "top1_accuracy_on_chosen_base": 0.40384615388037004, "mean_p_chosen_policy": 0.32899120077063104, "mean_p_chosen_base": 0.30496126149880487, "mean_kl": 0.17747733588667264, "mean_ent_pi": 1.482029852171853, "mean_ent_ref": 1.5041903177988378, "top1_precision": 0.4268082663605052, "top1_recall": 0.4268082663605052, "top1_f1": 0.4268082663605052, "top3_precision": 0.7606199770378875, "top3_recall": 0.7606199770378875, "top3_f1": 0.7606199770378875, "top5_precision": 0.8671067738231917, "top5_recall": 0.8671067738231917, "top5_f1": 0.8671067738231917, "top10_precision": 0.9646957520091849, "top10_recall": 0.9646957520091849, "top10_f1": 0.9646957520091848, "mean_logp_gap_policy_chosen_rejected_cond_on_not_in_top_ten": 0.7871902964331887, "mean_logp_gap_base_chosen_rejected_cond_on_not_in_top_ten": 0.8503221309546268, "mean_gap_improvement_cond_on_not_in_top_ten": -0.06313183452143814, "top1_accuracy_on_chosen_policy_cond_on_not_in_top_ten": 0.23232323232323232, "top1_accuracy_on_chosen_base_cond_on_not_in_top_ten": 0.2676767676767677, "mean_p_chosen_policy_cond_on_not_in_top_ten": 0.15636821651930927, "mean_p_chosen_base_cond_on_not_in_top_ten": 0.16567141352781545, "mean_kl_cond_on_not_in_top_ten": 0.12568034589022511, "mean_ent_pi_cond_on_not_in_top_ten": 1.8958982566390374, "mean_ent_ref_cond_on_not_in_top_ten": 1.8234498387183806, "top1_precision_cond_on_not_in_top_ten": 0.23232323232323232, "top1_recall_cond_on_not_in_top_ten": 0.23232323232323232, "top1_f1_cond_on_not_in_top_ten": 0.2323232323232323, "top3_precision_cond_on_not_in_top_ten": 0.45454545454545453, "top3_recall_cond_on_not_in_top_ten": 0.45454545454545453, "top3_f1_cond_on_not_in_top_ten": 0.45454545454545453, "top5_precision_cond_on_not_in_top_ten": 0.6414141414141414, "top5_recall_cond_on_not_in_top_ten": 0.6414141414141414, "top5_f1_cond_on_not_in_top_ten": 0.6414141414141414, "top10_precision_cond_on_not_in_top_ten": 0.8535353535353535, "top10_recall_cond_on_not_in_top_ten": 0.8535353535353535, "top10_f1_cond_on_not_in_top_ten": 0.8535353535353536, "mean_logp_gap_policy_chosen_rejected_cond_on_in_top_ten": 2.092926487943347, "mean_logp_gap_base_chosen_rejected_cond_on_in_top_ten": 1.750772090190007, "mean_gap_improvement_cond_on_in_top_ten": 0.34215439934956904, "top1_accuracy_on_chosen_policy_cond_on_in_top_ten": 0.438527084601339, "top1_accuracy_on_chosen_base_cond_on_in_top_ten": 0.4120511259890444, "mean_p_chosen_policy_cond_on_in_top_ten": 0.3393927108601278, "mean_p_chosen_base_cond_on_in_top_ten": 0.31335425540719486, "mean_kl_cond_on_in_top_ten": 0.1805983946796914, "mean_ent_pi_cond_on_in_top_ten": 1.4570919420559931, "mean_ent_ref_cond_on_in_top_ten": 1.4849531632778363, "top1_precision_cond_on_in_top_ten": 0.438527084601339, "top1_recall_cond_on_in_top_ten": 0.438527084601339, "top1_f1_cond_on_in_top_ten": 0.438527084601339, "top3_precision_cond_on_in_top_ten": 0.7790626902008521, "top3_recall_cond_on_in_top_ten": 0.7790626902008521, "top3_f1_cond_on_in_top_ten": 0.7790626902008521, "top5_precision_cond_on_in_top_ten": 0.8807060255629945, "top5_recall_cond_on_in_top_ten": 0.8807060255629945, "top5_f1_cond_on_in_top_ten": 0.8807060255629946, "top10_precision_cond_on_in_top_ten": 0.9713937918441875, "top10_recall_cond_on_in_top_ten": 0.9713937918441875, "top10_f1_cond_on_in_top_ten": 0.9713937918441875}