{"loss": 1.8762012833705863, "mean_logp_gap_policy_chosen_rejected": 2.03277339864133, "mean_logp_gap_base_chosen_rejected": 1.6995984155740311, "mean_gap_improvement": 0.3331749738887996, "top1_accuracy_on_chosen_policy": 0.4268082662236403, "top1_accuracy_on_chosen_base": 0.40384615388037004, "mean_p_chosen_policy": 0.32874023141050723, "mean_p_chosen_base": 0.30496126149880487, "mean_kl": 0.17705804024032828, "mean_ent_pi": 1.4787454050799873, "mean_ent_ref": 1.5041903177988378, "top1_precision": 0.4268082663605052, "top1_recall": 0.4268082663605052, "top1_f1": 0.4268082663605052, "top3_precision": 0.7617680826636051, "top3_recall": 0.7617680826636051, "top3_f1": 0.7617680826636052, "top5_precision": 0.8656716417910447, "top5_recall": 0.8656716417910447, "top5_f1": 0.8656716417910448, "top10_precision": 0.9626865671641791, "top10_recall": 0.9626865671641791, "top10_f1": 0.962686567164179, "mean_logp_gap_policy_chosen_rejected_cond_on_not_in_top_ten": 0.8081691430674659, "mean_logp_gap_base_chosen_rejected_cond_on_not_in_top_ten": 0.8503221309546268, "mean_gap_improvement_cond_on_not_in_top_ten": -0.042152987887160945, "top1_accuracy_on_chosen_policy_cond_on_not_in_top_ten": 0.23737373737373738, "top1_accuracy_on_chosen_base_cond_on_not_in_top_ten": 0.2676767676767677, "mean_p_chosen_policy_cond_on_not_in_top_ten": 0.1574178623361719, "mean_p_chosen_base_cond_on_not_in_top_ten": 0.16567141352781545, "mean_kl_cond_on_not_in_top_ten": 0.11755680364457834, "mean_ent_pi_cond_on_not_in_top_ten": 1.886874645195826, "mean_ent_ref_cond_on_not_in_top_ten": 1.8234498387183806, "top1_precision_cond_on_not_in_top_ten": 0.23737373737373738, "top1_recall_cond_on_not_in_top_ten": 0.23737373737373738, "top1_f1_cond_on_not_in_top_ten": 0.2373737373737374, "top3_precision_cond_on_not_in_top_ten": 0.47474747474747475, "top3_recall_cond_on_not_in_top_ten": 0.47474747474747475, "top3_f1_cond_on_not_in_top_ten": 0.4747474747474748, "top5_precision_cond_on_not_in_top_ten": 0.6363636363636364, "top5_recall_cond_on_not_in_top_ten": 0.6363636363636364, "top5_f1_cond_on_not_in_top_ten": 0.6363636363636364, "top10_precision_cond_on_not_in_top_ten": 0.8484848484848485, "top10_recall_cond_on_not_in_top_ten": 0.8484848484848485, "top10_f1_cond_on_not_in_top_ten": 0.8484848484848485, "mean_logp_gap_policy_chosen_rejected_cond_on_in_top_ten": 2.1065626868698124, "mean_logp_gap_base_chosen_rejected_cond_on_in_top_ten": 1.750772090190007, "mean_gap_improvement_cond_on_in_top_ten": 0.3557905983848682, "top1_accuracy_on_chosen_policy_cond_on_in_top_ten": 0.4382227632379793, "top1_accuracy_on_chosen_base_cond_on_in_top_ten": 0.4120511259890444, "mean_p_chosen_policy_cond_on_in_top_ten": 0.33906337051616714, "mean_p_chosen_base_cond_on_in_top_ten": 0.31335425540719486, "mean_kl_cond_on_in_top_ten": 0.1806433243476714, "mean_ent_pi_cond_on_in_top_ten": 1.4541533028442477, "mean_ent_ref_cond_on_in_top_ten": 1.4849531632778363, "top1_precision_cond_on_in_top_ten": 0.4382227632379793, "top1_recall_cond_on_in_top_ten": 0.4382227632379793, "top1_f1_cond_on_in_top_ten": 0.43822276323797926, "top3_precision_cond_on_in_top_ten": 0.7790626902008521, "top3_recall_cond_on_in_top_ten": 0.7790626902008521, "top3_f1_cond_on_in_top_ten": 0.7790626902008521, "top5_precision_cond_on_in_top_ten": 0.8794887401095557, "top5_recall_cond_on_in_top_ten": 0.8794887401095557, "top5_f1_cond_on_in_top_ten": 0.8794887401095556, "top10_precision_cond_on_in_top_ten": 0.9695678636640293, "top10_recall_cond_on_in_top_ten": 0.9695678636640293, "top10_f1_cond_on_in_top_ten": 0.9695678636640294}