loss,mean_logp_gap_policy_chosen_rejected,mean_logp_gap_base_chosen_rejected,mean_gap_improvement,top1_accuracy_on_chosen_policy,top1_accuracy_on_chosen_base,mean_p_chosen_policy,mean_p_chosen_base,mean_kl,mean_ent_pi,mean_ent_ref
0.5091743512008549,3.415092507131338,1.6995984155740311,1.7154940830716856,0.41102181390424,0.40384615388037004,0.37008618042471764,0.30496126149880487,0.21987355078744833,0.8935902864596327,1.5041903177988378
