{"loss": 1.8001856224955701, "mean_logp_gap_policy_chosen_rejected": 1.9800916437987757, "mean_logp_gap_base_chosen_rejected": 1.6995984155740311, "mean_gap_improvement": 0.2804932421165274, "top1_accuracy_on_chosen_policy": 0.42910447750929165, "top1_accuracy_on_chosen_base": 0.40384615388037004, "mean_p_chosen_policy": 0.3260109147097569, "mean_p_chosen_base": 0.30496126149880487, "mean_kl": 0.19035773867597947, "mean_ent_pi": 1.510290354319199, "mean_ent_ref": 1.5041903177988378, "top1_precision": 0.4291044776119403, "top1_recall": 0.4291044776119403, "top1_f1": 0.4291044776119403, "top3_precision": 0.7594718714121699, "top3_recall": 0.7594718714121699, "top3_f1": 0.7594718714121699, "top5_precision": 0.8668197474167624, "top5_recall": 0.8668197474167624, "top5_f1": 0.8668197474167624, "top10_precision": 0.9632606199770379, "top10_recall": 0.9632606199770379, "top10_f1": 0.9632606199770379, "mean_logp_gap_policy_chosen_rejected_cond_on_not_in_top_ten": 0.75779814973022, "mean_logp_gap_base_chosen_rejected_cond_on_not_in_top_ten": 0.8503221309546268, "mean_gap_improvement_cond_on_not_in_top_ten": -0.09252398122440685, "top1_accuracy_on_chosen_policy_cond_on_not_in_top_ten": 0.2222222222222222, "top1_accuracy_on_chosen_base_cond_on_not_in_top_ten": 0.2676767676767677, "mean_p_chosen_policy_cond_on_not_in_top_ten": 0.15314761607618438, "mean_p_chosen_base_cond_on_not_in_top_ten": 0.16567141352781545, "mean_kl_cond_on_not_in_top_ten": 0.12895563509341124, "mean_ent_pi_cond_on_not_in_top_ten": 1.9265725444061588, "mean_ent_ref_cond_on_not_in_top_ten": 1.8234498387183806, "top1_precision_cond_on_not_in_top_ten": 0.2222222222222222, "top1_recall_cond_on_not_in_top_ten": 0.2222222222222222, "top1_f1_cond_on_not_in_top_ten": 0.2222222222222222, "top3_precision_cond_on_not_in_top_ten": 0.45454545454545453, "top3_recall_cond_on_not_in_top_ten": 0.45454545454545453, "top3_f1_cond_on_not_in_top_ten": 0.45454545454545453, "top5_precision_cond_on_not_in_top_ten": 0.6262626262626263, "top5_recall_cond_on_not_in_top_ten": 0.6262626262626263, "top5_f1_cond_on_not_in_top_ten": 0.6262626262626263, "top10_precision_cond_on_not_in_top_ten": 0.8585858585858586, "top10_recall_cond_on_not_in_top_ten": 0.8585858585858586, "top10_f1_cond_on_not_in_top_ten": 0.8585858585858586, "mean_logp_gap_policy_chosen_rejected_cond_on_in_top_ten": 2.053741711227544, "mean_logp_gap_base_chosen_rejected_cond_on_in_top_ten": 1.750772090190007, "mean_gap_improvement_cond_on_in_top_ten": 0.30296962366768737, "top1_accuracy_on_chosen_policy_cond_on_in_top_ten": 0.4415702982349361, "top1_accuracy_on_chosen_base_cond_on_in_top_ten": 0.4120511259890444, "mean_p_chosen_policy_cond_on_in_top_ten": 0.3364269034417577, "mean_p_chosen_base_cond_on_in_top_ten": 0.31335425540719486, "mean_kl_cond_on_in_top_ten": 0.19405756052766795, "mean_ent_pi_cond_on_in_top_ten": 1.4852070010834608, "mean_ent_ref_cond_on_in_top_ten": 1.4849531632778363, "top1_precision_cond_on_in_top_ten": 0.4415702982349361, "top1_recall_cond_on_in_top_ten": 0.4415702982349361, "top1_f1_cond_on_in_top_ten": 0.44157029823493604, "top3_precision_cond_on_in_top_ten": 0.7778454047474133, "top3_recall_cond_on_in_top_ten": 0.7778454047474133, "top3_f1_cond_on_in_top_ten": 0.7778454047474133, "top5_precision_cond_on_in_top_ten": 0.8813146682897139, "top5_recall_cond_on_in_top_ten": 0.8813146682897139, "top5_f1_cond_on_in_top_ten": 0.881314668289714, "top10_precision_cond_on_in_top_ten": 0.9695678636640293, "top10_recall_cond_on_in_top_ten": 0.9695678636640293, "top10_f1_cond_on_in_top_ten": 0.9695678636640294}