{"loss": 1.8826700476362839, "mean_logp_gap_policy_chosen_rejected": 1.99664717153074, "mean_logp_gap_base_chosen_rejected": 1.6995984155740311, "mean_gap_improvement": 0.2970487308580467, "top1_accuracy_on_chosen_policy": 0.4239380021593464, "top1_accuracy_on_chosen_base": 0.40384615388037004, "mean_p_chosen_policy": 0.3266522618851076, "mean_p_chosen_base": 0.30496126149880487, "mean_kl": 0.16883963286175246, "mean_ent_pi": 1.4871261764476, "mean_ent_ref": 1.5041903177988378, "top1_precision": 0.42393800229621126, "top1_recall": 0.42393800229621126, "top1_f1": 0.4239380022962112, "top3_precision": 0.7583237657864523, "top3_recall": 0.7583237657864523, "top3_f1": 0.7583237657864523, "top5_precision": 0.8671067738231917, "top5_recall": 0.8671067738231917, "top5_f1": 0.8671067738231917, "top10_precision": 0.9615384615384616, "top10_recall": 0.9615384615384616, "top10_f1": 0.9615384615384615, "mean_logp_gap_policy_chosen_rejected_cond_on_not_in_top_ten": 0.8224663770560062, "mean_logp_gap_base_chosen_rejected_cond_on_not_in_top_ten": 0.8503221309546268, "mean_gap_improvement_cond_on_not_in_top_ten": -0.027855753898620605, "top1_accuracy_on_chosen_policy_cond_on_not_in_top_ten": 0.22727272727272727, "top1_accuracy_on_chosen_base_cond_on_not_in_top_ten": 0.2676767676767677, "mean_p_chosen_policy_cond_on_not_in_top_ten": 0.15861709171139124, "mean_p_chosen_base_cond_on_not_in_top_ten": 0.16567141352781545, "mean_kl_cond_on_not_in_top_ten": 0.12172810664233479, "mean_ent_pi_cond_on_not_in_top_ten": 1.8816893976746183, "mean_ent_ref_cond_on_not_in_top_ten": 1.8234498387183806, "top1_precision_cond_on_not_in_top_ten": 0.22727272727272727, "top1_recall_cond_on_not_in_top_ten": 0.22727272727272727, "top1_f1_cond_on_not_in_top_ten": 0.22727272727272727, "top3_precision_cond_on_not_in_top_ten": 0.4696969696969697, "top3_recall_cond_on_not_in_top_ten": 0.4696969696969697, "top3_f1_cond_on_not_in_top_ten": 0.4696969696969697, "top5_precision_cond_on_not_in_top_ten": 0.6464646464646465, "top5_recall_cond_on_not_in_top_ten": 0.6464646464646465, "top5_f1_cond_on_not_in_top_ten": 0.6464646464646465, "top10_precision_cond_on_not_in_top_ten": 0.8484848484848485, "top10_recall_cond_on_not_in_top_ten": 0.8484848484848485, "top10_f1_cond_on_not_in_top_ten": 0.8484848484848485, "mean_logp_gap_policy_chosen_rejected_cond_on_in_top_ten": 2.067398150121012, "mean_logp_gap_base_chosen_rejected_cond_on_in_top_ten": 1.750772090190007, "mean_gap_improvement_cond_on_in_top_ten": 0.3166260603119234, "top1_accuracy_on_chosen_policy_cond_on_in_top_ten": 0.43578819233110166, "top1_accuracy_on_chosen_base_cond_on_in_top_ten": 0.4120511259890444, "mean_p_chosen_policy_cond_on_in_top_ten": 0.33677732453216797, "mean_p_chosen_base_cond_on_in_top_ten": 0.31335425540719486, "mean_kl_cond_on_in_top_ten": 0.17167836833342057, "mean_ent_pi_cond_on_in_top_ten": 1.4633515037742755, "mean_ent_ref_cond_on_in_top_ten": 1.4849531632778363, "top1_precision_cond_on_in_top_ten": 0.43578819233110166, "top1_recall_cond_on_in_top_ten": 0.43578819233110166, "top1_f1_cond_on_in_top_ten": 0.43578819233110166, "top3_precision_cond_on_in_top_ten": 0.7757151552038953, "top3_recall_cond_on_in_top_ten": 0.7757151552038953, "top3_f1_cond_on_in_top_ten": 0.7757151552038953, "top5_precision_cond_on_in_top_ten": 0.8804017041996348, "top5_recall_cond_on_in_top_ten": 0.8804017041996348, "top5_f1_cond_on_in_top_ten": 0.8804017041996349, "top10_precision_cond_on_in_top_ten": 0.9683505782105903, "top10_recall_cond_on_in_top_ten": 0.9683505782105903, "top10_f1_cond_on_in_top_ten": 0.9683505782105902}