{"loss": 2.0133874153570797, "mean_logp_gap_policy_chosen_rejected": 2.1383139810660676, "mean_logp_gap_base_chosen_rejected": 1.6995984155740311, "mean_gap_improvement": 0.438715561882226, "top1_accuracy_on_chosen_policy": 0.4293915040183697, "top1_accuracy_on_chosen_base": 0.40384615388037004, "mean_p_chosen_policy": 0.3354096178277626, "mean_p_chosen_base": 0.30496126149880487, "mean_kl": 0.17861141055505872, "mean_ent_pi": 1.4237617074964242, "mean_ent_ref": 1.5041903177988378, "top1_precision": 0.4293915040183697, "top1_recall": 0.4293915040183697, "top1_f1": 0.4293915040183697, "top3_precision": 0.7640642939150402, "top3_recall": 0.7640642939150402, "top3_f1": 0.7640642939150402, "top5_precision": 0.865097588978186, "top5_recall": 0.865097588978186, "top5_f1": 0.8650975889781861, "top10_precision": 0.9629735935706085, "top10_recall": 0.9629735935706085, "top10_f1": 0.9629735935706086, "mean_logp_gap_policy_chosen_rejected_cond_on_not_in_top_ten": 0.8610913491610325, "mean_logp_gap_base_chosen_rejected_cond_on_not_in_top_ten": 0.8503221309546268, "mean_gap_improvement_cond_on_not_in_top_ten": 0.01076921820640564, "top1_accuracy_on_chosen_policy_cond_on_not_in_top_ten": 0.22727272727272727, "top1_accuracy_on_chosen_base_cond_on_not_in_top_ten": 0.2676767676767677, "mean_p_chosen_policy_cond_on_not_in_top_ten": 0.16131710773280625, "mean_p_chosen_base_cond_on_not_in_top_ten": 0.16567141352781545, "mean_kl_cond_on_not_in_top_ten": 0.11959306321887657, "mean_ent_pi_cond_on_not_in_top_ten": 1.8164107682879524, "mean_ent_ref_cond_on_not_in_top_ten": 1.8234498387183806, "top1_precision_cond_on_not_in_top_ten": 0.22727272727272727, "top1_recall_cond_on_not_in_top_ten": 0.22727272727272727, "top1_f1_cond_on_not_in_top_ten": 0.22727272727272727, "top3_precision_cond_on_not_in_top_ten": 0.45454545454545453, "top3_recall_cond_on_not_in_top_ten": 0.45454545454545453, "top3_f1_cond_on_not_in_top_ten": 0.45454545454545453, "top5_precision_cond_on_not_in_top_ten": 0.6262626262626263, "top5_recall_cond_on_not_in_top_ten": 0.6262626262626263, "top5_f1_cond_on_not_in_top_ten": 0.6262626262626263, "top10_precision_cond_on_not_in_top_ten": 0.8535353535353535, "top10_recall_cond_on_not_in_top_ten": 0.8535353535353535, "top10_f1_cond_on_not_in_top_ten": 0.8535353535353536, "mean_logp_gap_policy_chosen_rejected_cond_on_in_top_ten": 2.215273827169265, "mean_logp_gap_base_chosen_rejected_cond_on_in_top_ten": 1.750772090190007, "mean_gap_improvement_cond_on_in_top_ten": 0.4645017378317896, "top1_accuracy_on_chosen_policy_cond_on_in_top_ten": 0.4415702982349361, "top1_accuracy_on_chosen_base_cond_on_in_top_ten": 0.4120511259890444, "mean_p_chosen_policy_cond_on_in_top_ten": 0.3458996672155236, "mean_p_chosen_base_cond_on_in_top_ten": 0.31335425540719486, "mean_kl_cond_on_in_top_ten": 0.18216759719509473, "mean_ent_pi_cond_on_in_top_ten": 1.4001024107144646, "mean_ent_ref_cond_on_in_top_ten": 1.4849531632778363, "top1_precision_cond_on_in_top_ten": 0.4415702982349361, "top1_recall_cond_on_in_top_ten": 0.4415702982349361, "top1_f1_cond_on_in_top_ten": 0.44157029823493604, "top3_precision_cond_on_in_top_ten": 0.7827145465611686, "top3_recall_cond_on_in_top_ten": 0.7827145465611686, "top3_f1_cond_on_in_top_ten": 0.7827145465611686, "top5_precision_cond_on_in_top_ten": 0.8794887401095557, "top5_recall_cond_on_in_top_ten": 0.8794887401095557, "top5_f1_cond_on_in_top_ten": 0.8794887401095556, "top10_precision_cond_on_in_top_ten": 0.9695678636640293, "top10_recall_cond_on_in_top_ten": 0.9695678636640293, "top10_f1_cond_on_in_top_ten": 0.9695678636640294}