loss,mean_logp_gap_policy_chosen_rejected,mean_logp_gap_base_chosen_rejected,mean_gap_improvement,top1_accuracy_on_chosen_policy,top1_accuracy_on_chosen_base,mean_p_chosen_policy,mean_p_chosen_base,mean_kl,mean_ent_pi,mean_ent_ref
1.8001856224955701,1.9800916437987757,1.6995984155740311,0.2804932421165274,0.42910447750929165,0.40384615388037004,0.3260109147097569,0.30496126149880487,0.19035773867597947,1.510290354319199,1.5041903177988378
