{"loss": 2.0258133400458282, "mean_logp_gap_policy_chosen_rejected": 2.025899388349426, "mean_logp_gap_base_chosen_rejected": 1.6995984155740311, "mean_gap_improvement": 0.326300934607208, "top1_accuracy_on_chosen_policy": 0.42135476450148185, "top1_accuracy_on_chosen_base": 0.40384615388037004, "mean_p_chosen_policy": 0.3285465150489873, "mean_p_chosen_base": 0.30496126149880487, "mean_kl": 0.15066736242621623, "mean_ent_pi": 1.4542359119167831, "mean_ent_ref": 1.5041903177988378, "top1_precision": 0.4213547646383467, "top1_recall": 0.4213547646383467, "top1_f1": 0.4213547646383467, "top3_precision": 0.7614810562571757, "top3_recall": 0.7614810562571757, "top3_f1": 0.7614810562571757, "top5_precision": 0.8653846153846154, "top5_recall": 0.8653846153846154, "top5_f1": 0.8653846153846154, "top10_precision": 0.960390355912744, "top10_recall": 0.960390355912744, "top10_f1": 0.9603903559127441, "mean_logp_gap_policy_chosen_rejected_cond_on_not_in_top_ten": 0.8422739319127015, "mean_logp_gap_base_chosen_rejected_cond_on_not_in_top_ten": 0.8503221309546268, "mean_gap_improvement_cond_on_not_in_top_ten": -0.008048199041925296, "top1_accuracy_on_chosen_policy_cond_on_not_in_top_ten": 0.23737373737373738, "top1_accuracy_on_chosen_base_cond_on_not_in_top_ten": 0.2676767676767677, "mean_p_chosen_policy_cond_on_not_in_top_ten": 0.16175097330358199, "mean_p_chosen_base_cond_on_not_in_top_ten": 0.16567141352781545, "mean_kl_cond_on_not_in_top_ten": 0.09784683443175515, "mean_ent_pi_cond_on_not_in_top_ten": 1.8301047259809995, "mean_ent_ref_cond_on_not_in_top_ten": 1.8234498387183806, "top1_precision_cond_on_not_in_top_ten": 0.23737373737373738, "top1_recall_cond_on_not_in_top_ten": 0.23737373737373738, "top1_f1_cond_on_not_in_top_ten": 0.2373737373737374, "top3_precision_cond_on_not_in_top_ten": 0.4595959595959596, "top3_recall_cond_on_not_in_top_ten": 0.4595959595959596, "top3_f1_cond_on_not_in_top_ten": 0.4595959595959596, "top5_precision_cond_on_not_in_top_ten": 0.6363636363636364, "top5_recall_cond_on_not_in_top_ten": 0.6363636363636364, "top5_f1_cond_on_not_in_top_ten": 0.6363636363636364, "top10_precision_cond_on_not_in_top_ten": 0.8484848484848485, "top10_recall_cond_on_not_in_top_ten": 0.8484848484848485, "top10_f1_cond_on_not_in_top_ten": 0.8484848484848485, "mean_logp_gap_policy_chosen_rejected_cond_on_in_top_ten": 2.0972194398639408, "mean_logp_gap_base_chosen_rejected_cond_on_in_top_ten": 1.750772090190007, "mean_gap_improvement_cond_on_in_top_ten": 0.34644735154224765, "top1_accuracy_on_chosen_policy_cond_on_in_top_ten": 0.4324406573341449, "top1_accuracy_on_chosen_base_cond_on_in_top_ten": 0.4120511259890444, "mean_p_chosen_policy_cond_on_in_top_ten": 0.33859688833249657, "mean_p_chosen_base_cond_on_in_top_ten": 0.31335425540719486, "mean_kl_cond_on_in_top_ten": 0.15385009823144874, "mean_ent_pi_cond_on_in_top_ten": 1.4315877083865547, "mean_ent_ref_cond_on_in_top_ten": 1.4849531632778363, "top1_precision_cond_on_in_top_ten": 0.4324406573341449, "top1_recall_cond_on_in_top_ten": 0.4324406573341449, "top1_f1_cond_on_in_top_ten": 0.4324406573341449, "top3_precision_cond_on_in_top_ten": 0.7796713329275715, "top3_recall_cond_on_in_top_ten": 0.7796713329275715, "top3_f1_cond_on_in_top_ten": 0.7796713329275715, "top5_precision_cond_on_in_top_ten": 0.879184418746196, "top5_recall_cond_on_in_top_ten": 0.879184418746196, "top5_f1_cond_on_in_top_ten": 0.8791844187461961, "top10_precision_cond_on_in_top_ten": 0.9671332927571515, "top10_recall_cond_on_in_top_ten": 0.9671332927571515, "top10_f1_cond_on_in_top_ten": 0.9671332927571515}