loss,mean_logp_gap_policy_chosen_rejected,mean_logp_gap_base_chosen_rejected,mean_gap_improvement,top1_accuracy_on_chosen_policy,top1_accuracy_on_chosen_base,mean_p_chosen_policy,mean_p_chosen_base,mean_kl,mean_ent_pi,mean_ent_ref
0.5144515493638754,3.840947678934967,1.6995984155740311,2.1413493222128235,0.41044776119402987,0.40384615388037004,0.37677690869220776,0.30496126149880487,0.2884409065293116,0.8112003899058573,1.5041903177988378
