{"loss": 1.9024431988785104, "mean_logp_gap_policy_chosen_rejected": 1.6995984155740311, "mean_logp_gap_base_chosen_rejected": 1.6995984155740311, "mean_gap_improvement": 0.0, "top1_accuracy_on_chosen_policy": 0.40384615388037004, "top1_accuracy_on_chosen_base": 0.40384615388037004, "mean_p_chosen_policy": 0.30496126149880487, "mean_p_chosen_base": 0.30496126149880487, "mean_kl": 0.0, "mean_ent_pi": 1.5041903177988378, "mean_ent_ref": 1.5041903177988378, "top1_precision": 0.40384615384615385, "top1_recall": 0.40384615384615385, "top1_f1": 0.40384615384615385, "top3_precision": 0.7273249138920781, "top3_recall": 0.7273249138920781, "top3_f1": 0.7273249138920781, "top5_precision": 0.8395522388059702, "top5_recall": 0.8395522388059702, "top5_f1": 0.8395522388059702, "top10_precision": 0.9480482204362801, "top10_recall": 0.9480482204362801, "top10_f1": 0.94804822043628, "mean_logp_gap_policy_chosen_rejected_cond_on_not_in_top_ten": 0.8503221309546268, "mean_logp_gap_base_chosen_rejected_cond_on_not_in_top_ten": 0.8503221309546268, "mean_gap_improvement_cond_on_not_in_top_ten": 0.0, "top1_accuracy_on_chosen_policy_cond_on_not_in_top_ten": 0.2676767676767677, "top1_accuracy_on_chosen_base_cond_on_not_in_top_ten": 0.2676767676767677, "mean_p_chosen_policy_cond_on_not_in_top_ten": 0.16567141352781545, "mean_p_chosen_base_cond_on_not_in_top_ten": 0.16567141352781545, "mean_kl_cond_on_not_in_top_ten": 0.0, "mean_ent_pi_cond_on_not_in_top_ten": 1.8234498387183806, "mean_ent_ref_cond_on_not_in_top_ten": 1.8234498387183806, "top1_precision_cond_on_not_in_top_ten": 0.2676767676767677, "top1_recall_cond_on_not_in_top_ten": 0.2676767676767677, "top1_f1_cond_on_not_in_top_ten": 0.2676767676767677, "top3_precision_cond_on_not_in_top_ten": 0.48484848484848486, "top3_recall_cond_on_not_in_top_ten": 0.48484848484848486, "top3_f1_cond_on_not_in_top_ten": 0.48484848484848486, "top5_precision_cond_on_not_in_top_ten": 0.6262626262626263, "top5_recall_cond_on_not_in_top_ten": 0.6262626262626263, "top5_f1_cond_on_not_in_top_ten": 0.6262626262626263, "top10_precision_cond_on_not_in_top_ten": 0.8383838383838383, "top10_recall_cond_on_not_in_top_ten": 0.8383838383838383, "top10_f1_cond_on_not_in_top_ten": 0.8383838383838385, "mean_logp_gap_policy_chosen_rejected_cond_on_in_top_ten": 1.750772090190007, "mean_logp_gap_base_chosen_rejected_cond_on_in_top_ten": 1.750772090190007, "mean_gap_improvement_cond_on_in_top_ten": 0.0, "top1_accuracy_on_chosen_policy_cond_on_in_top_ten": 0.4120511259890444, "top1_accuracy_on_chosen_base_cond_on_in_top_ten": 0.4120511259890444, "mean_p_chosen_policy_cond_on_in_top_ten": 0.31335425540719486, "mean_p_chosen_base_cond_on_in_top_ten": 0.31335425540719486, "mean_kl_cond_on_in_top_ten": 0.0, "mean_ent_pi_cond_on_in_top_ten": 1.4849531632778363, "mean_ent_ref_cond_on_in_top_ten": 1.4849531632778363, "top1_precision_cond_on_in_top_ten": 0.4120511259890444, "top1_recall_cond_on_in_top_ten": 0.4120511259890444, "top1_f1_cond_on_in_top_ten": 0.4120511259890445, "top3_precision_cond_on_in_top_ten": 0.7419354838709677, "top3_recall_cond_on_in_top_ten": 0.7419354838709677, "top3_f1_cond_on_in_top_ten": 0.7419354838709677, "top5_precision_cond_on_in_top_ten": 0.8524041387705417, "top5_recall_cond_on_in_top_ten": 0.8524041387705417, "top5_f1_cond_on_in_top_ten": 0.8524041387705417, "top10_precision_cond_on_in_top_ten": 0.9546561168594035, "top10_recall_cond_on_in_top_ten": 0.9546561168594035, "top10_f1_cond_on_in_top_ten": 0.9546561168594035}