{"loss": 0.5091743512008549, "mean_logp_gap_policy_chosen_rejected": 3.415092507131338, "mean_logp_gap_base_chosen_rejected": 1.6995984155740311, "mean_gap_improvement": 1.7154940830716856, "top1_accuracy_on_chosen_policy": 0.41102181390424, "top1_accuracy_on_chosen_base": 0.40384615388037004, "mean_p_chosen_policy": 0.37008618042471764, "mean_p_chosen_base": 0.30496126149880487, "mean_kl": 0.21987355078744833, "mean_ent_pi": 0.8935902864596327, "mean_ent_ref": 1.5041903177988378, "top1_precision": 0.41102181400688864, "top1_recall": 0.41102181400688864, "top1_f1": 0.41102181400688864, "top3_precision": 0.7359357060849598, "top3_recall": 0.7359357060849598, "top3_f1": 0.7359357060849598, "top5_precision": 0.8587830080367393, "top5_recall": 0.8587830080367393, "top5_f1": 0.8587830080367393, "top10_precision": 0.9589552238805971, "top10_recall": 0.9589552238805971, "top10_f1": 0.9589552238805972, "mean_logp_gap_policy_chosen_rejected_cond_on_not_in_top_ten": 1.6678476128915343, "mean_logp_gap_base_chosen_rejected_cond_on_not_in_top_ten": 0.8503221309546268, "mean_gap_improvement_cond_on_not_in_top_ten": 0.8175254792276055, "top1_accuracy_on_chosen_policy_cond_on_not_in_top_ten": 0.26262626262626265, "top1_accuracy_on_chosen_base_cond_on_not_in_top_ten": 0.2676767676767677, "mean_p_chosen_policy_cond_on_not_in_top_ten": 0.20487465046477166, "mean_p_chosen_base_cond_on_not_in_top_ten": 0.16567141352781545, "mean_kl_cond_on_not_in_top_ten": 0.2028078158583605, "mean_ent_pi_cond_on_not_in_top_ten": 1.1648888713445025, "mean_ent_ref_cond_on_not_in_top_ten": 1.8234498387183806, "top1_precision_cond_on_not_in_top_ten": 0.26262626262626265, "top1_recall_cond_on_not_in_top_ten": 0.26262626262626265, "top1_f1_cond_on_not_in_top_ten": 0.26262626262626265, "top3_precision_cond_on_not_in_top_ten": 0.48484848484848486, "top3_recall_cond_on_not_in_top_ten": 0.48484848484848486, "top3_f1_cond_on_not_in_top_ten": 0.48484848484848486, "top5_precision_cond_on_not_in_top_ten": 0.6515151515151515, "top5_recall_cond_on_not_in_top_ten": 0.6515151515151515, "top5_f1_cond_on_not_in_top_ten": 0.6515151515151515, "top10_precision_cond_on_not_in_top_ten": 0.8383838383838383, "top10_recall_cond_on_not_in_top_ten": 0.8383838383838383, "top10_f1_cond_on_not_in_top_ten": 0.8383838383838385, "mean_logp_gap_policy_chosen_rejected_cond_on_in_top_ten": 3.520373813948541, "mean_logp_gap_base_chosen_rejected_cond_on_in_top_ten": 1.750772090190007, "mean_gap_improvement_cond_on_in_top_ten": 1.7696017256540564, "top1_accuracy_on_chosen_policy_cond_on_in_top_ten": 0.41996348143639683, "top1_accuracy_on_chosen_base_cond_on_in_top_ten": 0.4120511259890444, "mean_p_chosen_policy_cond_on_in_top_ten": 0.38004110700669463, "mean_p_chosen_base_cond_on_in_top_ten": 0.31335425540719486, "mean_kl_cond_on_in_top_ten": 0.22090185799161782, "mean_ent_pi_cond_on_in_top_ten": 0.877243005833152, "mean_ent_ref_cond_on_in_top_ten": 1.4849531632778363, "top1_precision_cond_on_in_top_ten": 0.41996348143639683, "top1_recall_cond_on_in_top_ten": 0.41996348143639683, "top1_f1_cond_on_in_top_ten": 0.41996348143639683, "top3_precision_cond_on_in_top_ten": 0.751065124771759, "top3_recall_cond_on_in_top_ten": 0.751065124771759, "top3_f1_cond_on_in_top_ten": 0.751065124771759, "top5_precision_cond_on_in_top_ten": 0.8712720632988435, "top5_recall_cond_on_in_top_ten": 0.8712720632988435, "top5_f1_cond_on_in_top_ten": 0.8712720632988435, "top10_precision_cond_on_in_top_ten": 0.9662203286670724, "top10_recall_cond_on_in_top_ten": 0.9662203286670724, "top10_f1_cond_on_in_top_ten": 0.9662203286670723}