{"loss": 0.5144515493638754, "mean_logp_gap_policy_chosen_rejected": 3.840947678934967, "mean_logp_gap_base_chosen_rejected": 1.6995984155740311, "mean_gap_improvement": 2.1413493222128235, "top1_accuracy_on_chosen_policy": 0.41044776119402987, "top1_accuracy_on_chosen_base": 0.40384615388037004, "mean_p_chosen_policy": 0.37677690869220776, "mean_p_chosen_base": 0.30496126149880487, "mean_kl": 0.2884409065293116, "mean_ent_pi": 0.8112003899058573, "mean_ent_ref": 1.5041903177988378, "top1_precision": 0.41044776119402987, "top1_recall": 0.41044776119402987, "top1_f1": 0.4104477611940299, "top3_precision": 0.7408151549942594, "top3_recall": 0.7408151549942594, "top3_f1": 0.7408151549942594, "top5_precision": 0.8584959816303099, "top5_recall": 0.8584959816303099, "top5_f1": 0.8584959816303099, "top10_precision": 0.9572330654420207, "top10_recall": 0.9572330654420207, "top10_f1": 0.9572330654420207, "mean_logp_gap_policy_chosen_rejected_cond_on_not_in_top_ten": 1.8739207143133336, "mean_logp_gap_base_chosen_rejected_cond_on_not_in_top_ten": 0.8503221309546268, "mean_gap_improvement_cond_on_not_in_top_ten": 1.023598579746304, "top1_accuracy_on_chosen_policy_cond_on_not_in_top_ten": 0.25252525252525254, "top1_accuracy_on_chosen_base_cond_on_not_in_top_ten": 0.2676767676767677, "mean_p_chosen_policy_cond_on_not_in_top_ten": 0.2076377632814507, "mean_p_chosen_base_cond_on_not_in_top_ten": 0.16567141352781545, "mean_kl_cond_on_not_in_top_ten": 0.2707023293701838, "mean_ent_pi_cond_on_not_in_top_ten": 1.0673294273379137, "mean_ent_ref_cond_on_not_in_top_ten": 1.8234498387183806, "top1_precision_cond_on_not_in_top_ten": 0.25252525252525254, "top1_recall_cond_on_not_in_top_ten": 0.25252525252525254, "top1_f1_cond_on_not_in_top_ten": 0.25252525252525254, "top3_precision_cond_on_not_in_top_ten": 0.494949494949495, "top3_recall_cond_on_not_in_top_ten": 0.494949494949495, "top3_f1_cond_on_not_in_top_ten": 0.494949494949495, "top5_precision_cond_on_not_in_top_ten": 0.6313131313131313, "top5_recall_cond_on_not_in_top_ten": 0.6313131313131313, "top5_f1_cond_on_not_in_top_ten": 0.6313131313131313, "top10_precision_cond_on_not_in_top_ten": 0.8333333333333334, "top10_recall_cond_on_not_in_top_ten": 0.8333333333333334, "top10_f1_cond_on_not_in_top_ten": 0.8333333333333334, "mean_logp_gap_policy_chosen_rejected_cond_on_in_top_ten": 3.9594721942505164, "mean_logp_gap_base_chosen_rejected_cond_on_in_top_ten": 1.750772090190007, "mean_gap_improvement_cond_on_in_top_ten": 2.2087001037340084, "top1_accuracy_on_chosen_policy_cond_on_in_top_ten": 0.41996348143639683, "top1_accuracy_on_chosen_base_cond_on_in_top_ten": 0.4120511259890444, "mean_p_chosen_policy_cond_on_in_top_ten": 0.3869684965554627, "mean_p_chosen_base_cond_on_in_top_ten": 0.31335425540719486, "mean_kl_cond_on_in_top_ten": 0.28950975336471635, "mean_ent_pi_cond_on_in_top_ten": 0.7957671698978124, "mean_ent_ref_cond_on_in_top_ten": 1.4849531632778363, "top1_precision_cond_on_in_top_ten": 0.41996348143639683, "top1_recall_cond_on_in_top_ten": 0.41996348143639683, "top1_f1_cond_on_in_top_ten": 0.41996348143639683, "top3_precision_cond_on_in_top_ten": 0.7556299452221545, "top3_recall_cond_on_in_top_ten": 0.7556299452221545, "top3_f1_cond_on_in_top_ten": 0.7556299452221545, "top5_precision_cond_on_in_top_ten": 0.8721850273889227, "top5_recall_cond_on_in_top_ten": 0.8721850273889227, "top5_f1_cond_on_in_top_ten": 0.8721850273889226, "top10_precision_cond_on_in_top_ten": 0.9646987218502739, "top10_recall_cond_on_in_top_ten": 0.9646987218502739, "top10_f1_cond_on_in_top_ten": 0.9646987218502739}