{"loss": 1.8033086645890597, "mean_logp_gap_policy_chosen_rejected": 1.954249343149424, "mean_logp_gap_base_chosen_rejected": 1.6995984155740311, "mean_gap_improvement": 0.2546509412276622, "top1_accuracy_on_chosen_policy": 0.4245120550064214, "top1_accuracy_on_chosen_base": 0.40384615388037004, "mean_p_chosen_policy": 0.3244413633571016, "mean_p_chosen_base": 0.30496126149880487, "mean_kl": 0.17698489631024691, "mean_ent_pi": 1.5142911986012684, "mean_ent_ref": 1.5041903177988378, "top1_precision": 0.42451205510907003, "top1_recall": 0.42451205510907003, "top1_f1": 0.42451205510907003, "top3_precision": 0.7597588978185993, "top3_recall": 0.7597588978185993, "top3_f1": 0.7597588978185993, "top5_precision": 0.8685419058553386, "top5_recall": 0.8685419058553386, "top5_f1": 0.8685419058553386, "top10_precision": 0.9635476463834672, "top10_recall": 0.9635476463834672, "top10_f1": 0.9635476463834672, "mean_logp_gap_policy_chosen_rejected_cond_on_not_in_top_ten": 0.769218046255786, "mean_logp_gap_base_chosen_rejected_cond_on_not_in_top_ten": 0.8503221309546268, "mean_gap_improvement_cond_on_not_in_top_ten": -0.08110408469884083, "top1_accuracy_on_chosen_policy_cond_on_not_in_top_ten": 0.24242424242424243, "top1_accuracy_on_chosen_base_cond_on_not_in_top_ten": 0.2676767676767677, "mean_p_chosen_policy_cond_on_not_in_top_ten": 0.1552912793577898, "mean_p_chosen_base_cond_on_not_in_top_ten": 0.16567141352781545, "mean_kl_cond_on_not_in_top_ten": 0.12446663804314655, "mean_ent_pi_cond_on_not_in_top_ten": 1.9260619561178516, "mean_ent_ref_cond_on_not_in_top_ten": 1.8234498387183806, "top1_precision_cond_on_not_in_top_ten": 0.24242424242424243, "top1_recall_cond_on_not_in_top_ten": 0.24242424242424243, "top1_f1_cond_on_not_in_top_ten": 0.24242424242424243, "top3_precision_cond_on_not_in_top_ten": 0.4595959595959596, "top3_recall_cond_on_not_in_top_ten": 0.4595959595959596, "top3_f1_cond_on_not_in_top_ten": 0.4595959595959596, "top5_precision_cond_on_not_in_top_ten": 0.6363636363636364, "top5_recall_cond_on_not_in_top_ten": 0.6363636363636364, "top5_f1_cond_on_not_in_top_ten": 0.6363636363636364, "top10_precision_cond_on_not_in_top_ten": 0.8535353535353535, "top10_recall_cond_on_not_in_top_ten": 0.8535353535353535, "top10_f1_cond_on_not_in_top_ten": 0.8535353535353536, "mean_logp_gap_policy_chosen_rejected_cond_on_in_top_ten": 2.025654158284587, "mean_logp_gap_base_chosen_rejected_cond_on_in_top_ten": 1.750772090190007, "mean_gap_improvement_cond_on_in_top_ten": 0.2748820693098911, "top1_accuracy_on_chosen_policy_cond_on_in_top_ten": 0.43548387096774194, "top1_accuracy_on_chosen_base_cond_on_in_top_ten": 0.4120511259890444, "mean_p_chosen_policy_cond_on_in_top_ten": 0.3346336079962575, "mean_p_chosen_base_cond_on_in_top_ten": 0.31335425540719486, "mean_kl_cond_on_in_top_ten": 0.18014941686744612, "mean_ent_pi_cond_on_in_top_ten": 1.4894796915826225, "mean_ent_ref_cond_on_in_top_ten": 1.4849531632778363, "top1_precision_cond_on_in_top_ten": 0.43548387096774194, "top1_recall_cond_on_in_top_ten": 0.43548387096774194, "top1_f1_cond_on_in_top_ten": 0.43548387096774194, "top3_precision_cond_on_in_top_ten": 0.7778454047474133, "top3_recall_cond_on_in_top_ten": 0.7778454047474133, "top3_f1_cond_on_in_top_ten": 0.7778454047474133, "top5_precision_cond_on_in_top_ten": 0.8825319537431527, "top5_recall_cond_on_in_top_ten": 0.8825319537431527, "top5_f1_cond_on_in_top_ten": 0.8825319537431526, "top10_precision_cond_on_in_top_ten": 0.9701765063907486, "top10_recall_cond_on_in_top_ten": 0.9701765063907486, "top10_f1_cond_on_in_top_ten": 0.9701765063907485}