{"loss": 0.5330739583131503, "mean_logp_gap_policy_chosen_rejected": 4.818986631014591, "mean_logp_gap_base_chosen_rejected": 1.6995984155740311, "mean_gap_improvement": 3.11938820531256, "top1_accuracy_on_chosen_policy": 0.40815154983994606, "top1_accuracy_on_chosen_base": 0.40384615388037004, "mean_p_chosen_policy": 0.38308256491591, "mean_p_chosen_base": 0.30496126149880487, "mean_kl": 0.4489860417648517, "mean_ent_pi": 0.6495449473198192, "mean_ent_ref": 1.5041903177988378, "top1_precision": 0.4081515499425947, "top1_recall": 0.4081515499425947, "top1_f1": 0.4081515499425947, "top3_precision": 0.7299081515499426, "top3_recall": 0.7299081515499426, "top3_f1": 0.7299081515499426, "top5_precision": 0.8470149253731343, "top5_recall": 0.8470149253731343, "top5_f1": 0.8470149253731343, "top10_precision": 0.9497703788748565, "top10_recall": 0.9497703788748565, "top10_f1": 0.9497703788748565, "mean_logp_gap_policy_chosen_rejected_cond_on_not_in_top_ten": 2.307504463376421, "mean_logp_gap_base_chosen_rejected_cond_on_not_in_top_ten": 0.8503221309546268, "mean_gap_improvement_cond_on_not_in_top_ten": 1.4571823294114585, "top1_accuracy_on_chosen_policy_cond_on_not_in_top_ten": 0.23737373737373738, "top1_accuracy_on_chosen_base_cond_on_not_in_top_ten": 0.2676767676767677, "mean_p_chosen_policy_cond_on_not_in_top_ten": 0.20644200141286648, "mean_p_chosen_base_cond_on_not_in_top_ten": 0.16567141352781545, "mean_kl_cond_on_not_in_top_ten": 0.41810042771388484, "mean_ent_pi_cond_on_not_in_top_ten": 0.8819246064251843, "mean_ent_ref_cond_on_not_in_top_ten": 1.8234498387183806, "top1_precision_cond_on_not_in_top_ten": 0.23737373737373738, "top1_recall_cond_on_not_in_top_ten": 0.23737373737373738, "top1_f1_cond_on_not_in_top_ten": 0.2373737373737374, "top3_precision_cond_on_not_in_top_ten": 0.4696969696969697, "top3_recall_cond_on_not_in_top_ten": 0.4696969696969697, "top3_f1_cond_on_not_in_top_ten": 0.4696969696969697, "top5_precision_cond_on_not_in_top_ten": 0.6262626262626263, "top5_recall_cond_on_not_in_top_ten": 0.6262626262626263, "top5_f1_cond_on_not_in_top_ten": 0.6262626262626263, "top10_precision_cond_on_not_in_top_ten": 0.8181818181818182, "top10_recall_cond_on_not_in_top_ten": 0.8181818181818182, "top10_f1_cond_on_not_in_top_ten": 0.8181818181818182, "mean_logp_gap_policy_chosen_rejected_cond_on_in_top_ten": 4.970317536222448, "mean_logp_gap_base_chosen_rejected_cond_on_in_top_ten": 1.750772090190007, "mean_gap_improvement_cond_on_in_top_ten": 3.219545446676375, "top1_accuracy_on_chosen_policy_cond_on_in_top_ten": 0.4184418746195983, "top1_accuracy_on_chosen_base_cond_on_in_top_ten": 0.4120511259890444, "mean_p_chosen_policy_cond_on_in_top_ten": 0.39372615469271416, "mean_p_chosen_base_cond_on_in_top_ten": 0.31335425540719486, "mean_kl_cond_on_in_top_ten": 0.4508470691649747, "mean_ent_pi_cond_on_in_top_ten": 0.6355427683783871, "mean_ent_ref_cond_on_in_top_ten": 1.4849531632778363, "top1_precision_cond_on_in_top_ten": 0.4184418746195983, "top1_recall_cond_on_in_top_ten": 0.4184418746195983, "top1_f1_cond_on_in_top_ten": 0.4184418746195983, "top3_precision_cond_on_in_top_ten": 0.7455873402312843, "top3_recall_cond_on_in_top_ten": 0.7455873402312843, "top3_f1_cond_on_in_top_ten": 0.7455873402312843, "top5_precision_cond_on_in_top_ten": 0.8603164942178941, "top5_recall_cond_on_in_top_ten": 0.8603164942178941, "top5_f1_cond_on_in_top_ten": 0.8603164942178941, "top10_precision_cond_on_in_top_ten": 0.9576993304930006, "top10_recall_cond_on_in_top_ten": 0.9576993304930006, "top10_f1_cond_on_in_top_ten": 0.9576993304930006}