loss,mean_logp_gap_policy_chosen_rejected,mean_logp_gap_base_chosen_rejected,mean_gap_improvement,top1_accuracy_on_chosen_policy,top1_accuracy_on_chosen_base,mean_p_chosen_policy,mean_p_chosen_base,mean_kl,mean_ent_pi,mean_ent_ref
1.8067784713138533,1.9585052639690799,1.6995984155740311,0.25890687427961456,0.4233639494833525,0.40384615388037004,0.32447768759782225,0.30496126149880487,0.1728288356565478,1.5115725717643098,1.5041903177988378
