loss,mean_logp_gap_policy_chosen_rejected,mean_logp_gap_base_chosen_rejected,mean_gap_improvement,top1_accuracy_on_chosen_policy,top1_accuracy_on_chosen_base,mean_p_chosen_policy,mean_p_chosen_base,mean_kl,mean_ent_pi,mean_ent_ref
1.8800581070914197,2.024940970023382,1.6995984155740311,0.32534257390982246,0.4245120549722052,0.40384615388037004,0.3285446762696473,0.30496126149880487,0.1893788288239428,1.4774363535006203,1.5041903177988378
