{"loss": 1.8800581070914197, "mean_logp_gap_policy_chosen_rejected": 2.024940970023382, "mean_logp_gap_base_chosen_rejected": 1.6995984155740311, "mean_gap_improvement": 0.32534257390982246, "top1_accuracy_on_chosen_policy": 0.4245120549722052, "top1_accuracy_on_chosen_base": 0.40384615388037004, "mean_p_chosen_policy": 0.3285446762696473, "mean_p_chosen_base": 0.30496126149880487, "mean_kl": 0.1893788288239428, "mean_ent_pi": 1.4774363535006203, "mean_ent_ref": 1.5041903177988378, "top1_precision": 0.42451205510907003, "top1_recall": 0.42451205510907003, "top1_f1": 0.42451205510907003, "top3_precision": 0.7577497129735936, "top3_recall": 0.7577497129735936, "top3_f1": 0.7577497129735936, "top5_precision": 0.8656716417910447, "top5_recall": 0.8656716417910447, "top5_f1": 0.8656716417910448, "top10_precision": 0.9629735935706085, "top10_recall": 0.9629735935706085, "top10_f1": 0.9629735935706086, "mean_logp_gap_policy_chosen_rejected_cond_on_not_in_top_ten": 0.8154427881794747, "mean_logp_gap_base_chosen_rejected_cond_on_not_in_top_ten": 0.8503221309546268, "mean_gap_improvement_cond_on_not_in_top_ten": -0.034879342775152186, "top1_accuracy_on_chosen_policy_cond_on_not_in_top_ten": 0.2222222222222222, "top1_accuracy_on_chosen_base_cond_on_not_in_top_ten": 0.2676767676767677, "mean_p_chosen_policy_cond_on_not_in_top_ten": 0.1580698928861018, "mean_p_chosen_base_cond_on_not_in_top_ten": 0.16567141352781545, "mean_kl_cond_on_not_in_top_ten": 0.12267954859499246, "mean_ent_pi_cond_on_not_in_top_ten": 1.8803234086042704, "mean_ent_ref_cond_on_not_in_top_ten": 1.8234498387183806, "top1_precision_cond_on_not_in_top_ten": 0.2222222222222222, "top1_recall_cond_on_not_in_top_ten": 0.2222222222222222, "top1_f1_cond_on_not_in_top_ten": 0.2222222222222222, "top3_precision_cond_on_not_in_top_ten": 0.4595959595959596, "top3_recall_cond_on_not_in_top_ten": 0.4595959595959596, "top3_f1_cond_on_not_in_top_ten": 0.4595959595959596, "top5_precision_cond_on_not_in_top_ten": 0.6363636363636364, "top5_recall_cond_on_not_in_top_ten": 0.6363636363636364, "top5_f1_cond_on_not_in_top_ten": 0.6363636363636364, "top10_precision_cond_on_not_in_top_ten": 0.8484848484848485, "top10_recall_cond_on_not_in_top_ten": 0.8484848484848485, "top10_f1_cond_on_not_in_top_ten": 0.8484848484848485, "mean_logp_gap_policy_chosen_rejected_cond_on_in_top_ten": 2.097820065466645, "mean_logp_gap_base_chosen_rejected_cond_on_in_top_ten": 1.750772090190007, "mean_gap_improvement_cond_on_in_top_ten": 0.3470479758208072, "top1_accuracy_on_chosen_policy_cond_on_in_top_ten": 0.4367011564211808, "top1_accuracy_on_chosen_base_cond_on_in_top_ten": 0.4120511259890444, "mean_p_chosen_policy_cond_on_in_top_ten": 0.33881674132001494, "mean_p_chosen_base_cond_on_in_top_ten": 0.31335425540719486, "mean_kl_cond_on_in_top_ten": 0.19339783520341758, "mean_ent_pi_cond_on_in_top_ten": 1.4531601377617176, "mean_ent_ref_cond_on_in_top_ten": 1.4849531632778363, "top1_precision_cond_on_in_top_ten": 0.4367011564211808, "top1_recall_cond_on_in_top_ten": 0.4367011564211808, "top1_f1_cond_on_in_top_ten": 0.4367011564211808, "top3_precision_cond_on_in_top_ten": 0.7757151552038953, "top3_recall_cond_on_in_top_ten": 0.7757151552038953, "top3_f1_cond_on_in_top_ten": 0.7757151552038953, "top5_precision_cond_on_in_top_ten": 0.8794887401095557, "top5_recall_cond_on_in_top_ten": 0.8794887401095557, "top5_f1_cond_on_in_top_ten": 0.8794887401095556, "top10_precision_cond_on_in_top_ten": 0.9698721850273889, "top10_recall_cond_on_in_top_ten": 0.9698721850273889, "top10_f1_cond_on_in_top_ten": 0.969872185027389}