loss,mean_logp_gap_policy_chosen_rejected,mean_logp_gap_base_chosen_rejected,mean_gap_improvement,top1_accuracy_on_chosen_policy,top1_accuracy_on_chosen_base,mean_p_chosen_policy,mean_p_chosen_base,mean_kl,mean_ent_pi,mean_ent_ref
2.0133874153570797,2.1383139810660676,1.6995984155740311,0.438715561882226,0.4293915040183697,0.40384615388037004,0.3354096178277626,0.30496126149880487,0.17861141055505872,1.4237617074964242,1.5041903177988378
