{"loss": 0.5900759654532344, "mean_logp_gap_policy_chosen_rejected": 7.634587707256751, "mean_logp_gap_base_chosen_rejected": 1.6995984155740311, "mean_gap_improvement": 5.934989245969858, "top1_accuracy_on_chosen_policy": 0.364810562640189, "top1_accuracy_on_chosen_base": 0.40384615388037004, "mean_p_chosen_policy": 0.3539642320366322, "mean_p_chosen_base": 0.30496126149880487, "mean_kl": 0.9132892891131641, "mean_ent_pi": 0.3668064295424386, "mean_ent_ref": 1.5041903177988378, "top1_precision": 0.3648105625717566, "top1_recall": 0.3648105625717566, "top1_f1": 0.3648105625717566, "top3_precision": 0.6733639494833524, "top3_recall": 0.6733639494833524, "top3_f1": 0.6733639494833524, "top5_precision": 0.7964982778415615, "top5_recall": 0.7964982778415615, "top5_f1": 0.7964982778415616, "top10_precision": 0.9153272101033295, "top10_recall": 0.9153272101033295, "top10_f1": 0.9153272101033295, "mean_logp_gap_policy_chosen_rejected_cond_on_not_in_top_ten": 3.8848411200022457, "mean_logp_gap_base_chosen_rejected_cond_on_not_in_top_ten": 0.8503221309546268, "mean_gap_improvement_cond_on_not_in_top_ten": 3.0345190028951627, "top1_accuracy_on_chosen_policy_cond_on_not_in_top_ten": 0.18686868686868688, "top1_accuracy_on_chosen_base_cond_on_not_in_top_ten": 0.2676767676767677, "mean_p_chosen_policy_cond_on_not_in_top_ten": 0.18051105712256518, "mean_p_chosen_base_cond_on_not_in_top_ten": 0.16567141352781545, "mean_kl_cond_on_not_in_top_ten": 0.9517461437957756, "mean_ent_pi_cond_on_not_in_top_ten": 0.4964951594857311, "mean_ent_ref_cond_on_not_in_top_ten": 1.8234498387183806, "top1_precision_cond_on_not_in_top_ten": 0.18686868686868688, "top1_recall_cond_on_not_in_top_ten": 0.18686868686868688, "top1_f1_cond_on_not_in_top_ten": 0.18686868686868688, "top3_precision_cond_on_not_in_top_ten": 0.41919191919191917, "top3_recall_cond_on_not_in_top_ten": 0.41919191919191917, "top3_f1_cond_on_not_in_top_ten": 0.4191919191919192, "top5_precision_cond_on_not_in_top_ten": 0.5656565656565656, "top5_recall_cond_on_not_in_top_ten": 0.5656565656565656, "top5_f1_cond_on_not_in_top_ten": 0.5656565656565656, "top10_precision_cond_on_not_in_top_ten": 0.7929292929292929, "top10_recall_cond_on_not_in_top_ten": 0.7929292929292929, "top10_f1_cond_on_not_in_top_ten": 0.7929292929292929, "mean_logp_gap_policy_chosen_rejected_cond_on_in_top_ten": 7.860530996297237, "mean_logp_gap_base_chosen_rejected_cond_on_in_top_ten": 1.750772090190007, "mean_gap_improvement_cond_on_in_top_ten": 6.109758908302045, "top1_accuracy_on_chosen_policy_cond_on_in_top_ten": 0.3755325623858795, "top1_accuracy_on_chosen_base_cond_on_in_top_ten": 0.4120511259890444, "mean_p_chosen_policy_cond_on_in_top_ten": 0.3644157587665256, "mean_p_chosen_base_cond_on_in_top_ten": 0.31335425540719486, "mean_kl_cond_on_in_top_ten": 0.9109720485109203, "mean_ent_pi_cond_on_in_top_ten": 0.3589919554110423, "mean_ent_ref_cond_on_in_top_ten": 1.4849531632778363, "top1_precision_cond_on_in_top_ten": 0.3755325623858795, "top1_recall_cond_on_in_top_ten": 0.3755325623858795, "top1_f1_cond_on_in_top_ten": 0.3755325623858795, "top3_precision_cond_on_in_top_ten": 0.6886792452830188, "top3_recall_cond_on_in_top_ten": 0.6886792452830188, "top3_f1_cond_on_in_top_ten": 0.6886792452830188, "top5_precision_cond_on_in_top_ten": 0.810407790626902, "top5_recall_cond_on_in_top_ten": 0.810407790626902, "top5_f1_cond_on_in_top_ten": 0.8104077906269022, "top10_precision_cond_on_in_top_ten": 0.9227023737066342, "top10_recall_cond_on_in_top_ten": 0.9227023737066342, "top10_f1_cond_on_in_top_ten": 0.9227023737066342}