loss,mean_logp_gap_policy_chosen_rejected,mean_logp_gap_base_chosen_rejected,mean_gap_improvement,top1_accuracy_on_chosen_policy,top1_accuracy_on_chosen_base,mean_p_chosen_policy,mean_p_chosen_base,mean_kl,mean_ent_pi,mean_ent_ref
1.8762012833705863,2.03277339864133,1.6995984155740311,0.3331749738887996,0.4268082662236403,0.40384615388037004,0.32874023141050723,0.30496126149880487,0.17705804024032828,1.4787454050799873,1.5041903177988378
