{"loss": 1.728667602747097, "mean_logp_gap_policy_chosen_rejected": 1.8820789818375037, "mean_logp_gap_base_chosen_rejected": 1.6995984155740311, "mean_gap_improvement": 0.1824805484881494, "top1_accuracy_on_chosen_policy": 0.42479908151549944, "top1_accuracy_on_chosen_base": 0.40384615388037004, "mean_p_chosen_policy": 0.32002454294676624, "mean_p_chosen_base": 0.30496126149880487, "mean_kl": 0.1812100866007545, "mean_ent_pi": 1.5537453328700892, "mean_ent_ref": 1.5041903177988378, "top1_precision": 0.42479908151549944, "top1_recall": 0.42479908151549944, "top1_f1": 0.4247990815154995, "top3_precision": 0.7600459242250287, "top3_recall": 0.7600459242250287, "top3_f1": 0.7600459242250287, "top5_precision": 0.866532721010333, "top5_recall": 0.866532721010333, "top5_f1": 0.866532721010333, "top10_precision": 0.9629735935706085, "top10_recall": 0.9629735935706085, "top10_f1": 0.9629735935706086, "mean_logp_gap_policy_chosen_rejected_cond_on_not_in_top_ten": 0.7444137506412737, "mean_logp_gap_base_chosen_rejected_cond_on_not_in_top_ten": 0.8503221309546268, "mean_gap_improvement_cond_on_not_in_top_ten": -0.1059083803133531, "top1_accuracy_on_chosen_policy_cond_on_not_in_top_ten": 0.23232323232323232, "top1_accuracy_on_chosen_base_cond_on_not_in_top_ten": 0.2676767676767677, "mean_p_chosen_policy_cond_on_not_in_top_ten": 0.15316304243687126, "mean_p_chosen_base_cond_on_not_in_top_ten": 0.16567141352781545, "mean_kl_cond_on_not_in_top_ten": 0.129811506143376, "mean_ent_pi_cond_on_not_in_top_ten": 1.9704569637624905, "mean_ent_ref_cond_on_not_in_top_ten": 1.8234498387183806, "top1_precision_cond_on_not_in_top_ten": 0.23232323232323232, "top1_recall_cond_on_not_in_top_ten": 0.23232323232323232, "top1_f1_cond_on_not_in_top_ten": 0.2323232323232323, "top3_precision_cond_on_not_in_top_ten": 0.46464646464646464, "top3_recall_cond_on_not_in_top_ten": 0.46464646464646464, "top3_f1_cond_on_not_in_top_ten": 0.4646464646464646, "top5_precision_cond_on_not_in_top_ten": 0.6313131313131313, "top5_recall_cond_on_not_in_top_ten": 0.6313131313131313, "top5_f1_cond_on_not_in_top_ten": 0.6313131313131313, "top10_precision_cond_on_not_in_top_ten": 0.8484848484848485, "top10_recall_cond_on_not_in_top_ten": 0.8484848484848485, "top10_f1_cond_on_not_in_top_ten": 0.8484848484848485, "mean_logp_gap_policy_chosen_rejected_cond_on_in_top_ten": 1.9506296962862397, "mean_logp_gap_base_chosen_rejected_cond_on_in_top_ten": 1.750772090190007, "mean_gap_improvement_cond_on_in_top_ten": 0.1998576078194347, "top1_accuracy_on_chosen_policy_cond_on_in_top_ten": 0.43639683505782106, "top1_accuracy_on_chosen_base_cond_on_in_top_ten": 0.4120511259890444, "mean_p_chosen_policy_cond_on_in_top_ten": 0.3300788867729692, "mean_p_chosen_base_cond_on_in_top_ten": 0.31335425540719486, "mean_kl_cond_on_in_top_ten": 0.1843071409173261, "mean_ent_pi_cond_on_in_top_ten": 1.5286361066229432, "mean_ent_ref_cond_on_in_top_ten": 1.4849531632778363, "top1_precision_cond_on_in_top_ten": 0.43639683505782106, "top1_recall_cond_on_in_top_ten": 0.43639683505782106, "top1_f1_cond_on_in_top_ten": 0.436396835057821, "top3_precision_cond_on_in_top_ten": 0.7778454047474133, "top3_recall_cond_on_in_top_ten": 0.7778454047474133, "top3_f1_cond_on_in_top_ten": 0.7778454047474133, "top5_precision_cond_on_in_top_ten": 0.8807060255629945, "top5_recall_cond_on_in_top_ten": 0.8807060255629945, "top5_f1_cond_on_in_top_ten": 0.8807060255629946, "top10_precision_cond_on_in_top_ten": 0.9698721850273889, "top10_recall_cond_on_in_top_ten": 0.9698721850273889, "top10_f1_cond_on_in_top_ten": 0.969872185027389}