loss,mean_logp_gap_policy_chosen_rejected,mean_logp_gap_base_chosen_rejected,mean_gap_improvement,top1_accuracy_on_chosen_policy,top1_accuracy_on_chosen_base,mean_p_chosen_policy,mean_p_chosen_base,mean_kl,mean_ent_pi,mean_ent_ref
1.8074459217993455,1.949383692133714,1.6995984155740311,0.2497852848913311,0.4256601605979227,0.40384615388037004,0.32404980138714085,0.30496126149880487,0.17057359399729494,1.5144844554732506,1.5041903177988378
