loss,mean_logp_gap_policy_chosen_rejected,mean_logp_gap_base_chosen_rejected,mean_gap_improvement,top1_accuracy_on_chosen_policy,top1_accuracy_on_chosen_base,mean_p_chosen_policy,mean_p_chosen_base,mean_kl,mean_ent_pi,mean_ent_ref
0.5330739583131503,4.818986631014591,1.6995984155740311,3.11938820531256,0.40815154983994606,0.40384615388037004,0.38308256491591,0.30496126149880487,0.4489860417648517,0.6495449473198192,1.5041903177988378
