{"loss": 0.5532059136748178, "mean_logp_gap_policy_chosen_rejected": 6.442065841158003, "mean_logp_gap_base_chosen_rejected": 1.6995984155740311, "mean_gap_improvement": 4.742467536991965, "top1_accuracy_on_chosen_policy": 0.3826061998045951, "top1_accuracy_on_chosen_base": 0.40384615388037004, "mean_p_chosen_policy": 0.375787492495043, "mean_p_chosen_base": 0.30496126149880487, "mean_kl": 0.6850859665843293, "mean_ent_pi": 0.457039414672983, "mean_ent_ref": 1.5041903177988378, "top1_precision": 0.38260619977037885, "top1_recall": 0.38260619977037885, "top1_f1": 0.38260619977037885, "top3_precision": 0.7060849598163031, "top3_recall": 0.7060849598163031, "top3_f1": 0.7060849598163031, "top5_precision": 0.8274971297359357, "top5_recall": 0.8274971297359357, "top5_f1": 0.8274971297359357, "top10_precision": 0.9371412169919633, "top10_recall": 0.9371412169919633, "top10_f1": 0.9371412169919634, "mean_logp_gap_policy_chosen_rejected_cond_on_not_in_top_ten": 3.1536485721366576, "mean_logp_gap_base_chosen_rejected_cond_on_not_in_top_ten": 0.8503221309546268, "mean_gap_improvement_cond_on_not_in_top_ten": 2.303326447503735, "top1_accuracy_on_chosen_policy_cond_on_not_in_top_ten": 0.19696969696969696, "top1_accuracy_on_chosen_base_cond_on_not_in_top_ten": 0.2676767676767677, "mean_p_chosen_policy_cond_on_not_in_top_ten": 0.1997048962913133, "mean_p_chosen_base_cond_on_not_in_top_ten": 0.16567141352781545, "mean_kl_cond_on_not_in_top_ten": 0.7026797246959324, "mean_ent_pi_cond_on_not_in_top_ten": 0.6400135906140606, "mean_ent_ref_cond_on_not_in_top_ten": 1.8234498387183806, "top1_precision_cond_on_not_in_top_ten": 0.19696969696969696, "top1_recall_cond_on_not_in_top_ten": 0.19696969696969696, "top1_f1_cond_on_not_in_top_ten": 0.19696969696969693, "top3_precision_cond_on_not_in_top_ten": 0.4444444444444444, "top3_recall_cond_on_not_in_top_ten": 0.4444444444444444, "top3_f1_cond_on_not_in_top_ten": 0.4444444444444444, "top5_precision_cond_on_not_in_top_ten": 0.5959595959595959, "top5_recall_cond_on_not_in_top_ten": 0.5959595959595959, "top5_f1_cond_on_not_in_top_ten": 0.5959595959595959, "top10_precision_cond_on_not_in_top_ten": 0.7929292929292929, "top10_recall_cond_on_not_in_top_ten": 0.7929292929292929, "top10_f1_cond_on_not_in_top_ten": 0.7929292929292929, "mean_logp_gap_policy_chosen_rejected_cond_on_in_top_ten": 6.640211586500912, "mean_logp_gap_base_chosen_rejected_cond_on_in_top_ten": 1.750772090190007, "mean_gap_improvement_cond_on_in_top_ten": 4.889439497997829, "top1_accuracy_on_chosen_policy_cond_on_in_top_ten": 0.39379184418746194, "top1_accuracy_on_chosen_base_cond_on_in_top_ten": 0.4120511259890444, "mean_p_chosen_policy_cond_on_in_top_ten": 0.386397461357979, "mean_p_chosen_base_cond_on_in_top_ten": 0.31335425540719486, "mean_kl_cond_on_in_top_ten": 0.6840258376213615, "mean_ent_pi_cond_on_in_top_ten": 0.44601419441091206, "mean_ent_ref_cond_on_in_top_ten": 1.4849531632778363, "top1_precision_cond_on_in_top_ten": 0.39379184418746194, "top1_recall_cond_on_in_top_ten": 0.39379184418746194, "top1_f1_cond_on_in_top_ten": 0.39379184418746194, "top3_precision_cond_on_in_top_ten": 0.7218502738892271, "top3_recall_cond_on_in_top_ten": 0.7218502738892271, "top3_f1_cond_on_in_top_ten": 0.7218502738892271, "top5_precision_cond_on_in_top_ten": 0.8414485696895923, "top5_recall_cond_on_in_top_ten": 0.8414485696895923, "top5_f1_cond_on_in_top_ten": 0.8414485696895923, "top10_precision_cond_on_in_top_ten": 0.945830797321972, "top10_recall_cond_on_in_top_ten": 0.945830797321972, "top10_f1_cond_on_in_top_ten": 0.9458307973219718}