{"loss": 0.5295695832553058, "mean_logp_gap_policy_chosen_rejected": 1.5738850629425487, "mean_logp_gap_base_chosen_rejected": 1.6995984155740311, "mean_gap_improvement": -0.1257133362419159, "top1_accuracy_on_chosen_policy": 0.4150401836969001, "top1_accuracy_on_chosen_base": 0.40384615388037004, "mean_p_chosen_policy": 0.2841535335498617, "mean_p_chosen_base": 0.30496126149880487, "mean_kl": 0.1520882748862906, "mean_ent_pi": 1.7572552001298363, "mean_ent_ref": 1.5041903177988378, "top1_precision": 0.4150401836969001, "top1_recall": 0.4150401836969001, "top1_f1": 0.41504018369690016, "top3_precision": 0.7474167623421355, "top3_recall": 0.7474167623421355, "top3_f1": 0.7474167623421355, "top5_precision": 0.863662456946039, "top5_recall": 0.863662456946039, "top5_f1": 0.863662456946039, "top10_precision": 0.9621125143513203, "top10_recall": 0.9621125143513203, "top10_f1": 0.9621125143513203, "mean_logp_gap_policy_chosen_rejected_cond_on_not_in_top_ten": 0.6802050028786515, "mean_logp_gap_base_chosen_rejected_cond_on_not_in_top_ten": 0.8503221309546268, "mean_gap_improvement_cond_on_not_in_top_ten": -0.17011712807597537, "top1_accuracy_on_chosen_policy_cond_on_not_in_top_ten": 0.25252525252525254, "top1_accuracy_on_chosen_base_cond_on_not_in_top_ten": 0.2676767676767677, "mean_p_chosen_policy_cond_on_not_in_top_ten": 0.14489138648184394, "mean_p_chosen_base_cond_on_not_in_top_ten": 0.16567141352781545, "mean_kl_cond_on_not_in_top_ten": 0.12434192277453464, "mean_ent_pi_cond_on_not_in_top_ten": 2.151270587787484, "mean_ent_ref_cond_on_not_in_top_ten": 1.8234498387183806, "top1_precision_cond_on_not_in_top_ten": 0.25252525252525254, "top1_recall_cond_on_not_in_top_ten": 0.25252525252525254, "top1_f1_cond_on_not_in_top_ten": 0.25252525252525254, "top3_precision_cond_on_not_in_top_ten": 0.48484848484848486, "top3_recall_cond_on_not_in_top_ten": 0.48484848484848486, "top3_f1_cond_on_not_in_top_ten": 0.48484848484848486, "top5_precision_cond_on_not_in_top_ten": 0.6212121212121212, "top5_recall_cond_on_not_in_top_ten": 0.6212121212121212, "top5_f1_cond_on_not_in_top_ten": 0.6212121212121212, "top10_precision_cond_on_not_in_top_ten": 0.8484848484848485, "top10_recall_cond_on_not_in_top_ten": 0.8484848484848485, "top10_f1_cond_on_not_in_top_ten": 0.8484848484848485, "mean_logp_gap_policy_chosen_rejected_cond_on_in_top_ten": 1.627734332233758, "mean_logp_gap_base_chosen_rejected_cond_on_in_top_ten": 1.750772090190007, "mean_gap_improvement_cond_on_in_top_ten": -0.1230377563418808, "top1_accuracy_on_chosen_policy_cond_on_in_top_ten": 0.42483262325015214, "top1_accuracy_on_chosen_base_cond_on_in_top_ten": 0.4120511259890444, "mean_p_chosen_policy_cond_on_in_top_ten": 0.2925448601081963, "mean_p_chosen_base_cond_on_in_top_ten": 0.31335425540719486, "mean_kl_cond_on_in_top_ten": 0.1537601503139893, "mean_ent_pi_cond_on_in_top_ten": 1.7335135597804798, "mean_ent_ref_cond_on_in_top_ten": 1.4849531632778363, "top1_precision_cond_on_in_top_ten": 0.42483262325015214, "top1_recall_cond_on_in_top_ten": 0.42483262325015214, "top1_f1_cond_on_in_top_ten": 0.42483262325015214, "top3_precision_cond_on_in_top_ten": 0.7632379793061473, "top3_recall_cond_on_in_top_ten": 0.7632379793061473, "top3_f1_cond_on_in_top_ten": 0.7632379793061473, "top5_precision_cond_on_in_top_ten": 0.8782714546561169, "top5_recall_cond_on_in_top_ten": 0.8782714546561169, "top5_f1_cond_on_in_top_ten": 0.8782714546561169, "top10_precision_cond_on_in_top_ten": 0.9689592209373098, "top10_recall_cond_on_in_top_ten": 0.9689592209373098, "top10_f1_cond_on_in_top_ten": 0.9689592209373097}