{"loss": 1.800769437194281, "mean_logp_gap_policy_chosen_rejected": 1.9464888361920993, "mean_logp_gap_base_chosen_rejected": 1.6995984155740311, "mean_gap_improvement": 0.2468904553988497, "top1_accuracy_on_chosen_policy": 0.425947187141217, "top1_accuracy_on_chosen_base": 0.40384615388037004, "mean_p_chosen_policy": 0.32452353414246465, "mean_p_chosen_base": 0.30496126149880487, "mean_kl": 0.17877204063531316, "mean_ent_pi": 1.517088959055571, "mean_ent_ref": 1.5041903177988378, "top1_precision": 0.425947187141217, "top1_recall": 0.425947187141217, "top1_f1": 0.425947187141217, "top3_precision": 0.7617680826636051, "top3_recall": 0.7617680826636051, "top3_f1": 0.7617680826636052, "top5_precision": 0.8671067738231917, "top5_recall": 0.8671067738231917, "top5_f1": 0.8671067738231917, "top10_precision": 0.9635476463834672, "top10_recall": 0.9635476463834672, "top10_f1": 0.9635476463834672, "mean_logp_gap_policy_chosen_rejected_cond_on_not_in_top_ten": 0.7784334634891664, "mean_logp_gap_base_chosen_rejected_cond_on_not_in_top_ten": 0.8503221309546268, "mean_gap_improvement_cond_on_not_in_top_ten": -0.07188866746546042, "top1_accuracy_on_chosen_policy_cond_on_not_in_top_ten": 0.23737373737373738, "top1_accuracy_on_chosen_base_cond_on_not_in_top_ten": 0.2676767676767677, "mean_p_chosen_policy_cond_on_not_in_top_ten": 0.15581442159710798, "mean_p_chosen_base_cond_on_not_in_top_ten": 0.16567141352781545, "mean_kl_cond_on_not_in_top_ten": 0.12511229007493122, "mean_ent_pi_cond_on_not_in_top_ten": 1.9273972329918785, "mean_ent_ref_cond_on_not_in_top_ten": 1.8234498387183806, "top1_precision_cond_on_not_in_top_ten": 0.23737373737373738, "top1_recall_cond_on_not_in_top_ten": 0.23737373737373738, "top1_f1_cond_on_not_in_top_ten": 0.2373737373737374, "top3_precision_cond_on_not_in_top_ten": 0.4595959595959596, "top3_recall_cond_on_not_in_top_ten": 0.4595959595959596, "top3_f1_cond_on_not_in_top_ten": 0.4595959595959596, "top5_precision_cond_on_not_in_top_ten": 0.6414141414141414, "top5_recall_cond_on_not_in_top_ten": 0.6414141414141414, "top5_f1_cond_on_not_in_top_ten": 0.6414141414141414, "top10_precision_cond_on_not_in_top_ten": 0.8484848484848485, "top10_recall_cond_on_not_in_top_ten": 0.8484848484848485, "top10_f1_cond_on_not_in_top_ten": 0.8484848484848485, "mean_logp_gap_policy_chosen_rejected_cond_on_in_top_ten": 2.0168707789496105, "mean_logp_gap_base_chosen_rejected_cond_on_in_top_ten": 1.750772090190007, "mean_gap_improvement_cond_on_in_top_ten": 0.2660986881428786, "top1_accuracy_on_chosen_policy_cond_on_in_top_ten": 0.4373097991479002, "top1_accuracy_on_chosen_base_cond_on_in_top_ten": 0.4120511259890444, "mean_p_chosen_policy_cond_on_in_top_ten": 0.3346892034086585, "mean_p_chosen_base_cond_on_in_top_ten": 0.31335425540719486, "mean_kl_cond_on_in_top_ten": 0.1820053444313627, "mean_ent_pi_cond_on_in_top_ten": 1.492365560812362, "mean_ent_ref_cond_on_in_top_ten": 1.4849531632778363, "top1_precision_cond_on_in_top_ten": 0.4373097991479002, "top1_recall_cond_on_in_top_ten": 0.4373097991479002, "top1_f1_cond_on_in_top_ten": 0.43730979914790025, "top3_precision_cond_on_in_top_ten": 0.7799756542909312, "top3_recall_cond_on_in_top_ten": 0.7799756542909312, "top3_f1_cond_on_in_top_ten": 0.7799756542909312, "top5_precision_cond_on_in_top_ten": 0.8807060255629945, "top5_recall_cond_on_in_top_ten": 0.8807060255629945, "top5_f1_cond_on_in_top_ten": 0.8807060255629946, "top10_precision_cond_on_in_top_ten": 0.9704808277541084, "top10_recall_cond_on_in_top_ten": 0.9704808277541084, "top10_f1_cond_on_in_top_ten": 0.9704808277541084}