loss,mean_logp_gap_policy_chosen_rejected,mean_logp_gap_base_chosen_rejected,mean_gap_improvement,top1_accuracy_on_chosen_policy,top1_accuracy_on_chosen_base,mean_p_chosen_policy,mean_p_chosen_base,mean_kl,mean_ent_pi,mean_ent_ref
1.8826700476362839,1.99664717153074,1.6995984155740311,0.2970487308580467,0.4239380021593464,0.40384615388037004,0.3266522618851076,0.30496126149880487,0.16883963286175246,1.4871261764476,1.5041903177988378
