loss,mean_logp_gap_policy_chosen_rejected,mean_logp_gap_base_chosen_rejected,mean_gap_improvement,top1_accuracy_on_chosen_policy,top1_accuracy_on_chosen_base,mean_p_chosen_policy,mean_p_chosen_base,mean_kl,mean_ent_pi,mean_ent_ref
1.728667602747097,1.8820789818375037,1.6995984155740311,0.1824805484881494,0.42479908151549944,0.40384615388037004,0.32002454294676624,0.30496126149880487,0.1812100866007545,1.5537453328700892,1.5041903177988378
