{
  "white_first_move_probs": {
    "e2e4": 0.3329133987426758,
    "d2d4": 0.009777732193470001,
    "c2c4": 0.0024523369502276182,
    "g1f3": 0.652743399143219,
    "g2g3": 4.196884037810378e-05,
    "b2b3": 0.001519209472462535,
    "f2f4": 8.189613254216965e-06,
    "b2b4": 2.3770483039697865e-06,
    "a2a4": 4.189553806099866e-07
  },
  "white_other_mass": 0.0005409690406281698,
  "black_reply_probs_cond_on_white": {
    "e2e4": {
      "fen_after_white": "rnbqkbnr/pppppppp/8/8/4P3/8/PPPP1PPP/RNBQKBNR b KQkq - 0 1",
      "black_reply_probs": {
        "c7c5": 0.9485494494438171,
        "e7e5": 0.03870522603392601,
        "e7e6": 0.00010192396439379081,
        "c7c6": 0.0001629355683689937,
        "d7d5": 0.005161921959370375,
        "g8f6": 0.004204055294394493,
        "g7g6": 6.7122746258974075e-06,
        "d7d6": 4.616445585270412e-05
      },
      "other_mass": 0.0030616110052505974
    },
    "d2d4": {
      "fen_after_white": "rnbqkbnr/pppppppp/8/8/3P4/8/PPP1PPPP/RNBQKBNR b KQkq - 0 1",
      "black_reply_probs": {
        "c7c5": 0.0001290861255256459,
        "e7e5": 0.0025067960377782583,
        "e7e6": 5.3444357035914436e-05,
        "c7c6": 8.690416848367022e-07,
        "d7d5": 0.001970115350559354,
        "g8f6": 0.9950690269470215,
        "g7g6": 0.0001335461129201576,
        "d7d6": 2.1396422198449727e-06
      },
      "other_mass": 0.00013497638525450384
    },
    "c2c4": {
      "fen_after_white": "rnbqkbnr/pppppppp/8/8/2P5/8/PP1PPPPP/RNBQKBNR b KQkq - 0 1",
      "black_reply_probs": {
        "c7c5": 0.00323516596108675,
        "e7e5": 0.23861515522003174,
        "e7e6": 5.1290644478285685e-05,
        "c7c6": 2.089984491249197e-06,
        "d7d5": 0.0007168974843807518,
        "g8f6": 0.7543933987617493,
        "g7g6": 0.00011802514200098813,
        "d7d6": 3.5478118661558256e-05
      },
      "other_mass": 0.002832498683119411
    },
    "g1f3": {
      "fen_after_white": "rnbqkbnr/pppppppp/8/8/8/5N2/PPPPPPPP/RNBQKB1R b KQkq - 1 1",
      "black_reply_probs": {
        "c7c5": 0.0010027888929471374,
        "e7e5": 0.018492698669433594,
        "e7e6": 1.1794384590757545e-05,
        "c7c6": 3.6753817767021246e-07,
        "d7d5": 0.0028579116333276033,
        "g8f6": 0.9768555164337158,
        "g7g6": 0.00015670573338866234,
        "d7d6": 4.327253918745555e-06
      },
      "other_mass": 0.0006178894605000096
    },
    "g2g3": {
      "fen_after_white": "rnbqkbnr/pppppppp/8/8/8/6P1/PPPPPP1P/RNBQKBNR b KQkq - 0 1",
      "black_reply_probs": {
        "c7c5": 0.005288621876388788,
        "e7e5": 0.35270461440086365,
        "e7e6": 2.5442446712986566e-05,
        "c7c6": 3.391608061065199e-06,
        "d7d5": 0.012940078042447567,
        "g8f6": 0.6233510971069336,
        "g7g6": 6.363454303937033e-05,
        "d7d6": 1.2481438716349658e-05
      },
      "other_mass": 0.005610638536836632
    },
    "b2b3": {
      "fen_after_white": "rnbqkbnr/pppppppp/8/8/8/1P6/P1PPPPPP/RNBQKBNR b KQkq - 0 1",
      "black_reply_probs": {
        "c7c5": 0.0009447332704439759,
        "e7e5": 0.48819389939308167,
        "e7e6": 9.67592277447693e-05,
        "c7c6": 1.7228283013537293e-06,
        "d7d5": 0.010719998739659786,
        "g8f6": 0.49798598885536194,
        "g7g6": 0.0004126891726627946,
        "d7d6": 7.703043593210168e-06
      },
      "other_mass": 0.0016365054691505065
    },
    "f2f4": {
      "fen_after_white": "rnbqkbnr/pppppppp/8/8/5P2/8/PPPPP1PP/RNBQKBNR b KQkq - 0 1",
      "black_reply_probs": {
        "c7c5": 0.010795810259878635,
        "e7e5": 0.2016381323337555,
        "e7e6": 0.0003548550303094089,
        "c7c6": 1.1827089110738598e-05,
        "d7d5": 0.021039869636297226,
        "g8f6": 0.760794460773468,
        "g7g6": 0.00038987473817542195,
        "d7d6": 4.763100150739774e-05
      },
      "other_mass": 0.004927539137497661
    },
    "b2b4": {
      "fen_after_white": "rnbqkbnr/pppppppp/8/8/1P6/8/P1PPPPPP/RNBQKBNR b KQkq - 0 1",
      "black_reply_probs": {
        "c7c5": 0.00014753040159121156,
        "e7e5": 0.6171086430549622,
        "e7e6": 0.0008265866199508309,
        "c7c6": 2.0986331946915016e-05,
        "d7d5": 0.03231164813041687,
        "g8f6": 0.34444954991340637,
        "g7g6": 0.001405245391651988,
        "d7d6": 9.283406689064577e-05
      },
      "other_mass": 0.0036369760891830083
    },
    "a2a4": {
      "fen_after_white": "rnbqkbnr/pppppppp/8/8/P7/8/1PPPPPPP/RNBQKBNR b KQkq - 0 1",
      "black_reply_probs": {
        "c7c5": 0.0007286410545930266,
        "e7e5": 0.2763061821460724,
        "e7e6": 2.5987348635680974e-05,
        "c7c6": 1.205915623359033e-06,
        "d7d5": 0.0068544382229447365,
        "g8f6": 0.7147084474563599,
        "g7g6": 2.703207610466052e-05,
        "d7d6": 1.2744426385324914e-05
      },
      "other_mass": 0.0013353213532809605
    }
  },
  "meta": {
    "elo_self": 2800,
    "elo_oppo": 2800,
    "temperature": 1.0,
    "maia_type": "blitz",
    "white_moves_probed": [
      "e2e4",
      "d2d4",
      "c2c4",
      "g1f3",
      "g2g3",
      "b2b3",
      "f2f4",
      "b2b4",
      "a2a4"
    ],
    "black_replies_probed": [
      "c7c5",
      "e7e5",
      "e7e6",
      "c7c6",
      "d7d5",
      "g8f6",
      "g7g6",
      "d7d6"
    ]
  }
}