{
  "white_first_move_probs": {
    "e2e4": 0.29583582282066345,
    "d2d4": 0.018290435895323753,
    "c2c4": 0.0034860700834542513,
    "g1f3": 0.6789752244949341,
    "g2g3": 5.926640733378008e-05,
    "b2b3": 0.0024742628447711468,
    "f2f4": 1.647448880248703e-05,
    "b2b4": 7.65919412515359e-06,
    "a2a4": 3.5526861665857723e-06
  },
  "white_other_mass": 0.0008512310844253079,
  "black_reply_probs_cond_on_white": {
    "e2e4": {
      "fen_after_white": "rnbqkbnr/pppppppp/8/8/4P3/8/PPPP1PPP/RNBQKBNR b KQkq - 0 1",
      "black_reply_probs": {
        "c7c5": 0.9152288436889648,
        "e7e5": 0.04449513927102089,
        "e7e6": 0.0002738655311986804,
        "c7c6": 0.0008930939948186278,
        "d7d5": 0.017809337005019188,
        "g8f6": 0.010310242883861065,
        "g7g6": 1.6295600289595313e-05,
        "d7d6": 0.00023362938372883946
      },
      "other_mass": 0.010739552641098271
    },
    "d2d4": {
      "fen_after_white": "rnbqkbnr/pppppppp/8/8/3P4/8/PPP1PPPP/RNBQKBNR b KQkq - 0 1",
      "black_reply_probs": {
        "c7c5": 0.00019118828640785068,
        "e7e5": 0.00214800494723022,
        "e7e6": 7.152494799811393e-05,
        "c7c6": 3.809554073086474e-06,
        "d7d5": 0.00398948835209012,
        "g8f6": 0.9930863380432129,
        "g7g6": 0.0001897739275591448,
        "d7d6": 8.33329886518186e-06
      },
      "other_mass": 0.0003115386425633915
    },
    "c2c4": {
      "fen_after_white": "rnbqkbnr/pppppppp/8/8/2P5/8/PP1PPPPP/RNBQKBNR b KQkq - 0 1",
      "black_reply_probs": {
        "c7c5": 0.004357818979769945,
        "e7e5": 0.24811241030693054,
        "e7e6": 9.138035238720477e-05,
        "c7c6": 1.1786298273364082e-05,
        "d7d5": 0.0019944205414503813,
        "g8f6": 0.7400913238525391,
        "g7g6": 0.0001971648307517171,
        "d7d6": 0.00010404521162854508
      },
      "other_mass": 0.005039649626269238
    },
    "g1f3": {
      "fen_after_white": "rnbqkbnr/pppppppp/8/8/8/5N2/PPPPPPPP/RNBQKB1R b KQkq - 1 1",
      "black_reply_probs": {
        "c7c5": 0.0015059954021126032,
        "e7e5": 0.009241489693522453,
        "e7e6": 1.249998422281351e-05,
        "c7c6": 1.7047163964889478e-06,
        "d7d5": 0.0062982430681586266,
        "g8f6": 0.9815951585769653,
        "g7g6": 0.00013506319373846054,
        "d7d6": 1.3619619494420476e-05
      },
      "other_mass": 0.0011962257453888014
    },
    "g2g3": {
      "fen_after_white": "rnbqkbnr/pppppppp/8/8/8/6P1/PPPPPP1P/RNBQKBNR b KQkq - 0 1",
      "black_reply_probs": {
        "c7c5": 0.012129544280469418,
        "e7e5": 0.26470747590065,
        "e7e6": 8.848296420183033e-05,
        "c7c6": 4.290610377211124e-05,
        "d7d5": 0.03878619894385338,
        "g8f6": 0.6667042970657349,
        "g7g6": 0.00013469310943037271,
        "d7d6": 7.639152318006381e-05
      },
      "other_mass": 0.01733001010870794
    },
    "b2b3": {
      "fen_after_white": "rnbqkbnr/pppppppp/8/8/8/1P6/P1PPPPPP/RNBQKBNR b KQkq - 0 1",
      "black_reply_probs": {
        "c7c5": 0.001624861964955926,
        "e7e5": 0.5405282974243164,
        "e7e6": 0.0003963917260989547,
        "c7c6": 1.439831976313144e-05,
        "d7d5": 0.024526741355657578,
        "g8f6": 0.4279088079929352,
        "g7g6": 0.000972671143244952,
        "d7d6": 5.688468809239566e-05
      },
      "other_mass": 0.003970945384935476
    },
    "f2f4": {
      "fen_after_white": "rnbqkbnr/pppppppp/8/8/5P2/8/PPPPP1PP/RNBQKBNR b KQkq - 0 1",
      "black_reply_probs": {
        "c7c5": 0.030181774869561195,
        "e7e5": 0.2392367124557495,
        "e7e6": 0.001733610755763948,
        "c7c6": 0.0001875455491244793,
        "d7d5": 0.0815109983086586,
        "g8f6": 0.6289105415344238,
        "g7g6": 0.0005348522681742907,
        "d7d6": 0.0003844098828267306
      },
      "other_mass": 0.017319554375717416
    },
    "b2b4": {
      "fen_after_white": "rnbqkbnr/pppppppp/8/8/1P6/8/P1PPPPPP/RNBQKBNR b KQkq - 0 1",
      "black_reply_probs": {
        "c7c5": 0.00030797356157563627,
        "e7e5": 0.6762295365333557,
        "e7e6": 0.00332561950199306,
        "c7c6": 0.00013415314606390893,
        "d7d5": 0.0494992770254612,
        "g8f6": 0.2572907507419586,
        "g7g6": 0.0036039715632796288,
        "d7d6": 0.0006167297251522541
      },
      "other_mass": 0.008991988201159984
    },
    "a2a4": {
      "fen_after_white": "rnbqkbnr/pppppppp/8/8/P7/8/1PPPPPPP/RNBQKBNR b KQkq - 0 1",
      "black_reply_probs": {
        "c7c5": 0.0021136945579200983,
        "e7e5": 0.2987859845161438,
        "e7e6": 6.586176459677517e-05,
        "c7c6": 1.4243631994759198e-05,
        "d7d5": 0.020861199125647545,
        "g8f6": 0.6737626791000366,
        "g7g6": 5.460423926706426e-05,
        "d7d6": 6.908852810738608e-05
      },
      "other_mass": 0.004272644536285952
    }
  },
  "meta": {
    "elo_self": 2800,
    "elo_oppo": 2800,
    "temperature": 1.0,
    "maia_type": "blitz",
    "white_moves_probed": [
      "e2e4",
      "d2d4",
      "c2c4",
      "g1f3",
      "g2g3",
      "b2b3",
      "f2f4",
      "b2b4",
      "a2a4"
    ],
    "black_replies_probed": [
      "c7c5",
      "e7e5",
      "e7e6",
      "c7c6",
      "d7d5",
      "g8f6",
      "g7g6",
      "d7d6"
    ]
  }
}