{
  "white_first_move_probs": {
    "e2e4": 0.3032728433609009,
    "d2d4": 0.10569499433040619,
    "c2c4": 0.01857748255133629,
    "g1f3": 0.5640650987625122,
    "g2g3": 6.0082962590968236e-05,
    "b2b3": 0.006720398552715778,
    "f2f4": 4.909916242468171e-05,
    "b2b4": 1.5791716577950865e-05,
    "a2a4": 5.7504398682795e-06
  },
  "white_other_mass": 0.001538458160666778,
  "black_reply_probs_cond_on_white": {
    "e2e4": {
      "fen_after_white": "rnbqkbnr/pppppppp/8/8/4P3/8/PPPP1PPP/RNBQKBNR b KQkq - 0 1",
      "black_reply_probs": {
        "c7c5": 0.9539808034896851,
        "e7e5": 0.017132723703980446,
        "e7e6": 7.590174209326506e-05,
        "c7c6": 0.0003474705445114523,
        "d7d5": 0.019769541919231415,
        "g8f6": 0.0026058577932417393,
        "g7g6": 5.1801603149215225e-06,
        "d7d6": 0.0001446338719688356
      },
      "other_mass": 0.005937886774972867
    },
    "d2d4": {
      "fen_after_white": "rnbqkbnr/pppppppp/8/8/3P4/8/PPP1PPPP/RNBQKBNR b KQkq - 0 1",
      "black_reply_probs": {
        "c7c5": 0.0013683456927537918,
        "e7e5": 0.004077823366969824,
        "e7e6": 0.00015130909741856158,
        "c7c6": 1.921070543176029e-05,
        "d7d5": 0.04082432761788368,
        "g8f6": 0.9524207711219788,
        "g7g6": 0.00019059488840866834,
        "d7d6": 4.179940151516348e-05
      },
      "other_mass": 0.0009058181076397886
    },
    "c2c4": {
      "fen_after_white": "rnbqkbnr/pppppppp/8/8/2P5/8/PP1PPPPP/RNBQKBNR b KQkq - 0 1",
      "black_reply_probs": {
        "c7c5": 0.015098142437636852,
        "e7e5": 0.2837352156639099,
        "e7e6": 0.00021281681256368756,
        "c7c6": 3.083795672864653e-05,
        "d7d5": 0.009822225198149681,
        "g8f6": 0.6785985827445984,
        "g7g6": 0.00022685904696118087,
        "d7d6": 0.0004183270502835512
      },
      "other_mass": 0.0118569930891681
    },
    "g1f3": {
      "fen_after_white": "rnbqkbnr/pppppppp/8/8/8/5N2/PPPPPPPP/RNBQKB1R b KQkq - 1 1",
      "black_reply_probs": {
        "c7c5": 0.008614573627710342,
        "e7e5": 0.024305623024702072,
        "e7e6": 3.9723763620713726e-05,
        "c7c6": 6.772100277885329e-06,
        "d7d5": 0.04096830636262894,
        "g8f6": 0.9228850603103638,
        "g7g6": 0.00024832988856360316,
        "d7d6": 4.88229634356685e-05
      },
      "other_mass": 0.0028827879586970084
    },
    "g2g3": {
      "fen_after_white": "rnbqkbnr/pppppppp/8/8/8/6P1/PPPPPP1P/RNBQKBNR b KQkq - 0 1",
      "black_reply_probs": {
        "c7c5": 0.03606097400188446,
        "e7e5": 0.33648332953453064,
        "e7e6": 0.00011265787179581821,
        "c7c6": 6.690192822134122e-05,
        "d7d5": 0.14068162441253662,
        "g8f6": 0.4619666635990143,
        "g7g6": 0.00011277644080109894,
        "d7d6": 0.0001796066208044067
      },
      "other_mass": 0.02433546559041133
    },
    "b2b3": {
      "fen_after_white": "rnbqkbnr/pppppppp/8/8/8/1P6/P1PPPPPP/RNBQKBNR b KQkq - 0 1",
      "black_reply_probs": {
        "c7c5": 0.008072718977928162,
        "e7e5": 0.5074173212051392,
        "e7e6": 0.0004259542911313474,
        "c7c6": 4.166868529864587e-05,
        "d7d5": 0.11073731631040573,
        "g8f6": 0.3642388582229614,
        "g7g6": 0.0007143603870645165,
        "d7d6": 0.00014023446419741958
      },
      "other_mass": 0.008211567455873592
    },
    "f2f4": {
      "fen_after_white": "rnbqkbnr/pppppppp/8/8/5P2/8/PPPPP1PP/RNBQKBNR b KQkq - 0 1",
      "black_reply_probs": {
        "c7c5": 0.06937819719314575,
        "e7e5": 0.26449888944625854,
        "e7e6": 0.0015016418183222413,
        "c7c6": 0.00019089248962700367,
        "d7d5": 0.1763196438550949,
        "g8f6": 0.4612867832183838,
        "g7g6": 0.0004483055090531707,
        "d7d6": 0.0005491874180734158
      },
      "other_mass": 0.025826459052041173
    },
    "b2b4": {
      "fen_after_white": "rnbqkbnr/pppppppp/8/8/1P6/8/P1PPPPPP/RNBQKBNR b KQkq - 0 1",
      "black_reply_probs": {
        "c7c5": 0.001009873696602881,
        "e7e5": 0.6181343793869019,
        "e7e6": 0.0026534537319093943,
        "c7c6": 0.00021712890884373337,
        "d7d5": 0.14461497962474823,
        "g8f6": 0.21372178196907043,
        "g7g6": 0.0023931069299578667,
        "d7d6": 0.0007649470935575664
      },
      "other_mass": 0.01649034865840804
    },
    "a2a4": {
      "fen_after_white": "rnbqkbnr/pppppppp/8/8/P7/8/1PPPPPPP/RNBQKBNR b KQkq - 0 1",
      "black_reply_probs": {
        "c7c5": 0.00845887791365385,
        "e7e5": 0.2897743284702301,
        "e7e6": 0.00011582761362660676,
        "c7c6": 3.4498789318604395e-05,
        "d7d5": 0.09675116837024689,
        "g8f6": 0.5923540592193604,
        "g7g6": 7.791657117195427e-05,
        "d7d6": 0.00022005513892509043
      },
      "other_mass": 0.012213267913466552
    }
  },
  "meta": {
    "elo_self": 2800,
    "elo_oppo": 2800,
    "temperature": 1.0,
    "maia_type": "blitz",
    "white_moves_probed": [
      "e2e4",
      "d2d4",
      "c2c4",
      "g1f3",
      "g2g3",
      "b2b3",
      "f2f4",
      "b2b4",
      "a2a4"
    ],
    "black_replies_probed": [
      "c7c5",
      "e7e5",
      "e7e6",
      "c7c6",
      "d7d5",
      "g8f6",
      "g7g6",
      "d7d6"
    ]
  }
}