{
  "white_first_move_probs": {
    "e2e4": 0.243622824549675,
    "d2d4": 0.0739126205444336,
    "c2c4": 0.010928281582891941,
    "g1f3": 0.6679528951644897,
    "g2g3": 8.649641677038744e-05,
    "b2b3": 0.0026167938485741615,
    "f2f4": 3.586169987102039e-05,
    "b2b4": 8.819924914860167e-06,
    "a2a4": 4.770427949551959e-06
  },
  "white_other_mass": 0.0008306358404297498,
  "black_reply_probs_cond_on_white": {
    "e2e4": {
      "fen_after_white": "rnbqkbnr/pppppppp/8/8/4P3/8/PPPP1PPP/RNBQKBNR b KQkq - 0 1",
      "black_reply_probs": {
        "c7c5": 0.9692757725715637,
        "e7e5": 0.01039308961480856,
        "e7e6": 6.71006491756998e-05,
        "c7c6": 0.0008353037410415709,
        "d7d5": 0.013137545436620712,
        "g8f6": 0.003521458711475134,
        "g7g6": 5.817051260237349e-06,
        "d7d6": 0.00010995678167091683
      },
      "other_mass": 0.002653955442383449
    },
    "d2d4": {
      "fen_after_white": "rnbqkbnr/pppppppp/8/8/3P4/8/PPP1PPPP/RNBQKBNR b KQkq - 0 1",
      "black_reply_probs": {
        "c7c5": 0.0004690181522164494,
        "e7e5": 0.0026504364795982838,
        "e7e6": 0.00010221135744359344,
        "c7c6": 1.5271805750671774e-05,
        "d7d5": 0.021183917298913002,
        "g8f6": 0.9749403595924377,
        "g7g6": 0.00026907437131740153,
        "d7d6": 2.6151099518756382e-05
      },
      "other_mass": 0.00034355984280409757
    },
    "c2c4": {
      "fen_after_white": "rnbqkbnr/pppppppp/8/8/2P5/8/PP1PPPPP/RNBQKBNR b KQkq - 0 1",
      "black_reply_probs": {
        "c7c5": 0.007442270405590534,
        "e7e5": 0.15016870200634003,
        "e7e6": 9.581424092175439e-05,
        "c7c6": 2.9908927899668925e-05,
        "d7d5": 0.004614951089024544,
        "g8f6": 0.8332841992378235,
        "g7g6": 0.00026794077712111175,
        "d7d6": 0.0001970122684724629
      },
      "other_mass": 0.003899201046806411
    },
    "g1f3": {
      "fen_after_white": "rnbqkbnr/pppppppp/8/8/8/5N2/PPPPPPPP/RNBQKB1R b KQkq - 1 1",
      "black_reply_probs": {
        "c7c5": 0.003124978393316269,
        "e7e5": 0.0178054291754961,
        "e7e6": 2.4035700334934518e-05,
        "c7c6": 6.502187261503423e-06,
        "d7d5": 0.021482035517692566,
        "g8f6": 0.9561941623687744,
        "g7g6": 0.00024233077419921756,
        "d7d6": 3.1521532946499065e-05
      },
      "other_mass": 0.0010890043499784952
    },
    "g2g3": {
      "fen_after_white": "rnbqkbnr/pppppppp/8/8/8/6P1/PPPPPP1P/RNBQKBNR b KQkq - 0 1",
      "black_reply_probs": {
        "c7c5": 0.015322709456086159,
        "e7e5": 0.22272874414920807,
        "e7e6": 6.060396117391065e-05,
        "c7c6": 6.112007395131513e-05,
        "d7d5": 0.08160433918237686,
        "g8f6": 0.6705567836761475,
        "g7g6": 0.00013834494166076183,
        "d7d6": 8.782877557678148e-05
      },
      "other_mass": 0.00943952578381868
    },
    "b2b3": {
      "fen_after_white": "rnbqkbnr/pppppppp/8/8/8/1P6/P1PPPPPP/RNBQKBNR b KQkq - 0 1",
      "black_reply_probs": {
        "c7c5": 0.0052451491355896,
        "e7e5": 0.39157816767692566,
        "e7e6": 0.0002456937509123236,
        "c7c6": 4.838365566683933e-05,
        "d7d5": 0.08532872051000595,
        "g8f6": 0.512114942073822,
        "g7g6": 0.0008747510728426278,
        "d7d6": 9.090972162084654e-05
      },
      "other_mass": 0.004473282402614132
    },
    "f2f4": {
      "fen_after_white": "rnbqkbnr/pppppppp/8/8/5P2/8/PPPPP1PP/RNBQKBNR b KQkq - 0 1",
      "black_reply_probs": {
        "c7c5": 0.03859662637114525,
        "e7e5": 0.19146306812763214,
        "e7e6": 0.0009865500032901764,
        "c7c6": 0.00025398487923666835,
        "d7d5": 0.11611935496330261,
        "g8f6": 0.64030921459198,
        "g7g6": 0.0005397430504672229,
        "d7d6": 0.0003820524725597352
      },
      "other_mass": 0.011349405540386215
    },
    "b2b4": {
      "fen_after_white": "rnbqkbnr/pppppppp/8/8/1P6/8/P1PPPPPP/RNBQKBNR b KQkq - 0 1",
      "black_reply_probs": {
        "c7c5": 0.0007259816047735512,
        "e7e5": 0.510604202747345,
        "e7e6": 0.0020845725666731596,
        "c7c6": 0.00028993593878112733,
        "d7d5": 0.13393914699554443,
        "g8f6": 0.33539679646492004,
        "g7g6": 0.0033906467724591494,
        "d7d6": 0.0006344504654407501
      },
      "other_mass": 0.012934266444062814
    },
    "a2a4": {
      "fen_after_white": "rnbqkbnr/pppppppp/8/8/P7/8/1PPPPPPP/RNBQKBNR b KQkq - 0 1",
      "black_reply_probs": {
        "c7c5": 0.004441469442099333,
        "e7e5": 0.18342863023281097,
        "e7e6": 5.9392456023488194e-05,
        "c7c6": 3.460557127255015e-05,
        "d7d5": 0.05834808573126793,
        "g8f6": 0.7492846846580505,
        "g7g6": 9.023525490192696e-05,
        "d7d6": 0.00011428222205722705
      },
      "other_mass": 0.0041986144315160345
    }
  },
  "meta": {
    "elo_self": 2800,
    "elo_oppo": 2800,
    "temperature": 1.0,
    "maia_type": "blitz",
    "white_moves_probed": [
      "e2e4",
      "d2d4",
      "c2c4",
      "g1f3",
      "g2g3",
      "b2b3",
      "f2f4",
      "b2b4",
      "a2a4"
    ],
    "black_replies_probed": [
      "c7c5",
      "e7e5",
      "e7e6",
      "c7c6",
      "d7d5",
      "g8f6",
      "g7g6",
      "d7d6"
    ]
  }
}