{
  "white_first_move_probs": {
    "e2e4": 0.33104807138442993,
    "d2d4": 0.209804967045784,
    "c2c4": 0.010456796735525131,
    "g1f3": 0.44631242752075195,
    "g2g3": 4.014278238173574e-05,
    "b2b3": 0.0015650357818230987,
    "f2f4": 3.141188426525332e-05,
    "b2b4": 1.0621370165608823e-05,
    "a2a4": 1.0235007721348666e-05
  },
  "white_other_mass": 0.0007202904871519422,
  "black_reply_probs_cond_on_white": {
    "e2e4": {
      "fen_after_white": "rnbqkbnr/pppppppp/8/8/4P3/8/PPPP1PPP/RNBQKBNR b KQkq - 0 1",
      "black_reply_probs": {
        "c7c5": 0.8959633111953735,
        "e7e5": 0.04541072994470596,
        "e7e6": 0.00022142843226902187,
        "c7c6": 0.0012645117240026593,
        "d7d5": 0.04312657564878464,
        "g8f6": 0.007701098453253508,
        "g7g6": 2.5895864382619038e-05,
        "d7d6": 0.00034366489853709936
      },
      "other_mass": 0.005942783838690957
    },
    "d2d4": {
      "fen_after_white": "rnbqkbnr/pppppppp/8/8/3P4/8/PPP1PPPP/RNBQKBNR b KQkq - 0 1",
      "black_reply_probs": {
        "c7c5": 0.0012187855318188667,
        "e7e5": 0.004421473480761051,
        "e7e6": 0.000146218910231255,
        "c7c6": 2.4549828594899736e-05,
        "d7d5": 0.08586595207452774,
        "g8f6": 0.9074897170066833,
        "g7g6": 0.00028507199021987617,
        "d7d6": 5.6775330449454486e-05
      },
      "other_mass": 0.0004914558467135066
    },
    "c2c4": {
      "fen_after_white": "rnbqkbnr/pppppppp/8/8/2P5/8/PP1PPPPP/RNBQKBNR b KQkq - 0 1",
      "black_reply_probs": {
        "c7c5": 0.010979914106428623,
        "e7e5": 0.26806604862213135,
        "e7e6": 0.0001324456970905885,
        "c7c6": 3.8225749449338764e-05,
        "d7d5": 0.014862683601677418,
        "g8f6": 0.7014069557189941,
        "g7g6": 0.000246156268985942,
        "d7d6": 0.0002598996215965599
      },
      "other_mass": 0.004007670613646042
    },
    "g1f3": {
      "fen_after_white": "rnbqkbnr/pppppppp/8/8/8/5N2/PPPPPPPP/RNBQKB1R b KQkq - 1 1",
      "black_reply_probs": {
        "c7c5": 0.005495530087500811,
        "e7e5": 0.019503796473145485,
        "e7e6": 2.6991154300048947e-05,
        "c7c6": 7.201454991445644e-06,
        "d7d5": 0.09017878770828247,
        "g8f6": 0.8832151293754578,
        "g7g6": 0.00017361035861540586,
        "d7d6": 5.0192029448226094e-05
      },
      "other_mass": 0.0013487613582583435
    },
    "g2g3": {
      "fen_after_white": "rnbqkbnr/pppppppp/8/8/8/6P1/PPPPPP1P/RNBQKBNR b KQkq - 0 1",
      "black_reply_probs": {
        "c7c5": 0.025524159893393517,
        "e7e5": 0.27596157789230347,
        "e7e6": 9.488979412708431e-05,
        "c7c6": 9.632830915506929e-05,
        "d7d5": 0.23572707176208496,
        "g8f6": 0.45227643847465515,
        "g7g6": 0.00011893053306266665,
        "d7d6": 0.00014895467029418796
      },
      "other_mass": 0.010051648670923896
    },
    "b2b3": {
      "fen_after_white": "rnbqkbnr/pppppppp/8/8/8/1P6/P1PPPPPP/RNBQKBNR b KQkq - 0 1",
      "black_reply_probs": {
        "c7c5": 0.007096629124134779,
        "e7e5": 0.45646917819976807,
        "e7e6": 0.0004864381335210055,
        "c7c6": 7.693992665736005e-05,
        "d7d5": 0.20419548451900482,
        "g8f6": 0.3253234624862671,
        "g7g6": 0.0008950841147452593,
        "d7d6": 0.000222901813685894
      },
      "other_mass": 0.005233881682215724
    },
    "f2f4": {
      "fen_after_white": "rnbqkbnr/pppppppp/8/8/5P2/8/PPPPP1PP/RNBQKBNR b KQkq - 0 1",
      "black_reply_probs": {
        "c7c5": 0.05500386655330658,
        "e7e5": 0.17489129304885864,
        "e7e6": 0.0010871401755139232,
        "c7c6": 0.00026339219766668975,
        "d7d5": 0.32909226417541504,
        "g8f6": 0.42718440294265747,
        "g7g6": 0.0003808909095823765,
        "d7d6": 0.0006237784982658923
      },
      "other_mass": 0.011472971498733386
    },
    "b2b4": {
      "fen_after_white": "rnbqkbnr/pppppppp/8/8/1P6/8/P1PPPPPP/RNBQKBNR b KQkq - 0 1",
      "black_reply_probs": {
        "c7c5": 0.0011036747600883245,
        "e7e5": 0.5828153491020203,
        "e7e6": 0.0028390311636030674,
        "c7c6": 0.00028959717019461095,
        "d7d5": 0.19556939601898193,
        "g8f6": 0.19521644711494446,
        "g7g6": 0.004218014422804117,
        "d7d6": 0.0010387373622506857
      },
      "other_mass": 0.01690975288511254
    },
    "a2a4": {
      "fen_after_white": "rnbqkbnr/pppppppp/8/8/P7/8/1PPPPPPP/RNBQKBNR b KQkq - 0 1",
      "black_reply_probs": {
        "c7c5": 0.006876526866108179,
        "e7e5": 0.2671423852443695,
        "e7e6": 8.233854168793187e-05,
        "c7c6": 5.7630699302535504e-05,
        "d7d5": 0.18964561820030212,
        "g8f6": 0.5308111310005188,
        "g7g6": 9.37556178541854e-05,
        "d7d6": 0.00020679010776802897
      },
      "other_mass": 0.0050838237220887095
    }
  },
  "meta": {
    "elo_self": 2800,
    "elo_oppo": 2800,
    "temperature": 1.0,
    "maia_type": "blitz",
    "white_moves_probed": [
      "e2e4",
      "d2d4",
      "c2c4",
      "g1f3",
      "g2g3",
      "b2b3",
      "f2f4",
      "b2b4",
      "a2a4"
    ],
    "black_replies_probed": [
      "c7c5",
      "e7e5",
      "e7e6",
      "c7c6",
      "d7d5",
      "g8f6",
      "g7g6",
      "d7d6"
    ]
  }
}