{
  "white_first_move_probs": {
    "e2e4": 0.013193969614803791,
    "d2d4": 0.012064543552696705,
    "c2c4": 4.859071850660257e-06,
    "g1f3": 0.9585334062576294,
    "g2g3": 1.7433353605156299e-06,
    "b2b3": 0.0019290829077363014,
    "f2f4": 7.008683951426065e-06,
    "b2b4": 9.183104907606321e-07,
    "a2a4": 1.0493386604082389e-08
  },
  "white_other_mass": 0.014264457772093841,
  "black_reply_probs_cond_on_white": {
    "e2e4": {
      "fen_after_white": "rnbqkbnr/pppppppp/8/8/4P3/8/PPPP1PPP/RNBQKBNR b KQkq - 0 1",
      "black_reply_probs": {
        "c7c5": 0.06156035140156746,
        "e7e5": 0.5096890926361084,
        "e7e6": 4.0999133489094675e-05,
        "c7c6": 2.014257370319683e-05,
        "d7d5": 0.09419367462396622,
        "g8f6": 0.22630736231803894,
        "g7g6": 4.114219791517826e-06,
        "d7d6": 1.66206755238818e-05
      },
      "other_mass": 0.1081676424178113
    },
    "d2d4": {
      "fen_after_white": "rnbqkbnr/pppppppp/8/8/3P4/8/PPP1PPPP/RNBQKBNR b KQkq - 0 1",
      "black_reply_probs": {
        "c7c5": 9.314059639109473e-07,
        "e7e5": 0.002074441872537136,
        "e7e6": 4.189999742720829e-07,
        "c7c6": 1.3921983565978735e-08,
        "d7d5": 0.007678463123738766,
        "g8f6": 0.987190306186676,
        "g7g6": 2.678079454199178e-06,
        "d7d6": 5.603883437288459e-07
      },
      "other_mass": 0.0030521860213283958
    },
    "c2c4": {
      "fen_after_white": "rnbqkbnr/pppppppp/8/8/2P5/8/PP1PPPPP/RNBQKBNR b KQkq - 0 1",
      "black_reply_probs": {
        "c7c5": 4.505104152485728e-05,
        "e7e5": 0.013921341858804226,
        "e7e6": 4.5352791744335264e-07,
        "c7c6": 9.262876687898824e-08,
        "d7d5": 0.0015980597818270326,
        "g8f6": 0.9787949919700623,
        "g7g6": 1.4937098740119836e-06,
        "d7d6": 1.9333322143211262e-06
      },
      "other_mass": 0.005636582149008973
    },
    "g1f3": {
      "fen_after_white": "rnbqkbnr/pppppppp/8/8/8/5N2/PPPPPPPP/RNBQKB1R b KQkq - 1 1",
      "black_reply_probs": {
        "c7c5": 2.7362466425984167e-06,
        "e7e5": 0.002927645342424512,
        "e7e6": 2.425908576242364e-07,
        "c7c6": 1.5329773006556024e-08,
        "d7d5": 0.00372067978605628,
        "g8f6": 0.9866999387741089,
        "g7g6": 6.1579585235449485e-06,
        "d7d6": 5.032264311921608e-07
      },
      "other_mass": 0.006642080745182355
    },
    "g2g3": {
      "fen_after_white": "rnbqkbnr/pppppppp/8/8/8/6P1/PPPPPP1P/RNBQKBNR b KQkq - 0 1",
      "black_reply_probs": {
        "c7c5": 0.00010407676018076017,
        "e7e5": 0.0465993769466877,
        "e7e6": 6.372461598402879e-07,
        "c7c6": 4.640054385163239e-07,
        "d7d5": 0.040267061442136765,
        "g8f6": 0.8907644152641296,
        "g7g6": 6.645072517130757e-06,
        "d7d6": 3.0206758765416453e-06
      },
      "other_mass": 0.02225430258687311
    },
    "b2b3": {
      "fen_after_white": "rnbqkbnr/pppppppp/8/8/8/1P6/P1PPPPPP/RNBQKBNR b KQkq - 0 1",
      "black_reply_probs": {
        "c7c5": 2.0819645669689635e-06,
        "e7e5": 0.015547654591500759,
        "e7e6": 5.224829351391236e-07,
        "c7c6": 1.9582099497483796e-08,
        "d7d5": 0.012641527689993382,
        "g8f6": 0.9486948847770691,
        "g7g6": 8.394655196752865e-06,
        "d7d6": 5.290038984639978e-07
      },
      "other_mass": 0.023104385252739945
    },
    "f2f4": {
      "fen_after_white": "rnbqkbnr/pppppppp/8/8/5P2/8/PPPPP1PP/RNBQKBNR b KQkq - 0 1",
      "black_reply_probs": {
        "c7c5": 3.591106360545382e-05,
        "e7e5": 0.078145831823349,
        "e7e6": 1.9306105514260707e-06,
        "c7c6": 1.4709365814269404e-07,
        "d7d5": 0.03547971323132515,
        "g8f6": 0.8758017420768738,
        "g7g6": 5.284510280034738e-06,
        "d7d6": 3.1873853458819212e-06
      },
      "other_mass": 0.010526252205011133
    },
    "b2b4": {
      "fen_after_white": "rnbqkbnr/pppppppp/8/8/1P6/8/P1PPPPPP/RNBQKBNR b KQkq - 0 1",
      "black_reply_probs": {
        "c7c5": 7.110917863428767e-07,
        "e7e5": 0.05563820153474808,
        "e7e6": 3.978808763349662e-06,
        "c7c6": 1.0052844601204924e-07,
        "d7d5": 0.021132586523890495,
        "g8f6": 0.920676052570343,
        "g7g6": 2.1206444216659293e-05,
        "d7d6": 8.778291658018134e-07
      },
      "other_mass": 0.002526284668640244
    },
    "a2a4": {
      "fen_after_white": "rnbqkbnr/pppppppp/8/8/P7/8/1PPPPPPP/RNBQKBNR b KQkq - 0 1",
      "black_reply_probs": {
        "c7c5": 3.5922577808378264e-05,
        "e7e5": 0.023829249665141106,
        "e7e6": 6.936789418432454e-07,
        "c7c6": 4.6574109546781983e-07,
        "d7d5": 0.04196066036820412,
        "g8f6": 0.9229735136032104,
        "g7g6": 2.303881274201558e-06,
        "d7d6": 7.093808108038502e-06
      },
      "other_mass": 0.011190096676216399
    }
  },
  "meta": {
    "elo_self": 2800,
    "elo_oppo": 2800,
    "temperature": 1.0,
    "maia_type": "blitz",
    "white_moves_probed": [
      "e2e4",
      "d2d4",
      "c2c4",
      "g1f3",
      "g2g3",
      "b2b3",
      "f2f4",
      "b2b4",
      "a2a4"
    ],
    "black_replies_probed": [
      "c7c5",
      "e7e5",
      "e7e6",
      "c7c6",
      "d7d5",
      "g8f6",
      "g7g6",
      "d7d6"
    ]
  }
}