{
  "white_first_move_probs": {
    "e2e4": 0.5054148435592651,
    "d2d4": 0.043953750282526016,
    "c2c4": 0.010705357417464256,
    "g1f3": 0.4371790587902069,
    "g2g3": 3.719246160471812e-05,
    "b2b3": 0.001951465499587357,
    "f2f4": 1.8473865566193126e-05,
    "b2b4": 9.509285519015975e-06,
    "a2a4": 3.1741435577714583e-06
  },
  "white_other_mass": 0.0007271746947026259,
  "black_reply_probs_cond_on_white": {
    "e2e4": {
      "fen_after_white": "rnbqkbnr/pppppppp/8/8/4P3/8/PPPP1PPP/RNBQKBNR b KQkq - 0 1",
      "black_reply_probs": {
        "c7c5": 0.9531387090682983,
        "e7e5": 0.025267885997891426,
        "e7e6": 7.239625847432762e-05,
        "c7c6": 0.0005233221454545856,
        "d7d5": 0.015588159672915936,
        "g8f6": 0.0022908139508217573,
        "g7g6": 3.7310192055883817e-06,
        "d7d6": 8.28173870104365e-05
      },
      "other_mass": 0.003032164499927603
    },
    "d2d4": {
      "fen_after_white": "rnbqkbnr/pppppppp/8/8/3P4/8/PPP1PPPP/RNBQKBNR b KQkq - 0 1",
      "black_reply_probs": {
        "c7c5": 0.0007635373040102422,
        "e7e5": 0.0042219264432787895,
        "e7e6": 9.453632810618728e-05,
        "c7c6": 7.501163054257631e-06,
        "d7d5": 0.01791585609316826,
        "g8f6": 0.976478099822998,
        "g7g6": 0.00013808657240588218,
        "d7d6": 1.0060964086733293e-05
      },
      "other_mass": 0.0003703953088916023
    },
    "c2c4": {
      "fen_after_white": "rnbqkbnr/pppppppp/8/8/2P5/8/PP1PPPPP/RNBQKBNR b KQkq - 0 1",
      "black_reply_probs": {
        "c7c5": 0.006989863235503435,
        "e7e5": 0.39222633838653564,
        "e7e6": 7.027460378594697e-05,
        "c7c6": 1.3959248462924734e-05,
        "d7d5": 0.004646156914532185,
        "g8f6": 0.593069851398468,
        "g7g6": 0.00010391004616394639,
        "d7d6": 9.334676724392921e-05
      },
      "other_mass": 0.002786299399303971
    },
    "g1f3": {
      "fen_after_white": "rnbqkbnr/pppppppp/8/8/8/5N2/PPPPPPPP/RNBQKB1R b KQkq - 1 1",
      "black_reply_probs": {
        "c7c5": 0.006704812869429588,
        "e7e5": 0.02439907006919384,
        "e7e6": 1.8588234524941072e-05,
        "c7c6": 3.1654155918658944e-06,
        "d7d5": 0.022670801728963852,
        "g8f6": 0.9445667862892151,
        "g7g6": 0.0001413976278854534,
        "d7d6": 1.4738845493411645e-05
      },
      "other_mass": 0.0014806389197019598
    },
    "g2g3": {
      "fen_after_white": "rnbqkbnr/pppppppp/8/8/8/6P1/PPPPPP1P/RNBQKBNR b KQkq - 0 1",
      "black_reply_probs": {
        "c7c5": 0.025826219469308853,
        "e7e5": 0.44530627131462097,
        "e7e6": 6.765501166228205e-05,
        "c7c6": 4.333613833296113e-05,
        "d7d5": 0.06986525654792786,
        "g8f6": 0.44671502709388733,
        "g7g6": 8.685526699991897e-05,
        "d7d6": 5.850409797858447e-05
      },
      "other_mass": 0.012030875059281243
    },
    "b2b3": {
      "fen_after_white": "rnbqkbnr/pppppppp/8/8/8/1P6/P1PPPPPP/RNBQKBNR b KQkq - 0 1",
      "black_reply_probs": {
        "c7c5": 0.003691262798383832,
        "e7e5": 0.6559560894966125,
        "e7e6": 0.0002506539458408952,
        "c7c6": 1.7061689504771493e-05,
        "d7d5": 0.045093368738889694,
        "g8f6": 0.29189711809158325,
        "g7g6": 0.0004558659566100687,
        "d7d6": 3.3761309168767184e-05
      },
      "other_mass": 0.0026048179734061705
    },
    "f2f4": {
      "fen_after_white": "rnbqkbnr/pppppppp/8/8/5P2/8/PPPPP1PP/RNBQKBNR b KQkq - 0 1",
      "black_reply_probs": {
        "c7c5": 0.06526775658130646,
        "e7e5": 0.30568990111351013,
        "e7e6": 0.0014960996340960264,
        "c7c6": 0.00021128861408215016,
        "d7d5": 0.13999402523040771,
        "g8f6": 0.4714280068874359,
        "g7g6": 0.00038353606942109764,
        "d7d6": 0.00031980822677724063
      },
      "other_mass": 0.015209577642963268
    },
    "b2b4": {
      "fen_after_white": "rnbqkbnr/pppppppp/8/8/1P6/8/P1PPPPPP/RNBQKBNR b KQkq - 0 1",
      "black_reply_probs": {
        "c7c5": 0.0005794012104161084,
        "e7e5": 0.6964385509490967,
        "e7e6": 0.0022182012908160686,
        "c7c6": 0.00014634308172389865,
        "d7d5": 0.0868084654211998,
        "g8f6": 0.20032769441604614,
        "g7g6": 0.0019546381663531065,
        "d7d6": 0.000385407533030957
      },
      "other_mass": 0.01114129793131724
    },
    "a2a4": {
      "fen_after_white": "rnbqkbnr/pppppppp/8/8/P7/8/1PPPPPPP/RNBQKBNR b KQkq - 0 1",
      "black_reply_probs": {
        "c7c5": 0.0062994277104735374,
        "e7e5": 0.48084530234336853,
        "e7e6": 5.6747936469037086e-05,
        "c7c6": 2.6307270672987215e-05,
        "d7d5": 0.04557579755783081,
        "g8f6": 0.4631093442440033,
        "g7g6": 3.71021669707261e-05,
        "d7d6": 5.9027828683611006e-05
      },
      "other_mass": 0.003990942941527464
    }
  },
  "meta": {
    "elo_self": 2800,
    "elo_oppo": 2800,
    "temperature": 1.0,
    "maia_type": "blitz",
    "white_moves_probed": [
      "e2e4",
      "d2d4",
      "c2c4",
      "g1f3",
      "g2g3",
      "b2b3",
      "f2f4",
      "b2b4",
      "a2a4"
    ],
    "black_replies_probed": [
      "c7c5",
      "e7e5",
      "e7e6",
      "c7c6",
      "d7d5",
      "g8f6",
      "g7g6",
      "d7d6"
    ]
  }
}