{
  "white_first_move_probs": {
    "e2e4": 0.3782016634941101,
    "d2d4": 0.04708292707800865,
    "c2c4": 0.006658378057181835,
    "g1f3": 0.5641210675239563,
    "g2g3": 0.00014007368008606136,
    "b2b3": 0.0025236369110643864,
    "f2f4": 6.841414142400026e-05,
    "b2b4": 1.6719541235943325e-05,
    "a2a4": 1.1338152035023086e-05
  },
  "white_other_mass": 0.0011757814208976924,
  "black_reply_probs_cond_on_white": {
    "e2e4": {
      "fen_after_white": "rnbqkbnr/pppppppp/8/8/4P3/8/PPPP1PPP/RNBQKBNR b KQkq - 0 1",
      "black_reply_probs": {
        "c7c5": 0.9549137353897095,
        "e7e5": 0.020884322002530098,
        "e7e6": 0.00013288801710586995,
        "c7c6": 0.0012748390436172485,
        "d7d5": 0.015379613265395164,
        "g8f6": 0.003513805568218231,
        "g7g6": 9.160594345303252e-06,
        "d7d6": 0.0001696543040452525
      },
      "other_mass": 0.0037219818150333595
    },
    "d2d4": {
      "fen_after_white": "rnbqkbnr/pppppppp/8/8/3P4/8/PPP1PPPP/RNBQKBNR b KQkq - 0 1",
      "black_reply_probs": {
        "c7c5": 0.00041510703158564866,
        "e7e5": 0.005898378323763609,
        "e7e6": 0.0002842570829670876,
        "c7c6": 1.3719823073188309e-05,
        "d7d5": 0.01304493099451065,
        "g8f6": 0.9790899753570557,
        "g7g6": 0.0006611507851630449,
        "d7d6": 1.943179995578248e-05
      },
      "other_mass": 0.0005730488019253244
    },
    "c2c4": {
      "fen_after_white": "rnbqkbnr/pppppppp/8/8/2P5/8/PP1PPPPP/RNBQKBNR b KQkq - 0 1",
      "black_reply_probs": {
        "c7c5": 0.004300849977880716,
        "e7e5": 0.34462693333625793,
        "e7e6": 0.0001689116470515728,
        "c7c6": 2.462531119817868e-05,
        "d7d5": 0.004471136257052422,
        "g8f6": 0.6413059830665588,
        "g7g6": 0.000396190385799855,
        "d7d6": 0.00019604843691922724
      },
      "other_mass": 0.004509321581281256
    },
    "g1f3": {
      "fen_after_white": "rnbqkbnr/pppppppp/8/8/8/5N2/PPPPPPPP/RNBQKB1R b KQkq - 1 1",
      "black_reply_probs": {
        "c7c5": 0.0032797479070723057,
        "e7e5": 0.03814486786723137,
        "e7e6": 4.847189848078415e-05,
        "c7c6": 5.642184078169521e-06,
        "d7d5": 0.019648896530270576,
        "g8f6": 0.936598002910614,
        "g7g6": 0.0003661589289549738,
        "d7d6": 3.118578388239257e-05
      },
      "other_mass": 0.001877025989415415
    },
    "g2g3": {
      "fen_after_white": "rnbqkbnr/pppppppp/8/8/8/6P1/PPPPPP1P/RNBQKBNR b KQkq - 0 1",
      "black_reply_probs": {
        "c7c5": 0.011846895329654217,
        "e7e5": 0.3859899938106537,
        "e7e6": 0.0001172420525108464,
        "c7c6": 5.9434420109028e-05,
        "d7d5": 0.06041072681546211,
        "g8f6": 0.5296900868415833,
        "g7g6": 0.00022931816056370735,
        "d7d6": 8.361653453903273e-05
      },
      "other_mass": 0.011572686034924118
    },
    "b2b3": {
      "fen_after_white": "rnbqkbnr/pppppppp/8/8/8/1P6/P1PPPPPP/RNBQKBNR b KQkq - 0 1",
      "black_reply_probs": {
        "c7c5": 0.002375456504523754,
        "e7e5": 0.5700728893280029,
        "e7e6": 0.0004218736430630088,
        "c7c6": 2.761638825177215e-05,
        "d7d5": 0.045425452291965485,
        "g8f6": 0.3765336573123932,
        "g7g6": 0.0013147974386811256,
        "d7d6": 5.8308549341745675e-05
      },
      "other_mass": 0.003769948543776991
    },
    "f2f4": {
      "fen_after_white": "rnbqkbnr/pppppppp/8/8/5P2/8/PPPPP1PP/RNBQKBNR b KQkq - 0 1",
      "black_reply_probs": {
        "c7c5": 0.034830689430236816,
        "e7e5": 0.21411234140396118,
        "e7e6": 0.001755384262651205,
        "c7c6": 0.0003311273467261344,
        "d7d5": 0.11499209702014923,
        "g8f6": 0.6162804961204529,
        "g7g6": 0.00119966350030154,
        "d7d6": 0.0005141671281307936
      },
      "other_mass": 0.015984033787390217
    },
    "b2b4": {
      "fen_after_white": "rnbqkbnr/pppppppp/8/8/1P6/8/P1PPPPPP/RNBQKBNR b KQkq - 0 1",
      "black_reply_probs": {
        "c7c5": 0.00040735307266004384,
        "e7e5": 0.6059090495109558,
        "e7e6": 0.0035957512445747852,
        "c7c6": 0.000239402026636526,
        "d7d5": 0.08900108933448792,
        "g8f6": 0.27943819761276245,
        "g7g6": 0.005681911483407021,
        "d7d6": 0.0006847698823548853
      },
      "other_mass": 0.015042475832160562
    },
    "a2a4": {
      "fen_after_white": "rnbqkbnr/pppppppp/8/8/P7/8/1PPPPPPP/RNBQKBNR b KQkq - 0 1",
      "black_reply_probs": {
        "c7c5": 0.002812107792124152,
        "e7e5": 0.36918097734451294,
        "e7e6": 0.000100652156106662,
        "c7c6": 2.9299855668796226e-05,
        "d7d5": 0.034726668149232864,
        "g8f6": 0.5890915989875793,
        "g7g6": 0.00011730710684787482,
        "d7d6": 8.802980300970376e-05
      },
      "other_mass": 0.0038533588049176615
    }
  },
  "meta": {
    "elo_self": 2800,
    "elo_oppo": 2800,
    "temperature": 1.0,
    "maia_type": "blitz",
    "white_moves_probed": [
      "e2e4",
      "d2d4",
      "c2c4",
      "g1f3",
      "g2g3",
      "b2b3",
      "f2f4",
      "b2b4",
      "a2a4"
    ],
    "black_replies_probed": [
      "c7c5",
      "e7e5",
      "e7e6",
      "c7c6",
      "d7d5",
      "g8f6",
      "g7g6",
      "d7d6"
    ]
  }
}