{
  "white_first_move_probs": {
    "e2e4": 0.5712326765060425,
    "d2d4": 0.03496038541197777,
    "c2c4": 0.0043251970782876015,
    "g1f3": 0.38407114148139954,
    "g2g3": 6.638438208028674e-05,
    "b2b3": 0.004792681895196438,
    "f2f4": 2.595567457319703e-05,
    "b2b4": 1.1290527254459448e-05,
    "a2a4": 2.6536613404459786e-06
  },
  "white_other_mass": 0.000511633381847787,
  "black_reply_probs_cond_on_white": {
    "e2e4": {
      "fen_after_white": "rnbqkbnr/pppppppp/8/8/4P3/8/PPPP1PPP/RNBQKBNR b KQkq - 0 1",
      "black_reply_probs": {
        "c7c5": 0.9271730184555054,
        "e7e5": 0.054393086582422256,
        "e7e6": 0.0001489397109253332,
        "c7c6": 0.0005189685034565628,
        "d7d5": 0.010063321329653263,
        "g8f6": 0.00253123976290226,
        "g7g6": 7.348049621214159e-06,
        "d7d6": 8.938952669268474e-05
      },
      "other_mass": 0.005074688078821055
    },
    "d2d4": {
      "fen_after_white": "rnbqkbnr/pppppppp/8/8/3P4/8/PPP1PPPP/RNBQKBNR b KQkq - 0 1",
      "black_reply_probs": {
        "c7c5": 0.0004787732323165983,
        "e7e5": 0.009811332449316978,
        "e7e6": 0.00022715009981766343,
        "c7c6": 1.251834964932641e-05,
        "d7d5": 0.014110946096479893,
        "g8f6": 0.9745206832885742,
        "g7g6": 0.00024898548144847155,
        "d7d6": 1.729863288346678e-05
      },
      "other_mass": 0.0005723123695133836
    },
    "c2c4": {
      "fen_after_white": "rnbqkbnr/pppppppp/8/8/2P5/8/PP1PPPPP/RNBQKBNR b KQkq - 0 1",
      "black_reply_probs": {
        "c7c5": 0.011125355958938599,
        "e7e5": 0.4913535416126251,
        "e7e6": 0.00013155948545318097,
        "c7c6": 1.980081833607983e-05,
        "d7d5": 0.0025957459583878517,
        "g8f6": 0.48594599962234497,
        "g7g6": 0.00012249135761521757,
        "d7d6": 0.00010752646630862728
      },
      "other_mass": 0.008597978719990351
    },
    "g1f3": {
      "fen_after_white": "rnbqkbnr/pppppppp/8/8/8/5N2/PPPPPPPP/RNBQKB1R b KQkq - 1 1",
      "black_reply_probs": {
        "c7c5": 0.002240309026092291,
        "e7e5": 0.06512407213449478,
        "e7e6": 4.086870831088163e-05,
        "c7c6": 3.53626933247142e-06,
        "d7d5": 0.015559936873614788,
        "g8f6": 0.9149178266525269,
        "g7g6": 0.00023648267961107194,
        "d7d6": 2.420118653390091e-05
      },
      "other_mass": 0.0018527664694829582
    },
    "g2g3": {
      "fen_after_white": "rnbqkbnr/pppppppp/8/8/8/6P1/PPPPPP1P/RNBQKBNR b KQkq - 0 1",
      "black_reply_probs": {
        "c7c5": 0.009183773770928383,
        "e7e5": 0.5997194647789001,
        "e7e6": 7.063948578434065e-05,
        "c7c6": 2.6687666832003742e-05,
        "d7d5": 0.03737645223736763,
        "g8f6": 0.3377764821052551,
        "g7g6": 8.451674511888996e-05,
        "d7d6": 5.3519201173912734e-05
      },
      "other_mass": 0.015708464008639567
    },
    "b2b3": {
      "fen_after_white": "rnbqkbnr/pppppppp/8/8/8/1P6/P1PPPPPP/RNBQKBNR b KQkq - 0 1",
      "black_reply_probs": {
        "c7c5": 0.0017493899213150144,
        "e7e5": 0.6954967379570007,
        "e7e6": 0.0002148235944332555,
        "c7c6": 1.37372089739074e-05,
        "d7d5": 0.02727949433028698,
        "g8f6": 0.27164965867996216,
        "g7g6": 0.0005557532422244549,
        "d7d6": 2.6827212423086166e-05
      },
      "other_mass": 0.0030135778533804114
    },
    "f2f4": {
      "fen_after_white": "rnbqkbnr/pppppppp/8/8/5P2/8/PPPPP1PP/RNBQKBNR b KQkq - 0 1",
      "black_reply_probs": {
        "c7c5": 0.018492311239242554,
        "e7e5": 0.45313945412635803,
        "e7e6": 0.0010078224586322904,
        "c7c6": 0.00010118937643710524,
        "d7d5": 0.0667026937007904,
        "g8f6": 0.4454212486743927,
        "g7g6": 0.0004397004668135196,
        "d7d6": 0.00018592947162687778
      },
      "other_mass": 0.014509650485706516
    },
    "b2b4": {
      "fen_after_white": "rnbqkbnr/pppppppp/8/8/1P6/8/P1PPPPPP/RNBQKBNR b KQkq - 0 1",
      "black_reply_probs": {
        "c7c5": 0.00026732482365332544,
        "e7e5": 0.6547335982322693,
        "e7e6": 0.0012420103885233402,
        "c7c6": 0.00010981781088048592,
        "d7d5": 0.049031924456357956,
        "g8f6": 0.2860220968723297,
        "g7g6": 0.0013008724199607968,
        "d7d6": 0.0001363954652333632
      },
      "other_mass": 0.007155959530791733
    },
    "a2a4": {
      "fen_after_white": "rnbqkbnr/pppppppp/8/8/P7/8/1PPPPPPP/RNBQKBNR b KQkq - 0 1",
      "black_reply_probs": {
        "c7c5": 0.001892225001938641,
        "e7e5": 0.5567359328269958,
        "e7e6": 7.146305142669007e-05,
        "c7c6": 1.2765698556904681e-05,
        "d7d5": 0.02576052024960518,
        "g8f6": 0.41084110736846924,
        "g7g6": 3.476817801129073e-05,
        "d7d6": 5.113857696414925e-05
      },
      "other_mass": 0.0046000790480320575
    }
  },
  "meta": {
    "elo_self": 2800,
    "elo_oppo": 2800,
    "temperature": 1.0,
    "maia_type": "blitz",
    "white_moves_probed": [
      "e2e4",
      "d2d4",
      "c2c4",
      "g1f3",
      "g2g3",
      "b2b3",
      "f2f4",
      "b2b4",
      "a2a4"
    ],
    "black_replies_probed": [
      "c7c5",
      "e7e5",
      "e7e6",
      "c7c6",
      "d7d5",
      "g8f6",
      "g7g6",
      "d7d6"
    ]
  }
}