{
  "white_first_move_probs": {
    "e2e4": 0.4186360239982605,
    "d2d4": 0.03389427810907364,
    "c2c4": 0.003219140460714698,
    "g1f3": 0.5415331721305847,
    "g2g3": 2.9934548365417868e-05,
    "b2b3": 0.002164083067327738,
    "f2f4": 2.1461284632096067e-05,
    "b2b4": 6.735944225511048e-06,
    "a2a4": 2.3976874672371196e-06
  },
  "white_other_mass": 0.0004927727693484485,
  "black_reply_probs_cond_on_white": {
    "e2e4": {
      "fen_after_white": "rnbqkbnr/pppppppp/8/8/4P3/8/PPPP1PPP/RNBQKBNR b KQkq - 0 1",
      "black_reply_probs": {
        "c7c5": 0.9021437764167786,
        "e7e5": 0.06330335140228271,
        "e7e6": 0.00022552763402927667,
        "c7c6": 0.0008555089589208364,
        "d7d5": 0.02032979391515255,
        "g8f6": 0.005398780107498169,
        "g7g6": 9.686940757092088e-06,
        "d7d6": 0.000138577917823568
      },
      "other_mass": 0.007594996706757229
    },
    "d2d4": {
      "fen_after_white": "rnbqkbnr/pppppppp/8/8/3P4/8/PPP1PPPP/RNBQKBNR b KQkq - 0 1",
      "black_reply_probs": {
        "c7c5": 0.00011784883099608123,
        "e7e5": 0.0034045171923935413,
        "e7e6": 7.516832556575537e-05,
        "c7c6": 2.546928271840443e-06,
        "d7d5": 0.0060067432932555676,
        "g8f6": 0.9900490045547485,
        "g7g6": 0.00011020047531928867,
        "d7d6": 5.763583430962171e-06
      },
      "other_mass": 0.00022820681601842807
    },
    "c2c4": {
      "fen_after_white": "rnbqkbnr/pppppppp/8/8/2P5/8/PP1PPPPP/RNBQKBNR b KQkq - 0 1",
      "black_reply_probs": {
        "c7c5": 0.003627610392868519,
        "e7e5": 0.2711702585220337,
        "e7e6": 8.682761108502746e-05,
        "c7c6": 7.473570803995244e-06,
        "d7d5": 0.0026464895345270634,
        "g8f6": 0.7190866470336914,
        "g7g6": 0.00010064325033454224,
        "d7d6": 7.815167191438377e-05
      },
      "other_mass": 0.0031958984127413714
    },
    "g1f3": {
      "fen_after_white": "rnbqkbnr/pppppppp/8/8/8/5N2/PPPPPPPP/RNBQKB1R b KQkq - 1 1",
      "black_reply_probs": {
        "c7c5": 0.0007519163773395121,
        "e7e5": 0.020083533599972725,
        "e7e6": 1.5993269698810764e-05,
        "c7c6": 9.363110962112842e-07,
        "d7d5": 0.008845004253089428,
        "g8f6": 0.9693801999092102,
        "g7g6": 8.801626972854137e-05,
        "d7d6": 9.242045052815229e-06
      },
      "other_mass": 0.0008251579648117513
    },
    "g2g3": {
      "fen_after_white": "rnbqkbnr/pppppppp/8/8/8/6P1/PPPPPP1P/RNBQKBNR b KQkq - 0 1",
      "black_reply_probs": {
        "c7c5": 0.006735324859619141,
        "e7e5": 0.4166560471057892,
        "e7e6": 6.0168415075168014e-05,
        "c7c6": 2.0955434592906386e-05,
        "d7d5": 0.05027640983462334,
        "g8f6": 0.5155221819877625,
        "g7g6": 7.021786586847156e-05,
        "d7d6": 4.658291436498985e-05
      },
      "other_mass": 0.010612111582304351
    },
    "b2b3": {
      "fen_after_white": "rnbqkbnr/pppppppp/8/8/8/1P6/P1PPPPPP/RNBQKBNR b KQkq - 0 1",
      "black_reply_probs": {
        "c7c5": 0.0015538264997303486,
        "e7e5": 0.5420781970024109,
        "e7e6": 0.0002432335022604093,
        "c7c6": 1.1149381862196606e-05,
        "d7d5": 0.03953728824853897,
        "g8f6": 0.41318419575691223,
        "g7g6": 0.000398279691580683,
        "d7d6": 3.938778172596358e-05
      },
      "other_mass": 0.002954442134978308
    },
    "f2f4": {
      "fen_after_white": "rnbqkbnr/pppppppp/8/8/5P2/8/PPPPP1PP/RNBQKBNR b KQkq - 0 1",
      "black_reply_probs": {
        "c7c5": 0.019407492130994797,
        "e7e5": 0.30630746483802795,
        "e7e6": 0.0011748175602406263,
        "c7c6": 0.00012917121057398617,
        "d7d5": 0.11636701971292496,
        "g8f6": 0.541218101978302,
        "g7g6": 0.00033125621848739684,
        "d7d6": 0.00027743165264837444
      },
      "other_mass": 0.014787244697799906
    },
    "b2b4": {
      "fen_after_white": "rnbqkbnr/pppppppp/8/8/1P6/8/P1PPPPPP/RNBQKBNR b KQkq - 0 1",
      "black_reply_probs": {
        "c7c5": 0.000281067710602656,
        "e7e5": 0.6441025733947754,
        "e7e6": 0.0024157646112143993,
        "c7c6": 0.00011502546112751588,
        "d7d5": 0.07881371676921844,
        "g8f6": 0.2607094645500183,
        "g7g6": 0.002867609728127718,
        "d7d6": 0.00047082238597795367
      },
      "other_mass": 0.010223955388937611
    },
    "a2a4": {
      "fen_after_white": "rnbqkbnr/pppppppp/8/8/P7/8/1PPPPPPP/RNBQKBNR b KQkq - 0 1",
      "black_reply_probs": {
        "c7c5": 0.00198251660913229,
        "e7e5": 0.3536507487297058,
        "e7e6": 5.875940769328736e-05,
        "c7c6": 1.0285895768902265e-05,
        "d7d5": 0.030700914561748505,
        "g8f6": 0.6103338599205017,
        "g7g6": 3.374713196535595e-05,
        "d7d6": 5.396279811975546e-05
      },
      "other_mass": 0.003175204945364385
    }
  },
  "meta": {
    "elo_self": 2800,
    "elo_oppo": 2800,
    "temperature": 1.0,
    "maia_type": "blitz",
    "white_moves_probed": [
      "e2e4",
      "d2d4",
      "c2c4",
      "g1f3",
      "g2g3",
      "b2b3",
      "f2f4",
      "b2b4",
      "a2a4"
    ],
    "black_replies_probed": [
      "c7c5",
      "e7e5",
      "e7e6",
      "c7c6",
      "d7d5",
      "g8f6",
      "g7g6",
      "d7d6"
    ]
  }
}