{
  "white_first_move_probs": {
    "e2e4": 0.3828514814376831,
    "d2d4": 0.05298399180173874,
    "c2c4": 0.019726712256669998,
    "g1f3": 0.5411401391029358,
    "g2g3": 0.000211345060961321,
    "b2b3": 0.0013506612740457058,
    "f2f4": 0.00012587645323947072,
    "b2b4": 1.2110516763641499e-05,
    "a2a4": 1.3937723451817874e-05
  },
  "white_other_mass": 0.0015837443725104094,
  "black_reply_probs_cond_on_white": {
    "e2e4": {
      "fen_after_white": "rnbqkbnr/pppppppp/8/8/4P3/8/PPPP1PPP/RNBQKBNR b KQkq - 0 1",
      "black_reply_probs": {
        "c7c5": 0.8251110911369324,
        "e7e5": 0.09487967193126678,
        "e7e6": 0.0003014457179233432,
        "c7c6": 0.0004856069281231612,
        "d7d5": 0.049237385392189026,
        "g8f6": 0.022395435720682144,
        "g7g6": 7.398956222459674e-05,
        "d7d6": 0.00036758906207978725
      },
      "other_mass": 0.007147784548578784
    },
    "d2d4": {
      "fen_after_white": "rnbqkbnr/pppppppp/8/8/3P4/8/PPP1PPPP/RNBQKBNR b KQkq - 0 1",
      "black_reply_probs": {
        "c7c5": 0.00405010674148798,
        "e7e5": 0.01628985069692135,
        "e7e6": 0.0004217154055368155,
        "c7c6": 4.1200979467248544e-05,
        "d7d5": 0.04906332865357399,
        "g8f6": 0.9275068044662476,
        "g7g6": 0.0014412442687898874,
        "d7d6": 0.00010442986967973411
      },
      "other_mass": 0.0010813189182954375
    },
    "c2c4": {
      "fen_after_white": "rnbqkbnr/pppppppp/8/8/2P5/8/PP1PPPPP/RNBQKBNR b KQkq - 0 1",
      "black_reply_probs": {
        "c7c5": 0.01776452735066414,
        "e7e5": 0.33399224281311035,
        "e7e6": 0.00020966310694348067,
        "c7c6": 4.103710307390429e-05,
        "d7d5": 0.008066129870712757,
        "g8f6": 0.6335231065750122,
        "g7g6": 0.0006925289053469896,
        "d7d6": 0.0003137352759949863
      },
      "other_mass": 0.005397028999141185
    },
    "g1f3": {
      "fen_after_white": "rnbqkbnr/pppppppp/8/8/8/5N2/PPPPPPPP/RNBQKB1R b KQkq - 1 1",
      "black_reply_probs": {
        "c7c5": 0.01045379787683487,
        "e7e5": 0.06680232286453247,
        "e7e6": 7.749421638436615e-05,
        "c7c6": 7.152517355279997e-06,
        "d7d5": 0.025529418140649796,
        "g8f6": 0.8942400217056274,
        "g7g6": 0.0005868622101843357,
        "d7d6": 5.769122435594909e-05
      },
      "other_mass": 0.002245239244075492
    },
    "g2g3": {
      "fen_after_white": "rnbqkbnr/pppppppp/8/8/8/6P1/PPPPPP1P/RNBQKBNR b KQkq - 0 1",
      "black_reply_probs": {
        "c7c5": 0.028327466920018196,
        "e7e5": 0.4336777329444885,
        "e7e6": 0.00015124096535146236,
        "c7c6": 6.804006989113986e-05,
        "d7d5": 0.08047180622816086,
        "g8f6": 0.4494936466217041,
        "g7g6": 0.0003217569028493017,
        "d7d6": 0.00014586637553293258
      },
      "other_mass": 0.007342442972003482
    },
    "b2b3": {
      "fen_after_white": "rnbqkbnr/pppppppp/8/8/8/1P6/P1PPPPPP/RNBQKBNR b KQkq - 0 1",
      "black_reply_probs": {
        "c7c5": 0.01038742158561945,
        "e7e5": 0.5732136964797974,
        "e7e6": 0.00041676597902551293,
        "c7c6": 4.19539246649947e-05,
        "d7d5": 0.0645432099699974,
        "g8f6": 0.34491607546806335,
        "g7g6": 0.001360520487651229,
        "d7d6": 0.00011735227599274367
      },
      "other_mass": 0.005003003829187946
    },
    "f2f4": {
      "fen_after_white": "rnbqkbnr/pppppppp/8/8/5P2/8/PPPPP1PP/RNBQKBNR b KQkq - 0 1",
      "black_reply_probs": {
        "c7c5": 0.058375533670186996,
        "e7e5": 0.3936005234718323,
        "e7e6": 0.0013100168434903026,
        "c7c6": 0.00017742495401762426,
        "d7d5": 0.08725378662347794,
        "g8f6": 0.45154762268066406,
        "g7g6": 0.0006596859311684966,
        "d7d6": 0.00039905618177726865
      },
      "other_mass": 0.006676349643385038
    },
    "b2b4": {
      "fen_after_white": "rnbqkbnr/pppppppp/8/8/1P6/8/P1PPPPPP/RNBQKBNR b KQkq - 0 1",
      "black_reply_probs": {
        "c7c5": 0.0017644291510805488,
        "e7e5": 0.6576489806175232,
        "e7e6": 0.0022781144361943007,
        "c7c6": 0.00021767988801002502,
        "d7d5": 0.08874324709177017,
        "g8f6": 0.23291312158107758,
        "g7g6": 0.003947815392166376,
        "d7d6": 0.0005474925274029374
      },
      "other_mass": 0.011939119314774871
    },
    "a2a4": {
      "fen_after_white": "rnbqkbnr/pppppppp/8/8/P7/8/1PPPPPPP/RNBQKBNR b KQkq - 0 1",
      "black_reply_probs": {
        "c7c5": 0.013303431682288647,
        "e7e5": 0.37836360931396484,
        "e7e6": 0.00014401183580048382,
        "c7c6": 5.373508611228317e-05,
        "d7d5": 0.0655597671866417,
        "g8f6": 0.5374513864517212,
        "g7g6": 0.00024936560657806695,
        "d7d6": 0.00017398847558069974
      },
      "other_mass": 0.004700704361312091
    }
  },
  "meta": {
    "elo_self": 2800,
    "elo_oppo": 2800,
    "temperature": 1.0,
    "maia_type": "blitz",
    "white_moves_probed": [
      "e2e4",
      "d2d4",
      "c2c4",
      "g1f3",
      "g2g3",
      "b2b3",
      "f2f4",
      "b2b4",
      "a2a4"
    ],
    "black_replies_probed": [
      "c7c5",
      "e7e5",
      "e7e6",
      "c7c6",
      "d7d5",
      "g8f6",
      "g7g6",
      "d7d6"
    ]
  }
}