{
  "white_first_move_probs": {
    "e2e4": 0.33068013191223145,
    "d2d4": 0.04424995556473732,
    "c2c4": 0.006523309275507927,
    "g1f3": 0.6142657399177551,
    "g2g3": 0.00010328921052860096,
    "b2b3": 0.003566483501344919,
    "f2f4": 3.660581205622293e-05,
    "b2b4": 2.0547262465697713e-05,
    "a2a4": 4.977376647730125e-06
  },
  "white_other_mass": 0.0005489601667250099,
  "black_reply_probs_cond_on_white": {
    "e2e4": {
      "fen_after_white": "rnbqkbnr/pppppppp/8/8/4P3/8/PPPP1PPP/RNBQKBNR b KQkq - 0 1",
      "black_reply_probs": {
        "c7c5": 0.9446044564247131,
        "e7e5": 0.02968594618141651,
        "e7e6": 0.00018427342001814395,
        "c7c6": 0.0010664872825145721,
        "d7d5": 0.016131198033690453,
        "g8f6": 0.0036860203836113214,
        "g7g6": 1.0531940461078193e-05,
        "d7d6": 0.0001243993901880458
      },
      "other_mass": 0.00450668694338674
    },
    "d2d4": {
      "fen_after_white": "rnbqkbnr/pppppppp/8/8/3P4/8/PPP1PPPP/RNBQKBNR b KQkq - 0 1",
      "black_reply_probs": {
        "c7c5": 0.00028235148056410253,
        "e7e5": 0.0021453278604894876,
        "e7e6": 0.00010861633199965581,
        "c7c6": 4.27944587499951e-06,
        "d7d5": 0.009865007363259792,
        "g8f6": 0.9869759678840637,
        "g7g6": 0.00037602780503220856,
        "d7d6": 7.06320724930265e-06
      },
      "other_mass": 0.00023535862146673026
    },
    "c2c4": {
      "fen_after_white": "rnbqkbnr/pppppppp/8/8/2P5/8/PP1PPPPP/RNBQKBNR b KQkq - 0 1",
      "black_reply_probs": {
        "c7c5": 0.0086662070825696,
        "e7e5": 0.25004589557647705,
        "e7e6": 0.00013636874791700393,
        "c7c6": 1.895587774924934e-05,
        "d7d5": 0.0034366557374596596,
        "g8f6": 0.7327687740325928,
        "g7g6": 0.00028350140200927854,
        "d7d6": 9.38685261644423e-05
      },
      "other_mass": 0.004549773017060943
    },
    "g1f3": {
      "fen_after_white": "rnbqkbnr/pppppppp/8/8/8/5N2/PPPPPPPP/RNBQKB1R b KQkq - 1 1",
      "black_reply_probs": {
        "c7c5": 0.0024258980993181467,
        "e7e5": 0.018370594829320908,
        "e7e6": 2.0391165890032426e-05,
        "c7c6": 1.6725754221624811e-06,
        "d7d5": 0.012409201823174953,
        "g8f6": 0.9655057191848755,
        "g7g6": 0.00016846474318299443,
        "d7d6": 1.0755734365375247e-05
      },
      "other_mass": 0.0010873018444499394
    },
    "g2g3": {
      "fen_after_white": "rnbqkbnr/pppppppp/8/8/8/6P1/PPPPPP1P/RNBQKBNR b KQkq - 0 1",
      "black_reply_probs": {
        "c7c5": 0.01814969815313816,
        "e7e5": 0.3770003318786621,
        "e7e6": 9.410408529220149e-05,
        "c7c6": 3.6333261959953234e-05,
        "d7d5": 0.06009594723582268,
        "g8f6": 0.5267260670661926,
        "g7g6": 0.0001388928503729403,
        "d7d6": 5.7603341701906174e-05
      },
      "other_mass": 0.017701022126857424
    },
    "b2b3": {
      "fen_after_white": "rnbqkbnr/pppppppp/8/8/8/1P6/P1PPPPPP/RNBQKBNR b KQkq - 0 1",
      "black_reply_probs": {
        "c7c5": 0.0028452277183532715,
        "e7e5": 0.4629213809967041,
        "e7e6": 0.0003287383005954325,
        "c7c6": 1.6148305803653784e-05,
        "d7d5": 0.0373113751411438,
        "g8f6": 0.49253952503204346,
        "g7g6": 0.001160224201157689,
        "d7d6": 2.9262202588142827e-05
      },
      "other_mass": 0.002848118101610453
    },
    "f2f4": {
      "fen_after_white": "rnbqkbnr/pppppppp/8/8/5P2/8/PPPPP1PP/RNBQKBNR b KQkq - 0 1",
      "black_reply_probs": {
        "c7c5": 0.06848615407943726,
        "e7e5": 0.2534107565879822,
        "e7e6": 0.003375239670276642,
        "c7c6": 0.0004833730636164546,
        "d7d5": 0.16931387782096863,
        "g8f6": 0.4766201376914978,
        "g7g6": 0.0007076634210534394,
        "d7d6": 0.0005298536852933466
      },
      "other_mass": 0.027072943979874253
    },
    "b2b4": {
      "fen_after_white": "rnbqkbnr/pppppppp/8/8/1P6/8/P1PPPPPP/RNBQKBNR b KQkq - 0 1",
      "black_reply_probs": {
        "c7c5": 0.0005132127553224564,
        "e7e5": 0.4687698781490326,
        "e7e6": 0.003958328627049923,
        "c7c6": 0.0002712748246267438,
        "d7d5": 0.0928821861743927,
        "g8f6": 0.40542274713516235,
        "g7g6": 0.006968316622078419,
        "d7d6": 0.00035290460800752044
      },
      "other_mass": 0.02086115110432729
    },
    "a2a4": {
      "fen_after_white": "rnbqkbnr/pppppppp/8/8/P7/8/1PPPPPPP/RNBQKBNR b KQkq - 0 1",
      "black_reply_probs": {
        "c7c5": 0.004051866475492716,
        "e7e5": 0.3450123965740204,
        "e7e6": 0.00010835035209311172,
        "c7c6": 2.320426756341476e-05,
        "d7d5": 0.03710198402404785,
        "g8f6": 0.6084516048431396,
        "g7g6": 8.866529242368415e-05,
        "d7d6": 5.330584826879203e-05
      },
      "other_mass": 0.005108622322950396
    }
  },
  "meta": {
    "elo_self": 2800,
    "elo_oppo": 2800,
    "temperature": 1.0,
    "maia_type": "blitz",
    "white_moves_probed": [
      "e2e4",
      "d2d4",
      "c2c4",
      "g1f3",
      "g2g3",
      "b2b3",
      "f2f4",
      "b2b4",
      "a2a4"
    ],
    "black_replies_probed": [
      "c7c5",
      "e7e5",
      "e7e6",
      "c7c6",
      "d7d5",
      "g8f6",
      "g7g6",
      "d7d6"
    ]
  }
}