{
  "white_first_move_probs": {
    "e2e4": 0.39215242862701416,
    "d2d4": 0.017941953614354134,
    "c2c4": 0.0038739489391446114,
    "g1f3": 0.5832832455635071,
    "g2g3": 3.667619967018254e-05,
    "b2b3": 0.0019582328386604786,
    "f2f4": 2.0844739992753603e-05,
    "b2b4": 6.76192303217249e-06,
    "a2a4": 1.3575441926150233e-06
  },
  "white_other_mass": 0.0007245500104318126,
  "black_reply_probs_cond_on_white": {
    "e2e4": {
      "fen_after_white": "rnbqkbnr/pppppppp/8/8/4P3/8/PPPP1PPP/RNBQKBNR b KQkq - 0 1",
      "black_reply_probs": {
        "c7c5": 0.9732542634010315,
        "e7e5": 0.01785871759057045,
        "e7e6": 4.1737639548955485e-05,
        "c7c6": 0.00016822708130348474,
        "d7d5": 0.004681268706917763,
        "g8f6": 0.0017706586513668299,
        "g7g6": 2.296275170010631e-06,
        "d7d6": 3.554673821781762e-05
      },
      "other_mass": 0.002187283915873195
    },
    "d2d4": {
      "fen_after_white": "rnbqkbnr/pppppppp/8/8/3P4/8/PPP1PPPP/RNBQKBNR b KQkq - 0 1",
      "black_reply_probs": {
        "c7c5": 0.0002529210760258138,
        "e7e5": 0.0026241920422762632,
        "e7e6": 0.00010152909089811146,
        "c7c6": 1.9852247987728333e-06,
        "d7d5": 0.005086231976747513,
        "g8f6": 0.9915609955787659,
        "g7g6": 0.00014911546895746142,
        "d7d6": 3.6359449495648732e-06
      },
      "other_mass": 0.0002193935965806304
    },
    "c2c4": {
      "fen_after_white": "rnbqkbnr/pppppppp/8/8/2P5/8/PP1PPPPP/RNBQKBNR b KQkq - 0 1",
      "black_reply_probs": {
        "c7c5": 0.004848975222557783,
        "e7e5": 0.3208692669868469,
        "e7e6": 0.0001052195075317286,
        "c7c6": 4.2181791286566295e-06,
        "d7d5": 0.0012218109332025051,
        "g8f6": 0.6692759990692139,
        "g7g6": 0.00011903436097782105,
        "d7d6": 6.787517486372963e-05
      },
      "other_mass": 0.003487600565676985
    },
    "g1f3": {
      "fen_after_white": "rnbqkbnr/pppppppp/8/8/8/5N2/PPPPPPPP/RNBQKB1R b KQkq - 1 1",
      "black_reply_probs": {
        "c7c5": 0.0017660860903561115,
        "e7e5": 0.028348609805107117,
        "e7e6": 2.0254688934073783e-05,
        "c7c6": 5.795960191790073e-07,
        "d7d5": 0.0058396984823048115,
        "g8f6": 0.9629697799682617,
        "g7g6": 8.167124178726226e-05,
        "d7d6": 6.1147616179368924e-06
      },
      "other_mass": 0.0009672053656117896
    },
    "g2g3": {
      "fen_after_white": "rnbqkbnr/pppppppp/8/8/8/6P1/PPPPPP1P/RNBQKBNR b KQkq - 0 1",
      "black_reply_probs": {
        "c7c5": 0.009768291376531124,
        "e7e5": 0.3594852685928345,
        "e7e6": 4.441399869392626e-05,
        "c7c6": 7.822143743396737e-06,
        "d7d5": 0.021737433969974518,
        "g8f6": 0.6010940074920654,
        "g7g6": 6.074073462514207e-05,
        "d7d6": 2.2012938643456437e-05
      },
      "other_mass": 0.007780008752888534
    },
    "b2b3": {
      "fen_after_white": "rnbqkbnr/pppppppp/8/8/8/1P6/P1PPPPPP/RNBQKBNR b KQkq - 0 1",
      "black_reply_probs": {
        "c7c5": 0.0015895136166363955,
        "e7e5": 0.6102027297019958,
        "e7e6": 0.00019897903257515281,
        "c7c6": 3.790422624661005e-06,
        "d7d5": 0.018252816051244736,
        "g8f6": 0.36723557114601135,
        "g7g6": 0.0003966620424762368,
        "d7d6": 1.2185631021566223e-05
      },
      "other_mass": 0.00210775235541405
    },
    "f2f4": {
      "fen_after_white": "rnbqkbnr/pppppppp/8/8/5P2/8/PPPPP1PP/RNBQKBNR b KQkq - 0 1",
      "black_reply_probs": {
        "c7c5": 0.027765391394495964,
        "e7e5": 0.27413418889045715,
        "e7e6": 0.00121869589202106,
        "c7c6": 7.222258864203468e-05,
        "d7d5": 0.050435684621334076,
        "g8f6": 0.6340587139129639,
        "g7g6": 0.0005205876659601927,
        "d7d6": 0.00013053686416242272
      },
      "other_mass": 0.01166397816996323
    },
    "b2b4": {
      "fen_after_white": "rnbqkbnr/pppppppp/8/8/1P6/8/P1PPPPPP/RNBQKBNR b KQkq - 0 1",
      "black_reply_probs": {
        "c7c5": 0.0002546949835959822,
        "e7e5": 0.6499446630477905,
        "e7e6": 0.0017840967047959566,
        "c7c6": 5.864881677553058e-05,
        "d7d5": 0.051957327872514725,
        "g8f6": 0.28566014766693115,
        "g7g6": 0.001985713606700301,
        "d7d6": 0.00016051068087108433
      },
      "other_mass": 0.00819419662002474
    },
    "a2a4": {
      "fen_after_white": "rnbqkbnr/pppppppp/8/8/P7/8/1PPPPPPP/RNBQKBNR b KQkq - 0 1",
      "black_reply_probs": {
        "c7c5": 0.0012237259652465582,
        "e7e5": 0.35700103640556335,
        "e7e6": 5.9968406276311725e-05,
        "c7c6": 2.872836603273754e-06,
        "d7d5": 0.014715814031660557,
        "g8f6": 0.6245899796485901,
        "g7g6": 3.137402381980792e-05,
        "d7d6": 2.5919127438100986e-05
      },
      "other_mass": 0.0023493095548019483
    }
  },
  "meta": {
    "elo_self": 2800,
    "elo_oppo": 2800,
    "temperature": 1.0,
    "maia_type": "blitz",
    "white_moves_probed": [
      "e2e4",
      "d2d4",
      "c2c4",
      "g1f3",
      "g2g3",
      "b2b3",
      "f2f4",
      "b2b4",
      "a2a4"
    ],
    "black_replies_probed": [
      "c7c5",
      "e7e5",
      "e7e6",
      "c7c6",
      "d7d5",
      "g8f6",
      "g7g6",
      "d7d6"
    ]
  }
}