{
  "white_first_move_probs": {
    "e2e4": 0.4033609926700592,
    "d2d4": 0.05895184725522995,
    "c2c4": 0.0085081085562706,
    "g1f3": 0.5253880023956299,
    "g2g3": 0.00012579553003888577,
    "b2b3": 0.002516232430934906,
    "f2f4": 4.792520121554844e-05,
    "b2b4": 1.773266376403626e-05,
    "a2a4": 1.0899447261181194e-05
  },
  "white_other_mass": 0.001072463849595806,
  "black_reply_probs_cond_on_white": {
    "e2e4": {
      "fen_after_white": "rnbqkbnr/pppppppp/8/8/4P3/8/PPPP1PPP/RNBQKBNR b KQkq - 0 1",
      "black_reply_probs": {
        "c7c5": 0.9473122358322144,
        "e7e5": 0.022879209369421005,
        "e7e6": 0.00015709975559730083,
        "c7c6": 0.000938957673497498,
        "d7d5": 0.01872825436294079,
        "g8f6": 0.004392820410430431,
        "g7g6": 1.3689872503164224e-05,
        "d7d6": 0.00022339815041050315
      },
      "other_mass": 0.005354334572984953
    },
    "d2d4": {
      "fen_after_white": "rnbqkbnr/pppppppp/8/8/3P4/8/PPP1PPPP/RNBQKBNR b KQkq - 0 1",
      "black_reply_probs": {
        "c7c5": 0.0006837769760750234,
        "e7e5": 0.006318890489637852,
        "e7e6": 0.0002936115488409996,
        "c7c6": 1.2374588550301269e-05,
        "d7d5": 0.022487690672278404,
        "g8f6": 0.969031035900116,
        "g7g6": 0.0006525260978378356,
        "d7d6": 2.5800918592722155e-05
      },
      "other_mass": 0.0004942928080708953
    },
    "c2c4": {
      "fen_after_white": "rnbqkbnr/pppppppp/8/8/2P5/8/PP1PPPPP/RNBQKBNR b KQkq - 0 1",
      "black_reply_probs": {
        "c7c5": 0.006467153783887625,
        "e7e5": 0.3281926214694977,
        "e7e6": 0.00017994236259255558,
        "c7c6": 2.14011797652347e-05,
        "d7d5": 0.00477242935448885,
        "g8f6": 0.6558937430381775,
        "g7g6": 0.0004059304192196578,
        "d7d6": 0.00018200512568000704
      },
      "other_mass": 0.0038847732666908996
    },
    "g1f3": {
      "fen_after_white": "rnbqkbnr/pppppppp/8/8/8/5N2/PPPPPPPP/RNBQKB1R b KQkq - 1 1",
      "black_reply_probs": {
        "c7c5": 0.005011859815567732,
        "e7e5": 0.03501153364777565,
        "e7e6": 5.9420210163807496e-05,
        "c7c6": 5.273611805023393e-06,
        "d7d5": 0.026706591248512268,
        "g8f6": 0.9311392307281494,
        "g7g6": 0.0003463942848611623,
        "d7d6": 3.055791967199184e-05
      },
      "other_mass": 0.001689138533492951
    },
    "g2g3": {
      "fen_after_white": "rnbqkbnr/pppppppp/8/8/8/6P1/PPPPPP1P/RNBQKBNR b KQkq - 0 1",
      "black_reply_probs": {
        "c7c5": 0.02016327902674675,
        "e7e5": 0.3957362174987793,
        "e7e6": 0.00014350470155477524,
        "c7c6": 6.0935839428566396e-05,
        "d7d5": 0.08496427536010742,
        "g8f6": 0.48567789793014526,
        "g7g6": 0.0002141963195754215,
        "d7d6": 0.00010912140714935958
      },
      "other_mass": 0.012930571916513145
    },
    "b2b3": {
      "fen_after_white": "rnbqkbnr/pppppppp/8/8/8/1P6/P1PPPPPP/RNBQKBNR b KQkq - 0 1",
      "black_reply_probs": {
        "c7c5": 0.0034489568788558245,
        "e7e5": 0.5839293599128723,
        "e7e6": 0.0004808870144188404,
        "c7c6": 2.770749051705934e-05,
        "d7d5": 0.06026764586567879,
        "g8f6": 0.3466153144836426,
        "g7g6": 0.0012256164336577058,
        "d7d6": 7.978589565027505e-05
      },
      "other_mass": 0.003924726024706615
    },
    "f2f4": {
      "fen_after_white": "rnbqkbnr/pppppppp/8/8/5P2/8/PPPPP1PP/RNBQKBNR b KQkq - 0 1",
      "black_reply_probs": {
        "c7c5": 0.04949318990111351,
        "e7e5": 0.27498775720596313,
        "e7e6": 0.002626189263537526,
        "c7c6": 0.00031344397575594485,
        "d7d5": 0.15072253346443176,
        "g8f6": 0.5023245811462402,
        "g7g6": 0.0009168953984044492,
        "d7d6": 0.000556907441932708
      },
      "other_mass": 0.01805850220262073
    },
    "b2b4": {
      "fen_after_white": "rnbqkbnr/pppppppp/8/8/1P6/8/P1PPPPPP/RNBQKBNR b KQkq - 0 1",
      "black_reply_probs": {
        "c7c5": 0.0005135746905580163,
        "e7e5": 0.6451971530914307,
        "e7e6": 0.0030773719772696495,
        "c7c6": 0.0001851416745921597,
        "d7d5": 0.10504987090826035,
        "g8f6": 0.22543476521968842,
        "g7g6": 0.005266055930405855,
        "d7d6": 0.0006083230255171657
      },
      "other_mass": 0.014667743482277729
    },
    "a2a4": {
      "fen_after_white": "rnbqkbnr/pppppppp/8/8/P7/8/1PPPPPPP/RNBQKBNR b KQkq - 0 1",
      "black_reply_probs": {
        "c7c5": 0.003902812721207738,
        "e7e5": 0.3916851580142975,
        "e7e6": 0.00013340268924366683,
        "c7c6": 2.8821808882639743e-05,
        "d7d5": 0.050403010100126266,
        "g8f6": 0.5491082072257996,
        "g7g6": 0.00012905993207823485,
        "d7d6": 0.00010801898315548897
      },
      "other_mass": 0.004501508525208919
    }
  },
  "meta": {
    "elo_self": 2800,
    "elo_oppo": 2800,
    "temperature": 1.0,
    "maia_type": "blitz",
    "white_moves_probed": [
      "e2e4",
      "d2d4",
      "c2c4",
      "g1f3",
      "g2g3",
      "b2b3",
      "f2f4",
      "b2b4",
      "a2a4"
    ],
    "black_replies_probed": [
      "c7c5",
      "e7e5",
      "e7e6",
      "c7c6",
      "d7d5",
      "g8f6",
      "g7g6",
      "d7d6"
    ]
  }
}