{
  "white_first_move_probs": {
    "e2e4": 0.3498970866203308,
    "d2d4": 0.030689522624015808,
    "c2c4": 0.00505825225263834,
    "g1f3": 0.6104775667190552,
    "g2g3": 0.00014321213529910892,
    "b2b3": 0.0028403925243765116,
    "f2f4": 3.6654069845099e-05,
    "b2b4": 1.3493709047907032e-05,
    "a2a4": 4.272015303286025e-06
  },
  "white_other_mass": 0.000839547330087953,
  "black_reply_probs_cond_on_white": {
    "e2e4": {
      "fen_after_white": "rnbqkbnr/pppppppp/8/8/4P3/8/PPPP1PPP/RNBQKBNR b KQkq - 0 1",
      "black_reply_probs": {
        "c7c5": 0.9170558452606201,
        "e7e5": 0.05097245052456856,
        "e7e6": 0.00029353282297961414,
        "c7c6": 0.0006937298458069563,
        "d7d5": 0.017775047570466995,
        "g8f6": 0.006836102809756994,
        "g7g6": 2.3605209207744338e-05,
        "d7d6": 0.0002207960787927732
      },
      "other_mass": 0.006128889877800248
    },
    "d2d4": {
      "fen_after_white": "rnbqkbnr/pppppppp/8/8/3P4/8/PPP1PPPP/RNBQKBNR b KQkq - 0 1",
      "black_reply_probs": {
        "c7c5": 0.0004273316590115428,
        "e7e5": 0.004016762599349022,
        "e7e6": 0.00023868388962000608,
        "c7c6": 7.161844678194029e-06,
        "d7d5": 0.01036645844578743,
        "g8f6": 0.9836702346801758,
        "g7g6": 0.0007636937079951167,
        "d7d6": 2.1645200831699185e-05
      },
      "other_mass": 0.0004880279725512082
    },
    "c2c4": {
      "fen_after_white": "rnbqkbnr/pppppppp/8/8/2P5/8/PP1PPPPP/RNBQKBNR b KQkq - 0 1",
      "black_reply_probs": {
        "c7c5": 0.0051493654027581215,
        "e7e5": 0.265227735042572,
        "e7e6": 0.00018522243772167712,
        "c7c6": 1.4526903214573395e-05,
        "d7d5": 0.0030826423317193985,
        "g8f6": 0.721467137336731,
        "g7g6": 0.0004509104765020311,
        "d7d6": 0.00013454044528771192
      },
      "other_mass": 0.004287919623493508
    },
    "g1f3": {
      "fen_after_white": "rnbqkbnr/pppppppp/8/8/8/5N2/PPPPPPPP/RNBQKB1R b KQkq - 1 1",
      "black_reply_probs": {
        "c7c5": 0.0021488775964826345,
        "e7e5": 0.02596416510641575,
        "e7e6": 4.5980945287737995e-05,
        "c7c6": 2.3509473976446316e-06,
        "d7d5": 0.010526388883590698,
        "g8f6": 0.959478497505188,
        "g7g6": 0.0004029220435768366,
        "d7d6": 2.2668547899229452e-05
      },
      "other_mass": 0.0014081484241614817
    },
    "g2g3": {
      "fen_after_white": "rnbqkbnr/pppppppp/8/8/8/6P1/PPPPPP1P/RNBQKBNR b KQkq - 0 1",
      "black_reply_probs": {
        "c7c5": 0.012177087366580963,
        "e7e5": 0.34045103192329407,
        "e7e6": 0.0001300783915212378,
        "c7c6": 3.425493559916504e-05,
        "d7d5": 0.046433839946985245,
        "g8f6": 0.5882657170295715,
        "g7g6": 0.0002331522264285013,
        "d7d6": 7.536269549746066e-05
      },
      "other_mass": 0.012199475484521827
    },
    "b2b3": {
      "fen_after_white": "rnbqkbnr/pppppppp/8/8/8/1P6/P1PPPPPP/RNBQKBNR b KQkq - 0 1",
      "black_reply_probs": {
        "c7c5": 0.0026923520490527153,
        "e7e5": 0.5623424053192139,
        "e7e6": 0.00041882795630954206,
        "c7c6": 1.769237314874772e-05,
        "d7d5": 0.034377384930849075,
        "g8f6": 0.3956354260444641,
        "g7g6": 0.001065695658326149,
        "d7d6": 4.960278238286264e-05
      },
      "other_mass": 0.0034006128862529295
    },
    "f2f4": {
      "fen_after_white": "rnbqkbnr/pppppppp/8/8/5P2/8/PPPPP1PP/RNBQKBNR b KQkq - 0 1",
      "black_reply_probs": {
        "c7c5": 0.03954537957906723,
        "e7e5": 0.3145290017127991,
        "e7e6": 0.0022712433710694313,
        "c7c6": 0.00018489650392439216,
        "d7d5": 0.07967919856309891,
        "g8f6": 0.5465124249458313,
        "g7g6": 0.0007625952130183578,
        "d7d6": 0.0003079197776969522
      },
      "other_mass": 0.016207340333494358
    },
    "b2b4": {
      "fen_after_white": "rnbqkbnr/pppppppp/8/8/1P6/8/P1PPPPPP/RNBQKBNR b KQkq - 0 1",
      "black_reply_probs": {
        "c7c5": 0.0005197468562982976,
        "e7e5": 0.5979258418083191,
        "e7e6": 0.003493362572044134,
        "c7c6": 0.00015999065362848341,
        "d7d5": 0.06626377254724503,
        "g8f6": 0.3126786947250366,
        "g7g6": 0.0053147003054618835,
        "d7d6": 0.0003831309441011399
      },
      "other_mass": 0.013260759587865323
    },
    "a2a4": {
      "fen_after_white": "rnbqkbnr/pppppppp/8/8/P7/8/1PPPPPPP/RNBQKBNR b KQkq - 0 1",
      "black_reply_probs": {
        "c7c5": 0.003217922290787101,
        "e7e5": 0.31440600752830505,
        "e7e6": 0.00013070247950963676,
        "c7c6": 2.0724659407278523e-05,
        "d7d5": 0.03033929131925106,
        "g8f6": 0.6470539569854736,
        "g7g6": 0.00014732390991412103,
        "d7d6": 7.149996963562444e-05
      },
      "other_mass": 0.0046125708577164914
    }
  },
  "meta": {
    "elo_self": 2800,
    "elo_oppo": 2800,
    "temperature": 1.0,
    "maia_type": "blitz",
    "white_moves_probed": [
      "e2e4",
      "d2d4",
      "c2c4",
      "g1f3",
      "g2g3",
      "b2b3",
      "f2f4",
      "b2b4",
      "a2a4"
    ],
    "black_replies_probed": [
      "c7c5",
      "e7e5",
      "e7e6",
      "c7c6",
      "d7d5",
      "g8f6",
      "g7g6",
      "d7d6"
    ]
  }
}