{
  "white_first_move_probs": {
    "e2e4": 0.377140611410141,
    "d2d4": 0.12214060127735138,
    "c2c4": 0.0168132521212101,
    "g1f3": 0.4797341227531433,
    "g2g3": 3.699617082020268e-05,
    "b2b3": 0.0032053112518042326,
    "f2f4": 1.8357046428718604e-05,
    "b2b4": 8.428668479609769e-06,
    "a2a4": 2.3954903554113116e-06
  },
  "white_other_mass": 0.0008999238102660456,
  "black_reply_probs_cond_on_white": {
    "e2e4": {
      "fen_after_white": "rnbqkbnr/pppppppp/8/8/4P3/8/PPPP1PPP/RNBQKBNR b KQkq - 0 1",
      "black_reply_probs": {
        "c7c5": 0.9589591026306152,
        "e7e5": 0.01890680007636547,
        "e7e6": 3.79809680453036e-05,
        "c7c6": 0.00019556643383111805,
        "d7d5": 0.016453417018055916,
        "g8f6": 0.0019543154630810022,
        "g7g6": 3.887022103299387e-06,
        "d7d6": 5.980575588182546e-05
      },
      "other_mass": 0.00342912463202083
    },
    "d2d4": {
      "fen_after_white": "rnbqkbnr/pppppppp/8/8/3P4/8/PPP1PPPP/RNBQKBNR b KQkq - 0 1",
      "black_reply_probs": {
        "c7c5": 0.0007568463333882391,
        "e7e5": 0.00416537094861269,
        "e7e6": 2.559235508670099e-05,
        "c7c6": 3.0490971312246984e-06,
        "d7d5": 0.0289671141654253,
        "g8f6": 0.9655369520187378,
        "g7g6": 0.00016566432896070182,
        "d7d6": 1.2902277376269922e-05
      },
      "other_mass": 0.0003665084752810799
    },
    "c2c4": {
      "fen_after_white": "rnbqkbnr/pppppppp/8/8/2P5/8/PP1PPPPP/RNBQKBNR b KQkq - 0 1",
      "black_reply_probs": {
        "c7c5": 0.010157967917621136,
        "e7e5": 0.23971858620643616,
        "e7e6": 5.244799831416458e-05,
        "c7c6": 1.0754884897323791e-05,
        "d7d5": 0.00790239218622446,
        "g8f6": 0.7358376383781433,
        "g7g6": 0.00012369055184535682,
        "d7d6": 0.00012737823999486864
      },
      "other_mass": 0.006069143636523222
    },
    "g1f3": {
      "fen_after_white": "rnbqkbnr/pppppppp/8/8/8/5N2/PPPPPPPP/RNBQKB1R b KQkq - 1 1",
      "black_reply_probs": {
        "c7c5": 0.005383200943470001,
        "e7e5": 0.020271437242627144,
        "e7e6": 7.958788046380505e-06,
        "c7c6": 1.4424682603930705e-06,
        "d7d5": 0.03602701053023338,
        "g8f6": 0.9366202354431152,
        "g7g6": 0.000140579606522806,
        "d7d6": 1.5600036931573413e-05
      },
      "other_mass": 0.0015325349407930844
    },
    "g2g3": {
      "fen_after_white": "rnbqkbnr/pppppppp/8/8/8/6P1/PPPPPP1P/RNBQKBNR b KQkq - 0 1",
      "black_reply_probs": {
        "c7c5": 0.0393189936876297,
        "e7e5": 0.3457272946834564,
        "e7e6": 5.861421232111752e-05,
        "c7c6": 5.262844933895394e-05,
        "d7d5": 0.17198055982589722,
        "g8f6": 0.42074906826019287,
        "g7g6": 9.027177293319255e-05,
        "d7d6": 0.00011256274592597038
      },
      "other_mass": 0.021910006362304557
    },
    "b2b3": {
      "fen_after_white": "rnbqkbnr/pppppppp/8/8/8/1P6/P1PPPPPP/RNBQKBNR b KQkq - 0 1",
      "black_reply_probs": {
        "c7c5": 0.005370803643018007,
        "e7e5": 0.5661819577217102,
        "e7e6": 0.00021197841851972044,
        "c7c6": 1.7983178622671403e-05,
        "d7d5": 0.09927666932344437,
        "g8f6": 0.32259953022003174,
        "g7g6": 0.0005609955405816436,
        "d7d6": 8.962814172264189e-05
      },
      "other_mass": 0.005690453812349006
    },
    "f2f4": {
      "fen_after_white": "rnbqkbnr/pppppppp/8/8/5P2/8/PPPPP1PP/RNBQKBNR b KQkq - 0 1",
      "black_reply_probs": {
        "c7c5": 0.04900219291448593,
        "e7e5": 0.3883061707019806,
        "e7e6": 0.0006749390158802271,
        "c7c6": 8.377827180083841e-05,
        "d7d5": 0.1670558750629425,
        "g8f6": 0.38057345151901245,
        "g7g6": 0.00019776404951699078,
        "d7d6": 0.0003056283458136022
      },
      "other_mass": 0.013800200118566863
    },
    "b2b4": {
      "fen_after_white": "rnbqkbnr/pppppppp/8/8/1P6/8/P1PPPPPP/RNBQKBNR b KQkq - 0 1",
      "black_reply_probs": {
        "c7c5": 0.0006716285133734345,
        "e7e5": 0.6876085996627808,
        "e7e6": 0.0016289482591673732,
        "c7c6": 7.695541717112064e-05,
        "d7d5": 0.11140161752700806,
        "g8f6": 0.1859767585992813,
        "g7g6": 0.002256899606436491,
        "d7d6": 0.0005241974140517414
      },
      "other_mass": 0.00985439500072971
    },
    "a2a4": {
      "fen_after_white": "rnbqkbnr/pppppppp/8/8/P7/8/1PPPPPPP/RNBQKBNR b KQkq - 0 1",
      "black_reply_probs": {
        "c7c5": 0.009756757877767086,
        "e7e5": 0.326858788728714,
        "e7e6": 4.27496233896818e-05,
        "c7c6": 3.276017741882242e-05,
        "d7d5": 0.11411772668361664,
        "g8f6": 0.5394934415817261,
        "g7g6": 4.9809688789537176e-05,
        "d7d6": 0.00012567279918584973
      },
      "other_mass": 0.009522292839392321
    }
  },
  "meta": {
    "elo_self": 2800,
    "elo_oppo": 2800,
    "temperature": 1.0,
    "maia_type": "blitz",
    "white_moves_probed": [
      "e2e4",
      "d2d4",
      "c2c4",
      "g1f3",
      "g2g3",
      "b2b3",
      "f2f4",
      "b2b4",
      "a2a4"
    ],
    "black_replies_probed": [
      "c7c5",
      "e7e5",
      "e7e6",
      "c7c6",
      "d7d5",
      "g8f6",
      "g7g6",
      "d7d6"
    ]
  }
}