{
  "white_first_move_probs": {
    "e2e4": 0.011033576913177967,
    "d2d4": 0.0003103430208284408,
    "c2c4": 7.212508990050992e-07,
    "g1f3": 0.9884070754051208,
    "g2g3": 2.355560468902951e-10,
    "b2b3": 1.4559799410562846e-07,
    "f2f4": 3.212755894654862e-10,
    "b2b4": 1.970959173647202e-09,
    "a2a4": 4.757684589178079e-13
  },
  "white_other_mass": 0.00024813528371314675,
  "black_reply_probs_cond_on_white": {
    "e2e4": {
      "fen_after_white": "rnbqkbnr/pppppppp/8/8/4P3/8/PPPP1PPP/RNBQKBNR b KQkq - 0 1",
      "black_reply_probs": {
        "c7c5": 0.00920897163450718,
        "e7e5": 0.6908741593360901,
        "e7e6": 2.515172248251929e-08,
        "c7c6": 1.5549897480759967e-10,
        "d7d5": 0.003821228165179491,
        "g8f6": 0.2960709035396576,
        "g7g6": 7.882838382045065e-09,
        "d7d6": 2.9897062603367885e-09
      },
      "other_mass": 2.470114479957708e-05
    },
    "d2d4": {
      "fen_after_white": "rnbqkbnr/pppppppp/8/8/3P4/8/PPP1PPPP/RNBQKBNR b KQkq - 0 1",
      "black_reply_probs": {
        "c7c5": 5.654296231227818e-08,
        "e7e5": 0.00259526283480227,
        "e7e6": 1.59434271340686e-10,
        "c7c6": 1.8448719792509352e-14,
        "d7d5": 6.480257434304804e-05,
        "g8f6": 0.9972968697547913,
        "g7g6": 1.0427241292632061e-09,
        "d7d6": 3.071504162122096e-11
      },
      "other_mass": 4.3007060209321324e-05
    },
    "c2c4": {
      "fen_after_white": "rnbqkbnr/pppppppp/8/8/2P5/8/PP1PPPPP/RNBQKBNR b KQkq - 0 1",
      "black_reply_probs": {
        "c7c5": 7.972350317686505e-07,
        "e7e5": 0.01666969060897827,
        "e7e6": 6.334673896546406e-10,
        "c7c6": 2.0143725554776226e-13,
        "d7d5": 0.00012739367957692593,
        "g8f6": 0.983191192150116,
        "g7g6": 4.040658363457794e-10,
        "d7d6": 1.7733522983398586e-10
      },
      "other_mass": 1.09251112272446e-05
    },
    "g1f3": {
      "fen_after_white": "rnbqkbnr/pppppppp/8/8/8/5N2/PPPPPPPP/RNBQKB1R b KQkq - 1 1",
      "black_reply_probs": {
        "c7c5": 7.001971766840143e-07,
        "e7e5": 0.008323394693434238,
        "e7e6": 1.8612292262965013e-10,
        "c7c6": 2.0944419701178496e-13,
        "d7d5": 0.00013400704483501613,
        "g8f6": 0.9913871884346008,
        "g7g6": 1.4675851645051807e-09,
        "d7d6": 7.786941230714106e-11
      },
      "other_mass": 0.00015470789816629527
    },
    "g2g3": {
      "fen_after_white": "rnbqkbnr/pppppppp/8/8/8/6P1/PPPPPP1P/RNBQKBNR b KQkq - 0 1",
      "black_reply_probs": {
        "c7c5": 9.757822226674762e-06,
        "e7e5": 0.07033432275056839,
        "e7e6": 3.5278591159482175e-10,
        "c7c6": 2.0832877523774274e-12,
        "d7d5": 0.0020272855181246996,
        "g8f6": 0.9275533556938171,
        "g7g6": 5.180234574631015e-10,
        "d7d6": 2.3223895029289565e-10
      },
      "other_mass": 7.527711013155525e-05
    },
    "b2b3": {
      "fen_after_white": "rnbqkbnr/pppppppp/8/8/8/1P6/P1PPPPPP/RNBQKBNR b KQkq - 0 1",
      "black_reply_probs": {
        "c7c5": 4.133006825668417e-08,
        "e7e5": 0.020680230110883713,
        "e7e6": 6.150840253793532e-11,
        "c7c6": 7.37937390636904e-15,
        "d7d5": 0.00013791763922199607,
        "g8f6": 0.9787495732307434,
        "g7g6": 6.955714337841812e-10,
        "d7d6": 6.311332966663086e-12
      },
      "other_mass": 0.0004322369256840597
    },
    "f2f4": {
      "fen_after_white": "rnbqkbnr/pppppppp/8/8/5P2/8/PPPPP1PP/RNBQKBNR b KQkq - 0 1",
      "black_reply_probs": {
        "c7c5": 1.4344494957185816e-05,
        "e7e5": 0.171901673078537,
        "e7e6": 4.9076813724013846e-09,
        "c7c6": 2.5963237636206227e-12,
        "d7d5": 0.00517135439440608,
        "g8f6": 0.8228765726089478,
        "g7g6": 4.0318826055596446e-10,
        "d7d6": 9.309868986839831e-10
      },
      "other_mass": 3.604917869903801e-05
    },
    "b2b4": {
      "fen_after_white": "rnbqkbnr/pppppppp/8/8/1P6/8/P1PPPPPP/RNBQKBNR b KQkq - 0 1",
      "black_reply_probs": {
        "c7c5": 2.409221977472953e-08,
        "e7e5": 0.03504819795489311,
        "e7e6": 4.08843014998439e-10,
        "c7c6": 1.7500435914872062e-14,
        "d7d5": 0.0002642658946570009,
        "g8f6": 0.9646531343460083,
        "g7g6": 7.326017570363774e-10,
        "d7d6": 7.579380699451743e-12
      },
      "other_mass": 3.437656318017179e-05
    },
    "a2a4": {
      "fen_after_white": "rnbqkbnr/pppppppp/8/8/P7/8/1PPPPPPP/RNBQKBNR b KQkq - 0 1",
      "black_reply_probs": {
        "c7c5": 1.485390953348542e-06,
        "e7e5": 0.028364533558487892,
        "e7e6": 2.425332434885519e-10,
        "c7c6": 2.082145220128062e-12,
        "d7d5": 0.0021247933618724346,
        "g8f6": 0.9694169163703918,
        "g7g6": 2.2594340287618309e-10,
        "d7d6": 3.280954952167292e-10
      },
      "other_mass": 9.227051964022515e-05
    }
  },
  "meta": {
    "elo_self": 2800,
    "elo_oppo": 2800,
    "temperature": 1.0,
    "maia_type": "blitz",
    "white_moves_probed": [
      "e2e4",
      "d2d4",
      "c2c4",
      "g1f3",
      "g2g3",
      "b2b3",
      "f2f4",
      "b2b4",
      "a2a4"
    ],
    "black_replies_probed": [
      "c7c5",
      "e7e5",
      "e7e6",
      "c7c6",
      "d7d5",
      "g8f6",
      "g7g6",
      "d7d6"
    ]
  }
}