{
  "white_first_move_probs": {
    "e2e4": 0.002361808205023408,
    "d2d4": 0.007234628777951002,
    "c2c4": 2.533877932364703e-06,
    "g1f3": 0.9817424416542053,
    "g2g3": 1.032390082400525e-05,
    "b2b3": 0.003527887864038348,
    "f2f4": 4.904411071038339e-06,
    "b2b4": 9.066747566066624e-07,
    "a2a4": 1.4650840540753052e-08
  },
  "white_other_mass": 0.005114549983357364,
  "black_reply_probs_cond_on_white": {
    "e2e4": {
      "fen_after_white": "rnbqkbnr/pppppppp/8/8/4P3/8/PPPP1PPP/RNBQKBNR b KQkq - 0 1",
      "black_reply_probs": {
        "c7c5": 0.06991347670555115,
        "e7e5": 0.15744972229003906,
        "e7e6": 0.00011889127199538052,
        "c7c6": 0.00017387130355928093,
        "d7d5": 0.08510883897542953,
        "g8f6": 0.4909628629684448,
        "g7g6": 7.544054824393243e-05,
        "d7d6": 3.678256689454429e-05
      },
      "other_mass": 0.1961601133698423
    },
    "d2d4": {
      "fen_after_white": "rnbqkbnr/pppppppp/8/8/3P4/8/PPP1PPPP/RNBQKBNR b KQkq - 0 1",
      "black_reply_probs": {
        "c7c5": 6.575497764060856e-07,
        "e7e5": 0.0003196929465048015,
        "e7e6": 4.450676556189137e-07,
        "c7c6": 3.603911835625695e-08,
        "d7d5": 0.004353323485702276,
        "g8f6": 0.9944873452186584,
        "g7g6": 2.383214268775191e-05,
        "d7d6": 4.732021920972329e-07
      },
      "other_mass": 0.0008141943477042446
    },
    "c2c4": {
      "fen_after_white": "rnbqkbnr/pppppppp/8/8/2P5/8/PP1PPPPP/RNBQKBNR b KQkq - 0 1",
      "black_reply_probs": {
        "c7c5": 4.360632738098502e-05,
        "e7e5": 0.002712864428758621,
        "e7e6": 7.130839208002726e-07,
        "c7c6": 2.399925733698183e-07,
        "d7d5": 0.0007948933634907007,
        "g8f6": 0.9908541440963745,
        "g7g6": 2.1335083147278056e-05,
        "d7d6": 1.298328243137803e-06
      },
      "other_mass": 0.005570905296110595
    },
    "g1f3": {
      "fen_after_white": "rnbqkbnr/pppppppp/8/8/8/5N2/PPPPPPPP/RNBQKB1R b KQkq - 1 1",
      "black_reply_probs": {
        "c7c5": 1.5592197541991482e-06,
        "e7e5": 0.0004639582766685635,
        "e7e6": 1.1588325321554294e-07,
        "c7c6": 1.907825186719947e-08,
        "d7d5": 0.0015667182160541415,
        "g8f6": 0.9955795407295227,
        "g7g6": 5.165426409803331e-05,
        "d7d6": 1.9326414246734203e-07
      },
      "other_mass": 0.0023362410682548074
    },
    "g2g3": {
      "fen_after_white": "rnbqkbnr/pppppppp/8/8/8/6P1/PPPPPP1P/RNBQKBNR b KQkq - 0 1",
      "black_reply_probs": {
        "c7c5": 9.734596824273467e-05,
        "e7e5": 0.008796279318630695,
        "e7e6": 6.46700129891542e-07,
        "c7c6": 9.737874506754451e-07,
        "d7d5": 0.0270750243216753,
        "g8f6": 0.929573118686676,
        "g7g6": 3.763419226743281e-05,
        "d7d6": 2.3432996840710985e-06
      },
      "other_mass": 0.03441663372524317
    },
    "b2b3": {
      "fen_after_white": "rnbqkbnr/pppppppp/8/8/8/1P6/P1PPPPPP/RNBQKBNR b KQkq - 0 1",
      "black_reply_probs": {
        "c7c5": 2.3588786461914424e-06,
        "e7e5": 0.002898991107940674,
        "e7e6": 9.135586651609628e-07,
        "c7c6": 6.336239266602206e-08,
        "d7d5": 0.009332763962447643,
        "g8f6": 0.9796401858329773,
        "g7g6": 8.228622027672827e-05,
        "d7d6": 5.567646894633071e-07
      },
      "other_mass": 0.008041880311964178
    },
    "f2f4": {
      "fen_after_white": "rnbqkbnr/pppppppp/8/8/5P2/8/PPPPP1PP/RNBQKBNR b KQkq - 0 1",
      "black_reply_probs": {
        "c7c5": 3.0150931706884876e-05,
        "e7e5": 0.015446030534803867,
        "e7e6": 2.824838702508714e-06,
        "c7c6": 4.2495582874835236e-07,
        "d7d5": 0.01646556332707405,
        "g8f6": 0.9599123597145081,
        "g7g6": 3.543711136444472e-05,
        "d7d6": 2.8043609745509457e-06
      },
      "other_mass": 0.008104404225036888
    },
    "b2b4": {
      "fen_after_white": "rnbqkbnr/pppppppp/8/8/1P6/8/P1PPPPPP/RNBQKBNR b KQkq - 0 1",
      "black_reply_probs": {
        "c7c5": 2.2030949367035646e-06,
        "e7e5": 0.010431566275656223,
        "e7e6": 1.3050834240857512e-05,
        "c7c6": 1.368714379168523e-06,
        "d7d5": 0.014326246455311775,
        "g8f6": 0.9736010432243347,
        "g7g6": 0.0002136585972039029,
        "d7d6": 1.2305531527090352e-06
      },
      "other_mass": 0.0014096322507839432
    },
    "a2a4": {
      "fen_after_white": "rnbqkbnr/pppppppp/8/8/P7/8/1PPPPPPP/RNBQKBNR b KQkq - 0 1",
      "black_reply_probs": {
        "c7c5": 1.8995659047504887e-05,
        "e7e5": 0.0034686645958572626,
        "e7e6": 4.495377936564182e-07,
        "c7c6": 6.487057930826268e-07,
        "d7d5": 0.021370934322476387,
        "g8f6": 0.9647059440612793,
        "g7g6": 1.478608919569524e-05,
        "d7d6": 3.0868200155964587e-06
      },
      "other_mass": 0.010416490208541518
    }
  },
  "meta": {
    "elo_self": 2800,
    "elo_oppo": 2800,
    "temperature": 1.0,
    "maia_type": "blitz",
    "white_moves_probed": [
      "e2e4",
      "d2d4",
      "c2c4",
      "g1f3",
      "g2g3",
      "b2b3",
      "f2f4",
      "b2b4",
      "a2a4"
    ],
    "black_replies_probed": [
      "c7c5",
      "e7e5",
      "e7e6",
      "c7c6",
      "d7d5",
      "g8f6",
      "g7g6",
      "d7d6"
    ]
  }
}