{
  "white_first_move_probs": {
    "e2e4": 2.0694740669569e-05,
    "d2d4": 7.0228762041879556e-12,
    "c2c4": 3.1020096015448028e-18,
    "g1f3": 0.9999792575836182,
    "g2g3": 6.272670086353757e-24,
    "b2b3": 1.1444197003013368e-22,
    "f2f4": 2.3829952230181806e-20,
    "b2b4": 1.2062607154721465e-22,
    "a2a4": 3.865470796803321e-30
  },
  "white_other_mass": 4.766868944017233e-08,
  "black_reply_probs_cond_on_white": {
    "e2e4": {
      "fen_after_white": "rnbqkbnr/pppppppp/8/8/4P3/8/PPPP1PPP/RNBQKBNR b KQkq - 0 1",
      "black_reply_probs": {
        "c7c5": 4.001049491719755e-12,
        "e7e5": 0.008180818520486355,
        "e7e6": 1.1978143840633685e-15,
        "c7c6": 3.1647016431639144e-25,
        "d7d5": 5.611223707902013e-10,
        "g8f6": 0.9918191432952881,
        "g7g6": 1.2884551750347743e-21,
        "d7d6": 1.9663774680114653e-20
      },
      "other_mass": 3.7619100945462947e-08
    },
    "d2d4": {
      "fen_after_white": "rnbqkbnr/pppppppp/8/8/3P4/8/PPP1PPPP/RNBQKBNR b KQkq - 0 1",
      "black_reply_probs": {
        "c7c5": 2.3091643773394505e-19,
        "e7e5": 3.461269670879119e-06,
        "e7e6": 3.1978242066435045e-18,
        "c7c6": 8.524498833858059e-31,
        "d7d5": 8.163852406595229e-12,
        "g8f6": 0.999996542930603,
        "g7g6": 7.817479673196874e-23,
        "d7d6": 9.436585284498973e-24
      },
      "other_mass": 0.0
    },
    "c2c4": {
      "fen_after_white": "rnbqkbnr/pppppppp/8/8/2P5/8/PP1PPPPP/RNBQKBNR b KQkq - 0 1",
      "black_reply_probs": {
        "c7c5": 3.547929021292033e-18,
        "e7e5": 4.1318526200484484e-05,
        "e7e6": 2.0330488522310473e-18,
        "c7c6": 5.8969405736684005e-30,
        "d7d5": 5.0321188188595656e-12,
        "g8f6": 0.9999586343765259,
        "g7g6": 3.3748760101795827e-23,
        "d7d6": 5.921329425196958e-23
      },
      "other_mass": 4.70922415507502e-08
    },
    "g1f3": {
      "fen_after_white": "rnbqkbnr/pppppppp/8/8/8/5N2/PPPPPPPP/RNBQKB1R b KQkq - 1 1",
      "black_reply_probs": {
        "c7c5": 8.705001646300063e-19,
        "e7e5": 6.310257958830334e-06,
        "e7e6": 5.337117687714511e-19,
        "c7c6": 7.880842796133105e-31,
        "d7d5": 3.5835462201816437e-12,
        "g8f6": 0.9999936819076538,
        "g7g6": 4.073784999644415e-23,
        "d7d6": 6.269387636127133e-24
      },
      "other_mass": 7.830803783193119e-09
    },
    "g2g3": {
      "fen_after_white": "rnbqkbnr/pppppppp/8/8/8/6P1/PPPPPP1P/RNBQKBNR b KQkq - 0 1",
      "black_reply_probs": {
        "c7c5": 8.188365935600215e-18,
        "e7e5": 5.9749825595645234e-05,
        "e7e6": 7.495454210654984e-19,
        "c7c6": 8.086499858628676e-30,
        "d7d5": 2.7524638818166025e-11,
        "g8f6": 0.9999402761459351,
        "g7g6": 4.957793889632116e-23,
        "d7d6": 2.617361755204976e-23
      },
      "other_mass": 0.0
    },
    "b2b3": {
      "fen_after_white": "rnbqkbnr/pppppppp/8/8/8/1P6/P1PPPPPP/RNBQKBNR b KQkq - 0 1",
      "black_reply_probs": {
        "c7c5": 1.4822020629199544e-19,
        "e7e5": 3.138359170407057e-05,
        "e7e6": 9.707147502020307e-19,
        "c7c6": 3.593270644799792e-31,
        "d7d5": 4.445272275277468e-12,
        "g8f6": 0.9999686479568481,
        "g7g6": 7.032520789557447e-23,
        "d7d6": 2.1108436737364723e-24
      },
      "other_mass": 0.0
    },
    "f2f4": {
      "fen_after_white": "rnbqkbnr/pppppppp/8/8/5P2/8/PPPPP1PP/RNBQKBNR b KQkq - 0 1",
      "black_reply_probs": {
        "c7c5": 5.146835644542227e-18,
        "e7e5": 3.643778836703859e-05,
        "e7e6": 6.613964124406598e-18,
        "c7c6": 5.193229469955417e-30,
        "d7d5": 3.295984665752094e-11,
        "g8f6": 0.9999635219573975,
        "g7g6": 1.817107899909709e-22,
        "d7d6": 7.594449131540445e-23
      },
      "other_mass": 4.022127564340394e-08
    },
    "b2b4": {
      "fen_after_white": "rnbqkbnr/pppppppp/8/8/1P6/8/P1PPPPPP/RNBQKBNR b KQkq - 0 1",
      "black_reply_probs": {
        "c7c5": 7.942914590335218e-20,
        "e7e5": 8.191112283384427e-05,
        "e7e6": 1.0588378370544234e-17,
        "c7c6": 1.7885816109343333e-30,
        "d7d5": 8.937721222845862e-12,
        "g8f6": 0.9999181032180786,
        "g7g6": 6.832702953353689e-23,
        "d7d6": 1.0037165602027265e-23
      },
      "other_mass": 0.0
    },
    "a2a4": {
      "fen_after_white": "rnbqkbnr/pppppppp/8/8/P7/8/1PPPPPPP/RNBQKBNR b KQkq - 0 1",
      "black_reply_probs": {
        "c7c5": 2.1619877498630702e-19,
        "e7e5": 1.945013354998082e-05,
        "e7e6": 2.8188169776093374e-19,
        "c7c6": 8.161665105160368e-31,
        "d7d5": 9.229577171976366e-12,
        "g8f6": 0.9999805688858032,
        "g7g6": 2.090881745745081e-24,
        "d7d6": 1.0171739750431633e-23
      },
      "other_mass": 0.0
    }
  },
  "meta": {
    "elo_self": 2800,
    "elo_oppo": 2800,
    "temperature": 1.0,
    "maia_type": "blitz",
    "white_moves_probed": [
      "e2e4",
      "d2d4",
      "c2c4",
      "g1f3",
      "g2g3",
      "b2b3",
      "f2f4",
      "b2b4",
      "a2a4"
    ],
    "black_replies_probed": [
      "c7c5",
      "e7e5",
      "e7e6",
      "c7c6",
      "d7d5",
      "g8f6",
      "g7g6",
      "d7d6"
    ]
  }
}