{
  "white_first_move_probs": {
    "e2e4": 0.0364181213080883,
    "d2d4": 0.014041815884411335,
    "c2c4": 7.954490138217807e-05,
    "g1f3": 0.9324421882629395,
    "g2g3": 8.704910783308151e-07,
    "b2b3": 0.001082827802747488,
    "f2f4": 6.628121695939626e-07,
    "b2b4": 2.5716346954141045e-06,
    "a2a4": 9.741834894327894e-09
  },
  "white_other_mass": 0.01593138716065301,
  "black_reply_probs_cond_on_white": {
    "e2e4": {
      "fen_after_white": "rnbqkbnr/pppppppp/8/8/4P3/8/PPPP1PPP/RNBQKBNR b KQkq - 0 1",
      "black_reply_probs": {
        "c7c5": 0.06759475916624069,
        "e7e5": 0.6061088442802429,
        "e7e6": 2.2476845060737105e-06,
        "c7c6": 9.558372084939037e-07,
        "d7d5": 0.03566065430641174,
        "g8f6": 0.27904239296913147,
        "g7g6": 1.5215978237392846e-06,
        "d7d6": 1.5086858411450521e-06
      },
      "other_mass": 0.011587115472593723
    },
    "d2d4": {
      "fen_after_white": "rnbqkbnr/pppppppp/8/8/3P4/8/PPP1PPPP/RNBQKBNR b KQkq - 0 1",
      "black_reply_probs": {
        "c7c5": 1.0459353688929696e-05,
        "e7e5": 0.007055914960801601,
        "e7e6": 1.163319680586028e-07,
        "c7c6": 4.910582607209335e-09,
        "d7d5": 0.006478491239249706,
        "g8f6": 0.9823215007781982,
        "g7g6": 2.4224991648225114e-06,
        "d7d6": 2.2792099230173335e-07
      },
      "other_mass": 0.00413086200535373
    },
    "c2c4": {
      "fen_after_white": "rnbqkbnr/pppppppp/8/8/2P5/8/PP1PPPPP/RNBQKBNR b KQkq - 0 1",
      "black_reply_probs": {
        "c7c5": 7.732872472843155e-05,
        "e7e5": 0.0316186286509037,
        "e7e6": 1.0366883174128816e-07,
        "c7c6": 1.0641666214894485e-08,
        "d7d5": 0.003323596902191639,
        "g8f6": 0.962910532951355,
        "g7g6": 5.182650966162328e-07,
        "d7d6": 4.4900210127707396e-07
      },
      "other_mass": 0.0020688311931253978
    },
    "g1f3": {
      "fen_after_white": "rnbqkbnr/pppppppp/8/8/8/5N2/PPPPPPPP/RNBQKB1R b KQkq - 1 1",
      "black_reply_probs": {
        "c7c5": 5.463603883981705e-05,
        "e7e5": 0.015558884479105473,
        "e7e6": 1.149427575342088e-07,
        "c7c6": 1.5647165341192704e-08,
        "d7d5": 0.006064893677830696,
        "g8f6": 0.9683321118354797,
        "g7g6": 3.84545091947075e-06,
        "d7d6": 3.469001512712566e-07
      },
      "other_mass": 0.00998515102775066
    },
    "g2g3": {
      "fen_after_white": "rnbqkbnr/pppppppp/8/8/8/6P1/PPPPPP1P/RNBQKBNR b KQkq - 0 1",
      "black_reply_probs": {
        "c7c5": 0.0004889247938990593,
        "e7e5": 0.13215015828609467,
        "e7e6": 1.8305370019788825e-07,
        "c7c6": 1.2000833748970763e-07,
        "d7d5": 0.04591714218258858,
        "g8f6": 0.8094112873077393,
        "g7g6": 1.4439403912547277e-06,
        "d7d6": 9.626755854696967e-07
      },
      "other_mass": 0.012029777751664028
    },
    "b2b3": {
      "fen_after_white": "rnbqkbnr/pppppppp/8/8/8/1P6/P1PPPPPP/RNBQKBNR b KQkq - 0 1",
      "black_reply_probs": {
        "c7c5": 1.5629753761459142e-05,
        "e7e5": 0.046607594937086105,
        "e7e6": 6.334799707019556e-08,
        "c7c6": 3.199065456982453e-09,
        "d7d5": 0.00911154504865408,
        "g8f6": 0.9176468253135681,
        "g7g6": 2.6542732030065963e-06,
        "d7d6": 7.353319375624778e-08
      },
      "other_mass": 0.02661561059347095
    },
    "f2f4": {
      "fen_after_white": "rnbqkbnr/pppppppp/8/8/5P2/8/PPPPP1PP/RNBQKBNR b KQkq - 0 1",
      "black_reply_probs": {
        "c7c5": 0.0002855754573829472,
        "e7e5": 0.27580496668815613,
        "e7e6": 7.64553305998561e-07,
        "c7c6": 4.5478632415552056e-08,
        "d7d5": 0.06656147539615631,
        "g8f6": 0.6515654921531677,
        "g7g6": 6.850863201179891e-07,
        "d7d6": 1.2835927236665157e-06
      },
      "other_mass": 0.005779711594154691
    },
    "b2b4": {
      "fen_after_white": "rnbqkbnr/pppppppp/8/8/1P6/8/P1PPPPPP/RNBQKBNR b KQkq - 0 1",
      "black_reply_probs": {
        "c7c5": 5.399677320383489e-06,
        "e7e5": 0.10433205217123032,
        "e7e6": 2.052145333664157e-07,
        "c7c6": 4.626044880495783e-09,
        "d7d5": 0.01895127445459366,
        "g8f6": 0.874291718006134,
        "g7g6": 2.4622493128845235e-06,
        "d7d6": 4.471284142937293e-08
      },
      "other_mass": 0.002416838887989048
    },
    "a2a4": {
      "fen_after_white": "rnbqkbnr/pppppppp/8/8/P7/8/1PPPPPPP/RNBQKBNR b KQkq - 0 1",
      "black_reply_probs": {
        "c7c5": 0.00022240295947995037,
        "e7e5": 0.056351806968450546,
        "e7e6": 1.799690920734065e-07,
        "c7c6": 1.6777411815382948e-07,
        "d7d5": 0.058302514255046844,
        "g8f6": 0.8748260140419006,
        "g7g6": 9.776257456906023e-07,
        "d7d6": 1.7619682921576896e-06
      },
      "other_mass": 0.010294174437873949
    }
  },
  "meta": {
    "elo_self": 2800,
    "elo_oppo": 2800,
    "temperature": 1.0,
    "maia_type": "blitz",
    "white_moves_probed": [
      "e2e4",
      "d2d4",
      "c2c4",
      "g1f3",
      "g2g3",
      "b2b3",
      "f2f4",
      "b2b4",
      "a2a4"
    ],
    "black_replies_probed": [
      "c7c5",
      "e7e5",
      "e7e6",
      "c7c6",
      "d7d5",
      "g8f6",
      "g7g6",
      "d7d6"
    ]
  }
}