{
  "white_first_move_probs": {
    "e2e4": 0.41887468099594116,
    "d2d4": 0.08610925078392029,
    "c2c4": 0.020500700920820236,
    "g1f3": 0.468607634305954,
    "g2g3": 6.364656292134896e-05,
    "b2b3": 0.005043965298682451,
    "f2f4": 3.4859909646911547e-05,
    "b2b4": 2.0060942915733904e-05,
    "a2a4": 8.543554940843023e-06
  },
  "white_other_mass": 0.0007366567242570454,
  "black_reply_probs_cond_on_white": {
    "e2e4": {
      "fen_after_white": "rnbqkbnr/pppppppp/8/8/4P3/8/PPPP1PPP/RNBQKBNR b KQkq - 0 1",
      "black_reply_probs": {
        "c7c5": 0.9579323530197144,
        "e7e5": 0.017347153276205063,
        "e7e6": 0.00012081436580047011,
        "c7c6": 0.0007166405557654798,
        "d7d5": 0.015689373016357422,
        "g8f6": 0.0030558633152395487,
        "g7g6": 8.53982874104986e-06,
        "d7d6": 0.0001227818866027519
      },
      "other_mass": 0.005006480735573859
    },
    "d2d4": {
      "fen_after_white": "rnbqkbnr/pppppppp/8/8/3P4/8/PPP1PPPP/RNBQKBNR b KQkq - 0 1",
      "black_reply_probs": {
        "c7c5": 0.0017583920853212476,
        "e7e5": 0.004656643141061068,
        "e7e6": 0.00015982920012902468,
        "c7c6": 1.4414702491194475e-05,
        "d7d5": 0.029774973168969154,
        "g8f6": 0.9625996351242065,
        "g7g6": 0.0003254147304687649,
        "d7d6": 2.3560916815767996e-05
      },
      "other_mass": 0.0006871369305372355
    },
    "c2c4": {
      "fen_after_white": "rnbqkbnr/pppppppp/8/8/2P5/8/PP1PPPPP/RNBQKBNR b KQkq - 0 1",
      "black_reply_probs": {
        "c7c5": 0.01979970559477806,
        "e7e5": 0.326977401971817,
        "e7e6": 0.00010628726886352524,
        "c7c6": 3.132442361675203e-05,
        "d7d5": 0.007109854370355606,
        "g8f6": 0.6387197375297546,
        "g7g6": 0.0001760442683007568,
        "d7d6": 0.0001196074445033446
      },
      "other_mass": 0.006960037128010299
    },
    "g1f3": {
      "fen_after_white": "rnbqkbnr/pppppppp/8/8/8/5N2/PPPPPPPP/RNBQKB1R b KQkq - 1 1",
      "black_reply_probs": {
        "c7c5": 0.012641980312764645,
        "e7e5": 0.025119388476014137,
        "e7e6": 3.0692073778482154e-05,
        "c7c6": 7.78504090703791e-06,
        "d7d5": 0.03882383182644844,
        "g8f6": 0.9207083582878113,
        "g7g6": 0.00016313213563989848,
        "d7d6": 2.8471607947722077e-05
      },
      "other_mass": 0.0024763602386883576
    },
    "g2g3": {
      "fen_after_white": "rnbqkbnr/pppppppp/8/8/8/6P1/PPPPPP1P/RNBQKBNR b KQkq - 0 1",
      "black_reply_probs": {
        "c7c5": 0.044896237552165985,
        "e7e5": 0.37456536293029785,
        "e7e6": 9.312466863775626e-05,
        "c7c6": 7.532301242463291e-05,
        "d7d5": 0.11242717504501343,
        "g8f6": 0.4430233836174011,
        "g7g6": 0.00010884500807151198,
        "d7d6": 8.88381473487243e-05
      },
      "other_mass": 0.024721710018638987
    },
    "b2b3": {
      "fen_after_white": "rnbqkbnr/pppppppp/8/8/8/1P6/P1PPPPPP/RNBQKBNR b KQkq - 0 1",
      "black_reply_probs": {
        "c7c5": 0.008443675003945827,
        "e7e5": 0.6023756861686707,
        "e7e6": 0.0003127872769255191,
        "c7c6": 3.606078462325968e-05,
        "d7d5": 0.07572287321090698,
        "g8f6": 0.3071093261241913,
        "g7g6": 0.0006698816432617605,
        "d7d6": 6.14902310189791e-05
      },
      "other_mass": 0.005268219556455733
    },
    "f2f4": {
      "fen_after_white": "rnbqkbnr/pppppppp/8/8/5P2/8/PPPPP1PP/RNBQKBNR b KQkq - 0 1",
      "black_reply_probs": {
        "c7c5": 0.10057944059371948,
        "e7e5": 0.27616792917251587,
        "e7e6": 0.0015313513576984406,
        "c7c6": 0.0002942272985819727,
        "d7d5": 0.17204923927783966,
        "g8f6": 0.42795678973197937,
        "g7g6": 0.00038486914127133787,
        "d7d6": 0.00033064873423427343
      },
      "other_mass": 0.020705504692159593
    },
    "b2b4": {
      "fen_after_white": "rnbqkbnr/pppppppp/8/8/1P6/8/P1PPPPPP/RNBQKBNR b KQkq - 0 1",
      "black_reply_probs": {
        "c7c5": 0.0010887073585763574,
        "e7e5": 0.6600797772407532,
        "e7e6": 0.0023759130854159594,
        "c7c6": 0.0002123849408235401,
        "d7d5": 0.11176855862140656,
        "g8f6": 0.20058587193489075,
        "g7g6": 0.003909057006239891,
        "d7d6": 0.0003455092082731426
      },
      "other_mass": 0.019634220603620633
    },
    "a2a4": {
      "fen_after_white": "rnbqkbnr/pppppppp/8/8/P7/8/1PPPPPPP/RNBQKBNR b KQkq - 0 1",
      "black_reply_probs": {
        "c7c5": 0.012448661960661411,
        "e7e5": 0.405574768781662,
        "e7e6": 8.792553853709251e-05,
        "c7c6": 4.8470901674591005e-05,
        "d7d5": 0.072933629155159,
        "g8f6": 0.4997035264968872,
        "g7g6": 6.896440027048811e-05,
        "d7d6": 7.966093835420907e-05
      },
      "other_mass": 0.009054391826794017
    }
  },
  "meta": {
    "elo_self": 2800,
    "elo_oppo": 2800,
    "temperature": 1.0,
    "maia_type": "blitz",
    "white_moves_probed": [
      "e2e4",
      "d2d4",
      "c2c4",
      "g1f3",
      "g2g3",
      "b2b3",
      "f2f4",
      "b2b4",
      "a2a4"
    ],
    "black_replies_probed": [
      "c7c5",
      "e7e5",
      "e7e6",
      "c7c6",
      "d7d5",
      "g8f6",
      "g7g6",
      "d7d6"
    ]
  }
}