{
  "white_first_move_probs": {
    "e2e4": 0.35085609555244446,
    "d2d4": 0.04737474024295807,
    "c2c4": 0.003511499846354127,
    "g1f3": 0.5956197381019592,
    "g2g3": 4.124607949052006e-05,
    "b2b3": 0.0016485826345160604,
    "f2f4": 2.1541714886552654e-05,
    "b2b4": 1.022198011924047e-05,
    "a2a4": 3.1166389362624614e-06
  },
  "white_other_mass": 0.0009132172083354817,
  "black_reply_probs_cond_on_white": {
    "e2e4": {
      "fen_after_white": "rnbqkbnr/pppppppp/8/8/4P3/8/PPPP1PPP/RNBQKBNR b KQkq - 0 1",
      "black_reply_probs": {
        "c7c5": 0.9297879338264465,
        "e7e5": 0.026135077700018883,
        "e7e6": 0.00012060311564709991,
        "c7c6": 0.0003871774533763528,
        "d7d5": 0.02847783826291561,
        "g8f6": 0.009399722330272198,
        "g7g6": 8.646031346870586e-06,
        "d7d6": 0.0001522317179478705
      },
      "other_mass": 0.005530769562028581
    },
    "d2d4": {
      "fen_after_white": "rnbqkbnr/pppppppp/8/8/3P4/8/PPP1PPPP/RNBQKBNR b KQkq - 0 1",
      "black_reply_probs": {
        "c7c5": 0.00038614272489212453,
        "e7e5": 0.004123623017221689,
        "e7e6": 0.00015667075058445334,
        "c7c6": 4.234530024405103e-06,
        "d7d5": 0.01601586677134037,
        "g8f6": 0.9786672592163086,
        "g7g6": 0.0002451592590659857,
        "d7d6": 1.4069299140828662e-05
      },
      "other_mass": 0.0003869744314215495
    },
    "c2c4": {
      "fen_after_white": "rnbqkbnr/pppppppp/8/8/2P5/8/PP1PPPPP/RNBQKBNR b KQkq - 0 1",
      "black_reply_probs": {
        "c7c5": 0.0035391286946833134,
        "e7e5": 0.26532626152038574,
        "e7e6": 9.795014921110123e-05,
        "c7c6": 7.511999228881905e-06,
        "d7d5": 0.0042976392433047295,
        "g8f6": 0.7229930758476257,
        "g7g6": 0.0001578244991833344,
        "d7d6": 8.885945862857625e-05
      },
      "other_mass": 0.0034917485877485888
    },
    "g1f3": {
      "fen_after_white": "rnbqkbnr/pppppppp/8/8/8/5N2/PPPPPPPP/RNBQKB1R b KQkq - 1 1",
      "black_reply_probs": {
        "c7c5": 0.0013210063334554434,
        "e7e5": 0.02468201331794262,
        "e7e6": 2.506970486138016e-05,
        "c7c6": 8.625436294096289e-07,
        "d7d5": 0.017205404117703438,
        "g8f6": 0.9555222392082214,
        "g7g6": 9.570433030603454e-05,
        "d7d6": 1.3436965673463419e-05
      },
      "other_mass": 0.0011342634782067762
    },
    "g2g3": {
      "fen_after_white": "rnbqkbnr/pppppppp/8/8/8/6P1/PPPPPP1P/RNBQKBNR b KQkq - 0 1",
      "black_reply_probs": {
        "c7c5": 0.010692366398870945,
        "e7e5": 0.3335643708705902,
        "e7e6": 6.36146214674227e-05,
        "c7c6": 1.7607871996005997e-05,
        "d7d5": 0.07270178198814392,
        "g8f6": 0.5740293860435486,
        "g7g6": 7.148306031012908e-05,
        "d7d6": 5.718148167943582e-05
      },
      "other_mass": 0.008802207663393347
    },
    "b2b3": {
      "fen_after_white": "rnbqkbnr/pppppppp/8/8/8/1P6/P1PPPPPP/RNBQKBNR b KQkq - 0 1",
      "black_reply_probs": {
        "c7c5": 0.0020567169412970543,
        "e7e5": 0.5558615326881409,
        "e7e6": 0.0003408137708902359,
        "c7c6": 1.1094985893578269e-05,
        "d7d5": 0.05310796946287155,
        "g8f6": 0.3845657706260681,
        "g7g6": 0.0005493752541951835,
        "d7d6": 5.082419374957681e-05
      },
      "other_mass": 0.0034559020768938353
    },
    "f2f4": {
      "fen_after_white": "rnbqkbnr/pppppppp/8/8/5P2/8/PPPPP1PP/RNBQKBNR b KQkq - 0 1",
      "black_reply_probs": {
        "c7c5": 0.02763487957417965,
        "e7e5": 0.37919533252716064,
        "e7e6": 0.0016302377916872501,
        "c7c6": 7.896606985013932e-05,
        "d7d5": 0.09928515553474426,
        "g8f6": 0.48355913162231445,
        "g7g6": 0.0001948741264641285,
        "d7d6": 0.00022479383915197104
      },
      "other_mass": 0.008196628914447501
    },
    "b2b4": {
      "fen_after_white": "rnbqkbnr/pppppppp/8/8/1P6/8/P1PPPPPP/RNBQKBNR b KQkq - 0 1",
      "black_reply_probs": {
        "c7c5": 0.0003754350764211267,
        "e7e5": 0.6411249041557312,
        "e7e6": 0.002512537408620119,
        "c7c6": 8.596725092502311e-05,
        "d7d5": 0.09027159214019775,
        "g8f6": 0.2494090497493744,
        "g7g6": 0.0032471080776304007,
        "d7d6": 0.0003684854309540242
      },
      "other_mass": 0.012604920710145961
    },
    "a2a4": {
      "fen_after_white": "rnbqkbnr/pppppppp/8/8/P7/8/1PPPPPPP/RNBQKBNR b KQkq - 0 1",
      "black_reply_probs": {
        "c7c5": 0.001705823582597077,
        "e7e5": 0.3202066719532013,
        "e7e6": 6.934162956895307e-05,
        "c7c6": 8.093960786936805e-06,
        "d7d5": 0.04094511643052101,
        "g8f6": 0.6335770487785339,
        "g7g6": 4.9376492825103924e-05,
        "d7d6": 5.149019125383347e-05
      },
      "other_mass": 0.003387036980711855
    }
  },
  "meta": {
    "elo_self": 2800,
    "elo_oppo": 2800,
    "temperature": 1.0,
    "maia_type": "blitz",
    "white_moves_probed": [
      "e2e4",
      "d2d4",
      "c2c4",
      "g1f3",
      "g2g3",
      "b2b3",
      "f2f4",
      "b2b4",
      "a2a4"
    ],
    "black_replies_probed": [
      "c7c5",
      "e7e5",
      "e7e6",
      "c7c6",
      "d7d5",
      "g8f6",
      "g7g6",
      "d7d6"
    ]
  }
}